[04:37:56] [main/INFO]: ModLauncher running: args [--username, Shadow1x, --version, forge-47.4.0, --gameDir, C:\Users\windf\curseforge\minecraft\Instances\THE FORGOTTEN SMP, --assetsDir, C:\Users\windf\curseforge\minecraft\Install\assets, --assetIndex, 5, --uuid, 647a168e053b4e48a0f95aa6c7bb7a14, --accessToken, ????????, --clientId, MzhmZTdjNjgtMDdlYy00ZWZkLWEwNmEtNWNjM2I5NmUwY2M0, --xuid, 2535429900562664, --userType, msa, --versionType, release, --width, 1024, --height, 768, --quickPlayPath, C:\Users\windf\curseforge\minecraft\Install\quickPlay\java\1786361874531.json, --launchTarget, forgeclient, --fml.forgeVersion, 47.4.0, --fml.mcVersion, 1.20.1, --fml.forgeGroup, net.minecraftforge, --fml.mcpVersion, 20230612.114412]
[04:37:56] [main/INFO]: ModLauncher 10.0.9+10.0.9+main.dcd20f30 starting: java version 17.0.15 by Microsoft; OS Windows 11 arch amd64 version 10.0
[04:38:03] [main/INFO]: Loading ImmediateWindowProvider fmlearlywindow
[04:38:03] [main/INFO]: Trying GL version 4.6
[04:38:03] [main/INFO]: Requested GL version 4.6 got version 4.6
[04:38:03] [pool-2-thread-1/INFO]: GL info: NVIDIA GeForce RTX 4090/PCIe/SSE2 GL version 4.6.0 NVIDIA 596.49, NVIDIA Corporation
[04:38:04] [main/WARN]: Found newer Essential Loader (stage2) version 1.8.0 [stable], skipping at user request
[04:38:04] [main/INFO]: Starting Essential Loader (stage2) version 1.7.3 (ee316308052751b5ace6e379c769b0dc) [stable]
[04:38:04] [main/INFO]: Launching CrashAssistantApp (CrashAssistant-forge-1.19-1.20.1-1.10.18.jar)
[04:38:04] [main/INFO]: SpongePowered MIXIN Subsystem Version=0.8.5 Source=union:/C:/Users/windf/curseforge/minecraft/Install/libraries/org/spongepowered/mixin/0.8.5/mixin-0.8.5.jar%23100!/ Service=ModLauncher Env=CLIENT
[04:38:04] [main/WARN]: Found newer Essential version 1.4.1.1 [stable], skipping at user request
[04:38:04] [main/INFO]: [Mods Optimizer] ? Init ...
[04:38:04] [main/INFO]: Game Directory: C:\Users\windf\curseforge\minecraft\Instances\THE FORGOTTEN SMP
[04:38:04] [main/INFO]: Mods Directory: C:\Users\windf\curseforge\minecraft\Instances\THE FORGOTTEN SMP\mods
[04:38:04] [main/INFO]: Game Environment: CLIENT
[04:38:04] [main/INFO]: Loading Mods Database Config File from C:\Users\windf\curseforge\minecraft\Instances\THE FORGOTTEN SMP\config\mods_optimizer\config.toml
[04:38:04] [main/INFO]: [Mods Database Updater] ? Local mods-database.json is still fresh (last update: 2026-08-09T10:06:50.070958700Z).
[04:38:05] [main/INFO]: Mods Optimizer Mods Database Config File loaded with 349 mods client: 306, server: 19, default: 24 (3 overrides).
[04:38:05] [main/INFO]: ? init with game dir C:\Users\windf\curseforge\minecraft\Instances\THE FORGOTTEN SMP and mods dir C:\Users\windf\curseforge\minecraft\Instances\THE FORGOTTEN SMP\mods for target CLIENT in 34 ms.
[04:38:05] [main/INFO]: ? Re-Enable possible client side mods ...
[04:38:05] [main/INFO]: ? Parsing Mods data ...
[04:38:05] [main/INFO]: [Mod Data] parsing ~286 mods in C:\Users\windf\curseforge\minecraft\Instances\THE FORGOTTEN SMP\mods with file extension .jar ...
[04:38:05] [main/INFO]: [Mod Data] Overwrite mod environment for appleskin from CLIENT to BOTH
[04:38:05] [main/INFO]: [Mod Data] Overwrite mod environment for craftpresence from BOTH to CLIENT
[04:38:05] [main/WARN]: ? Found no META-INF/mods.toml or META-INF/neoforge.mods.toml file for C:\Users\windf\curseforge\minecraft\Instances\THE FORGOTTEN SMP\mods\do_a_barrel_roll-forge-3.5.6+1.20.1.jar!
[04:38:05] [main/INFO]: [Mod Data] Overwrite mod environment for durabilitytooltip from BOTH to CLIENT
[04:38:05] [main/INFO]: [Mod Data] Overwrite mod environment for emi_create_schematics from BOTH to CLIENT
[04:38:05] [main/INFO]: [Mod Data] Overwrite mod environment for entityculling from BOTH to CLIENT
[04:38:05] [main/WARN]: ? Found no META-INF/mods.toml or META-INF/neoforge.mods.toml file for C:\Users\windf\curseforge\minecraft\Instances\THE FORGOTTEN SMP\mods\Essential_1-3-10-6_forge_1-20-1.jar!
[04:38:05] [main/INFO]: [Mod Data] Overwrite mod environment for fancymenu from BOTH to CLIENT
[04:38:05] [main/WARN]: ? Found no META-INF/mods.toml or META-INF/neoforge.mods.toml file for C:\Users\windf\curseforge\minecraft\Instances\THE FORGOTTEN SMP\mods\kotlinforforge-4.12.0-all.jar!
[04:38:05] [main/INFO]: [Mod Data] Overwrite mod environment for lootr from UNKNOWN to BOTH
[04:38:05] [main/INFO]: [Mod Data] Overwrite mod environment for mousetweaks from UNKNOWN to CLIENT
[04:38:05] [main/INFO]: [Mod Data] Overwrite mod environment for oculus from BOTH to CLIENT
[04:38:05] [main/WARN]: ? Found no side tag inside the dependencies.patchouli[0] section of the mods.toml file C:\Users\windf\curseforge\minecraft\Instances\THE FORGOTTEN SMP\mods\Patchouli-1.20.1-85-FORGE.jar!
[04:38:05] [main/INFO]: [Mod Data] Overwrite mod environment for pickupnotifier from BOTH to CLIENT
[04:38:05] [main/INFO]: [Mod Data] Overwrite mod environment for resourcify from BOTH to CLIENT
[04:38:05] [main/WARN]: ? Found no side tag inside the dependencies.searchables[0] section of the mods.toml file C:\Users\windf\curseforge\minecraft\Instances\THE FORGOTTEN SMP\mods\Searchables-forge-1.20.1-1.0.3.jar!
[04:38:05] [main/INFO]: [Mod Data] Overwrite mod environment for searchables from UNKNOWN to CLIENT
[04:38:05] [main/WARN]: ? Found no META-INF/mods.toml or META-INF/neoforge.mods.toml file for C:\Users\windf\curseforge\minecraft\Instances\THE FORGOTTEN SMP\mods\supplementaries-1.20-3.1.42-forge.jar!
[04:38:05] [main/ERROR]: ? Found no valid modId for C:\Users\windf\curseforge\minecraft\Instances\THE FORGOTTEN SMP\mods\supplementaries-1.20-3.1.42-forge.jar!
[04:38:05] [main/INFO]: [Mod Data] Overwrite mod environment for visuality from BOTH to CLIENT
[04:38:05] [main/INFO]: [Mod Data] Found 2 library mods in 286 mods.
[04:38:05] [main/INFO]: [Mod Data] Found 3 data pack mods in 286 mods.
[04:38:05] [main/INFO]: [Mod Data] Found 22 client mods in 286 mods.
[04:38:05] [main/INFO]: [Mod Data] Found 3 server mods in 286 mods.
[04:38:05] [main/INFO]: [Mod Data] Found 256 default mods in 286 mods.
[04:38:05] [main/INFO]: -------------------------------------------------------------------------------------------------------------------
[04:38:05] [main/INFO]: | ID                                 | VERSION                | TYPE     | ENVIRONMENT       | TIMESTAMP           |
[04:38:05] [main/INFO]: -------------------------------------------------------------------------------------------------------------------
[04:38:05] [main/INFO]: | kubejs                             | 2001.6.5-build.16      | FORGE    | BOTH              | 2024-10-28 09:20:21 |
[04:38:05] [main/INFO]: | man_of_many_planes                 | 0.2.0+1.20.1           | FORGE    | BOTH              | 2026-08-06 23:40:45 |
[04:38:05] [main/INFO]: | ftbessentials                      | 2001.2.4               | FORGE    | BOTH              | 2026-08-06 23:39:38 |
[04:38:05] [main/INFO]: | supermartijn642configlib           | 1.1.8                  | FORGE    | BOTH              | 2026-08-06 23:40:09 |
[04:38:05] [main/INFO]: | openpartiesandclaims               | 0.27.5                 | FORGE    | BOTH              | 2026-06-10 14:29:22 |
[04:38:05] [main/INFO]: | cccbridge                          | 1.7.1                  | FORGE    | BOTH              | 2025-07-10 15:31:56 |
[04:38:05] [main/INFO]: | createdeco                         | 2.0.3-1.20.1-forge     | FORGE    | BOTH              | 2026-08-06 23:40:20 |
[04:38:05] [main/INFO]: | kubejs_curios                      | 1.0.4                  | FORGE    | UNKNOWN           | 2025-07-29 21:12:46 |
[04:38:05] [main/INFO]: | botarium                           | 2.3.4                  | FORGE    | BOTH              | 2026-08-06 23:40:41 |
[04:38:05] [main/INFO]: | playeranimator                     | 1.0.2-rc1+1.20         | FORGE    | BOTH              | 2026-08-06 23:40:42 |
[04:38:05] [main/INFO]: | draconicevolution                  | 3.1.2-621              | FORGE    | BOTH              | 2025-07-21 04:15:00 |
[04:38:05] [main/INFO]: | mcwwindows                         | 2.4.2                  | FORGE    | UNKNOWN           | 2025-12-10 19:35:03 |
[04:38:05] [main/INFO]: | aquaculturedelight                 | 1.0.0                  | FORGE    | BOTH              | 2026-08-06 23:39:57 |
[04:38:05] [main/INFO]: | ad_astra_giselle_addon             | 6.21.0                 | FORGE    | BOTH              | 2026-05-21 23:26:43 |
[04:38:05] [main/INFO]: | etched                             | 3.0.4                  | FORGE    | BOTH              | 2026-08-06 23:40:37 |
[04:38:05] [main/INFO]: | sound_physics_remastered           | 1.20.1-1.4.5           | FORGE    | BOTH              | 2024-07-12 09:23:24 |
[04:38:05] [main/INFO]: | modernfix                          | 5.24.4+mc1.20.1        | FORGE    | BOTH              | 2026-08-06 23:40:50 |
[04:38:05] [main/INFO]: | mcwstairs                          | 1.0.2                  | FORGE    | UNKNOWN           | 2025-12-10 19:33:29 |
[04:38:05] [main/INFO]: | rechiseled_chipped                 | 1.2.0                  | FORGE    | UNKNOWN           | 2026-01-25 07:54:21 |
[04:38:05] [main/INFO]: | createcasing                       | 1.7.2-fix2             | FORGE    | BOTH              | 2026-08-06 23:40:17 |
[04:38:05] [main/INFO]: | macawsbridgesbop                   | 0.0.0                  | FORGE    | BOTH              | 2024-04-10 21:09:49 |
[04:38:05] [main/INFO]: | createdieselgenerators             | 1.20.1-1.3.9           | FORGE    | BOTH              | 2026-03-04 22:33:40 |
[04:38:05] [main/INFO]: | forgivingvoid                      | 10.0.1                 | FORGE    | BOTH              | 2024-06-27 05:07:24 |
[04:38:05] [main/INFO]: | pickupnotifier                     | 8.0.0                  | FORGE    | CLIENT            | 2023-06-28 11:11:44 |
[04:38:05] [main/INFO]: | balm                               | 7.3.9                  | FORGE    | BOTH              | 2024-08-19 19:50:39 |
[04:38:05] [main/INFO]: | create_new_age                     | 1.1.3                  | FORGE    | BOTH              | 2025-03-06 11:05:22 |
[04:38:05] [main/INFO]: | snowrealmagic                      | 10.5.2                 | FORGE    | UNKNOWN           | 2024-10-11 04:03:27 |
[04:38:05] [main/INFO]: | immersive_armors                   | 1.6.1+1.20.1           | FORGE    | BOTH              | 2026-08-06 23:39:58 |
[04:38:05] [main/INFO]: | exposure                           | 1.7.7                  | FORGE    | BOTH              | 2026-08-06 23:40:14 |
[04:38:05] [main/INFO]: | cloth_config                       | 11.1.136               | FORGE    | BOTH              | 2026-08-06 23:39:56 |
[04:38:05] [main/INFO]: | crash_assistant                    | 1.10.18                | FORGE    | BOTH              | 2026-08-06 23:40:40 |
[04:38:05] [main/INFO]: | combatlog                          | 2.6.0                  | MIXED    | UNKNOWN           | 2026-08-06 23:40:21 |
[04:38:05] [main/INFO]: | dcintegration                      | 3.0.7-1                | FORGE    | SERVER            | 2024-05-10 14:04:30 |
[04:38:05] [main/INFO]: | athena                             | 3.1.2                  | FORGE    | BOTH              | 2026-08-06 23:40:16 |
[04:38:05] [main/INFO]: | durabilitytooltip                  | 1.1.6                  | FORGE    | CLIENT            | 2026-08-06 23:39:52 |
[04:38:05] [main/INFO]: | embeddium                          | 0.3.31+mc1.20.1        | FORGE    | UNKNOWN           | 2026-08-06 23:39:38 |
[04:38:05] [main/INFO]: | advancementplaques                 | 1.6.7                  | FORGE    | BOTH              | 2024-09-27 09:43:12 |
[04:38:05] [main/INFO]: | corpse                             | 1.20.1-1.0.18          | FORGE    | BOTH              | 2024-12-05 11:50:40 |
[04:38:05] [main/INFO]: | lmft                               | 1.0.4+1.20.1           | FORGE    | BOTH              | 2026-08-06 23:40:00 |
[04:38:05] [main/INFO]: | betterpingdisplay                  | 1.1.0                  | FORGE    | BOTH              | 2023-06-17 20:53:38 |
[04:38:05] [main/INFO]: | glodium                            | 0.0.0                  | FORGE    | BOTH              | 2024-04-01 18:29:57 |
[04:38:05] [main/INFO]: | industrialforegoing                | 3.5.22                 | FORGE    | BOTH              | 2026-04-19 12:02:45 |
[04:38:05] [main/INFO]: | ftbxmodcompat                      | 2.1.3                  | FORGE    | BOTH              | 2026-08-06 23:40:39 |
[04:38:05] [main/INFO]: | torchmaster                        | 20.1.9                 | FORGE    | BOTH              | 2024-10-27 01:12:58 |
[04:38:05] [main/INFO]: | biomesoplenty                      | 18.0.0-592             | FORGE    | BOTH              | 2023-06-30 06:53:53 |
[04:38:05] [main/INFO]: | mcwtrpdoors                        | 1.1.5                  | FORGE    | UNKNOWN           | 2025-11-24 03:48:58 |
[04:38:05] [main/INFO]: | propertymodifier                   | 0.3.3                  | FORGE    | BOTH              | 2023-07-24 11:50:26 |
[04:38:05] [main/INFO]: | createmoredrillheads               | 2.1.0-1.20.1           | FORGE    | BOTH              | 2025-08-24 17:42:32 |
[04:38:05] [main/INFO]: | supermartijn642corelib             | 1.1.21                 | FORGE    | BOTH              | 2026-08-06 23:40:36 |
[04:38:05] [main/INFO]: | resourcefulconfig                  | 2.1.3                  | FORGE    | BOTH              | 2026-08-06 23:40:32 |
[04:38:05] [main/INFO]: | servercore                         | 1.5.2+1.20.1           | FORGE    | BOTH              | 2026-08-06 23:40:36 |
[04:38:05] [main/INFO]: | spark                              | 1.10.53                | FORGE    | BOTH              | 2026-08-06 23:39:38 |
[04:38:05] [main/INFO]: | curios                             | 5.14.1+1.20.1          | FORGE    | BOTH              | 2025-04-13 06:09:21 |
[04:38:05] [main/INFO]: | oculus                             | 1.8.0                  | FORGE    | CLIENT            | 2026-08-06 23:40:33 |
[04:38:05] [main/INFO]: | rightclickharvest                  | 3.2.3+1.20.1-forge     | FORGE    | UNKNOWN           | 2026-08-06 23:40:07 |
[04:38:05] [main/INFO]: | advancednetherite                  | 2.1.3                  | FORGE    | BOTH              | 2024-06-05 17:24:10 |
[04:38:05] [main/INFO]: | trading_floor                      | 2.0.5                  | FORGE    | BOTH              | 2026-08-06 23:39:45 |
[04:38:05] [main/INFO]: | searchables                        | 1.0.3                  | FORGE    | CLIENT            | 2024-04-23 06:56:27 |
[04:38:05] [main/INFO]: | framedblocks                       | 9.4.3                  | FORGE    | BOTH              | 2026-08-06 23:39:41 |
[04:38:05] [main/INFO]: | thermal_foundation                 | 11.0.6                 | FORGE    | BOTH              | 2024-06-15 08:48:44 |
[04:38:05] [main/INFO]: | unknown-074219fb-f72c-4ce2-8701-ff03a075fc48 | 0.0.0                  | FORGE    | UNKNOWN           | 2026-08-06 23:39:52 |
[04:38:05] [main/INFO]: | worldedit                          | 7.2.15+6463-5ca4dff    | MIXED    | BOTH              | 2026-08-06 23:40:12 |
[04:38:05] [main/INFO]: | createrailwaysnavigator            | 1.20.1-beta-0.8.5-C6   | FORGE    | BOTH              | 2025-11-16 00:29:19 |
[04:38:05] [main/INFO]: | mcwfurnitures                      | 3.4.1                  | FORGE    | UNKNOWN           | 2025-11-23 23:58:13 |
[04:38:05] [main/INFO]: | dynamic_fps                        | 3.11.4                 | FORGE    | CLIENT            | 2026-08-06 23:39:45 |
[04:38:05] [main/INFO]: | unilib                             | 1.2.1                  | FORGE    | BOTH              | 2026-08-06 23:40:25 |
[04:38:05] [main/INFO]: | krypton                            | 0.2.3                  | FORGE    | BOTH              | 2023-06-24 02:49:29 |
[04:38:05] [main/INFO]: | ibo                                | 2.1.1                  | FORGE    | UNKNOWN           | 2026-08-06 23:40:33 |
[04:38:05] [main/INFO]: | codechickenlib                     | 4.4.0-516              | FORGE    | BOTH              | 2024-09-18 14:56:11 |
[04:38:05] [main/INFO]: | sliceanddice                       | 3.6.0                  | FORGE    | BOTH              | 2025-11-04 09:21:06 |
[04:38:05] [main/INFO]: | kiwi                               | 11.6.2                 | FORGE    | UNKNOWN           | 2024-04-19 21:43:47 |
[04:38:05] [main/INFO]: | createbigcannons                   | 5.11.2                 | FORGE    | BOTH              | 2026-08-06 23:39:43 |
[04:38:05] [main/INFO]: | ftblibrary                         | 2001.2.10              | FORGE    | BOTH              | 2025-07-24 16:51:20 |
[04:38:05] [main/INFO]: | rechiseled                         | 1.2.4                  | FORGE    | BOTH              | 2026-08-06 23:40:01 |
[04:38:05] [main/INFO]: | bits_n_bobs                        | 0.0.41                 | FORGE    | BOTH              | 2026-01-06 21:47:44 |
[04:38:05] [main/INFO]: | createcobblestone                  | 1.4.10+forge-1.20.1-138 | FORGE    | BOTH              | 2026-08-06 23:40:14 |
[04:38:05] [main/INFO]: | structurify                        | 1.0.8                  | FORGE    | UNKNOWN           | 2026-08-06 23:39:51 |
[04:38:05] [main/INFO]: | treeharvester                      | 9.1.0                  | MIXED    | BOTH              | 2024-08-18 18:08:53 |
[04:38:05] [main/INFO]: | ae2                                | 15.4.10                | FORGE    | BOTH              | 2026-08-06 23:39:45 |
[04:38:05] [main/INFO]: | jei                                | 15.21.0-138            | FORGE    | BOTH              | 2026-08-06 23:39:41 |
[04:38:05] [main/INFO]: | trmt                               | 0.0.0                  | FORGE    | BOTH              | 2026-08-06 23:40:25 |
[04:38:05] [main/INFO]: | mekanism                           | 10.4.10                | FORGE    | BOTH              | 2024-11-19 13:03:47 |
[04:38:05] [main/INFO]: | naturescompass                     | 1.20.1-1.11.2-forge    | FORGE    | BOTH              | 2023-08-19 09:54:27 |
[04:38:05] [main/INFO]: | badpackets                         | 0.4.3                  | FORGE    | BOTH              | 2026-08-06 23:40:09 |
[04:38:05] [main/INFO]: | jumpboat                           | 1.20.0-1.0.5           | FORGE    | BOTH              | 2023-06-08 17:55:32 |
[04:38:05] [main/INFO]: | laserbridges                       | 1.20.1-3-forge         | FORGE    | BOTH              | 2024-07-06 00:39:11 |
[04:38:05] [main/INFO]: | glitchcore                         | 0.0.0                  | FORGE    | BOTH              | 2024-10-06 09:39:40 |
[04:38:05] [main/INFO]: | cofh_core                          | 11.0.2                 | FORGE    | BOTH              | 2024-05-26 17:19:31 |
[04:38:05] [main/INFO]: | rechiseledcreate                   | 1.1.0                  | FORGE    | BOTH              | 2026-08-06 23:40:34 |
[04:38:05] [main/INFO]: | snowundertrees                     | 1.4.6                  | FORGE    | BOTH              | 2026-08-06 23:40:52 |
[04:38:05] [main/INFO]: | expandingtechnologies              | 1.3.4                  | FORGE    | UNKNOWN           | 2026-03-31 22:50:10 |
[04:38:05] [main/INFO]: | setworldspawnpoint                 | 3.4.0                  | MIXED    | BOTH              | 2024-07-27 20:34:40 |
[04:38:05] [main/INFO]: | corpsecurioscompat                 | 3.1.2                  | FORGE    | UNKNOWN           | 2025-08-17 23:23:09 |
[04:38:05] [main/INFO]: | fusion                             | 1.2.12                 | FORGE    | BOTH              | 2026-08-06 23:40:10 |
[04:38:05] [main/INFO]: | luckperms                          | 5.4.102                | FORGE    | UNKNOWN           | 2023-08-05 09:50:29 |
[04:38:05] [main/INFO]: | ad_astra_more_structures           | 1.0.0                  | FORGE    | BOTH              | 2025-07-23 11:50:11 |
[04:38:05] [main/INFO]: | dungeons_arise_seven_seas          | 1.0.2                  | FORGE    | SERVER            | 2023-12-24 19:14:17 |
[04:38:05] [main/INFO]: | forge                              | 3.5.6+1.20.1           | FORGE    | UNKNOWN           | 2024-05-08 10:33:38 |
[04:38:05] [main/INFO]: | sophisticatedbackpackscreateintegration | 1.0.4                  | FORGE    | BOTH              | 2025-04-10 05:58:28 |
[04:38:05] [main/INFO]: | mcwpaths                           | 1.1.1                  | FORGE    | UNKNOWN           | 2025-09-24 16:50:09 |
[04:38:05] [main/INFO]: | drippyloadingscreen                | 3.1.2                  | FORGE    | CLIENT            | 2026-08-06 23:40:44 |
[04:38:05] [main/INFO]: | dungeons_arise                     | 2.1.58-1.20.x          | FORGE    | SERVER            | 2023-12-26 03:23:29 |
[04:38:05] [main/INFO]: | tectonic                           | 2.4.1                  | FORGE    | BOTH              | 2024-08-30 02:13:55 |
[04:38:05] [main/INFO]: | zerocore                           | 1.20.1-2.1.48          | FORGE    | BOTH              | 2025-12-17 17:51:08 |
[04:38:05] [main/INFO]: | emi                                | 1.1.22+1.20.1          | FORGE    | UNKNOWN           | 2026-08-06 23:40:13 |
[04:38:05] [main/INFO]: | emi_create_schematics              | 1.0.4                  | FORGE    | CLIENT            | 2025-11-25 14:59:00 |
[04:38:05] [main/INFO]: | trade_cycling                      | 1.20.1-1.0.7           | FORGE    | BOTH              | 2023-08-03 11:53:25 |
[04:38:05] [main/INFO]: | voicechat                          | 1.20.1-2.5.26          | FORGE    | BOTH              | 2024-11-16 10:01:02 |
[04:38:05] [main/INFO]: | terrablender                       | 3.0.1-7                | FORGE    | BOTH              | 2024-05-28 09:37:54 |
[04:38:05] [main/INFO]: | bettercombat                       | 1.9.0+1.20.1           | FORGE    | BOTH              | 2026-08-06 23:40:29 |
[04:38:05] [main/INFO]: | createstockbridge                  | 0.2.0                  | FORGE    | BOTH              | 2026-05-05 20:48:47 |
[04:38:05] [main/INFO]: | mousetweaks                        | 2.25.1                 | FORGE    | CLIENT            | 2024-05-12 16:17:33 |
[04:38:05] [main/INFO]: | ftbquests                          | 2001.4.14              | FORGE    | BOTH              | 2025-07-30 15:36:24 |
[04:38:05] [main/INFO]: | necronomicon                       | 1.6.0                  | MIXED    | BOTH              | 2026-08-06 23:39:51 |
[04:38:05] [main/INFO]: | createoreexcavation                | 1.6.5                  | FORGE    | BOTH              | 2025-10-26 17:05:28 |
[04:38:05] [main/INFO]: | shouldersurfing                    | 1.20.1-4.22.10         | FORGE    | CLIENT            | 2026-08-06 23:40:51 |
[04:38:05] [main/INFO]: | alltheleaks                        | 1.1.1+1.20.1-forge     | FORGE    | BOTH              | 2025-11-18 17:24:31 |
[04:38:05] [main/INFO]: | mekanism_lasers                    | 1.0.10                 | FORGE    | BOTH              | 2024-11-03 11:56:40 |
[04:38:05] [main/INFO]: | cleanswing                         | 1.8.0                  | FORGE    | BOTH              | 2024-12-04 17:22:51 |
[04:38:05] [main/INFO]: | tconjei                            | 1.5.4                  | FORGE    | CLIENT            | 2026-04-02 19:42:09 |
[04:38:05] [main/INFO]: | entityjs                           | 0.6.4-1.20.1           | FORGE    | BOTH              | 2025-10-19 19:57:36 |
[04:38:05] [main/INFO]: | mantle                             | 1.11.104               | FORGE    | BOTH              | 2026-02-01 19:48:19 |
[04:38:05] [main/INFO]: | xaerominimap                       | 24.6.1                 | FORGE    | BOTH              | 2024-10-30 15:13:31 |
[04:38:05] [main/INFO]: | megacells                          | 2.4.6-1.20.1           | FORGE    | BOTH              | 2026-08-06 23:39:48 |
[04:38:05] [main/INFO]: | polymorph                          | 0.49.10+1.20.1         | FORGE    | BOTH              | 2025-04-22 00:43:19 |
[04:38:05] [main/INFO]: | spiffyhud                          | 3.1.2                  | FORGE    | CLIENT            | 2026-08-06 23:39:58 |
[04:38:05] [main/INFO]: | securitycraft                      | 1.9.12                 | FORGE    | BOTH              | 2026-08-06 23:40:54 |
[04:38:05] [main/INFO]: | zeta                               | 1.0.24                 | FORGE    | BOTH              | 2024-08-05 01:56:10 |
[04:38:05] [main/INFO]: | entityculling                      | 1.7.2                  | FORGE    | CLIENT            | 2026-08-06 23:40:12 |
[04:38:05] [main/INFO]: | canary                             | 0.3.3                  | FORGE    | BOTH              | 2024-02-08 15:42:47 |
[04:38:05] [main/INFO]: | immediatelyfast                    | 1.5.2+1.20.4           | FORGE    | CLIENT            | 2026-08-06 23:40:26 |
[04:38:05] [main/INFO]: | kubejs_create                      | 2001.3.0-build.8       | FORGE    | UNKNOWN           | 2025-03-05 00:02:50 |
[04:38:05] [main/INFO]: | appleskin                          | 2.5.1+mc1.20.1         | FORGE    | BOTH              | 2023-09-26 21:01:11 |
[04:38:05] [main/INFO]: | create_6_0_8_backported_fixes      | 1.1.0                  | FORGE    | BOTH              | 2026-02-27 15:38:24 |
[04:38:05] [main/INFO]: | lootr                              | 7.34.87                | FORGE    | BOTH              | 2024-08-17 12:27:16 |
[04:38:05] [main/INFO]: | visuality                          | 2.0.2                  | FORGE    | CLIENT            | 2023-08-06 08:45:02 |
[04:38:05] [main/INFO]: | create_power_loader                | 2.0.3-mc1.20.1         | FORGE    | BOTH              | 2025-05-20 18:39:19 |
[04:38:05] [main/INFO]: | gjeb                               | 1.3.0-39               | FORGE    | BOTH              | 2025-05-22 16:58:34 |
[04:38:05] [main/INFO]: | puzzleslib                         | 8.1.33                 | FORGE    | BOTH              | 2025-08-23 14:27:11 |
[04:38:05] [main/INFO]: | adastraextra                       | 1.2.3                  | FORGE    | BOTH              | 2026-08-06 23:40:34 |
[04:38:05] [main/INFO]: | aquaculture                        | 2.5.3                  | FORGE    | BOTH              | 2026-08-06 23:40:30 |
[04:38:05] [main/INFO]: | addonslib                          | 1.20.1-1.7             | FORGE    | BOTH              | 2025-12-17 15:00:52 |
[04:38:05] [main/INFO]: | immersive_melodies                 | 0.3.0+1.20.1           | FORGE    | BOTH              | 2026-08-06 23:40:37 |
[04:38:05] [main/INFO]: | emi_ores                           | 0.0.0                  | FORGE    | BOTH              | 2026-08-06 23:40:15 |
[04:38:05] [main/INFO]: | cosmeticarmorreworked              | 1.20.1-v1a             | FORGE    | BOTH              | 2023-06-21 05:11:55 |
[04:38:05] [main/INFO]: | vmod                               | 1.1.17-1               | FORGE    | BOTH              | 2024-08-02 21:22:47 |
[04:38:05] [main/INFO]: | ad_astra                           | 1.15.20                | FORGE    | BOTH              | 2026-08-06 23:39:54 |
[04:38:05] [main/INFO]: | opacpvp                            | 1.0.0                  | FORGE    | UNKNOWN           | 2026-08-06 23:39:55 |
[04:38:05] [main/INFO]: | fibers                             | 1.3.0                  | FORGE    | BOTH              | 2024-09-09 15:22:24 |
[04:38:05] [main/INFO]: | cc_cbc                             | 1.1.1-forge-1.20.1     | FORGE    | BOTH              | 2026-05-25 21:12:13 |
[04:38:05] [main/INFO]: | geckolib                           | 4.4.9                  | FORGE    | BOTH              | 2024-08-30 05:02:44 |
[04:38:05] [main/INFO]: | kubejs_mekanism                    | 0.0.0                  | FORGE    | UNKNOWN           | 2024-07-13 18:43:30 |
[04:38:05] [main/INFO]: | naturalist                         | 4.0.3                  | FORGE    | BOTH              | 2026-08-06 23:39:49 |
[04:38:05] [main/INFO]: | incontrol                          | 9.4.5                  | FORGE    | BOTH              | 2025-12-11 06:46:35 |
[04:38:05] [main/INFO]: | connectivity                       | 1.20.1-7.6             | FORGE    | BOTH              | 2025-12-22 18:41:01 |
[04:38:05] [main/INFO]: | kubejsadditions                    | 4.3.4                  | FORGE    | BOTH              | 2025-03-13 23:25:58 |
[04:38:05] [main/INFO]: | tipsmod                            | 12.1.8                 | FORGE    | CLIENT            | 2024-07-20 03:10:57 |
[04:38:05] [main/INFO]: | immersive_aircraft                 | 1.1.2+1.20.1           | FORGE    | BOTH              | 2026-08-06 23:40:46 |
[04:38:05] [main/INFO]: | incendium                          | 5.3.5                  | MIXED    | DATA_PACK         | 2026-08-06 23:40:27 |
[04:38:05] [main/INFO]: | sophisticatedcore                  | 1.2.39-938             | FORGE    | BOTH              | 2025-04-09 21:01:08 |
[04:38:05] [main/INFO]: | ritchiesprojectilelib              | 2.1.1                  | FORGE    | BOTH              | 2026-08-06 23:40:40 |
[04:38:05] [main/INFO]: | controlling                        | 12.0.2                 | FORGE    | CLIENT            | 2023-07-16 04:39:00 |
[04:38:05] [main/INFO]: | xaeroworldmap                      | 1.39.0                 | FORGE    | BOTH              | 2024-08-23 11:15:18 |
[04:38:05] [main/INFO]: | citadel                            | 2.6.0                  | FORGE    | BOTH              | 2024-08-15 15:06:41 |
[04:38:05] [main/INFO]: | emi_loot                           | 0.0.0                  | FORGE    | BOTH              | 2026-08-06 23:39:55 |
[04:38:05] [main/INFO]: | placebo                            | 8.6.3                  | FORGE    | BOTH              | 2025-03-07 01:06:01 |
[04:38:05] [main/INFO]: | lootintegrations                   | 1.20.1-3.7             | FORGE    | BOTH              | 2024-05-17 00:36:40 |
[04:38:05] [main/INFO]: | item_obliterator                   | 2.3.0                  | NEOFORGE | BOTH              | 2024-06-13 14:50:20 |
[04:38:05] [main/INFO]: | emitrades                          | 1.2.1+mc1.20.1         | FORGE    | CLIENT            | 2026-08-06 23:39:54 |
[04:38:05] [main/INFO]: | bookshelf                          | 20.2.13                | FORGE    | BOTH              | 2024-06-13 15:16:22 |
[04:38:05] [main/INFO]: | numismatics                        | 1.0.15+forge-mc1.20.1  | FORGE    | BOTH              | 2026-08-06 23:40:04 |
[04:38:05] [main/INFO]: | sophisticatedbackpacks             | 3.23.9-1218            | FORGE    | BOTH              | 2025-04-09 21:05:56 |
[04:38:05] [main/INFO]: | twigs                              | 1.20.1-3.1.1           | FORGE    | BOTH              | 2024-01-01 02:32:05 |
[04:38:05] [main/INFO]: | relics                             | 8.0.13                 | FORGE    | BOTH              | 2026-03-04 10:11:06 |
[04:38:05] [main/INFO]: | mcwdoors                           | 1.1.5                  | FORGE    | UNKNOWN           | 2026-02-13 11:42:34 |
[04:38:05] [main/INFO]: | mekanismgenerators                 | 10.4.10                | FORGE    | UNKNOWN           | 2024-11-19 13:03:48 |
[04:38:05] [main/INFO]: | railways                           | 1.7.2+forge-mc1.20.1   | FORGE    | BOTH              | 2026-08-06 23:40:28 |
[04:38:05] [main/INFO]: | create_chipped                     | 1.0.0                  | FORGE    | BOTH              | 2026-08-06 23:39:46 |
[04:38:05] [main/INFO]: | carryon                            | 2.1.2-7                | FORGE    | BOTH              | 2023-11-19 22:01:15 |
[04:38:05] [main/INFO]: | melody                             | 1.0.2                  | FORGE    | BOTH              | 2024-02-15 11:41:44 |
[04:38:05] [main/INFO]: | baguettelib                        | 1.1.0                  | FORGE    | UNKNOWN           | 2026-08-06 23:40:47 |
[04:38:05] [main/INFO]: | dg_js                              | 1.20.1-1.1.1           | FORGE    | BOTH              | 2025-03-09 22:12:42 |
[04:38:05] [main/INFO]: | interiors                          | 0.6.0                  | FORGE    | UNKNOWN           | 2026-08-06 23:40:09 |
[04:38:05] [main/INFO]: | ftbteams                           | 2001.3.1               | FORGE    | BOTH              | 2025-01-27 16:03:36 |
[04:38:05] [main/INFO]: | dummmmmmy                          | 2.0.11                 | FORGE    | CLIENT            | 2026-08-06 23:40:26 |
[04:38:05] [main/INFO]: | fzzy_config                        | 0.0.0                  | FORGE    | BOTH              | 2026-08-06 23:40:17 |
[04:38:05] [main/INFO]: | konkrete                           | 1.8.0                  | FORGE    | BOTH              | 2024-01-13 04:21:05 |
[04:38:05] [main/INFO]: | bulletarmorenchant                 | 1.20.1                 | FORGE    | BOTH              | 2025-12-22 11:25:37 |
[04:38:05] [main/INFO]: | chipped                            | 3.0.7                  | FORGE    | BOTH              | 2026-08-06 23:39:48 |
[04:38:05] [main/INFO]: | create_connected                   | 1.1.8-mc1.20.1         | FORGE    | BOTH              | 2025-10-26 11:51:26 |
[04:38:05] [main/INFO]: | farmersdelight                     | 1.20.1-1.2.6           | FORGE    | BOTH              | 2024-12-04 15:06:05 |
[04:38:05] [main/INFO]: | mcwbridges                         | 3.1.2                  | FORGE    | UNKNOWN           | 2026-02-15 10:44:39 |
[04:38:05] [main/INFO]: | createframed                       | 1.7.1                  | FORGE    | BOTH              | 2025-11-30 22:42:41 |
[04:38:05] [main/INFO]: | mekanismadditions                  | 10.4.10                | FORGE    | UNKNOWN           | 2024-11-19 13:03:48 |
[04:38:05] [main/INFO]: | ftbranks                           | 2001.1.7               | FORGE    | BOTH              | 2025-05-12 11:06:28 |
[04:38:05] [main/INFO]: | chunky                             | 1.3.146                | FORGE    | BOTH              | 2026-08-06 23:40:02 |
[04:38:05] [main/INFO]: | mcwfences                          | 1.2.1                  | FORGE    | UNKNOWN           | 2025-12-08 15:04:05 |
[04:38:05] [main/INFO]: | pandalib                           | 0.5.2                  | FORGE    | UNKNOWN           | 2026-08-06 23:40:03 |
[04:38:05] [main/INFO]: | wthit                              | 8.15.3                 | FORGE    | BOTH              | 2024-11-12 15:14:50 |
[04:38:05] [main/INFO]: | patchouli                          | 1.20.1-85-FORGE        | FORGE    | UNKNOWN           | 2026-08-06 23:40:03 |
[04:38:05] [main/INFO]: | collective                         | 7.87.0                 | MIXED    | BOTH              | 2024-10-24 00:38:19 |
[04:38:05] [main/INFO]: | tempban                            | 1.0.0                  | FORGE    | BOTH              | 2023-06-08 13:42:11 |
[04:38:05] [main/INFO]: | kubejsdelight                      | 1.1.2                  | FORGE    | BOTH              | 2024-08-01 09:23:20 |
[04:38:05] [main/INFO]: | thermal_expansion                  | 11.0.1                 | FORGE    | BOTH              | 2024-05-19 02:54:02 |
[04:38:05] [main/INFO]: | create_hypertube                   | 0.4.0                  | FORGE    | UNKNOWN           | 2026-02-09 10:27:52 |
[04:38:05] [main/INFO]: | resourcefullib                     | 2.1.29                 | FORGE    | BOTH              | 2026-08-06 23:40:29 |
[04:38:05] [main/INFO]: | mekanismtools                      | 10.4.10                | FORGE    | UNKNOWN           | 2024-11-19 13:03:48 |
[04:38:05] [main/INFO]: | lootjs                             | 1.20.1-2.13.0          | FORGE    | BOTH              | 2026-08-06 23:39:43 |
[04:38:05] [main/INFO]: | spartanweaponry                    | 3.2.1                  | FORGE    | BOTH              | 2025-08-03 23:15:23 |
[04:38:05] [main/INFO]: | architectury                       | 9.2.14                 | FORGE    | BOTH              | 2026-08-06 23:40:42 |
[04:38:05] [main/INFO]: | aiimprovements                     | 0.5.2                  | FORGE    | BOTH              | 2026-08-06 23:40:03 |
[04:38:05] [main/INFO]: | computercraft                      | 1.120.0                | FORGE    | BOTH              | 2026-08-06 23:39:35 |
[04:38:05] [main/INFO]: | cupboard                           | 1.20.1-2.7             | FORGE    | BOTH              | 2024-06-24 22:44:28 |
[04:38:05] [main/INFO]: | bigreactors                        | 1.20.1-2.0.97          | FORGE    | BOTH              | 2025-12-17 17:51:08 |
[04:38:05] [main/INFO]: | refurbished_furniture              | 1.0.8                  | FORGE    | UNKNOWN           | 2024-11-04 06:32:54 |
[04:38:05] [main/INFO]: | framework                          | 0.7.12                 | FORGE    | UNKNOWN           | 2024-11-12 08:25:47 |
[04:38:05] [main/INFO]: | smallships                         | 2.0.0-b1.4             | FORGE    | BOTH              | 2026-08-06 23:40:05 |
[04:38:05] [main/INFO]: | probejs                            | 6.0.1                  | FORGE    | BOTH              | 2026-08-06 23:40:20 |
[04:38:05] [main/INFO]: | playertrade                        | 1.20.1-b               | FORGE    | UNKNOWN           | 2024-02-15 14:18:54 |
[04:38:05] [main/INFO]: | effortlessbuilding                 | 3.11.0                 | FORGE    | BOTH              | 2026-04-18 14:02:01 |
[04:38:05] [main/INFO]: | craftpresence                      | 2.7.1                  | FORGE    | CLIENT            | 2026-08-06 23:40:41 |
[04:38:05] [main/INFO]: | fallingtrees                       | 0.13.2                 | FORGE    | UNKNOWN           | 2026-08-06 23:39:38 |
[04:38:05] [main/INFO]: | estrogen                           | 5.0.8+1.20.1           | FORGE    | UNKNOWN           | 2026-08-06 23:40:53 |
[04:38:05] [main/INFO]: | rhino                              | 2001.2.3-build.10      | FORGE    | UNKNOWN           | 2025-02-12 21:26:35 |
[04:38:05] [main/INFO]: | amendments                         | 2.2.5                  | FORGE    | BOTH              | 2026-08-06 23:40:52 |
[04:38:05] [main/INFO]: | create_tinkers_compat              | 1.0.0                  | FORGE    | BOTH              | 2026-08-06 23:40:00 |
[04:38:05] [main/INFO]: | copycats                           | 3.0.7+mc.1.20.1-forge  | FORGE    | BOTH              | 2026-08-06 23:40:13 |
[04:38:05] [main/INFO]: | octolib                            | 5.0.1                  | FORGE    | BOTH              | 2026-08-06 23:40:54 |
[04:38:05] [main/INFO]: | tacz                               | 1.0.3                  | FORGE    | BOTH              | 2026-08-06 23:40:49 |
[04:38:05] [main/INFO]: | ponderjs                           | 2.1.0                  | FORGE    | BOTH              | 2025-11-05 13:21:19 |
[04:38:05] [main/INFO]: | create                             | 6.0.8                  | FORGE    | BOTH              | 2025-11-02 16:10:10 |
[04:38:05] [main/INFO]: | nochatrestrictions                 | 1.20.1-v1.0.0          | FORGE    | BOTH              | 2026-01-28 00:36:49 |
[04:38:05] [main/INFO]: | clumps                             | 12.0.0-4               | FORGE    | UNKNOWN           | 2024-04-21 05:03:41 |
[04:38:05] [main/INFO]: | comforts                           | 6.4.0+1.20.1           | FORGE    | BOTH              | 2024-07-04 20:34:01 |
[04:38:05] [main/INFO]: | alternate_current                  | 1.7.0                  | FORGE    | BOTH              | 2023-08-25 16:47:37 |
[04:38:05] [main/INFO]: | artifacts                          | 9.5.19                 | FORGE    | BOTH              | 2026-08-06 23:40:30 |
[04:38:05] [main/INFO]: | configured                         | 2.2.3                  | FORGE    | UNKNOWN           | 2024-03-06 23:05:51 |
[04:38:05] [main/INFO]: | cynosure                           | 0.1.16                 | FORGE    | UNKNOWN           | 2026-08-06 23:40:28 |
[04:38:05] [main/INFO]: | thedarkcolour.kotlinforforge       | 0.0.0                  | FORGE    | LIBRARY           | 2026-08-06 23:39:56 |
[04:38:05] [main/INFO]: | outer_end                          | 1.0.8                  | FORGE    | BOTH              | 2024-10-14 19:06:46 |
[04:38:05] [main/INFO]: | create_confectionery               | 1.1.3                  | FORGE    | BOTH              | 2026-08-06 23:40:32 |
[04:38:05] [main/INFO]: | mods_optimizer                     | 4.3.0                  | FORGE    | BOTH              | 2025-12-13 22:45:16 |
[04:38:05] [main/INFO]: | escalated                          | 1.2.1                  | FORGE    | BOTH              | 2026-08-06 23:40:52 |
[04:38:05] [main/INFO]: | fluidlogistics                     | 1.2.0                  | FORGE    | BOTH              | 2026-07-06 14:23:34 |
[04:38:05] [main/INFO]: | access_denied                      | 6.2.1                  | FORGE    | UNKNOWN           | 2025-11-06 19:14:54 |
[04:38:05] [main/INFO]: | expatternprovider                  | 1.4.18                 | FORGE    | BOTH              | 2026-07-18 21:03:52 |
[04:38:05] [main/INFO]: | guideme                            | 20.1.15                | FORGE    | BOTH              | 2026-08-06 23:40:05 |
[04:38:05] [main/INFO]: | resourcify                         | 1.8.5                  | FORGE    | CLIENT            | 2026-08-06 23:39:52 |
[04:38:05] [main/INFO]: | blueprint                          | 7.1.0                  | FORGE    | BOTH              | 2024-04-25 22:48:01 |
[04:38:05] [main/INFO]: | terralith                          | 2.5.4                  | MIXED    | DATA_PACK         | 2026-08-06 23:40:44 |
[04:38:05] [main/INFO]: | advanced_ae                        | 1.3.5-1.20.1           | FORGE    | BOTH              | 2026-08-06 23:40:45 |
[04:38:05] [main/INFO]: | watut                              | 1.20.1-1.2.3           | FORGE    | BOTH              | 2025-03-17 12:35:48 |
[04:38:05] [main/INFO]: | skinlayers3d                       | 1.11.1                 | FORGE    | BOTH              | 2026-08-06 23:40:29 |
[04:38:05] [main/INFO]: | brandonscore                       | 3.2.1-302              | FORGE    | BOTH              | 2024-06-12 20:19:13 |
[04:38:05] [main/INFO]: | tfmg                               | 0.0.0                  | FORGE    | UNKNOWN           | 2025-11-18 21:46:47 |
[04:38:05] [main/INFO]: | library-d686d7f1-fec3-4ceb-a5cd-b5dcb67530b1 | 0.0.0                  | FORGE    | LIBRARY           | 2026-08-06 23:40:39 |
[04:38:05] [main/INFO]: | tconstruct                         | 3.11.2-166             | FORGE    | BOTH              | 2026-01-11 18:23:24 |
[04:38:05] [main/INFO]: | alexscaves                         | 2.0.2                  | FORGE    | BOTH              | 2024-10-26 10:13:03 |
[04:38:05] [main/INFO]: | er2create                          | 1.20.1-1.0.4           | FORGE    | BOTH              | 2025-06-10 18:21:56 |
[04:38:05] [main/INFO]: | moonlight                          | 2.16.28                | FORGE    | BOTH              | 2026-08-06 23:40:56 |
[04:38:05] [main/INFO]: | titanium                           | 3.8.34                 | FORGE    | BOTH              | 2026-04-19 11:43:19 |
[04:38:05] [main/INFO]: | creativecore                       | 2.12.31                | FORGE    | BOTH              | 2025-01-21 15:13:49 |
[04:38:05] [main/INFO]: | displaydelight                     | 1.4.0                  | FORGE    | BOTH              | 2026-08-06 23:39:58 |
[04:38:05] [main/INFO]: | easy_npc_bundle                    | 6.0.8                  | FORGE    | BOTH              | 2025-07-31 00:36:29 |
[04:38:05] [main/INFO]: | enderio                            | 6.2.18-beta            | FORGE    | BOTH              | 2026-03-08 01:00:32 |
[04:38:05] [main/INFO]: | iceberg                            | 1.1.25                 | FORGE    | BOTH              | 2024-10-23 10:20:51 |
[04:38:05] [main/INFO]: | quark                              | 4.0.460                | FORGE    | BOTH              | 2024-08-04 07:48:29 |
[04:38:05] [main/INFO]: | spartanshields                     | 3.1.1                  | FORGE    | BOTH              | 2024-06-18 21:26:57 |
[04:38:05] [main/INFO]: | mes                                | 1.3.4-1.20-forge       | FORGE    | BOTH              | 2026-08-06 23:40:26 |
[04:38:05] [main/INFO]: | create_sa                          | 2.1.0                  | FORGE    | BOTH              | 2026-08-06 23:40:52 |
[04:38:05] [main/INFO]: | nullscape                          | 1.2.8                  | MIXED    | DATA_PACK         | 2026-08-06 23:40:45 |
[04:38:05] [main/INFO]: | storagedrawers                     | 12.9.12                | FORGE    | BOTH              | 2024-11-17 18:06:39 |
[04:38:05] [main/INFO]: | immersive_paintings                | 0.6.7+1.20.1           | FORGE    | BOTH              | 2026-08-06 23:40:27 |
[04:38:05] [main/INFO]: | create_radar                       | 0.4.5                  | FORGE    | BOTH              | 2026-05-24 17:36:02 |
[04:38:05] [main/INFO]: | fancymenu                          | 3.9.3                  | FORGE    | CLIENT            | 2026-08-06 23:40:19 |
[04:38:05] [main/INFO]: | coroutil                           | 1.20.1-1.3.7           | FORGE    | BOTH              | 2024-02-10 13:39:18 |
[04:38:05] [main/INFO]: | emi_enchanting                     | 0.0.0                  | FORGE    | CLIENT            | 2026-08-06 23:39:44 |
[04:38:05] [main/INFO]: | ferritecore                        | 6.0.1                  | FORGE    | BOTH              | 2023-10-22 15:27:07 |
[04:38:05] [main/INFO]: | yet_another_config_lib_v3          | 3.6.2+1.20.1-forge     | FORGE    | UNKNOWN           | 2026-08-06 23:39:36 |
[04:38:05] [main/INFO]: | itemobliteratordespawnfix          | 1.0.0                  | FORGE    | UNKNOWN           | 2025-09-27 21:28:26 |
[04:38:05] [main/INFO]: | rarcompat                          | 5.0.0                  | FORGE    | BOTH              | 2025-10-14 20:07:50 |
[04:38:05] [main/INFO]: | appmek                             | 1.4.3                  | FORGE    | BOTH              | 2026-08-06 23:40:22 |
[04:38:05] [main/INFO]: | create_enchantment_industry        | 1.3.3-for-create-6.0.6 | FORGE    | BOTH              | 2025-06-15 10:27:38 |
[04:38:05] [main/INFO]: | createestrogen                     | 1.0.1+1.20.1           | FORGE    | UNKNOWN           | 2026-08-06 23:40:32 |
[04:38:05] [main/INFO]: | littletiles                        | 1.6.0-pre156           | FORGE    | BOTH              | 2025-02-14 10:29:16 |
[04:38:05] [main/INFO]: | createaddition                     | 1.20.1-1.3.3           | FORGE    | BOTH              | 2025-11-10 17:59:11 |
[04:38:05] [main/INFO]: -------------------------------------------------------------------------------------------------------------------
[04:38:05] [main/INFO]: ? Parsed 286 mods in 378 ms.
[04:38:05] [main/INFO]: ? No duplicated mods found.
[04:38:05] [main/INFO]: ? Client side mods are enabled.
[04:38:05] [main/INFO]: ? Mod Optimizer needs 414 ms in total.
[04:38:05] [main/INFO]: ? Cleanup resources ...
[04:38:05] [CrashAssistantApp process logger/INFO]: CrashAssistantApp process successfully started.
[04:38:06] [main/INFO]: Found mod file [1.20.1] SecurityCraft v1.9.12.jar of type MOD with provider {mods folder locator at C:\Users\windf\curseforge\minecraft\Instances\THE FORGOTTEN SMP\mods}
[04:38:06] [main/INFO]: Found mod file access_denied-6.2.1.jar of type MOD with provider {mods folder locator at C:\Users\windf\curseforge\minecraft\Instances\THE FORGOTTEN SMP\mods}
[04:38:06] [main/INFO]: Found mod file Ad-Astra-Giselle-Addon-forge-1.20.1-6.21.jar of type MOD with provider {mods folder locator at C:\Users\windf\curseforge\minecraft\Instances\THE FORGOTTEN SMP\mods}
[04:38:06] [main/INFO]: Found mod file ad_astra-forge-1.20.1-1.15.20.jar of type MOD with provider {mods folder locator at C:\Users\windf\curseforge\minecraft\Instances\THE FORGOTTEN SMP\mods}
[04:38:06] [main/INFO]: Found mod file ad_astra_more_structures-1.0.0.jar of type MOD with provider {mods folder locator at C:\Users\windf\curseforge\minecraft\Instances\THE FORGOTTEN SMP\mods}
[04:38:06] [main/INFO]: Found mod file adastraextra-forge-1.20.1-1.2.3.jar of type MOD with provider {mods folder locator at C:\Users\windf\curseforge\minecraft\Instances\THE FORGOTTEN SMP\mods}
[04:38:06] [main/INFO]: Found mod file addonslib-1.20.1-1.7.jar of type MOD with provider {mods folder locator at C:\Users\windf\curseforge\minecraft\Instances\THE FORGOTTEN SMP\mods}
[04:38:06] [main/INFO]: Found mod file AdvancedAE-1.3.5-1.20.1.jar of type MOD with provider {mods folder locator at C:\Users\windf\curseforge\minecraft\Instances\THE FORGOTTEN SMP\mods}
[04:38:06] [main/INFO]: Found mod file advancednetherite-forge-2.1.3-1.20.1.jar of type MOD with provider {mods folder locator at C:\Users\windf\curseforge\minecraft\Instances\THE FORGOTTEN SMP\mods}
[04:38:06] [main/INFO]: Found mod file AdvancementPlaques-1.20.1-forge-1.6.7.jar of type MOD with provider {mods folder locator at C:\Users\windf\curseforge\minecraft\Instances\THE FORGOTTEN SMP\mods}
[04:38:06] [main/INFO]: Found mod file AI-Improvements-1.20-0.5.2.jar of type MOD with provider {mods folder locator at C:\Users\windf\curseforge\minecraft\Instances\THE FORGOTTEN SMP\mods}
[04:38:06] [main/INFO]: Found mod file alexscaves-2.0.2.jar of type MOD with provider {mods folder locator at C:\Users\windf\curseforge\minecraft\Instances\THE FORGOTTEN SMP\mods}
[04:38:06] [main/INFO]: Found mod file alltheleaks-1.1.1+1.20.1-forge.jar of type MOD with provider {mods folder locator at C:\Users\windf\curseforge\minecraft\Instances\THE FORGOTTEN SMP\mods}
[04:38:06] [main/INFO]: Found mod file alternate_current-mc1.20-1.7.0.jar of type MOD with provider {mods folder locator at C:\Users\windf\curseforge\minecraft\Instances\THE FORGOTTEN SMP\mods}
[04:38:06] [main/INFO]: Found mod file amendments-1.20-2.2.5.jar of type MOD with provider {mods folder locator at C:\Users\windf\curseforge\minecraft\Instances\THE FORGOTTEN SMP\mods}
[04:38:06] [main/INFO]: Found mod file appleskin-forge-mc1.20.1-2.5.1.jar of type MOD with provider {mods folder locator at C:\Users\windf\curseforge\minecraft\Instances\THE FORGOTTEN SMP\mods}
[04:38:06] [main/INFO]: Found mod file Applied-Mekanistics-1.4.3.jar of type MOD with provider {mods folder locator at C:\Users\windf\curseforge\minecraft\Instances\THE FORGOTTEN SMP\mods}
[04:38:06] [main/INFO]: Found mod file appliedenergistics2-forge-15.4.10.jar of type MOD with provider {mods folder locator at C:\Users\windf\curseforge\minecraft\Instances\THE FORGOTTEN SMP\mods}
[04:38:06] [main/INFO]: Found mod file Aquaculture-1.20.1-2.5.3.jar of type MOD with provider {mods folder locator at C:\Users\windf\curseforge\minecraft\Instances\THE FORGOTTEN SMP\mods}
[04:38:06] [main/INFO]: Found mod file aquaculture_delight_1.0.0_forge_1.20.1.jar of type MOD with provider {mods folder locator at C:\Users\windf\curseforge\minecraft\Instances\THE FORGOTTEN SMP\mods}
[04:38:06] [main/INFO]: Found mod file architectury-9.2.14-forge.jar of type MOD with provider {mods folder locator at C:\Users\windf\curseforge\minecraft\Instances\THE FORGOTTEN SMP\mods}
[04:38:06] [main/INFO]: Found mod file artifacts-forge-9.5.19.jar of type MOD with provider {mods folder locator at C:\Users\windf\curseforge\minecraft\Instances\THE FORGOTTEN SMP\mods}
[04:38:06] [main/INFO]: Found mod file athena-forge-1.20.1-3.1.2.jar of type MOD with provider {mods folder locator at C:\Users\windf\curseforge\minecraft\Instances\THE FORGOTTEN SMP\mods}
[04:38:06] [main/INFO]: Found mod file badpackets-forge-0.4.3.jar of type MOD with provider {mods folder locator at C:\Users\windf\curseforge\minecraft\Instances\THE FORGOTTEN SMP\mods}
[04:38:06] [main/INFO]: Found mod file baguettelib-1.20.1-Forge-1.1.0.jar of type MOD with provider {mods folder locator at C:\Users\windf\curseforge\minecraft\Instances\THE FORGOTTEN SMP\mods}
[04:38:06] [main/INFO]: Found mod file balm-forge-1.20.1-7.3.9-all.jar of type MOD with provider {mods folder locator at C:\Users\windf\curseforge\minecraft\Instances\THE FORGOTTEN SMP\mods}
[04:38:06] [main/INFO]: Found mod file bettercombat-forge-1.9.0+1.20.1.jar of type MOD with provider {mods folder locator at C:\Users\windf\curseforge\minecraft\Instances\THE FORGOTTEN SMP\mods}
[04:38:06] [main/INFO]: Found mod file BetterPingDisplay-1.20.1-1.1.jar of type MOD with provider {mods folder locator at C:\Users\windf\curseforge\minecraft\Instances\THE FORGOTTEN SMP\mods}
[04:38:06] [main/INFO]: Found mod file BiomesOPlenty-1.20.1-18.0.0.592.jar of type MOD with provider {mods folder locator at C:\Users\windf\curseforge\minecraft\Instances\THE FORGOTTEN SMP\mods}
[04:38:06] [main/INFO]: Found mod file bits_n_bobs-0.0.41.jar of type MOD with provider {mods folder locator at C:\Users\windf\curseforge\minecraft\Instances\THE FORGOTTEN SMP\mods}
[04:38:06] [main/INFO]: Found mod file blueprint-1.20.1-7.1.0.jar of type MOD with provider {mods folder locator at C:\Users\windf\curseforge\minecraft\Instances\THE FORGOTTEN SMP\mods}
[04:38:06] [main/INFO]: Found mod file Bookshelf-Forge-1.20.1-20.2.13.jar of type MOD with provider {mods folder locator at C:\Users\windf\curseforge\minecraft\Instances\THE FORGOTTEN SMP\mods}
[04:38:06] [main/INFO]: Found mod file botarium-forge-1.20.1-2.3.4.jar of type MOD with provider {mods folder locator at C:\Users\windf\curseforge\minecraft\Instances\THE FORGOTTEN SMP\mods}
[04:38:06] [main/INFO]: Found mod file BrandonsCore-1.20.1-3.2.1.302-universal.jar of type MOD with provider {mods folder locator at C:\Users\windf\curseforge\minecraft\Instances\THE FORGOTTEN SMP\mods}
[04:38:06] [main/INFO]: Found mod file bulletarmorenchant-1.0-1.20.1 chineseadd.jar of type MOD with provider {mods folder locator at C:\Users\windf\curseforge\minecraft\Instances\THE FORGOTTEN SMP\mods}
[04:38:06] [main/INFO]: Found mod file canary-mc1.20.1-0.3.3.jar of type MOD with provider {mods folder locator at C:\Users\windf\curseforge\minecraft\Instances\THE FORGOTTEN SMP\mods}
[04:38:06] [main/INFO]: Found mod file carryon-forge-1.20.1-2.1.2.7.jar of type MOD with provider {mods folder locator at C:\Users\windf\curseforge\minecraft\Instances\THE FORGOTTEN SMP\mods}
[04:38:06] [main/INFO]: Found mod file cc-tweaked-1.20.1-forge-1.120.0.jar of type MOD with provider {mods folder locator at C:\Users\windf\curseforge\minecraft\Instances\THE FORGOTTEN SMP\mods}
[04:38:06] [main/INFO]: Found mod file cc_cbc-1.1.1-forge-1.20.1.jar of type MOD with provider {mods folder locator at C:\Users\windf\curseforge\minecraft\Instances\THE FORGOTTEN SMP\mods}
[04:38:06] [main/INFO]: Found mod file cccbridge-mc1.20.1-v1.7.1-forge.jar of type MOD with provider {mods folder locator at C:\Users\windf\curseforge\minecraft\Instances\THE FORGOTTEN SMP\mods}
[04:38:06] [main/INFO]: Found mod file chipped-forge-1.20.1-3.0.7.jar of type MOD with provider {mods folder locator at C:\Users\windf\curseforge\minecraft\Instances\THE FORGOTTEN SMP\mods}
[04:38:06] [main/INFO]: Found mod file Chunky-1.3.146.jar of type MOD with provider {mods folder locator at C:\Users\windf\curseforge\minecraft\Instances\THE FORGOTTEN SMP\mods}
[04:38:06] [main/INFO]: Found mod file citadel-2.6.0-1.20.1.jar of type MOD with provider {mods folder locator at C:\Users\windf\curseforge\minecraft\Instances\THE FORGOTTEN SMP\mods}
[04:38:06] [main/INFO]: Found mod file cleanswing-1.20-1.8.jar of type MOD with provider {mods folder locator at C:\Users\windf\curseforge\minecraft\Instances\THE FORGOTTEN SMP\mods}
[04:38:06] [main/INFO]: Found mod file cloth-config-11.1.136-forge.jar of type MOD with provider {mods folder locator at C:\Users\windf\curseforge\minecraft\Instances\THE FORGOTTEN SMP\mods}
[04:38:06] [main/INFO]: Found mod file Clumps-forge-1.20.1-12.0.0.4.jar of type MOD with provider {mods folder locator at C:\Users\windf\curseforge\minecraft\Instances\THE FORGOTTEN SMP\mods}
[04:38:06] [main/INFO]: Found mod file CodeChickenLib-1.20.1-4.4.0.516-universal.jar of type MOD with provider {mods folder locator at C:\Users\windf\curseforge\minecraft\Instances\THE FORGOTTEN SMP\mods}
[04:38:06] [main/INFO]: Found mod file cofh_core-1.20.1-11.0.2.56.jar of type MOD with provider {mods folder locator at C:\Users\windf\curseforge\minecraft\Instances\THE FORGOTTEN SMP\mods}
[04:38:06] [main/INFO]: Found mod file collective-1.20.1-7.87.jar of type MOD with provider {mods folder locator at C:\Users\windf\curseforge\minecraft\Instances\THE FORGOTTEN SMP\mods}
[04:38:06] [main/INFO]: Found mod file combatlog-forge-2.6+1.20.1.jar of type MOD with provider {mods folder locator at C:\Users\windf\curseforge\minecraft\Instances\THE FORGOTTEN SMP\mods}
[04:38:06] [main/INFO]: Found mod file comforts-forge-6.4.0+1.20.1.jar of type MOD with provider {mods folder locator at C:\Users\windf\curseforge\minecraft\Instances\THE FORGOTTEN SMP\mods}
[04:38:06] [main/INFO]: Found mod file configured-forge-1.20.1-2.2.3.jar of type MOD with provider {mods folder locator at C:\Users\windf\curseforge\minecraft\Instances\THE FORGOTTEN SMP\mods}
[04:38:06] [main/INFO]: Found mod file connectivity-1.20.1-7.6.jar of type MOD with provider {mods folder locator at C:\Users\windf\curseforge\minecraft\Instances\THE FORGOTTEN SMP\mods}
[04:38:06] [main/INFO]: Found mod file Controlling-forge-1.20.1-12.0.2.jar of type MOD with provider {mods folder locator at C:\Users\windf\curseforge\minecraft\Instances\THE FORGOTTEN SMP\mods}
[04:38:06] [main/INFO]: Found mod file copycats-3.0.7+mc.1.20.1-forge.jar of type MOD with provider {mods folder locator at C:\Users\windf\curseforge\minecraft\Instances\THE FORGOTTEN SMP\mods}
[04:38:06] [main/INFO]: Found mod file coroutil-forge-1.20.1-1.3.7.jar of type MOD with provider {mods folder locator at C:\Users\windf\curseforge\minecraft\Instances\THE FORGOTTEN SMP\mods}
[04:38:06] [main/INFO]: Found mod file corpse-forge-1.20.1-1.0.18.jar of type MOD with provider {mods folder locator at C:\Users\windf\curseforge\minecraft\Instances\THE FORGOTTEN SMP\mods}
[04:38:06] [main/INFO]: Found mod file corpsecurioscompat-1.20.1-Forge-3.1.2.jar of type MOD with provider {mods folder locator at C:\Users\windf\curseforge\minecraft\Instances\THE FORGOTTEN SMP\mods}
[04:38:06] [main/INFO]: Found mod file cosmeticarmorreworked-1.20.1-v1a.jar of type MOD with provider {mods folder locator at C:\Users\windf\curseforge\minecraft\Instances\THE FORGOTTEN SMP\mods}
[04:38:06] [main/INFO]: Found mod file CraftPresence-2.7.1+1.20.1-forge.jar of type MOD with provider {mods folder locator at C:\Users\windf\curseforge\minecraft\Instances\THE FORGOTTEN SMP\mods}
[04:38:06] [main/INFO]: Found mod file Create Encased-1.20.1-1.7.2-fix2.jar of type MOD with provider {mods folder locator at C:\Users\windf\curseforge\minecraft\Instances\THE FORGOTTEN SMP\mods}
[04:38:06] [main/INFO]: Found mod file create-1.20.1-6.0.8.jar of type MOD with provider {mods folder locator at C:\Users\windf\curseforge\minecraft\Instances\THE FORGOTTEN SMP\mods}
[04:38:06] [main/INFO]: Found mod file create-confectionery1.20.1_v1.1.3.jar of type MOD with provider {mods folder locator at C:\Users\windf\curseforge\minecraft\Instances\THE FORGOTTEN SMP\mods}
[04:38:06] [main/INFO]: Found mod file create-new-age-forge-1.20.1-1.1.3.jar of type MOD with provider {mods folder locator at C:\Users\windf\curseforge\minecraft\Instances\THE FORGOTTEN SMP\mods}
[04:38:06] [main/INFO]: Found mod file create-stuff-additions1.20.1_v2.1.1.jar of type MOD with provider {mods folder locator at C:\Users\windf\curseforge\minecraft\Instances\THE FORGOTTEN SMP\mods}
[04:38:06] [main/INFO]: Found mod file create_6_0_8_backported_fixes-1.1.0.jar of type MOD with provider {mods folder locator at C:\Users\windf\curseforge\minecraft\Instances\THE FORGOTTEN SMP\mods}
[04:38:06] [main/INFO]: Found mod file create_chipped-1.1.0-forge-1.20.1.jar of type MOD with provider {mods folder locator at C:\Users\windf\curseforge\minecraft\Instances\THE FORGOTTEN SMP\mods}
[04:38:06] [main/INFO]: Found mod file create_connected-1.1.8-mc1.20.1-all.jar of type MOD with provider {mods folder locator at C:\Users\windf\curseforge\minecraft\Instances\THE FORGOTTEN SMP\mods}
[04:38:06] [main/INFO]: Found mod file create_enchantment_industry-1.3.3-for-create-6.0.6.jar of type MOD with provider {mods folder locator at C:\Users\windf\curseforge\minecraft\Instances\THE FORGOTTEN SMP\mods}
[04:38:06] [main/INFO]: Found mod file create_hypertube-0.4.0-FORGE.jar of type MOD with provider {mods folder locator at C:\Users\windf\curseforge\minecraft\Instances\THE FORGOTTEN SMP\mods}
[04:38:06] [main/INFO]: Found mod file create_power_loader-2.0.3-mc1.20.1.jar of type MOD with provider {mods folder locator at C:\Users\windf\curseforge\minecraft\Instances\THE FORGOTTEN SMP\mods}
[04:38:06] [main/INFO]: Found mod file create_radar-0.4.6+mc1.20.1.jar of type MOD with provider {mods folder locator at C:\Users\windf\curseforge\minecraft\Instances\THE FORGOTTEN SMP\mods}
[04:38:06] [main/INFO]: Found mod file create_tinkers_compat-2-forge-1.20.1.jar of type MOD with provider {mods folder locator at C:\Users\windf\curseforge\minecraft\Instances\THE FORGOTTEN SMP\mods}
[04:38:06] [main/INFO]: Found mod file createaddition-1.20.1-1.3.3.jar of type MOD with provider {mods folder locator at C:\Users\windf\curseforge\minecraft\Instances\THE FORGOTTEN SMP\mods}
[04:38:06] [main/INFO]: Found mod file createbigcannons-5.11.2-mc.1.20.1-forge.jar of type MOD with provider {mods folder locator at C:\Users\windf\curseforge\minecraft\Instances\THE FORGOTTEN SMP\mods}
[04:38:06] [main/INFO]: Found mod file createcobblestone-1.4.10+forge-1.20.1-138.jar of type MOD with provider {mods folder locator at C:\Users\windf\curseforge\minecraft\Instances\THE FORGOTTEN SMP\mods}
[04:38:06] [main/INFO]: Found mod file createdeco-2.0.3-1.20.1-forge.jar of type MOD with provider {mods folder locator at C:\Users\windf\curseforge\minecraft\Instances\THE FORGOTTEN SMP\mods}
[04:38:06] [main/INFO]: Found mod file createdieselgenerators-1.20.1-1.3.9.jar of type MOD with provider {mods folder locator at C:\Users\windf\curseforge\minecraft\Instances\THE FORGOTTEN SMP\mods}
[04:38:06] [main/INFO]: Found mod file createestrogen-1.0.1+1.20.1-forge.jar of type MOD with provider {mods folder locator at C:\Users\windf\curseforge\minecraft\Instances\THE FORGOTTEN SMP\mods}
[04:38:06] [main/INFO]: Found mod file createframed-1.7.1.jar of type MOD with provider {mods folder locator at C:\Users\windf\curseforge\minecraft\Instances\THE FORGOTTEN SMP\mods}
[04:38:06] [main/INFO]: Found mod file createmoredrillheads-2.1.0-1.20.1.jar of type MOD with provider {mods folder locator at C:\Users\windf\curseforge\minecraft\Instances\THE FORGOTTEN SMP\mods}
[04:38:06] [main/INFO]: Found mod file CreateNumismatics-1.0.15+forge-mc1.20.1.jar of type MOD with provider {mods folder locator at C:\Users\windf\curseforge\minecraft\Instances\THE FORGOTTEN SMP\mods}
[04:38:06] [main/INFO]: Found mod file createoreexcavation-1.20-1.6.5.jar of type MOD with provider {mods folder locator at C:\Users\windf\curseforge\minecraft\Instances\THE FORGOTTEN SMP\mods}
[04:38:06] [main/INFO]: Found mod file createrailwaysnavigator-forge-1.20.1-beta-0.8.5-C6.jar of type MOD with provider {mods folder locator at C:\Users\windf\curseforge\minecraft\Instances\THE FORGOTTEN SMP\mods}
[04:38:06] [main/INFO]: Found mod file createstockbridge-1.20-0.2.0.jar of type MOD with provider {mods folder locator at C:\Users\windf\curseforge\minecraft\Instances\THE FORGOTTEN SMP\mods}
[04:38:06] [main/INFO]: Found mod file CreativeCore_FORGE_v2.12.31_mc1.20.1.jar of type MOD with provider {mods folder locator at C:\Users\windf\curseforge\minecraft\Instances\THE FORGOTTEN SMP\mods}
[04:38:06] [main/INFO]: Found mod file cupboard-1.20.1-2.7.jar of type MOD with provider {mods folder locator at C:\Users\windf\curseforge\minecraft\Instances\THE FORGOTTEN SMP\mods}
[04:38:06] [main/INFO]: Found mod file curios-forge-5.14.1+1.20.1.jar of type MOD with provider {mods folder locator at C:\Users\windf\curseforge\minecraft\Instances\THE FORGOTTEN SMP\mods}
[04:38:06] [main/INFO]: Found mod file cynosure-0.1.16-forge.jar of type MOD with provider {mods folder locator at C:\Users\windf\curseforge\minecraft\Instances\THE FORGOTTEN SMP\mods}
[04:38:06] [main/INFO]: Found mod file dcintegration-forge-3.0.7.1-1.20.1.jar of type MOD with provider {mods folder locator at C:\Users\windf\curseforge\minecraft\Instances\THE FORGOTTEN SMP\mods}
[04:38:06] [main/INFO]: Found mod file dg_js-1.20.1-1.1.1.jar of type MOD with provider {mods folder locator at C:\Users\windf\curseforge\minecraft\Instances\THE FORGOTTEN SMP\mods}
[04:38:06] [main/INFO]: Found mod file displaydelight-1.4.0.jar of type MOD with provider {mods folder locator at C:\Users\windf\curseforge\minecraft\Instances\THE FORGOTTEN SMP\mods}
[04:38:06] [main/INFO]: Found mod file do_a_barrel_roll-forge-3.5.6+1.20.1.jar of type MOD with provider {mods folder locator at C:\Users\windf\curseforge\minecraft\Instances\THE FORGOTTEN SMP\mods}
[04:38:06] [main/INFO]: Found mod file Draconic-Evolution-1.20.1-3.1.2.621-universal.jar of type MOD with provider {mods folder locator at C:\Users\windf\curseforge\minecraft\Instances\THE FORGOTTEN SMP\mods}
[04:38:06] [main/INFO]: Found mod file drippyloadingscreen_forge_3.1.2_MC_1.20.1.jar of type MOD with provider {mods folder locator at C:\Users\windf\curseforge\minecraft\Instances\THE FORGOTTEN SMP\mods}
[04:38:06] [main/INFO]: Found mod file dummmmmmy-1.20-2.0.12-forge.jar of type MOD with provider {mods folder locator at C:\Users\windf\curseforge\minecraft\Instances\THE FORGOTTEN SMP\mods}
[04:38:06] [main/INFO]: Found mod file DungeonsArise-1.20.x-2.1.58-release.jar of type MOD with provider {mods folder locator at C:\Users\windf\curseforge\minecraft\Instances\THE FORGOTTEN SMP\mods}
[04:38:06] [main/INFO]: Found mod file DungeonsAriseSevenSeas-1.20.x-1.0.2-forge.jar of type MOD with provider {mods folder locator at C:\Users\windf\curseforge\minecraft\Instances\THE FORGOTTEN SMP\mods}
[04:38:06] [main/INFO]: Found mod file durabilitytooltip-1.1.6-forge-mc1.20.jar of type MOD with provider {mods folder locator at C:\Users\windf\curseforge\minecraft\Instances\THE FORGOTTEN SMP\mods}
[04:38:06] [main/INFO]: Found mod file dynamic-fps-3.11.4+minecraft-1.20.0-forge.jar of type MOD with provider {mods folder locator at C:\Users\windf\curseforge\minecraft\Instances\THE FORGOTTEN SMP\mods}
[04:38:06] [main/INFO]: Found mod file easy_npc_bundle-6.0.8-forge-1.20.1.jar of type MOD with provider {mods folder locator at C:\Users\windf\curseforge\minecraft\Instances\THE FORGOTTEN SMP\mods}
[04:38:06] [main/INFO]: Found mod file effortlessbuilding-1.20.1-3.11.jar of type MOD with provider {mods folder locator at C:\Users\windf\curseforge\minecraft\Instances\THE FORGOTTEN SMP\mods}
[04:38:06] [main/INFO]: Found mod file embeddium-0.3.31+mc1.20.1.jar of type MOD with provider {mods folder locator at C:\Users\windf\curseforge\minecraft\Instances\THE FORGOTTEN SMP\mods}
[04:38:06] [main/INFO]: Found mod file emi-1.1.22+1.20.1+forge.jar of type MOD with provider {mods folder locator at C:\Users\windf\curseforge\minecraft\Instances\THE FORGOTTEN SMP\mods}
[04:38:06] [main/INFO]: Found mod file emi_create_schematics-1.0.4.jar of type MOD with provider {mods folder locator at C:\Users\windf\curseforge\minecraft\Instances\THE FORGOTTEN SMP\mods}
[04:38:06] [main/INFO]: Found mod file emi_enchanting-0.1.2+1.20.1+forge.jar of type MOD with provider {mods folder locator at C:\Users\windf\curseforge\minecraft\Instances\THE FORGOTTEN SMP\mods}
[04:38:06] [main/INFO]: Found mod file emi_loot-0.7.6+1.20.1+forge.jar of type MOD with provider {mods folder locator at C:\Users\windf\curseforge\minecraft\Instances\THE FORGOTTEN SMP\mods}
[04:38:06] [main/INFO]: Found mod file emi_ores-1.2+1.20.1+forge.jar of type MOD with provider {mods folder locator at C:\Users\windf\curseforge\minecraft\Instances\THE FORGOTTEN SMP\mods}
[04:38:06] [main/INFO]: Found mod file emitrades-forge-1.2.1+mc1.20.1.jar of type MOD with provider {mods folder locator at C:\Users\windf\curseforge\minecraft\Instances\THE FORGOTTEN SMP\mods}
[04:38:06] [main/INFO]: Found mod file EnderIO-1.20.1-6.2.18-beta-all.jar of type MOD with provider {mods folder locator at C:\Users\windf\curseforge\minecraft\Instances\THE FORGOTTEN SMP\mods}
[04:38:06] [main/INFO]: Found mod file entityculling-forge-1.7.2-mc1.20.1.jar of type MOD with provider {mods folder locator at C:\Users\windf\curseforge\minecraft\Instances\THE FORGOTTEN SMP\mods}
[04:38:06] [main/INFO]: Found mod file entityjs-0.6.4-1.20.1.jar of type MOD with provider {mods folder locator at C:\Users\windf\curseforge\minecraft\Instances\THE FORGOTTEN SMP\mods}
[04:38:06] [main/INFO]: Found mod file escalated-1.2.1-create.6.0.8-mc.1.20.1-forge.jar of type MOD with provider {mods folder locator at C:\Users\windf\curseforge\minecraft\Instances\THE FORGOTTEN SMP\mods}
[04:38:06] [main/INFO]: Found mod file estrogen-5.0.8+1.20.1-forge.jar of type MOD with provider {mods folder locator at C:\Users\windf\curseforge\minecraft\Instances\THE FORGOTTEN SMP\mods}
[04:38:06] [main/INFO]: Found mod file etched-3.0.4.jar of type MOD with provider {mods folder locator at C:\Users\windf\curseforge\minecraft\Instances\THE FORGOTTEN SMP\mods}
[04:38:06] [main/INFO]: Found mod file expandingtechnologies-1.20.1-1.3.4.jar of type MOD with provider {mods folder locator at C:\Users\windf\curseforge\minecraft\Instances\THE FORGOTTEN SMP\mods}
[04:38:06] [main/INFO]: Found mod file exposure-1.20.1-1.7.7-forge.jar of type MOD with provider {mods folder locator at C:\Users\windf\curseforge\minecraft\Instances\THE FORGOTTEN SMP\mods}
[04:38:06] [main/INFO]: Found mod file ExtendedAE-1.20-1.4.18-forge.jar of type MOD with provider {mods folder locator at C:\Users\windf\curseforge\minecraft\Instances\THE FORGOTTEN SMP\mods}
[04:38:06] [main/INFO]: Found mod file ExtremeReactors2-1.20.1-2.0.97.jar of type MOD with provider {mods folder locator at C:\Users\windf\curseforge\minecraft\Instances\THE FORGOTTEN SMP\mods}
[04:38:06] [main/INFO]: Found mod file ExtremeReactors2-CreateCompat-1.20.1-1.0.4.jar of type MOD with provider {mods folder locator at C:\Users\windf\curseforge\minecraft\Instances\THE FORGOTTEN SMP\mods}
[04:38:06] [main/INFO]: Found mod file fallingtrees-forge-mc1.20-0.13.2-SNAPSHOT.jar of type MOD with provider {mods folder locator at C:\Users\windf\curseforge\minecraft\Instances\THE FORGOTTEN SMP\mods}
[04:38:06] [main/INFO]: Found mod file fancymenu_forge_3.9.3_MC_1.20.1.jar of type MOD with provider {mods folder locator at C:\Users\windf\curseforge\minecraft\Instances\THE FORGOTTEN SMP\mods}
[04:38:06] [main/INFO]: Found mod file FarmersDelight-1.20.1-1.2.6.jar of type MOD with provider {mods folder locator at C:\Users\windf\curseforge\minecraft\Instances\THE FORGOTTEN SMP\mods}
[04:38:06] [main/INFO]: Found mod file ferritecore-6.0.1-forge.jar of type MOD with provider {mods folder locator at C:\Users\windf\curseforge\minecraft\Instances\THE FORGOTTEN SMP\mods}
[04:38:06] [main/INFO]: Found mod file Fibers Gunspack Forge v1.3 (1.18.2-1.20.1).jar of type MOD with provider {mods folder locator at C:\Users\windf\curseforge\minecraft\Instances\THE FORGOTTEN SMP\mods}
[04:38:06] [main/INFO]: Found mod file fluidlogistics-1.2.0.jar of type MOD with provider {mods folder locator at C:\Users\windf\curseforge\minecraft\Instances\THE FORGOTTEN SMP\mods}
[04:38:06] [main/INFO]: Found mod file forgivingvoid-forge-1.20-10.0.1.jar of type MOD with provider {mods folder locator at C:\Users\windf\curseforge\minecraft\Instances\THE FORGOTTEN SMP\mods}
[04:38:06] [main/INFO]: Found mod file FramedBlocks-9.4.3.jar of type MOD with provider {mods folder locator at C:\Users\windf\curseforge\minecraft\Instances\THE FORGOTTEN SMP\mods}
[04:38:06] [main/INFO]: Found mod file framework-forge-1.20.1-0.7.12.jar of type MOD with provider {mods folder locator at C:\Users\windf\curseforge\minecraft\Instances\THE FORGOTTEN SMP\mods}
[04:38:06] [main/INFO]: Found mod file ftb-essentials-forge-2001.2.4.jar of type MOD with provider {mods folder locator at C:\Users\windf\curseforge\minecraft\Instances\THE FORGOTTEN SMP\mods}
[04:38:06] [main/INFO]: Found mod file ftb-library-forge-2001.2.10.jar of type MOD with provider {mods folder locator at C:\Users\windf\curseforge\minecraft\Instances\THE FORGOTTEN SMP\mods}
[04:38:06] [main/INFO]: Found mod file ftb-quests-forge-2001.4.14.jar of type MOD with provider {mods folder locator at C:\Users\windf\curseforge\minecraft\Instances\THE FORGOTTEN SMP\mods}
[04:38:06] [main/INFO]: Found mod file ftb-ranks-forge-2001.1.7.jar of type MOD with provider {mods folder locator at C:\Users\windf\curseforge\minecraft\Instances\THE FORGOTTEN SMP\mods}
[04:38:06] [main/INFO]: Found mod file ftb-teams-forge-2001.3.1.jar of type MOD with provider {mods folder locator at C:\Users\windf\curseforge\minecraft\Instances\THE FORGOTTEN SMP\mods}
[04:38:06] [main/INFO]: Found mod file ftb-xmod-compat-forge-2.1.3.jar of type MOD with provider {mods folder locator at C:\Users\windf\curseforge\minecraft\Instances\THE FORGOTTEN SMP\mods}
[04:38:06] [main/INFO]: Found mod file fusion-1.2.12-forge-mc1.20.1.jar of type MOD with provider {mods folder locator at C:\Users\windf\curseforge\minecraft\Instances\THE FORGOTTEN SMP\mods}
[04:38:06] [main/INFO]: Found mod file fzzy_config-0.7.3+1.20.1+forge.jar of type MOD with provider {mods folder locator at C:\Users\windf\curseforge\minecraft\Instances\THE FORGOTTEN SMP\mods}
[04:38:06] [main/INFO]: Found mod file geckolib-forge-1.20.1-4.4.9.jar of type MOD with provider {mods folder locator at C:\Users\windf\curseforge\minecraft\Instances\THE FORGOTTEN SMP\mods}
[04:38:06] [main/INFO]: Found mod file gjeb-forge-1.20.1-1.3.0.39.jar of type MOD with provider {mods folder locator at C:\Users\windf\curseforge\minecraft\Instances\THE FORGOTTEN SMP\mods}
[04:38:06] [main/INFO]: Found mod file GlitchCore-forge-1.20.1-0.0.1.1.jar of type MOD with provider {mods folder locator at C:\Users\windf\curseforge\minecraft\Instances\THE FORGOTTEN SMP\mods}
[04:38:06] [main/INFO]: Found mod file Glodium-1.20-1.5-forge.jar of type MOD with provider {mods folder locator at C:\Users\windf\curseforge\minecraft\Instances\THE FORGOTTEN SMP\mods}
[04:38:06] [main/INFO]: Found mod file guideme-20.1.15.jar of type MOD with provider {mods folder locator at C:\Users\windf\curseforge\minecraft\Instances\THE FORGOTTEN SMP\mods}
[04:38:06] [main/INFO]: Found mod file ibo-2.1.1+forge+1.19.3.jar of type MOD with provider {mods folder locator at C:\Users\windf\curseforge\minecraft\Instances\THE FORGOTTEN SMP\mods}
[04:38:06] [main/INFO]: Found mod file Iceberg-1.20.1-forge-1.1.25.jar of type MOD with provider {mods folder locator at C:\Users\windf\curseforge\minecraft\Instances\THE FORGOTTEN SMP\mods}
[04:38:06] [main/INFO]: Found mod file ImmediatelyFast-Forge-1.5.2+1.20.4.jar of type MOD with provider {mods folder locator at C:\Users\windf\curseforge\minecraft\Instances\THE FORGOTTEN SMP\mods}
[04:38:06] [main/INFO]: Found mod file immersive_aircraft-1.1.2+1.20.1-forge.jar of type MOD with provider {mods folder locator at C:\Users\windf\curseforge\minecraft\Instances\THE FORGOTTEN SMP\mods}
[04:38:06] [main/INFO]: Found mod file immersive_armors-1.6.1+1.20.1-forge.jar of type MOD with provider {mods folder locator at C:\Users\windf\curseforge\minecraft\Instances\THE FORGOTTEN SMP\mods}
[04:38:06] [main/INFO]: Found mod file immersive_melodies-0.3.0+1.20.1-forge.jar of type MOD with provider {mods folder locator at C:\Users\windf\curseforge\minecraft\Instances\THE FORGOTTEN SMP\mods}
[04:38:06] [main/INFO]: Found mod file immersive_paintings-0.6.7+1.20.1-forge.jar of type MOD with provider {mods folder locator at C:\Users\windf\curseforge\minecraft\Instances\THE FORGOTTEN SMP\mods}
[04:38:06] [main/INFO]: Found mod file Incendium_1.20.x_v5.3.5.jar of type MOD with provider {mods folder locator at C:\Users\windf\curseforge\minecraft\Instances\THE FORGOTTEN SMP\mods}
[04:38:06] [main/INFO]: Found mod file incontrol-1.20-9.4.5.jar of type MOD with provider {mods folder locator at C:\Users\windf\curseforge\minecraft\Instances\THE FORGOTTEN SMP\mods}
[04:38:06] [main/INFO]: Found mod file industrial-foregoing-1.20.1-3.5.22.jar of type MOD with provider {mods folder locator at C:\Users\windf\curseforge\minecraft\Instances\THE FORGOTTEN SMP\mods}
[04:38:06] [main/INFO]: Found mod file interiors-1.20.1-forge-0.6.0.jar of type MOD with provider {mods folder locator at C:\Users\windf\curseforge\minecraft\Instances\THE FORGOTTEN SMP\mods}
[04:38:06] [main/INFO]: Found mod file Item-Obliterator-NeoForge-MC1.20.1-2.3.1.jar of type MOD with provider {mods folder locator at C:\Users\windf\curseforge\minecraft\Instances\THE FORGOTTEN SMP\mods}
[04:38:06] [main/INFO]: Found mod file itemobliteratordespawnfix-1.0.0.jar of type MOD with provider {mods folder locator at C:\Users\windf\curseforge\minecraft\Instances\THE FORGOTTEN SMP\mods}
[04:38:06] [main/INFO]: Found mod file jei-1.20.1-forge-15.21.0.138.jar of type MOD with provider {mods folder locator at C:\Users\windf\curseforge\minecraft\Instances\THE FORGOTTEN SMP\mods}
[04:38:06] [main/INFO]: Found mod file jumpboat-1.20.0-1.0.5.jar of type MOD with provider {mods folder locator at C:\Users\windf\curseforge\minecraft\Instances\THE FORGOTTEN SMP\mods}
[04:38:06] [main/INFO]: Found mod file Kiwi-1.20.1-forge-11.6.2.jar of type MOD with provider {mods folder locator at C:\Users\windf\curseforge\minecraft\Instances\THE FORGOTTEN SMP\mods}
[04:38:06] [main/INFO]: Found mod file konkrete_forge_1.8.0_MC_1.20-1.20.1.jar of type MOD with provider {mods folder locator at C:\Users\windf\curseforge\minecraft\Instances\THE FORGOTTEN SMP\mods}
[04:38:06] [main/INFO]: Found mod file kotlinforforge-4.12.0-all.jar of type LIBRARY with provider {mods folder locator at C:\Users\windf\curseforge\minecraft\Instances\THE FORGOTTEN SMP\mods}
[04:38:06] [main/INFO]: Found mod file KryptonReforged-0.2.3.jar of type MOD with provider {mods folder locator at C:\Users\windf\curseforge\minecraft\Instances\THE FORGOTTEN SMP\mods}
[04:38:06] [main/INFO]: Found mod file kubejs-create-forge-2001.3.0-build.8.jar of type MOD with provider {mods folder locator at C:\Users\windf\curseforge\minecraft\Instances\THE FORGOTTEN SMP\mods}
[04:38:06] [main/INFO]: Found mod file kubejs-forge-2001.6.5-build.16.jar of type MOD with provider {mods folder locator at C:\Users\windf\curseforge\minecraft\Instances\THE FORGOTTEN SMP\mods}
[04:38:06] [main/INFO]: Found mod file kubejs-mekanism-forge-2001.1.5.1-build.2.jar of type MOD with provider {mods folder locator at C:\Users\windf\curseforge\minecraft\Instances\THE FORGOTTEN SMP\mods}
[04:38:06] [main/INFO]: Found mod file kubejs_curios_forge_1.20.1-1.0.4.jar of type MOD with provider {mods folder locator at C:\Users\windf\curseforge\minecraft\Instances\THE FORGOTTEN SMP\mods}
[04:38:06] [main/INFO]: Found mod file kubejsadditions-forge-4.3.4.jar of type MOD with provider {mods folder locator at C:\Users\windf\curseforge\minecraft\Instances\THE FORGOTTEN SMP\mods}
[04:38:06] [main/INFO]: Found mod file kubejsdelight-1.1.2.jar of type MOD with provider {mods folder locator at C:\Users\windf\curseforge\minecraft\Instances\THE FORGOTTEN SMP\mods}
[04:38:06] [main/INFO]: Found mod file laserbridges-1.20.1-3-forge.jar of type MOD with provider {mods folder locator at C:\Users\windf\curseforge\minecraft\Instances\THE FORGOTTEN SMP\mods}
[04:38:06] [main/INFO]: Found mod file LittleTiles_BETA_v1.6.0-pre156_mc1.20.1.jar of type MOD with provider {mods folder locator at C:\Users\windf\curseforge\minecraft\Instances\THE FORGOTTEN SMP\mods}
[04:38:06] [main/INFO]: Found mod file lmft-1.0.4+1.20.1-forge.jar of type MOD with provider {mods folder locator at C:\Users\windf\curseforge\minecraft\Instances\THE FORGOTTEN SMP\mods}
[04:38:06] [main/INFO]: Found mod file lootintegrations-1.20.1-3.7.jar of type MOD with provider {mods folder locator at C:\Users\windf\curseforge\minecraft\Instances\THE FORGOTTEN SMP\mods}
[04:38:06] [main/INFO]: Found mod file lootjs-forge-1.20.1-2.13.0.jar of type MOD with provider {mods folder locator at C:\Users\windf\curseforge\minecraft\Instances\THE FORGOTTEN SMP\mods}
[04:38:06] [main/INFO]: Found mod file lootr-forge-1.20-0.7.34.89.jar of type MOD with provider {mods folder locator at C:\Users\windf\curseforge\minecraft\Instances\THE FORGOTTEN SMP\mods}
[04:38:06] [main/INFO]: Found mod file LuckPerms-Forge-5.4.102.jar of type MOD with provider {mods folder locator at C:\Users\windf\curseforge\minecraft\Instances\THE FORGOTTEN SMP\mods}
[04:38:06] [main/INFO]: Found mod file macawsbridgesbop-1.20-1.2.jar of type MOD with provider {mods folder locator at C:\Users\windf\curseforge\minecraft\Instances\THE FORGOTTEN SMP\mods}
[04:38:06] [main/INFO]: Found mod file man_of_many_planes-0.2.0+1.20.1-forge.jar of type MOD with provider {mods folder locator at C:\Users\windf\curseforge\minecraft\Instances\THE FORGOTTEN SMP\mods}
[04:38:06] [main/INFO]: Found mod file Mantle-1.20.1-1.11.104.jar of type MOD with provider {mods folder locator at C:\Users\windf\curseforge\minecraft\Instances\THE FORGOTTEN SMP\mods}
[04:38:06] [main/INFO]: Found mod file mcw-bridges-3.1.2-mc1.20.1forge.jar of type MOD with provider {mods folder locator at C:\Users\windf\curseforge\minecraft\Instances\THE FORGOTTEN SMP\mods}
[04:38:06] [main/INFO]: Found mod file mcw-doors-1.1.5-mc1.20.1forge.jar of type MOD with provider {mods folder locator at C:\Users\windf\curseforge\minecraft\Instances\THE FORGOTTEN SMP\mods}
[04:38:06] [main/INFO]: Found mod file mcw-furniture-3.4.1-mc1.20.1forge.jar of type MOD with provider {mods folder locator at C:\Users\windf\curseforge\minecraft\Instances\THE FORGOTTEN SMP\mods}
[04:38:06] [main/INFO]: Found mod file mcw-mcwfences-1.2.1-mc1.20.1forge.jar of type MOD with provider {mods folder locator at C:\Users\windf\curseforge\minecraft\Instances\THE FORGOTTEN SMP\mods}
[04:38:06] [main/INFO]: Found mod file mcw-mcwpaths-1.1.1-mc1.20.1forge.jar of type MOD with provider {mods folder locator at C:\Users\windf\curseforge\minecraft\Instances\THE FORGOTTEN SMP\mods}
[04:38:06] [main/INFO]: Found mod file mcw-mcwstairs-1.0.2-mc1.20.1forge.jar of type MOD with provider {mods folder locator at C:\Users\windf\curseforge\minecraft\Instances\THE FORGOTTEN SMP\mods}
[04:38:06] [main/INFO]: Found mod file mcw-mcwwindows-2.4.2-mc1.20.1forge.jar of type MOD with provider {mods folder locator at C:\Users\windf\curseforge\minecraft\Instances\THE FORGOTTEN SMP\mods}
[04:38:06] [main/INFO]: Found mod file mcw-trapdoors-1.1.5-mc1.20.1forge.jar of type MOD with provider {mods folder locator at C:\Users\windf\curseforge\minecraft\Instances\THE FORGOTTEN SMP\mods}
[04:38:06] [main/INFO]: Found mod file megacells-forge-2.4.6-1.20.1.jar of type MOD with provider {mods folder locator at C:\Users\windf\curseforge\minecraft\Instances\THE FORGOTTEN SMP\mods}
[04:38:06] [main/INFO]: Found mod file Mekanism-1.20.1-10.4.10.66.jar of type MOD with provider {mods folder locator at C:\Users\windf\curseforge\minecraft\Instances\THE FORGOTTEN SMP\mods}
[04:38:06] [main/INFO]: Found mod file mekanism_lasers-1.0.10.jar of type MOD with provider {mods folder locator at C:\Users\windf\curseforge\minecraft\Instances\THE FORGOTTEN SMP\mods}
[04:38:06] [main/INFO]: Found mod file MekanismAdditions-1.20.1-10.4.10.66.jar of type MOD with provider {mods folder locator at C:\Users\windf\curseforge\minecraft\Instances\THE FORGOTTEN SMP\mods}
[04:38:06] [main/INFO]: Found mod file MekanismGenerators-1.20.1-10.4.10.66.jar of type MOD with provider {mods folder locator at C:\Users\windf\curseforge\minecraft\Instances\THE FORGOTTEN SMP\mods}
[04:38:06] [main/INFO]: Found mod file MekanismTools-1.20.1-10.4.10.66.jar of type MOD with provider {mods folder locator at C:\Users\windf\curseforge\minecraft\Instances\THE FORGOTTEN SMP\mods}
[04:38:06] [main/INFO]: Found mod file melody_forge_1.0.3_MC_1.20.1-1.20.4.jar of type MOD with provider {mods folder locator at C:\Users\windf\curseforge\minecraft\Instances\THE FORGOTTEN SMP\mods}
[04:38:06] [main/INFO]: Found mod file mes-1.3.4-1.20-forge.jar of type MOD with provider {mods folder locator at C:\Users\windf\curseforge\minecraft\Instances\THE FORGOTTEN SMP\mods}
[04:38:06] [main/INFO]: Found mod file modernfix-forge-5.24.4+mc1.20.1.jar of type MOD with provider {mods folder locator at C:\Users\windf\curseforge\minecraft\Instances\THE FORGOTTEN SMP\mods}
[04:38:06] [main/INFO]: Found mod file moonlight-1.20-2.16.28-forge.jar of type MOD with provider {mods folder locator at C:\Users\windf\curseforge\minecraft\Instances\THE FORGOTTEN SMP\mods}
[04:38:06] [main/INFO]: Found mod file MouseTweaks-forge-mc1.20.1-2.25.1.jar of type MOD with provider {mods folder locator at C:\Users\windf\curseforge\minecraft\Instances\THE FORGOTTEN SMP\mods}
[04:38:06] [main/INFO]: Found mod file naturalist-forge-4.0.3-1.20.1.jar of type MOD with provider {mods folder locator at C:\Users\windf\curseforge\minecraft\Instances\THE FORGOTTEN SMP\mods}
[04:38:06] [main/INFO]: Found mod file NaturesCompass-1.20.1-1.11.2-forge.jar of type MOD with provider {mods folder locator at C:\Users\windf\curseforge\minecraft\Instances\THE FORGOTTEN SMP\mods}
[04:38:06] [main/INFO]: Found mod file Necronomicon-Forge-1.6.0+1.20.1.jar of type MOD with provider {mods folder locator at C:\Users\windf\curseforge\minecraft\Instances\THE FORGOTTEN SMP\mods}
[04:38:06] [main/INFO]: Found mod file NoChatRestrictions-Forge-MC1.20.1-v1.0.0.jar of type MOD with provider {mods folder locator at C:\Users\windf\curseforge\minecraft\Instances\THE FORGOTTEN SMP\mods}
[04:38:06] [main/INFO]: Found mod file Nullscape_1.20.x_v1.2.8.jar of type MOD with provider {mods folder locator at C:\Users\windf\curseforge\minecraft\Instances\THE FORGOTTEN SMP\mods}
[04:38:06] [main/INFO]: Found mod file OctoLib-FORGE-0.5.0.1+1.20.1.jar of type MOD with provider {mods folder locator at C:\Users\windf\curseforge\minecraft\Instances\THE FORGOTTEN SMP\mods}
[04:38:06] [main/INFO]: Found mod file oculus-mc1.20.1-1.8.0.jar of type MOD with provider {mods folder locator at C:\Users\windf\curseforge\minecraft\Instances\THE FORGOTTEN SMP\mods}
[04:38:06] [main/INFO]: Found mod file opacpvp-forge-1.0.1-1.20.1.jar of type MOD with provider {mods folder locator at C:\Users\windf\curseforge\minecraft\Instances\THE FORGOTTEN SMP\mods}
[04:38:06] [main/INFO]: Found mod file open-parties-and-claims-forge-1.20.1-0.27.5.jar of type MOD with provider {mods folder locator at C:\Users\windf\curseforge\minecraft\Instances\THE FORGOTTEN SMP\mods}
[04:38:06] [main/INFO]: Found mod file pandalib-forge-mc1.20-0.5.2-SNAPSHOT.jar of type MOD with provider {mods folder locator at C:\Users\windf\curseforge\minecraft\Instances\THE FORGOTTEN SMP\mods}
[04:38:06] [main/INFO]: Found mod file Patchouli-1.20.1-85-FORGE.jar of type MOD with provider {mods folder locator at C:\Users\windf\curseforge\minecraft\Instances\THE FORGOTTEN SMP\mods}
[04:38:06] [main/INFO]: Found mod file PickUpNotifier-v8.0.0-1.20.1-Forge.jar of type MOD with provider {mods folder locator at C:\Users\windf\curseforge\minecraft\Instances\THE FORGOTTEN SMP\mods}
[04:38:06] [main/INFO]: Found mod file Placebo-1.20.1-8.6.3.jar of type MOD with provider {mods folder locator at C:\Users\windf\curseforge\minecraft\Instances\THE FORGOTTEN SMP\mods}
[04:38:06] [main/INFO]: Found mod file player-animation-lib-forge-1.0.2-rc1+1.20.jar of type MOD with provider {mods folder locator at C:\Users\windf\curseforge\minecraft\Instances\THE FORGOTTEN SMP\mods}
[04:38:06] [main/INFO]: Found mod file playertrade-1.20.1-b.jar of type MOD with provider {mods folder locator at C:\Users\windf\curseforge\minecraft\Instances\THE FORGOTTEN SMP\mods}
[04:38:06] [main/INFO]: Found mod file polymorph-forge-0.49.10+1.20.1.jar of type MOD with provider {mods folder locator at C:\Users\windf\curseforge\minecraft\Instances\THE FORGOTTEN SMP\mods}
[04:38:06] [main/INFO]: Found mod file ponderjs-1.20.1-2.1.0.jar of type MOD with provider {mods folder locator at C:\Users\windf\curseforge\minecraft\Instances\THE FORGOTTEN SMP\mods}
[04:38:06] [main/INFO]: Found mod file probejs-6.0.1-forge.jar of type MOD with provider {mods folder locator at C:\Users\windf\curseforge\minecraft\Instances\THE FORGOTTEN SMP\mods}
[04:38:06] [main/INFO]: Found mod file propertymodifier-1.20.1-0.1-all.jar of type MOD with provider {mods folder locator at C:\Users\windf\curseforge\minecraft\Instances\THE FORGOTTEN SMP\mods}
[04:38:06] [main/INFO]: Found mod file PuzzlesLib-v8.1.33-1.20.1-Forge.jar of type MOD with provider {mods folder locator at C:\Users\windf\curseforge\minecraft\Instances\THE FORGOTTEN SMP\mods}
[04:38:06] [main/INFO]: Found mod file Quark-4.0-460.jar of type MOD with provider {mods folder locator at C:\Users\windf\curseforge\minecraft\Instances\THE FORGOTTEN SMP\mods}
[04:38:06] [main/INFO]: Found mod file rarcompat-1.20.1-0.5.jar of type MOD with provider {mods folder locator at C:\Users\windf\curseforge\minecraft\Instances\THE FORGOTTEN SMP\mods}
[04:38:06] [main/INFO]: Found mod file rechiseled-1.2.4-forge-mc1.20.1.jar of type MOD with provider {mods folder locator at C:\Users\windf\curseforge\minecraft\Instances\THE FORGOTTEN SMP\mods}
[04:38:06] [main/INFO]: Found mod file rechiseled_chipped-2.0-1.20.1.jar of type MOD with provider {mods folder locator at C:\Users\windf\curseforge\minecraft\Instances\THE FORGOTTEN SMP\mods}
[04:38:06] [main/INFO]: Found mod file rechiseledcreate-1.1.0-forge-mc1.20.jar of type MOD with provider {mods folder locator at C:\Users\windf\curseforge\minecraft\Instances\THE FORGOTTEN SMP\mods}
[04:38:06] [main/INFO]: Found mod file refurbished_furniture-forge-1.20.1-1.0.8.jar of type MOD with provider {mods folder locator at C:\Users\windf\curseforge\minecraft\Instances\THE FORGOTTEN SMP\mods}
[04:38:06] [main/INFO]: Found mod file relics-1.20.1-0.8.0.13.jar of type MOD with provider {mods folder locator at C:\Users\windf\curseforge\minecraft\Instances\THE FORGOTTEN SMP\mods}
[04:38:06] [main/INFO]: Found mod file resourcefulconfig-forge-1.20.1-2.1.3.jar of type MOD with provider {mods folder locator at C:\Users\windf\curseforge\minecraft\Instances\THE FORGOTTEN SMP\mods}
[04:38:06] [main/INFO]: Found mod file resourcefullib-forge-1.20.1-2.1.29.jar of type MOD with provider {mods folder locator at C:\Users\windf\curseforge\minecraft\Instances\THE FORGOTTEN SMP\mods}
[04:38:06] [main/INFO]: Found mod file Resourcify (1.20.1-forge)-1.8.5.jar of type MOD with provider {mods folder locator at C:\Users\windf\curseforge\minecraft\Instances\THE FORGOTTEN SMP\mods}
[04:38:06] [main/INFO]: Found mod file rhino-forge-2001.2.3-build.10.jar of type MOD with provider {mods folder locator at C:\Users\windf\curseforge\minecraft\Instances\THE FORGOTTEN SMP\mods}
[04:38:06] [main/INFO]: Found mod file right-click-harvest-3.2.3+1.20.1-forge.jar of type MOD with provider {mods folder locator at C:\Users\windf\curseforge\minecraft\Instances\THE FORGOTTEN SMP\mods}
[04:38:06] [main/INFO]: Found mod file ritchiesprojectilelib-2.1.1-mc.1.20.1-forge.jar of type MOD with provider {mods folder locator at C:\Users\windf\curseforge\minecraft\Instances\THE FORGOTTEN SMP\mods}
[04:38:06] [main/INFO]: Found mod file Searchables-forge-1.20.1-1.0.3.jar of type MOD with provider {mods folder locator at C:\Users\windf\curseforge\minecraft\Instances\THE FORGOTTEN SMP\mods}
[04:38:06] [main/INFO]: Found mod file servercore-forge-1.5.2+1.20.1.jar of type MOD with provider {mods folder locator at C:\Users\windf\curseforge\minecraft\Instances\THE FORGOTTEN SMP\mods}
[04:38:06] [main/INFO]: Found mod file setworldspawnpoint-1.20.1-3.4.jar of type MOD with provider {mods folder locator at C:\Users\windf\curseforge\minecraft\Instances\THE FORGOTTEN SMP\mods}
[04:38:06] [main/INFO]: Found mod file ShoulderSurfing-Forge-1.20.1-4.22.10.jar of type MOD with provider {mods folder locator at C:\Users\windf\curseforge\minecraft\Instances\THE FORGOTTEN SMP\mods}
[04:38:06] [main/INFO]: Found mod file skinlayers3d-forge-1.11.1-mc1.20.1.jar of type MOD with provider {mods folder locator at C:\Users\windf\curseforge\minecraft\Instances\THE FORGOTTEN SMP\mods}
[04:38:06] [main/INFO]: Found mod file sliceanddice-forge-3.6.0.jar of type MOD with provider {mods folder locator at C:\Users\windf\curseforge\minecraft\Instances\THE FORGOTTEN SMP\mods}
[04:38:06] [main/INFO]: Found mod file smallships-forge-1.20.1-2.0.0-b1.4.jar of type MOD with provider {mods folder locator at C:\Users\windf\curseforge\minecraft\Instances\THE FORGOTTEN SMP\mods}
[04:38:06] [main/INFO]: Found mod file SnowRealMagic-1.20.1-Forge-10.5.2.jar of type MOD with provider {mods folder locator at C:\Users\windf\curseforge\minecraft\Instances\THE FORGOTTEN SMP\mods}
[04:38:06] [main/INFO]: Found mod file snowundertrees-1.20.1-1.4.6.jar of type MOD with provider {mods folder locator at C:\Users\windf\curseforge\minecraft\Instances\THE FORGOTTEN SMP\mods}
[04:38:06] [main/INFO]: Found mod file sophisticatedbackpacks-1.20.1-3.23.9.1218.jar of type MOD with provider {mods folder locator at C:\Users\windf\curseforge\minecraft\Instances\THE FORGOTTEN SMP\mods}
[04:38:06] [main/INFO]: Found mod file sophisticatedbackpackscreateintegration-1.20.1-0.1.0.4.jar of type MOD with provider {mods folder locator at C:\Users\windf\curseforge\minecraft\Instances\THE FORGOTTEN SMP\mods}
[04:38:06] [main/INFO]: Found mod file sophisticatedcore-1.20.1-1.2.39.938.jar of type MOD with provider {mods folder locator at C:\Users\windf\curseforge\minecraft\Instances\THE FORGOTTEN SMP\mods}
[04:38:06] [main/INFO]: Found mod file sound-physics-remastered-forge-1.20.1-1.4.5.jar of type MOD with provider {mods folder locator at C:\Users\windf\curseforge\minecraft\Instances\THE FORGOTTEN SMP\mods}
[04:38:06] [main/INFO]: Found mod file spark-1.10.53-forge.jar of type MOD with provider {mods folder locator at C:\Users\windf\curseforge\minecraft\Instances\THE FORGOTTEN SMP\mods}
[04:38:06] [main/INFO]: Found mod file SpartanShields-1.20.1-forge-3.1.1.jar of type MOD with provider {mods folder locator at C:\Users\windf\curseforge\minecraft\Instances\THE FORGOTTEN SMP\mods}
[04:38:06] [main/INFO]: Found mod file SpartanWeaponry-1.20.1-forge-3.2.1-all.jar of type MOD with provider {mods folder locator at C:\Users\windf\curseforge\minecraft\Instances\THE FORGOTTEN SMP\mods}
[04:38:06] [main/INFO]: Found mod file spiffyhud_forge_3.1.2_MC_1.20.1.jar of type MOD with provider {mods folder locator at C:\Users\windf\curseforge\minecraft\Instances\THE FORGOTTEN SMP\mods}
[04:38:06] [main/INFO]: Found mod file Steam_Rails-1.7.2+forge-mc1.20.1.jar of type MOD with provider {mods folder locator at C:\Users\windf\curseforge\minecraft\Instances\THE FORGOTTEN SMP\mods}
[04:38:06] [main/INFO]: Found mod file StorageDrawers-1.20.1-12.9.12.jar of type MOD with provider {mods folder locator at C:\Users\windf\curseforge\minecraft\Instances\THE FORGOTTEN SMP\mods}
[04:38:06] [main/INFO]: Found mod file structurify-forge-mc1.20.1-1.0.8.jar of type MOD with provider {mods folder locator at C:\Users\windf\curseforge\minecraft\Instances\THE FORGOTTEN SMP\mods}
[04:38:06] [main/INFO]: Found mod file supermartijn642configlib-1.1.8-forge-mc1.20.jar of type MOD with provider {mods folder locator at C:\Users\windf\curseforge\minecraft\Instances\THE FORGOTTEN SMP\mods}
[04:38:06] [main/INFO]: Found mod file supermartijn642corelib-1.1.21-forge-mc1.20.1.jar of type MOD with provider {mods folder locator at C:\Users\windf\curseforge\minecraft\Instances\THE FORGOTTEN SMP\mods}
[04:38:06] [main/INFO]: Found mod file supplementaries-1.20-3.1.42-forge.jar of type MOD with provider {mods folder locator at C:\Users\windf\curseforge\minecraft\Instances\THE FORGOTTEN SMP\mods}
[04:38:06] [main/INFO]: Found mod file tacz-1.20.1-1.0.3-all.jar of type MOD with provider {mods folder locator at C:\Users\windf\curseforge\minecraft\Instances\THE FORGOTTEN SMP\mods}
[04:38:06] [main/INFO]: Found mod file tconjei-1.20.1-1.5.4.jar of type MOD with provider {mods folder locator at C:\Users\windf\curseforge\minecraft\Instances\THE FORGOTTEN SMP\mods}
[04:38:06] [main/INFO]: Found mod file TConstruct-1.20.1-3.11.2.166.jar of type MOD with provider {mods folder locator at C:\Users\windf\curseforge\minecraft\Instances\THE FORGOTTEN SMP\mods}
[04:38:06] [main/INFO]: Found mod file tectonic-forge-1.20.1-2.4.1.jar of type MOD with provider {mods folder locator at C:\Users\windf\curseforge\minecraft\Instances\THE FORGOTTEN SMP\mods}
[04:38:06] [main/INFO]: Found mod file Tempban-forge-1.20-1.0.3.jar of type MOD with provider {mods folder locator at C:\Users\windf\curseforge\minecraft\Instances\THE FORGOTTEN SMP\mods}
[04:38:06] [main/INFO]: Found mod file TerraBlender-forge-1.20.1-3.0.1.7.jar of type MOD with provider {mods folder locator at C:\Users\windf\curseforge\minecraft\Instances\THE FORGOTTEN SMP\mods}
[04:38:06] [main/INFO]: Found mod file Terralith_1.20.x_v2.5.4.jar of type MOD with provider {mods folder locator at C:\Users\windf\curseforge\minecraft\Instances\THE FORGOTTEN SMP\mods}
[04:38:06] [main/INFO]: Found mod file tfmg-1.0.2d.jar of type MOD with provider {mods folder locator at C:\Users\windf\curseforge\minecraft\Instances\THE FORGOTTEN SMP\mods}
[04:38:06] [main/INFO]: Found mod file TheOuterEnd-1.0.10.jar of type MOD with provider {mods folder locator at C:\Users\windf\curseforge\minecraft\Instances\THE FORGOTTEN SMP\mods}
[04:38:06] [main/INFO]: Found mod file thermal_expansion-1.20.1-11.0.1.29.jar of type MOD with provider {mods folder locator at C:\Users\windf\curseforge\minecraft\Instances\THE FORGOTTEN SMP\mods}
[04:38:06] [main/INFO]: Found mod file thermal_foundation-1.20.1-11.0.6.70.jar of type MOD with provider {mods folder locator at C:\Users\windf\curseforge\minecraft\Instances\THE FORGOTTEN SMP\mods}
[04:38:06] [main/INFO]: Found mod file Tips-Forge-1.20.1-12.1.8.jar of type MOD with provider {mods folder locator at C:\Users\windf\curseforge\minecraft\Instances\THE FORGOTTEN SMP\mods}
[04:38:06] [main/INFO]: Found mod file titanium-1.20.1-3.8.34.jar of type MOD with provider {mods folder locator at C:\Users\windf\curseforge\minecraft\Instances\THE FORGOTTEN SMP\mods}
[04:38:06] [main/INFO]: Found mod file torchmaster-20.1.9.jar of type MOD with provider {mods folder locator at C:\Users\windf\curseforge\minecraft\Instances\THE FORGOTTEN SMP\mods}
[04:38:06] [main/INFO]: Found mod file trade-cycling-forge-1.20.1-1.0.7.jar of type MOD with provider {mods folder locator at C:\Users\windf\curseforge\minecraft\Instances\THE FORGOTTEN SMP\mods}
[04:38:06] [main/INFO]: Found mod file trading_floor-forge-1.20.1-2.0.5.jar of type MOD with provider {mods folder locator at C:\Users\windf\curseforge\minecraft\Instances\THE FORGOTTEN SMP\mods}
[04:38:06] [main/INFO]: Found mod file treeharvester-1.20.1-9.1.jar of type MOD with provider {mods folder locator at C:\Users\windf\curseforge\minecraft\Instances\THE FORGOTTEN SMP\mods}
[04:38:06] [main/INFO]: Found mod file trmt-0.5.1b-1.20.1-forge.jar of type MOD with provider {mods folder locator at C:\Users\windf\curseforge\minecraft\Instances\THE FORGOTTEN SMP\mods}
[04:38:06] [main/INFO]: Found mod file Twigs-1.20.1-3.1.0.jar of type MOD with provider {mods folder locator at C:\Users\windf\curseforge\minecraft\Instances\THE FORGOTTEN SMP\mods}
[04:38:06] [main/INFO]: Found mod file UniLib-1.2.1+1.20.1-forge.jar of type MOD with provider {mods folder locator at C:\Users\windf\curseforge\minecraft\Instances\THE FORGOTTEN SMP\mods}
[04:38:06] [main/INFO]: Found mod file Vanishmod-1.20.1-1.1.17.1.jar of type MOD with provider {mods folder locator at C:\Users\windf\curseforge\minecraft\Instances\THE FORGOTTEN SMP\mods}
[04:38:06] [main/INFO]: Found mod file visuality-forge-2.0.2.jar of type MOD with provider {mods folder locator at C:\Users\windf\curseforge\minecraft\Instances\THE FORGOTTEN SMP\mods}
[04:38:06] [main/INFO]: Found mod file voicechat-forge-1.20.1-2.5.26.jar of type MOD with provider {mods folder locator at C:\Users\windf\curseforge\minecraft\Instances\THE FORGOTTEN SMP\mods}
[04:38:06] [main/INFO]: Found mod file watut-forge-1.20.1-1.2.3.jar of type MOD with provider {mods folder locator at C:\Users\windf\curseforge\minecraft\Instances\THE FORGOTTEN SMP\mods}
[04:38:06] [main/INFO]: Found mod file worldedit-mod-7.2.15.jar of type MOD with provider {mods folder locator at C:\Users\windf\curseforge\minecraft\Instances\THE FORGOTTEN SMP\mods}
[04:38:06] [main/INFO]: Found mod file wthit-forge-8.15.3.jar of type MOD with provider {mods folder locator at C:\Users\windf\curseforge\minecraft\Instances\THE FORGOTTEN SMP\mods}
[04:38:06] [main/INFO]: Found mod file Xaeros_Minimap_24.6.1_Forge_1.20.jar of type MOD with provider {mods folder locator at C:\Users\windf\curseforge\minecraft\Instances\THE FORGOTTEN SMP\mods}
[04:38:06] [main/INFO]: Found mod file XaerosWorldMap_1.39.0_Forge_1.20.jar of type MOD with provider {mods folder locator at C:\Users\windf\curseforge\minecraft\Instances\THE FORGOTTEN SMP\mods}
[04:38:06] [main/INFO]: Found mod file YetAnotherConfigLib-3.6.2+1.20.1-forge.jar of type MOD with provider {mods folder locator at C:\Users\windf\curseforge\minecraft\Instances\THE FORGOTTEN SMP\mods}
[04:38:06] [main/INFO]: Found mod file ZeroCore2-1.20.1-2.1.48.jar of type MOD with provider {mods folder locator at C:\Users\windf\curseforge\minecraft\Instances\THE FORGOTTEN SMP\mods}
[04:38:06] [main/INFO]: Found mod file Zeta-1.0-24.jar of type MOD with provider {mods folder locator at C:\Users\windf\curseforge\minecraft\Instances\THE FORGOTTEN SMP\mods}
[04:38:06] [main/WARN]: Mod file C:\Users\windf\curseforge\minecraft\Install\libraries\net\minecraftforge\fmlcore\1.20.1-47.4.0\fmlcore-1.20.1-47.4.0.jar is missing mods.toml file
[04:38:06] [main/WARN]: Mod file C:\Users\windf\curseforge\minecraft\Install\libraries\net\minecraftforge\javafmllanguage\1.20.1-47.4.0\javafmllanguage-1.20.1-47.4.0.jar is missing mods.toml file
[04:38:06] [main/WARN]: Mod file C:\Users\windf\curseforge\minecraft\Install\libraries\net\minecraftforge\lowcodelanguage\1.20.1-47.4.0\lowcodelanguage-1.20.1-47.4.0.jar is missing mods.toml file
[04:38:06] [main/WARN]: Mod file C:\Users\windf\curseforge\minecraft\Install\libraries\net\minecraftforge\mclanguage\1.20.1-47.4.0\mclanguage-1.20.1-47.4.0.jar is missing mods.toml file
[04:38:06] [main/INFO]: Found mod file fmlcore-1.20.1-47.4.0.jar of type LIBRARY with provider net.minecraftforge.fml.loading.moddiscovery.MinecraftLocator@36224f93
[04:38:06] [main/INFO]: Found mod file javafmllanguage-1.20.1-47.4.0.jar of type LANGPROVIDER with provider net.minecraftforge.fml.loading.moddiscovery.MinecraftLocator@36224f93
[04:38:06] [main/INFO]: Found mod file lowcodelanguage-1.20.1-47.4.0.jar of type LANGPROVIDER with provider net.minecraftforge.fml.loading.moddiscovery.MinecraftLocator@36224f93
[04:38:06] [main/INFO]: Found mod file mclanguage-1.20.1-47.4.0.jar of type LANGPROVIDER with provider net.minecraftforge.fml.loading.moddiscovery.MinecraftLocator@36224f93
[04:38:06] [main/INFO]: Found mod file client-1.20.1-20230612.114412-srg.jar of type MOD with provider net.minecraftforge.fml.loading.moddiscovery.MinecraftLocator@36224f93
[04:38:06] [main/INFO]: Found mod file forge-1.20.1-47.4.0-universal.jar of type MOD with provider net.minecraftforge.fml.loading.moddiscovery.MinecraftLocator@36224f93
[04:38:06] [main/INFO]: Found mod file crash_assistant-forge.jar of type MOD with provider dev.kostromdan.mods.crash_assistant.core_mod.services.CrashAssistantDependencyLocator@7c8874ef
[04:38:07] [main/WARN]: Attempted to select two dependency jars from JarJar which have the same identification: Mod File:  and Mod File: . Using Mod File: 
[04:38:07] [main/WARN]: Attempted to select a dependency jar for JarJar which was passed in as source: botarium. Using Mod File: C:\Users\windf\curseforge\minecraft\Instances\THE FORGOTTEN SMP\mods\botarium-forge-1.20.1-2.3.4.jar
[04:38:07] [main/WARN]: Attempted to select a dependency jar for JarJar which was passed in as source: architectury. Using Mod File: C:\Users\windf\curseforge\minecraft\Instances\THE FORGOTTEN SMP\mods\architectury-9.2.14-forge.jar
[04:38:07] [main/INFO]: Found 66 dependencies adding them to mods collection
[04:38:07] [main/INFO]: Found mod file GraphLib3-3.0.7.jar of type GAMELIBRARY with provider net.minecraftforge.fml.loading.moddiscovery.JarInJarDependencyLocator@49986178
[04:38:07] [main/INFO]: Found mod file easy_npc-forge-1.20.1-6.0.8.jar of type MOD with provider net.minecraftforge.fml.loading.moddiscovery.JarInJarDependencyLocator@49986178
[04:38:07] [main/INFO]: Found mod file cobalt-0.9.9.jar of type GAMELIBRARY with provider net.minecraftforge.fml.loading.moddiscovery.JarInJarDependencyLocator@49986178
[04:38:07] [main/INFO]: Found mod file kuma-api-forge-20.1.8+1.20.1.jar of type MOD with provider net.minecraftforge.fml.loading.moddiscovery.JarInJarDependencyLocator@49986178
[04:38:07] [main/INFO]: Found mod file fabric-renderer-api-v1-3.2.1+1d29b44577.jar of type MOD with provider net.minecraftforge.fml.loading.moddiscovery.JarInJarDependencyLocator@49986178
[04:38:07] [main/INFO]: Found mod file kotlin-metadata-jvm-2.1.20.jar of type GAMELIBRARY with provider net.minecraftforge.fml.loading.moddiscovery.JarInJarDependencyLocator@49986178
[04:38:07] [main/INFO]: Found mod file dazzleconf-core-1.3.0-M2.jar of type GAMELIBRARY with provider net.minecraftforge.fml.loading.moddiscovery.JarInJarDependencyLocator@49986178
[04:38:07] [main/INFO]: Found mod file Ponder-Forge-1.20.1-1.0.92.jar of type MOD with provider net.minecraftforge.fml.loading.moddiscovery.JarInJarDependencyLocator@49986178
[04:38:07] [main/INFO]: Found mod file imageio-webp-3.12.0.jar of type GAMELIBRARY with provider net.minecraftforge.fml.loading.moddiscovery.JarInJarDependencyLocator@49986178
[04:38:07] [main/INFO]: Found mod file kittyconfig-mc-1.2.16-forge-1.20.1.jar of type MOD with provider net.minecraftforge.fml.loading.moddiscovery.JarInJarDependencyLocator@49986178
[04:38:07] [main/INFO]: Found mod file mixinextras-forge-0.5.3.jar of type GAMELIBRARY with provider net.minecraftforge.fml.loading.moddiscovery.JarInJarDependencyLocator@49986178
[04:38:07] [main/INFO]: Found mod file mclib-20.jar of type GAMELIBRARY with provider net.minecraftforge.fml.loading.moddiscovery.JarInJarDependencyLocator@49986178
[04:38:07] [main/INFO]: Found mod file TRender-1.0.12-1.20.1-forge-SNAPSHOT.jar of type MOD with provider net.minecraftforge.fml.loading.moddiscovery.JarInJarDependencyLocator@49986178
[04:38:07] [main/INFO]: Found mod file snakeyaml-2.2.jar of type GAMELIBRARY with provider net.minecraftforge.fml.loading.moddiscovery.JarInJarDependencyLocator@49986178
[04:38:07] [main/INFO]: Found mod file thermal_core-1.20.1-11.0.6.24.jar of type MOD with provider net.minecraftforge.fml.loading.moddiscovery.JarInJarDependencyLocator@49986178
[04:38:07] [main/INFO]: Found mod file fabric-renderer-indigo-1.5.2+b5b2da4177.jar of type MOD with provider net.minecraftforge.fml.loading.moddiscovery.JarInJarDependencyLocator@49986178
[04:38:07] [main/INFO]: Found mod file vineflower-1.9.3.jar of type GAMELIBRARY with provider net.minecraftforge.fml.loading.moddiscovery.JarInJarDependencyLocator@49986178
[04:38:07] [main/INFO]: Found mod file battery-2.0.0.jar of type GAMELIBRARY with provider net.minecraftforge.fml.loading.moddiscovery.JarInJarDependencyLocator@49986178
[04:38:07] [main/INFO]: Found mod file imageio-core-3.12.0.jar of type GAMELIBRARY with provider net.minecraftforge.fml.loading.moddiscovery.JarInJarDependencyLocator@49986178
[04:38:07] [main/INFO]: Found mod file mixinextras-forge-0.3.6.jar of type GAMELIBRARY with provider net.minecraftforge.fml.loading.moddiscovery.JarInJarDependencyLocator@49986178
[04:38:07] [main/INFO]: Found mod file common-lang-3.12.0.jar of type GAMELIBRARY with provider net.minecraftforge.fml.loading.moddiscovery.JarInJarDependencyLocator@49986178
[04:38:07] [main/INFO]: Found mod file MixinExtras-0.5.3.jar of type GAMELIBRARY with provider net.minecraftforge.fml.loading.moddiscovery.JarInJarDependencyLocator@49986178
[04:38:07] [main/INFO]: Found mod file jzlib-1.1.3.jar of type GAMELIBRARY with provider net.minecraftforge.fml.loading.moddiscovery.JarInJarDependencyLocator@49986178
[04:38:07] [main/INFO]: Found mod file jankson-1.2.3.jar of type GAMELIBRARY with provider net.minecraftforge.fml.loading.moddiscovery.JarInJarDependencyLocator@49986178
[04:38:07] [main/INFO]: Found mod file javaparser-symbol-solver-core-3.25.8.jar of type GAMELIBRARY with provider net.minecraftforge.fml.loading.moddiscovery.JarInJarDependencyLocator@49986178
[04:38:07] [main/INFO]: Found mod file luaj-core-3.0.3.jar of type GAMELIBRARY with provider net.minecraftforge.fml.loading.moddiscovery.JarInJarDependencyLocator@49986178
[04:38:07] [main/INFO]: Found mod file kittynetworking-0.1.29-1.20.1-forge.jar of type MOD with provider net.minecraftforge.fml.loading.moddiscovery.JarInJarDependencyLocator@49986178
[04:38:07] [main/INFO]: Found mod file animated-gif-lib-for-java-animated-gif-lib-1.7.jar of type GAMELIBRARY with provider net.minecraftforge.fml.loading.moddiscovery.JarInJarDependencyLocator@49986178
[04:38:07] [main/INFO]: Found mod file kfflib-4.12.0.jar of type GAMELIBRARY with provider net.minecraftforge.fml.loading.moddiscovery.JarInJarDependencyLocator@49986178
[04:38:07] [main/INFO]: Found mod file gson-0.2.1.jar of type GAMELIBRARY with provider net.minecraftforge.fml.loading.moddiscovery.JarInJarDependencyLocator@49986178
[04:38:07] [main/INFO]: Found mod file puzzlesaccessapi-forge-20.1.1.jar of type MOD with provider net.minecraftforge.fml.loading.moddiscovery.JarInJarDependencyLocator@49986178
[04:38:07] [main/INFO]: Found mod file dazzleconf-ext-snakeyaml-1.3.0-M2.jar of type GAMELIBRARY with provider net.minecraftforge.fml.loading.moddiscovery.JarInJarDependencyLocator@49986178
[04:38:07] [main/INFO]: Found mod file Reflect-1.3.4.jar of type GAMELIBRARY with provider net.minecraftforge.fml.loading.moddiscovery.JarInJarDependencyLocator@49986178
[04:38:07] [main/INFO]: Found mod file Java-WebSocket-1.5.6.jar of type GAMELIBRARY with provider net.minecraftforge.fml.loading.moddiscovery.JarInJarDependencyLocator@49986178
[04:38:07] [main/INFO]: Found mod file tomlkt-jvm-0.4.0.jar of type GAMELIBRARY with provider net.minecraftforge.fml.loading.moddiscovery.JarInJarDependencyLocator@49986178
[04:38:07] [main/INFO]: Found mod file dragonlib-forge-1.20.1-2.2.24.jar of type MOD with provider net.minecraftforge.fml.loading.moddiscovery.JarInJarDependencyLocator@49986178
[04:38:07] [main/INFO]: Found mod file fabric-api-base-0.4.31+ef105b4977.jar of type MOD with provider net.minecraftforge.fml.loading.moddiscovery.JarInJarDependencyLocator@49986178
[04:38:07] [main/INFO]: Found mod file mixinsquared-forge-0.3.6-beta.1.jar of type GAMELIBRARY with provider net.minecraftforge.fml.loading.moddiscovery.JarInJarDependencyLocator@49986178
[04:38:07] [main/INFO]: Found mod file common-io-3.12.0.jar of type GAMELIBRARY with provider net.minecraftforge.fml.loading.moddiscovery.JarInJarDependencyLocator@49986178
[04:38:07] [main/INFO]: Found mod file MixinSquared-0.3.6-beta.1.jar of type GAMELIBRARY with provider net.minecraftforge.fml.loading.moddiscovery.JarInJarDependencyLocator@49986178
[04:38:07] [main/INFO]: Found mod file kritter-forge-0.1.12+1.20.1.jar of type MOD with provider net.minecraftforge.fml.loading.moddiscovery.JarInJarDependencyLocator@49986178
[04:38:07] [main/INFO]: Found mod file Registrate-MC1.20-1.3.11.jar of type GAMELIBRARY with provider net.minecraftforge.fml.loading.moddiscovery.JarInJarDependencyLocator@49986178
[04:38:07] [main/INFO]: Found mod file json-0.2.1.jar of type GAMELIBRARY with provider net.minecraftforge.fml.loading.moddiscovery.JarInJarDependencyLocator@49986178
[04:38:07] [main/INFO]: Found mod file spectrelib-forge-0.13.17+1.20.1.jar of type MOD with provider net.minecraftforge.fml.loading.moddiscovery.JarInJarDependencyLocator@49986178
[04:38:07] [main/INFO]: Found mod file baubly-forge-1.20.1-1.0.1.jar of type MOD with provider net.minecraftforge.fml.loading.moddiscovery.JarInJarDependencyLocator@49986178
[04:38:07] [main/INFO]: Found mod file kffmod-4.12.0.jar of type MOD with provider net.minecraftforge.fml.loading.moddiscovery.JarInJarDependencyLocator@49986178
[04:38:07] [main/INFO]: Found mod file json5k-jvm-0.3.0.jar of type GAMELIBRARY with provider net.minecraftforge.fml.loading.moddiscovery.JarInJarDependencyLocator@49986178
[04:38:07] [main/INFO]: Found mod file bytecodecs-1.0.2.jar of type GAMELIBRARY with provider net.minecraftforge.fml.loading.moddiscovery.JarInJarDependencyLocator@49986178
[04:38:07] [main/INFO]: Found mod file flywheel-forge-1.20.1-1.0.6-beta-265.jar of type MOD with provider net.minecraftforge.fml.loading.moddiscovery.JarInJarDependencyLocator@49986178
[04:38:07] [main/INFO]: Found mod file luaj-jse-3.0.3.jar of type GAMELIBRARY with provider net.minecraftforge.fml.loading.moddiscovery.JarInJarDependencyLocator@49986178
[04:38:07] [main/INFO]: Found mod file resourceful-cosmetics-4j-1.0.5.jar of type GAMELIBRARY with provider net.minecraftforge.fml.loading.moddiscovery.JarInJarDependencyLocator@49986178
[04:38:07] [main/INFO]: Found mod file common-image-3.12.0.jar of type GAMELIBRARY with provider net.minecraftforge.fml.loading.moddiscovery.JarInJarDependencyLocator@49986178
[04:38:07] [main/INFO]: Found mod file jcpp-1.4.14.jar of type GAMELIBRARY with provider net.minecraftforge.fml.loading.moddiscovery.JarInJarDependencyLocator@49986178
[04:38:07] [main/INFO]: Found mod file kfflang-4.12.0.jar of type LANGPROVIDER with provider net.minecraftforge.fml.loading.moddiscovery.JarInJarDependencyLocator@49986178
[04:38:07] [main/INFO]: Found mod file kaleido-config-0.3.3+1.3.2.jar of type GAMELIBRARY with provider net.minecraftforge.fml.loading.moddiscovery.JarInJarDependencyLocator@49986178
[04:38:07] [main/INFO]: Found mod file MathParser.org-mXparser-5.2.1.jar of type GAMELIBRARY with provider net.minecraftforge.fml.loading.moddiscovery.JarInJarDependencyLocator@49986178
[04:38:07] [main/INFO]: Found mod file ae2addonlib-1.0.4-1.20.1.jar of type MOD with provider net.minecraftforge.fml.loading.moddiscovery.JarInJarDependencyLocator@49986178
[04:38:07] [main/INFO]: Found mod file yabn-1.0.3.jar of type GAMELIBRARY with provider net.minecraftforge.fml.loading.moddiscovery.JarInJarDependencyLocator@49986178
[04:38:07] [main/INFO]: Found mod file imageio-metadata-3.12.0.jar of type GAMELIBRARY with provider net.minecraftforge.fml.loading.moddiscovery.JarInJarDependencyLocator@49986178
[04:38:07] [main/INFO]: Found mod file TRansition-1.0.17-1.20.1-forge-SNAPSHOT.jar of type MOD with provider net.minecraftforge.fml.loading.moddiscovery.JarInJarDependencyLocator@49986178
[04:38:07] [main/INFO]: Found mod file easy_npc_config_ui-forge-1.20.1-6.0.8.jar of type MOD with provider net.minecraftforge.fml.loading.moddiscovery.JarInJarDependencyLocator@49986178
[04:38:07] [main/INFO]: Found mod file caffeine-3.2.1.jar of type GAMELIBRARY with provider net.minecraftforge.fml.loading.moddiscovery.JarInJarDependencyLocator@49986178
[04:38:07] [main/INFO]: Found mod file expandability-forge-9.0.4.jar of type MOD with provider net.minecraftforge.fml.loading.moddiscovery.JarInJarDependencyLocator@49986178
[04:38:07] [main/INFO]: Found mod file jlayer-1.0.1.jar of type GAMELIBRARY with provider net.minecraftforge.fml.loading.moddiscovery.JarInJarDependencyLocator@49986178
[04:38:07] [main/INFO]: Found mod file commons-math3-3.6.1.jar of type GAMELIBRARY with provider net.minecraftforge.fml.loading.moddiscovery.JarInJarDependencyLocator@49986178
[04:38:07] [main/INFO]: Found mod file japng-0.5.3.jar of type GAMELIBRARY with provider net.minecraftforge.fml.loading.moddiscovery.JarInJarDependencyLocator@49986178
[04:38:07] [main/INFO]: Found Kotlin-containing mod Jar[union:/C:/Users/windf/curseforge/minecraft/Instances/THE%20FORGOTTEN%20SMP/essential/libraries/forge_1.20.1/kotlin-for-forge-4.3.0-slim.jar%23455!/], checking whether we need to upgrade it..
[04:38:07] [main/INFO]: Found outdated Kotlin core libs 0.0.0 (we ship 2.3.0)
[04:38:07] [main/INFO]: Found outdated Kotlin Coroutines libs 0.0.0 (we ship 1.10.2)
[04:38:07] [main/INFO]: Found outdated Kotlin Serialization libs 0.0.0 (we ship 1.9.0)
[04:38:07] [main/INFO]: Generating jar with updated Kotlin at C:\Users\windf\AppData\Local\Temp\kff-updated-kotlin-14737596024832894574-4.3.0-slim.jar
[04:38:08] [main/INFO]: Found Kotlin-containing mod Jar[union:/C:/Users/windf/curseforge/minecraft/Instances/THE%20FORGOTTEN%20SMP/mods/kotlinforforge-4.12.0-all.jar%23615!/], checking whether we need to upgrade it..
[04:38:08] [main/INFO]: Found outdated Kotlin core libs 2.2.21 (we ship 2.3.0)
[04:38:08] [main/INFO]: Found up-to-date Kotlin Coroutines libs 1.10.2 (we ship 1.10.2)
[04:38:08] [main/INFO]: Found outdated Kotlin Serialization libs 0.0.0 (we ship 1.9.0)
[04:38:08] [main/INFO]: Generating jar with updated Kotlin at C:\Users\windf\AppData\Local\Temp\kff-updated-kotlin-17023563747229550621-4.12.0-all.jar
[04:38:13] [main/INFO]: Compatibility level set to JAVA_17
[04:38:13] [main/ERROR]: Mixin config combatlog-forge.mixins.json does not specify "minVersion" property
[04:38:13] [main/ERROR]: Mixin config emi_loot.mixins.json does not specify "minVersion" property
[04:38:13] [main/ERROR]: Mixin config yacl.mixins.json does not specify "minVersion" property
[04:38:13] [main/INFO]: Successfully loaded Mixin Connector [de.erdbeerbaerlp.dcintegration.forge.DCMixinConnector]
[04:38:13] [main/INFO]: Successfully loaded Mixin Connector [com.sonicether.soundphysics.MixinConnector]
[04:38:13] [main/INFO]: Successfully loaded Mixin Connector [de.maxhenkel.tradecycling.MixinConnector]
[04:38:13] [main/INFO]: Launching target 'forgeclient' with arguments [--version, forge-47.4.0, --gameDir, C:\Users\windf\curseforge\minecraft\Instances\THE FORGOTTEN SMP, --assetsDir, C:\Users\windf\curseforge\minecraft\Install\assets, --uuid, 647a168e053b4e48a0f95aa6c7bb7a14, --username, Shadow1x, --assetIndex, 5, --accessToken, ????????, --clientId, MzhmZTdjNjgtMDdlYy00ZWZkLWEwNmEtNWNjM2I5NmUwY2M0, --xuid, 2535429900562664, --userType, msa, --versionType, release, --width, 1024, --height, 768, --quickPlayPath, C:\Users\windf\curseforge\minecraft\Install\quickPlay\java\1786361874531.json]
[04:38:13] [main/INFO]: Loaded configuration file for ModernFix 5.24.4+mc1.20.1: 96 options available, 1 override(s) found
[04:38:13] [main/WARN]: Option 'mixin.perf.cache_strongholds' overriden (by mods [littletiles]) to 'false'
[04:38:13] [main/INFO]: Applying Nashorn fix
[04:38:13] [main/INFO]: Applied Forge config corruption patch
[04:38:13] [main/INFO]: Loaded configuration file for Embeddium: 354 options available, 3 override(s) found
[04:38:13] [main/INFO]: Searching for graphics cards...
[04:38:13] [main/INFO]: Found graphics card: GraphicsAdapterInfo[vendor=AMD, name=AMD Radeon(TM) Graphics, version=DriverVersion=32.0.13018.6]
[04:38:13] [main/INFO]: Found graphics card: GraphicsAdapterInfo[vendor=NVIDIA, name=NVIDIA GeForce RTX 4090, version=DriverVersion=32.0.15.9649]
[04:38:13] [main/WARN]: Embeddium has applied one or more workarounds to prevent crashes or other issues on your system: [NVIDIA_THREADED_OPTIMIZATIONS]
[04:38:13] [main/WARN]: This is not necessarily an issue, but it may result in certain features or optimizations being disabled. You can sometimes fix these issues by upgrading your graphics driver.
[04:38:13] [main/WARN]: Reference map 'lmft-common-refmap.json' for lmft-common.mixins.json could not be read. If this is a development environment you can ignore this message
[04:38:13] [main/WARN]: Reference map 'createmoredrillheads.refmap.json' for createmoredrillheads.mixins.json could not be read. If this is a development environment you can ignore this message
[04:38:13] [main/INFO]: Starting Essential v1.3.10.6 (#e7e18cf44d) [stable]
[04:38:13] [main/WARN]: Reference map 'createcobblestone-common-refmap.json' for createcobblestone-common.mixins.json could not be read. If this is a development environment you can ignore this message
[04:38:13] [main/WARN]: Reference map 'laserbridges.refmap.json' for laserbridges.mixins.json could not be read. If this is a development environment you can ignore this message
[04:38:14] [main/WARN]: Reference map 'puzzlesaccessapi.common.refmap.json' for puzzlesaccessapi.common.mixins.json could not be read. If this is a development environment you can ignore this message
[04:38:14] [main/INFO]: Loaded configuration file for Canary: 116 options available, 0 override(s) found
[04:38:14] [main/WARN]: Draconic Evolution mod detected. Force disabling HUD Batching optimization.
[04:38:14] [main/INFO]: Loading 308 mods:
	- access_denied 6.2.1
	- ad_astra 1.15.20
	- ad_astra_giselle_addon 6.21
	- ad_astra_more_structures 1.0.0
	- adastraextra 1.2.3
	- addonslib 1.20.1-1.7
	- advanced_ae 1.3.5-1.20.1
		\-- ae2addonlib 1.0.4-1.20.1
	- advancednetherite 2.1.3
	- advancementplaques 1.6.7
	- ae2 15.4.10
	- aiimprovements 0.5.2
	- alexscaves 2.0.2
	- alltheleaks 1.1.1+1.20.1-forge
		\-- mixinsquared 0.3.6-beta.1
	- alternate_current 1.7.0
	- amendments 1.20-2.2.5
	- appleskin 2.5.1+mc1.20.1
	- appmek 1.4.3
	- aquaculture 2.5.3
	- aquaculturedelight 1.0.0
	- architectury 9.2.14
	- artifacts 9.5.19
		\-- expandability 9.0.4
	- athena 3.1.2
	- badpackets 0.4.3
	- baguettelib 1.1.0
	- balm 7.3.9
		\-- kuma_api 20.1.8
	- bettercombat 1.9.0+1.20.1
	- betterpingdisplay 1.1
	- bigreactors 1.20.1-2.0.97
	- biomesoplenty 18.0.0.592
	- bits_n_bobs 0.0.41
	- blueprint 7.1.0
	- bookshelf 20.2.13
	- botarium 2.3.4
	- brandonscore 3.2.1.302
	- bulletarmorenchant 1.0-1.20.1
	- canary 0.3.3
	- carryon 2.1.2.7
	- cc_cbc 1.1.1-forge-1.20.1
	- cccbridge 1.7.1
	- chipped 3.0.7
	- chunky 1.3.146
	- citadel 2.6.0
	- cleanswing 1.8
	- cloth_config 11.1.136
	- clumps 12.0.0.4
	- codechickenlib 4.4.0.516
	- cofh_core 11.0.2
	- collective 7.87
	- combatlog 2.6
	- comforts 6.4.0+1.20.1
	- computercraft 1.120.0
	- configured 2.2.3
	- connectivity 1.20.1-7.6
	- controlling 12.0.2
	- copycats 3.0.7+mc.1.20.1-forge
	- coroutil 1.20.1-1.3.7
	- corpse 1.20.1-1.0.18
	- corpsecurioscompat 3.1.2
	- cosmeticarmorreworked 1.20.1-v1a
	- craftpresence 2.7.1
	- crash_assistant 1.10.18
	- create 6.0.8
	- create_6_0_8_backported_fixes 1.1.0
	- create_chipped 1.0.0
	- create_confectionery 1.1.3
	- create_connected 1.1.8-mc1.20.1
	- create_enchantment_industry 1.3.3-for-create-6.0.6
	- create_hypertube 0.4.0
	- create_new_age 1.1.3
	- create_power_loader 2.0.3-mc1.20.1
	- create_radar 0.4.5
	- create_sa 2.1.0
	- create_tinkers_compat 1
	- createaddition 1.20.1-1.3.3
	- createbigcannons 5.11.2
	- createcasing 1.7.2-fix2
	- createcobblestone 1.4.10+forge-1.20.1-138
	- createdeco 2.0.3-1.20.1-forge
	- createdieselgenerators 1.20.1-1.3.9
	- createestrogen 1.0.1+1.20.1
	- createframed 1.7.1
	- createmoredrillheads 2.1.0-1.20.1
	- createoreexcavation 1.6.5
	- createrailwaysnavigator 1.20.1-beta-0.8.5-C6
		\-- dragonlib 1.20.1-2.2.24
	- createstockbridge 0.2.0
	- creativecore 2.12.31
	- cupboard 1.20.1-2.7
	- curios 5.14.1+1.20.1
	- cynosure 0.1.16
		\-- kritter 0.1.12+1.20.1
	- dcintegration 3.0.7.1
	- dg_js 1.20.1-1.1.1
	- displaydelight 1.4.0
	- do_a_barrel_roll 3.5.6+1.20.1
	- draconicevolution 3.1.2.621
	- drippyloadingscreen 3.1.2
	- dummmmmmy 1.20-2.0.11
	- dungeons_arise 2.1.58-1.20.x
	- dungeons_arise_seven_seas 1.0.2
	- durabilitytooltip 1.1.6
	- dynamic_fps 3.11.4
	- easy_npc_bundle 6.0.8
		|-- easy_npc 6.0.8
		\-- easy_npc_config_ui 6.0.8
	- effortlessbuilding 3.11
	- embeddium 0.3.31+mc1.20.1
		\-- rubidium 0.7.1
	- emi 1.1.22+1.20.1+forge
	- emi_create_schematics 1.0.4
	- emi_enchanting 0.1.2+1.20.1+forge
	- emi_loot 0.7.6+1.20.1+forge
	- emi_ores 1.2+1.20.1+forge
	- emitrades 1.2.1+mc1.20.1
	- enderio 6.2.18-beta
	- entityculling 1.7.2
	- entityjs 0.6.4-1.20.1
	- er2create 1.20.1-1.0.4
	- escalated 1.2.1
	- essential 1.3.10.6
	- estrogen 5.0.8+1.20.1
		|-- baubly 1.0.1
		|-- kittyconfig 1.2.16
		\-- kittynetworking 0.1.29
	- etched 3.0.4
	- expandingtechnologies 1.3.4
	- expatternprovider 1.20-1.4.18-forge
	- exposure 1.7.7
	- fallingtrees 0.13.2
	- fancymenu 3.9.3
	- farmersdelight 1.20.1-1.2.6
	- ferritecore 6.0.1
	- fibers 1.3
	- fluidlogistics 1.2.0
	- forge 47.4.0
	- forgivingvoid 10.0.1
	- framedblocks 9.4.3
	- framework 0.7.12
	- ftbessentials 2001.2.4
	- ftblibrary 2001.2.10
	- ftbquests 2001.4.14
	- ftbranks 2001.1.7
	- ftbteams 2001.3.1
	- ftbxmodcompat 2.1.3
	- fusion 1.2.12
	- fzzy_config 0.7.3+1.20.1+forge
	- geckolib 4.4.9
	- gjeb 1.3.0.39
	- glitchcore 0.0.1.1
	- glodium 1.20-1.5-forge
	- guideme 20.1.15
	- ibo 2.1.1
	- iceberg 1.1.25
	- immediatelyfast 1.5.2+1.20.4
	- immersive_aircraft 1.1.2+1.20.1
	- immersive_armors 1.6.1+1.20.1
	- immersive_melodies 0.3.0+1.20.1
	- immersive_paintings 0.6.7+1.20.1
	- incendium 5.3.5
	- incontrol 1.20-9.4.5
	- industrialforegoing 3.5.22
	- interiors 0.6.0
	- item_obliterator 2.3.0
	- itemobliteratordespawnfix 1.0.0
	- jei 15.21.0.138
	- jumpboat 1.20.0-1.0.5
	- kiwi 11.6.2
	- konkrete 1.8.0
	- kotlinforforge 4.12.0
	- krypton 0.2.3
	- kubejs 2001.6.5-build.16
	- kubejs_create 2001.3.0-build.8
	- kubejs_curios 1.0.4
	- kubejs_mekanism 2001.1.5.1-build.2
	- kubejsadditions 4.3.4
	- kubejsdelight 1.1.2
	- laserbridges 1.20.1-3-forge
	- littletiles 1.6.0-pre156
	- lmft 1.0.4+1.20.1
	- lootintegrations 1.20.1-3.7
	- lootjs 1.20.1-2.13.0
	- lootr 0.7.34.87
	- luckperms 5.4.102
	- macawsbridgesbop 1.20-1.2
	- man_of_many_planes 0.2.0+1.20.1
	- mantle 1.11.104
	- mcwbridges 3.1.2
	- mcwdoors 1.1.5
	- mcwfences 1.2.1
	- mcwfurnitures 3.4.1
	- mcwpaths 1.1.1
	- mcwstairs 1.0.2
	- mcwtrpdoors 1.1.5
	- mcwwindows 2.4.2
	- megacells 2.4.6-1.20.1
	- mekanism 10.4.10
	- mekanism_lasers 1.0.10
	- mekanismadditions 10.4.10
	- mekanismgenerators 10.4.10
	- mekanismtools 10.4.10
	- melody 1.0.2
	- mes 1.3.4-1.20-forge
	- minecraft 1.20.1
	- modernfix 5.24.4+mc1.20.1
	- moonlight 1.20-2.16.28
	- mousetweaks 2.25.1
	- naturalist 4.0.3
	- naturescompass 1.20.1-1.11.2-forge
	- necronomicon 1.6.0
	- nochatrestrictions 1.20.1-v1.0.0
	- nullscape 1.2.8
	- numismatics 1.0.15+forge-mc1.20.1
	- octolib 0.5.0.1
	- oculus 1.8.0
	- opacpvp 1.0.0
	- openpartiesandclaims 0.27.5
	- outer_end 1.0.8
	- pandalib 0.5.2
	- patchouli 1.20.1-85-FORGE
	- pickupnotifier 8.0.0
	- placebo 8.6.3
	- playeranimator 1.0.2-rc1+1.20
	- playertrade 1.20.1-b
	- polymorph 0.49.10+1.20.1
		\-- spectrelib 0.13.17+1.20.1
	- ponderjs 2.1.0
		|-- flywheel 1.0.6-beta-265
		\-- ponder 1.0.92
	- probejs 6.0.1
	- propertymodifier 0.3.3
	- puzzleslib 8.1.33
		\-- puzzlesaccessapi 20.1.1
	- quark 4.0-460
	- railways 1.7.2+forge-mc1.20.1
	- rarcompat 0.5
	- rechiseled 1.2.4
	- rechiseled_chipped 1.2
	- rechiseledcreate 1.1.0
	- refurbished_furniture 1.0.8
	- relics 0.8.0.13
	- resourcefulconfig 2.1.3
	- resourcefullib 2.1.29
	- resourcify 1.8.5
	- rhino 2001.2.3-build.10
	- rightclickharvest 3.2.3+1.20.1-forge
	- ritchiesprojectilelib 2.1.1
	- searchables 1.0.3
	- securitycraft 1.9.12
	- servercore 1.5.2+1.20.1
	- setworldspawnpoint 3.4
	- shouldersurfing 1.20.1-4.22.10
	- skinlayers3d 1.11.1
		|-- transition 1.0.17
		\-- trender 1.0.12
	- sliceanddice 3.6.0
	- smallships 2.0.0-b1.4
	- snowrealmagic 10.5.2
		|-- fabric_api_base 0.4.31+ef105b4977
		|-- fabric_renderer_api_v1 3.2.1+1d29b44577
		\-- fabric_renderer_indigo 1.5.2+b5b2da4177
	- snowundertrees 1.4.6
	- sophisticatedbackpacks 3.23.9.1218
	- sophisticatedbackpackscreateintegration 0.1.0.4
	- sophisticatedcore 1.2.39.938
	- sound_physics_remastered 1.20.1-1.4.5
	- spark 1.10.53
	- spartanshields 3.1.1
	- spartanweaponry 3.2.1
	- spiffyhud 3.1.2
	- storagedrawers 12.9.12
	- structurify 1.0.8
	- supermartijn642configlib 1.1.8
	- supermartijn642corelib 1.1.21
	- supplementaries 1.20-3.1.42
	- tacz 1.0.3
	- tconjei 1.5.4
	- tconstruct 3.11.2.166
	- tectonic 2.4.1
	- tempban 1.0
	- terrablender 3.0.1.7
	- terralith 2.5.4
	- tfmg 1.0.2d
	- thermal_expansion 11.0.1
	- thermal_foundation 11.0.6
		\-- thermal 11.0.6
	- tipsmod 12.1.8
	- titanium 3.8.34
	- torchmaster 20.1.9
	- trade_cycling 1.20.1-1.0.7
	- trading_floor 2.0.5
	- treeharvester 9.1
	- trmt 0.5.1b-1.20.1-forge
	- twigs 1.20.1-3.1.1
	- unilib 1.2.1
	- visuality 2.0.2
	- vmod 1.1.17.1
	- voicechat 1.20.1-2.5.26
	- watut 1.20.1-1.2.3
	- worldedit 7.2.15+6463-5ca4dff
	- wthit 8.15.3
		\-- waila 8.15.3
	- xaerominimap 24.6.1
	- xaeroworldmap 1.39.0
	- yet_another_config_lib_v3 3.6.2+1.20.1-forge
	- zerocore 1.20.1-2.1.48
	- zeta 1.0-24
[04:38:14] [main/WARN]: Reference map 'naturalist-forge-forge-refmap.json' for naturalist.mixins.json could not be read. If this is a development environment you can ignore this message
[04:38:14] [main/WARN]: Reference map 'kubejsdelight.refmap.json' for kubejsdelight.mixins.json could not be read. If this is a development environment you can ignore this message
[04:38:14] [main/WARN]: Reference map 'smallships-forge-refmap.json' for smallships.mixins.json could not be read. If this is a development environment you can ignore this message
[04:38:14] [main/WARN]: Reference map 'cynosure.refmap.json' for cynosure.mixins.json could not be read. If this is a development environment you can ignore this message
[04:38:14] [main/WARN]: Reference map 'escalated-1.20.1-refmap.json' for escalated-common.mixins.json could not be read. If this is a development environment you can ignore this message
[04:38:14] [main/WARN]: Reference map 'pandalib-common-common-refmap.json' for pandalib-common.mixins.json could not be read. If this is a development environment you can ignore this message
[04:38:14] [main/WARN]: Reference map 'probejs-forge-refmap.json' for probejs.mixins.json could not be read. If this is a development environment you can ignore this message
[04:38:14] [main/WARN]: Reference map 'mes-forge-refmap.json' for mes-forge.mixins.json could not be read. If this is a development environment you can ignore this message
[04:38:14] [main/WARN]: Reference map 'immersive_paintings-common-refmap.json' for immersive_paintings.mixin.json could not be read. If this is a development environment you can ignore this message
[04:38:14] [main/WARN]: Reference map 'create_6_0_8_backported_fixes.mixins.json.refmap.json' for create_6_0_8_backported_fixes.mixins.json could not be read. If this is a development environment you can ignore this message
[04:38:14] [main/WARN]: Reference map 'cc_cbc.refmap.json' for cc_cbc.mixins.json could not be read. If this is a development environment you can ignore this message
[04:38:14] [main/WARN]: Reference map 'Create-The_Factory_Must_Grow.refmap.json' for tfmg.mixins.json could not be read. If this is a development environment you can ignore this message
[04:38:14] [main/WARN]: Reference map 'coroutil.refmap.json' for coroutil.mixins.json could not be read. If this is a development environment you can ignore this message
[04:38:15] [main/WARN]: Error loading class: sereneseasons/season/RandomUpdateHandler (java.lang.ClassNotFoundException: sereneseasons.season.RandomUpdateHandler)
[04:38:15] [main/WARN]: @Mixin target sereneseasons.season.RandomUpdateHandler was not found snowrealmagic.mixins.json:sereneseasons.RandomUpdateHandlerMixin
[04:38:15] [main/INFO]: Patching IForgeItemStack#getEnchantmentLevel
[04:38:15] [main/INFO]: Patching IForgeItemStack#getEnchantmentLevel
[04:38:15] [main/INFO]: Class dev.uncandango.alltheleaks.leaks.common.mods.zeta.Issue69 will be loaded as it matches versions: 1.0-24 in [1.0-19,)
[04:38:15] [main/INFO]: Mixins added to allowed list: [main.RecipeCrawlHandlerMixin]
[04:38:15] [main/INFO]: Class dev.uncandango.alltheleaks.leaks.common.mods.spark.Issue447 will be loaded as it matches versions: 1.10.53 in *
[04:38:15] [main/INFO]: Mixins added to allowed list: [main.ForgeServerSparkPluginMixin]
[04:38:15] [main/INFO]: Class dev.uncandango.alltheleaks.leaks.common.mods.smallships.UntrackedIssue001 will be loaded as it matches versions: 2.0.0-b1.4 in [2.0.0-b1.4,)
[04:38:15] [main/INFO]: Mixins added to allowed list: [main.ChunkMapMixin]
[04:38:15] [main/INFO]: Class dev.uncandango.alltheleaks.leaks.common.mods.moonlight.UntrackedIssue001 will be loaded as it matches versions: 1.20-2.16.28 in [1.20-2.13.32,)
[04:38:15] [main/INFO]: Mixins added to allowed list: [main.FakeLevelManagerMixin]
[04:38:15] [main/INFO]: Class dev.uncandango.alltheleaks.leaks.common.mods.minecraft.UntrackedIssue002 will be loaded as it matches versions: 1.20.1 in 1.20.1
[04:38:15] [main/INFO]: Mixins added to allowed list: [main.EntityTickListMixin]
[04:38:15] [main/INFO]: Class dev.uncandango.alltheleaks.leaks.common.mods.minecraft.UntrackedIssue001 will be loaded as it matches versions: 1.20.1 in 1.20.1
[04:38:15] [main/INFO]: Class dev.uncandango.alltheleaks.leaks.common.mods.forge.UntrackedIssue002 will be loaded as it matches versions: 47.4.0 in [47.2,)
[04:38:15] [main/INFO]: Mixins added to allowed list: [accessor.FakePlayerNetHandlerAccessor, accessor.ConnectionAccessor]
[04:38:15] [main/INFO]: Class dev.uncandango.alltheleaks.leaks.common.mods.forge.UntrackedIssue001 will be loaded as it matches versions: 47.4.0 in [47.2,)
[04:38:15] [main/INFO]: Mixins added to allowed list: [main.ServerPlayerMixin, main.PlayerListMixin, accessor.PlayerAdvancementsAccessor]
[04:38:15] [main/INFO]: Class dev.uncandango.alltheleaks.leaks.common.mods.forge.Issue39 will be loaded as it matches versions: 47.4.0 in [47.2,)
[04:38:15] [main/INFO]: Class dev.uncandango.alltheleaks.leaks.common.mods.forge.Issue10684 will be loaded as it matches versions: 47.4.0 in *
[04:38:15] [main/INFO]: Class dev.uncandango.alltheleaks.leaks.common.mods.curios.UntrackedIssue001 will be loaded as it matches versions: 5.14.1+1.20.1 in [5.9.1,)
[04:38:15] [main/INFO]: Mixins added to allowed list: [main.CuriosEventHandlerMixin]
[04:38:15] [main/INFO]: Class dev.uncandango.alltheleaks.leaks.common.mods.create.UntrackedIssue001 will be loaded as it matches versions: 6.0.8 in [0.5.1.c,)
[04:38:15] [main/INFO]: Mixins added to allowed list: [accessor.ExtendoGripItemAccessor]
[04:38:15] [main/INFO]: Class dev.uncandango.alltheleaks.leaks.common.mods.citadel.UntrackedIssue001 will be loaded as it matches versions: 2.6.0 in [2.5.4,)
[04:38:15] [main/INFO]: Class dev.uncandango.alltheleaks.leaks.common.mods.badpackets.UntrackedIssue001 will be loaded as it matches versions: 0.4.3 in [0.4.1,)
[04:38:15] [main/INFO]: Class dev.uncandango.alltheleaks.leaks.common.mods.architectury.UntrackedIssue001 will be loaded as it matches versions: 9.2.14 in [9.0.8,)
[04:38:15] [main/INFO]: Class dev.uncandango.alltheleaks.leaks.client.mods.xaerominimap.UntrackedIssue001 will be loaded as it matches versions: 24.6.1 in *
[04:38:15] [main/INFO]: Class dev.uncandango.alltheleaks.leaks.client.mods.watut.UntrackedIssue001 will be loaded as it matches versions: 1.20.1-1.2.3 in *
[04:38:15] [main/INFO]: Class dev.uncandango.alltheleaks.leaks.client.mods.mousetweaks.UntrackedIssue001 will be loaded as it matches versions: 2.25.1 in [2.25.1,)
[04:38:15] [main/INFO]: Class dev.uncandango.alltheleaks.leaks.client.mods.minecraft.UntrackedIssue001 will be loaded as it matches versions: 1.20.1 in 1.20.1
[04:38:15] [main/INFO]: Mixins added to allowed list: [main.ATLItemStackMixin, main.MinecraftMixin, main.SynchedEntityDataMixin]
[04:38:15] [main/INFO]: Class dev.uncandango.alltheleaks.leaks.client.mods.jei.UntrackedIssue001 will be loaded as it matches versions: 15.21.0.138 in [15.8.2.24,)
[04:38:15] [main/INFO]: Mixins added to allowed list: [main.RecipeTransferButtonMixin, main.LazySortedRecipeLayoutListMixin]
[04:38:15] [main/INFO]: Class dev.uncandango.alltheleaks.leaks.client.mods.iceberg.UntrackedIssue003 will be loaded as it matches versions: 1.1.25 in [1.1.25,)
[04:38:15] [main/INFO]: Class dev.uncandango.alltheleaks.leaks.client.mods.iceberg.UntrackedIssue002 will be loaded as it matches versions: 1.1.25 in [1.1.10,)
[04:38:15] [main/INFO]: Class dev.uncandango.alltheleaks.leaks.client.mods.iceberg.UntrackedIssue001 will be loaded as it matches versions: 1.1.25 in [1.1.10,)
[04:38:15] [main/INFO]: Class dev.uncandango.alltheleaks.leaks.client.mods.geckolib.UntrackedIssue001 will be loaded as it matches versions: 4.4.9 in [4.4.8,)
[04:38:15] [main/INFO]: Mixins added to allowed list: [main.GeoModelMixin, main.GeoArmorRendererMixin]
[04:38:15] [main/INFO]: Class dev.uncandango.alltheleaks.leaks.client.mods.ftblibrary.UntrackedIssue001 will be loaded as it matches versions: 2001.2.10 in [2001.2.2,)
[04:38:15] [main/INFO]: Mixins added to allowed list: [accessor.BaseScreenAccessor]
[04:38:15] [main/INFO]: Class dev.uncandango.alltheleaks.leaks.client.mods.emi_loot.UntrackedIssue001 will be loaded as it matches versions: 0.7.6+1.20.1+forge in [0.6.5,)
[04:38:15] [main/INFO]: Mixins added to allowed list: [main.EmiLootEntityEmiStackMixin]
[04:38:15] [main/INFO]: Class dev.uncandango.alltheleaks.leaks.client.mods.emi.UntrackedIssue001 will be loaded as it matches versions: 1.1.22+1.20.1+forge in [1.0.21,)
[04:38:15] [main/INFO]: Class dev.uncandango.alltheleaks.leaks.client.mods.corpse.UntrackedIssue001 will be loaded as it matches versions: 1.20.1-1.0.18 in [1.20.1-1.0.3,)
[04:38:15] [main/INFO]: Mixins added to allowed list: [main.CorpseRendererMixin]
[04:38:15] [main/INFO]: Class dev.uncandango.alltheleaks.leaks.client.mods.citadel.UntrackedIssue001 will be loaded as it matches versions: 2.6.0 in [2.5.4,)
[04:38:15] [main/INFO]: Mixins added to allowed list: [main.ModelAnimatorMixin]
[04:38:15] [main/INFO]: Class dev.uncandango.alltheleaks.leaks.client.mods.badpackets.UntrackedIssue001 will be loaded as it matches versions: 0.4.3 in [0.4.1,)
[04:38:15] [main/INFO]: Mixins added to allowed list: [main.ClientPacketListenerMixin]
[04:38:15] [main/INFO]: Class dev.uncandango.alltheleaks.fix.common.mods.zeta.FixCopyStack will be loaded as it matches versions: 1.0-24 in *
[04:38:15] [main/INFO]: Mixins added to allowed list: [main.StackFixRecipeCrawlHandlerMixin]
[04:38:15] [main/INFO]: Class dev.uncandango.alltheleaks.fix.common.mods.modernfix.CancelRLMixin will be loaded as it matches versions: 5.24.4+mc1.20.1 in [5.0.0,)
[04:38:15] [main/INFO]: Mixins added to cancel list: [org.embeddedt.modernfix.common.mixin.perf.deduplicate_location.MixinResourceLocation]
[04:38:15] [main/INFO]: Class dev.uncandango.alltheleaks.fix.common.mods.kubejs.FixItemStackModification will be loaded as it matches versions: 2001.6.5-build.16 in *
[04:38:15] [main/INFO]: Mixins added to allowed list: [main.IngredientKJSMixin]
[04:38:15] [main/INFO]: Class dev.uncandango.alltheleaks.fix.common.mods.jei.FixItemStackCopy will be loaded as it matches versions: 15.21.0.138 in *
[04:38:15] [main/INFO]: Mixins added to allowed list: [main.SmithingCategoryExtensionMixin, main.NormalizedTypedItemStackMixin, main.IngredientSetMixin]
[04:38:15] [main/INFO]: Class dev.uncandango.alltheleaks.fix.common.mods.enderio.FixItemStackCopy will be loaded as it matches versions: 6.2.18-beta in *
[04:38:15] [main/INFO]: Mixins added to allowed list: [main.CountedIngredientMixin, main.WrappedEnchanterRecipeMixin]
[04:38:15] [main/INFO]: Class dev.uncandango.alltheleaks.fix.common.mods.cofh_core.FixItemStackCopy will be loaded as it matches versions: 11.0.2 in *
[04:38:15] [main/INFO]: Mixins added to allowed list: [main.IngredientWithCountMixin]
[04:38:15] [main/INFO]: Class dev.uncandango.alltheleaks.feature.common.mods.minecraft.MemoryMonitor will be loaded as it matches versions: 1.20.1 in 1.20.1
[04:38:15] [main/INFO]: Mixins added to allowed list: [main.PlayerMixin, main.ChunkAccessMixin, main.LevelMixin, main.MinecraftServerMixin]
[04:38:15] [main/INFO]: Class dev.uncandango.alltheleaks.feature.common.mods.minecraft.ClearLeakedLevelChunks will be loaded as it matches versions: 1.20.1 in 1.20.1
[04:38:15] [main/INFO]: Mixins added to allowed list: [accessor.LevelAccessor, main.RebindableTickingBlockEntityWrapperMixin, accessor.LevelChunkAccessor]
[04:38:15] [main/WARN]: Error loading class: me/cominixo/betterf3/modules/TargetModule (java.lang.ClassNotFoundException: me.cominixo.betterf3.modules.TargetModule)
[04:38:15] [main/WARN]: @Mixin target me.cominixo.betterf3.modules.TargetModule was not found securitycraft.mixins.json:f3.BetterF3TargetModuleMixin
[04:38:15] [main/WARN]: Error loading class: me/desht/pneumaticcraft/common/upgrades/PNCUpgradeImpl (java.lang.ClassNotFoundException: me.desht.pneumaticcraft.common.upgrades.PNCUpgradeImpl)
[04:38:15] [main/WARN]: @Mixin target me.desht.pneumaticcraft.common.upgrades.PNCUpgradeImpl was not found ad_astra_giselle_addon.mixin.forge.common.json:pneumaticcraft.PNCUpgradeImplInject
[04:38:15] [main/WARN]: Error loading class: me/jellysquid/mods/lithium/common/ai/pathing/PathNodeDefaults (java.lang.ClassNotFoundException: me.jellysquid.mods.lithium.common.ai.pathing.PathNodeDefaults)
[04:38:16] [main/WARN]: Error loading class: io/socol/betterthirdperson/api/CustomCamera (java.lang.ClassNotFoundException: io.socol.betterthirdperson.api.CustomCamera)
[04:38:16] [main/WARN]: @Mixin target io.socol.betterthirdperson.api.CustomCamera was not found conflict_fix.mixins.json:MixinBetterThirdPerson
[04:38:16] [main/WARN]: Error loading class: io/socol/betterthirdperson/api/CustomCameraManager (java.lang.ClassNotFoundException: io.socol.betterthirdperson.api.CustomCameraManager)
[04:38:16] [main/WARN]: @Mixin target io.socol.betterthirdperson.api.CustomCameraManager was not found conflict_fix.mixins.json:MixinCustomCameraManager
[04:38:16] [main/WARN]: Error loading class: betteradvancements/common/gui/BetterAdvancementTab (java.lang.ClassNotFoundException: betteradvancements.common.gui.BetterAdvancementTab)
[04:38:16] [main/WARN]: @Mixin target betteradvancements/common/gui/BetterAdvancementTab was not found estrogen.mixins.json:client.compat.betteradvancements.BetterAdvancementTabMixin
[04:38:16] [main/WARN]: Error loading class: de/dafuqs/paginatedadvancements/client/PaginatedAdvancementTab (java.lang.ClassNotFoundException: de.dafuqs.paginatedadvancements.client.PaginatedAdvancementTab)
[04:38:16] [main/WARN]: @Mixin target de/dafuqs/paginatedadvancements/client/PaginatedAdvancementTab was not found estrogen.mixins.json:client.compat.paginatedadvancements.PaginatedAdvancementTabMixin
[04:38:16] [main/WARN]: Error loading class: com/simibubi/create/foundation/ponder/PonderWorld (java.lang.ClassNotFoundException: com.simibubi.create.foundation.ponder.PonderWorld)
[04:38:16] [main/WARN]: Error loading class: blusunrize/immersiveengineering/api/wires/GlobalWireNetwork (java.lang.ClassNotFoundException: blusunrize.immersiveengineering.api.wires.GlobalWireNetwork)
[04:38:16] [main/WARN]: @Mixin target blusunrize.immersiveengineering.api.wires.GlobalWireNetwork was not found mixins.epp.json:MixinGlobalWireNetwork
[04:38:16] [main/WARN]: Error loading class: mezz/modnametooltip/TooltipEventHandler (java.lang.ClassNotFoundException: mezz.modnametooltip.TooltipEventHandler)
[04:38:16] [main/WARN]: Error loading class: me/shedaniel/rei/impl/client/ClientHelperImpl (java.lang.ClassNotFoundException: me.shedaniel.rei.impl.client.ClientHelperImpl)
[04:38:16] [main/WARN]: Error loading class: com/dsvv/cbcat/cannon/twin_autocannon/contraption/MountedTwinAutocannonContraption (java.lang.ClassNotFoundException: com.dsvv.cbcat.cannon.twin_autocannon.contraption.MountedTwinAutocannonContraption)
[04:38:16] [main/WARN]: @Mixin target com.dsvv.cbcat.cannon.twin_autocannon.contraption.MountedTwinAutocannonContraption was not found create_radar.mixins.json:AutoCannonAccessor
[04:38:16] [main/WARN]: Error loading class: com/dsvv/cbcat/cannon/heavy_autocannon/contraption/MountedHeavyAutocannonContraption (java.lang.ClassNotFoundException: com.dsvv.cbcat.cannon.heavy_autocannon.contraption.MountedHeavyAutocannonContraption)
[04:38:16] [main/WARN]: @Mixin target com.dsvv.cbcat.cannon.heavy_autocannon.contraption.MountedHeavyAutocannonContraption was not found create_radar.mixins.json:AutoCannonAccessor
[04:38:16] [main/WARN]: Error loading class: net/ato/shupapium/utils/MountedShupapiumACContraption (java.lang.ClassNotFoundException: net.ato.shupapium.utils.MountedShupapiumACContraption)
[04:38:16] [main/WARN]: Force-disabling mixin 'features.render.world.sky.WorldRendererMixin' as rule 'mixin.features.render.world.sky' (added by mods [oculus]) disables it and children
[04:38:16] [main/WARN]: Force-disabling mixin 'features.render.world.sky.ClientWorldMixin' as rule 'mixin.features.render.world.sky' (added by mods [oculus]) disables it and children
[04:38:16] [main/WARN]: Force-disabling mixin 'features.render.world.sky.BackgroundRendererMixin' as rule 'mixin.features.render.world.sky' (added by mods [oculus]) disables it and children
[04:38:16] [main/WARN]: Force-disabling mixin 'features.render.gui.font.GlyphRendererMixin' as rule 'mixin.features.render.gui.font' (added by mods [oculus]) disables it and children
[04:38:16] [main/WARN]: Force-disabling mixin 'features.render.gui.font.FontSetMixin' as rule 'mixin.features.render.gui.font' (added by mods [oculus]) disables it and children
[04:38:16] [main/WARN]: Force-disabling mixin 'features.render.entity.shadows.EntityRenderDispatcherMixin' as rule 'mixin.features.render.entity' (added by mods [oculus]) disables it and children
[04:38:16] [main/WARN]: Force-disabling mixin 'features.render.entity.remove_streams.ModelPartMixin' as rule 'mixin.features.render.entity' (added by mods [oculus]) disables it and children
[04:38:16] [main/WARN]: Force-disabling mixin 'features.render.entity.remove_streams.HierarchicalModelMixin' as rule 'mixin.features.render.entity' (added by mods [oculus]) disables it and children
[04:38:16] [main/WARN]: Force-disabling mixin 'features.render.entity.fast_render.ModelPartMixin' as rule 'mixin.features.render.entity' (added by mods [oculus]) disables it and children
[04:38:16] [main/WARN]: Force-disabling mixin 'features.render.entity.fast_render.CuboidMixin' as rule 'mixin.features.render.entity' (added by mods [oculus]) disables it and children
[04:38:16] [main/WARN]: Force-disabling mixin 'features.render.entity.cull.EntityRendererMixin' as rule 'mixin.features.render.entity' (added by mods [oculus]) disables it and children
[04:38:16] [main/WARN]: Error loading class: com/dsvv/cbcat/cannon/twin_autocannon/contraption/MountedTwinAutocannonContraption (java.lang.ClassNotFoundException: com.dsvv.cbcat.cannon.twin_autocannon.contraption.MountedTwinAutocannonContraption)
[04:38:16] [main/WARN]: Error loading class: com/dsvv/cbcat/cannon/heavy_autocannon/contraption/MountedHeavyAutocannonContraption (java.lang.ClassNotFoundException: com.dsvv.cbcat.cannon.heavy_autocannon.contraption.MountedHeavyAutocannonContraption)
[04:38:16] [main/WARN]: Error loading class: com/dsvv/cbcat/cannon/twin_autocannon/contraption/MountedTwinAutocannonContraption (java.lang.ClassNotFoundException: com.dsvv.cbcat.cannon.twin_autocannon.contraption.MountedTwinAutocannonContraption)
[04:38:16] [main/WARN]: Error loading class: com/dsvv/cbcat/cannon/heavy_autocannon/contraption/MountedHeavyAutocannonContraption (java.lang.ClassNotFoundException: com.dsvv.cbcat.cannon.heavy_autocannon.contraption.MountedHeavyAutocannonContraption)
[04:38:16] [main/WARN]: Error loading class: org/jetbrains/annotations/ApiStatus$Internal (java.lang.ClassNotFoundException: org.jetbrains.annotations.ApiStatus$Internal)
[04:38:16] [main/INFO]: Initializing MixinExtras via com.llamalad7.mixinextras.service.MixinExtrasServiceImpl(version=0.5.3).
[04:38:17] [main/INFO]: Patching IForgeItemStack#getEnchantmentLevel
[04:38:17] [main/INFO]: Patching IForgeItemStack#getEnchantmentLevel
[04:38:17] [main/WARN]: Static binding violation: PRIVATE @Overwrite method m_216202_ in modernfix-forge.mixins.json:perf.tag_id_caching.TagOrElementLocationMixin cannot reduce visibiliy of PUBLIC target method, visibility will be upgraded.
[04:38:18] [main/WARN]: Method overwrite conflict for m_45756_ in littletiles.mixins.json:common.level.LevelMixin, previously written by com.abdelaziz.canary.mixin.entity.collisions.intersection.LevelMixin. Skipping method.
[04:38:19] [pool-4-thread-1/INFO]: ModernFix reached bootstrap stage (24.54 s after launch)
[04:38:19] [pool-4-thread-1/WARN]: @Final field delegatesByName:Ljava/util/Map; in modernfix-forge.mixins.json:perf.forge_registry_alloc.ForgeRegistryMixin should be final
[04:38:19] [pool-4-thread-1/WARN]: @Final field delegatesByValue:Ljava/util/Map; in modernfix-forge.mixins.json:perf.forge_registry_alloc.ForgeRegistryMixin should be final
[04:38:19] [pool-4-thread-1/INFO]: Injecting BlockStateBase cache population hook into getNeighborPathNodeType from com.abdelaziz.canary.mixin.ai.pathing.BlockStateBaseMixin
[04:38:19] [pool-4-thread-1/INFO]: Injecting BlockStateBase cache population hook into getPathNodeType from com.abdelaziz.canary.mixin.ai.pathing.BlockStateBaseMixin
[04:38:19] [pool-4-thread-1/WARN]: @Redirect conflict. Skipping securitycraft.mixins.json:camera.ServerPlayerMixin->@Redirect::securitycraft$tick(Lnet/minecraft/server/level/ServerPlayer;DDDFF)V with priority 1100, already redirected by railways-common.mixins.json:conductor_possession.ServerPlayerMixin->@Redirect::railways$securitycraft$tick(Lnet/minecraft/server/level/ServerPlayer;DDDFF)V with priority 1200
[04:38:19] [pool-4-thread-1/INFO]: Vanilla bootstrap took 833 milliseconds
[04:38:20] [pool-4-thread-1/INFO]: Patching IForgeItemStack#getEnchantmentLevel
[04:38:20] [pool-4-thread-1/INFO]: Patching IForgeItemStack#getEnchantmentLevel
[04:38:21] [pool-4-thread-1/WARN]: @Inject(@At("INVOKE_ASSIGN")) Shift.BY=2 on refurbished_furniture.common.mixins.json:LevelChunkMixin::handler$fpm000$refurbishedFurniture$AfterRemoveBlockEntity exceeds the maximum allowed value: 0. Increase the value of maxShiftBy to suppress this warning.
[04:38:21] [pool-4-thread-1/WARN]: Mixin alexscaves.mixins.json:SwampHutPieceMixin has multiple constructors, (Lnet/minecraft/world/level/levelgen/structure/pieces/StructurePieceType;IIIIIILnet/minecraft/core/Direction;)V was selected

[04:38:21] [pool-4-thread-1/WARN]: Static binding violation: PRIVATE @Overwrite method m_47505_ in modernfix-common.mixins.json:perf.remove_biome_temperature_cache.BiomeMixin cannot reduce visibiliy of PUBLIC target method, visibility will be upgraded.
[04:38:21] [pool-4-thread-1/WARN]: Unable to find class com.simibubi.create.foundation.ponder.PonderWorld. Integration with PonderJS disabled.
[04:38:22] [Render thread/WARN]: Assets URL 'union:/C:/Users/windf/curseforge/minecraft/Install/libraries/net/minecraft/client/1.20.1-20230612.114412/client-1.20.1-20230612.114412-srg.jar%23739!/assets/.mcassetsroot' uses unexpected schema
[04:38:22] [Render thread/WARN]: Assets URL 'union:/C:/Users/windf/curseforge/minecraft/Install/libraries/net/minecraft/client/1.20.1-20230612.114412/client-1.20.1-20230612.114412-srg.jar%23739!/data/.mcassetsroot' uses unexpected schema
[04:38:22] [Render thread/INFO]: Environment: authHost='https://authserver.mojang.com', accountsHost='https://api.mojang.com', sessionHost='https://sessionserver.mojang.com', servicesHost='https://api.minecraftservices.com', name='PROD'
[04:38:22] [Render thread/INFO]: Successfully supplanted UserApiService with a wrapped version.
[04:38:22] [Render thread/INFO]: Setting user: Shadow1x
[04:38:22] [Render thread/INFO]: Bypassed Mojang DFU
[04:38:22] [Render thread/INFO]: BeforeConstant is searching for constants in method with descriptor (Lnet/minecraft/network/chat/Component;Lnet/minecraft/client/GuiMessageTag;)V
[04:38:22] [Render thread/INFO]:   BeforeConstant found STRING constant: value = , stringValue = null
[04:38:22] [Render thread/INFO]:     BeforeConstant found a matching constant TYPE at ordinal 0
[04:38:22] [Render thread/INFO]:       BeforeConstant found LdcInsn 
[04:38:22] [Render thread/INFO]:   BeforeConstant found STRING constant: value = \\r, stringValue = null
[04:38:22] [Render thread/INFO]:     BeforeConstant found a matching constant TYPE at ordinal 1
[04:38:22] [Render thread/INFO]:       BeforeConstant found LdcInsn \\r
[04:38:22] [Render thread/INFO]:   BeforeConstant found STRING constant: value = 
, stringValue = null
[04:38:22] [Render thread/INFO]:     BeforeConstant found a matching constant TYPE at ordinal 2
[04:38:22] [Render thread/INFO]:       BeforeConstant found LdcInsn 

[04:38:22] [Render thread/INFO]:   BeforeConstant found STRING constant: value = \\n, stringValue = null
[04:38:22] [Render thread/INFO]:     BeforeConstant found a matching constant TYPE at ordinal 3
[04:38:22] [Render thread/INFO]:       BeforeConstant found LdcInsn \\n
[04:38:22] [Render thread/INFO]:   BeforeConstant found CLASS constant: value = Ljava/lang/String;, typeValue = null
[04:38:22] [Render thread/INFO]:   BeforeConstant found STRING constant: value = [{}] [CHAT] {}, stringValue = null
[04:38:22] [Render thread/INFO]:     BeforeConstant found a matching constant TYPE at ordinal 4
[04:38:22] [Render thread/INFO]:       BeforeConstant found LdcInsn [{}] [CHAT] {}
[04:38:22] [Render thread/INFO]:   BeforeConstant found STRING constant: value = [CHAT] {}, stringValue = null
[04:38:22] [Render thread/INFO]:     BeforeConstant found a matching constant TYPE at ordinal 5
[04:38:22] [Render thread/INFO]:       BeforeConstant found LdcInsn [CHAT] {}
[04:38:23] [Render thread/INFO]: OptiFine not detected.
[04:38:23] [Render thread/INFO]: Instantiating Mojang DFU
[04:38:23] [Datafixer Bootstrap/INFO]: Loaded config for: connectivity.json
[04:38:23] [Datafixer Bootstrap/INFO]: 188 Datafixer optimizations took 161 milliseconds
[04:38:23] [Render thread/INFO]: Starting DI!
[04:38:24] [Render thread/INFO]: Authenticating to Mojang as Shadow1x (647a168e-053b-4e48-a0f9-5aa6c7bb7a14)
[04:38:24] [ForkJoinPool.commonPool-worker-1/ERROR]: Could not find parent gg/essential/lib/okhttp3/internal/Internal for class gg/essential/lib/okhttp3/OkHttpClient$1 in classloader jdk.internal.loader.ClassLoaders$AppClassLoader@60f82f98 on thread Thread[ForkJoinPool.commonPool-worker-1,5,main]
[04:38:24] [ForkJoinPool.commonPool-worker-1/ERROR]: An error occurred building event handler
java.lang.ClassNotFoundException: gg.essential.lib.okhttp3.internal.Internal
	at jdk.internal.loader.BuiltinClassLoader.loadClass(BuiltinClassLoader.java:641) ~[?:?]
	at jdk.internal.loader.ClassLoaders$AppClassLoader.loadClass(ClassLoaders.java:188) ~[?:?]
	at java.lang.ClassLoader.loadClass(ClassLoader.java:525) ~[?:?]
	at net.minecraftforge.eventbus.EventSubclassTransformer.buildEvents(EventSubclassTransformer.java:97) ~[eventbus-6.0.5.jar:?]
	at net.minecraftforge.eventbus.EventSubclassTransformer.transform(EventSubclassTransformer.java:48) ~[eventbus-6.0.5.jar:?]
	at net.minecraftforge.eventbus.EventBusEngine.processClass(EventBusEngine.java:26) ~[eventbus-6.0.5.jar:?]
	at net.minecraftforge.eventbus.service.ModLauncherService.processClassWithFlags(ModLauncherService.java:32) ~[eventbus-6.0.5.jar:6.0.5+6.0.5+master.eb8e549b]
	at cpw.mods.modlauncher.LaunchPluginHandler.offerClassNodeToPlugins(LaunchPluginHandler.java:88) ~[modlauncher-10.0.9.jar:?]
	at cpw.mods.modlauncher.ClassTransformer.transform(ClassTransformer.java:120) ~[modlauncher-10.0.9.jar:?]
	at cpw.mods.modlauncher.TransformingClassLoader.maybeTransformClassBytes(TransformingClassLoader.java:50) ~[modlauncher-10.0.9.jar:?]
	at cpw.mods.cl.ModuleClassLoader.readerToClass(ModuleClassLoader.java:113) ~[securejarhandler-2.1.10.jar:?]
	at cpw.mods.cl.ModuleClassLoader.lambda$findClass$15(ModuleClassLoader.java:219) ~[securejarhandler-2.1.10.jar:?]
	at cpw.mods.cl.ModuleClassLoader.loadFromModule(ModuleClassLoader.java:229) ~[securejarhandler-2.1.10.jar:?]
	at cpw.mods.cl.ModuleClassLoader.findClass(ModuleClassLoader.java:219) ~[securejarhandler-2.1.10.jar:?]
	at cpw.mods.cl.ModuleClassLoader.loadClass(ModuleClassLoader.java:135) ~[securejarhandler-2.1.10.jar:?]
	at java.lang.ClassLoader.loadClass(ClassLoader.java:525) ~[?:?]
	at gg.essential.lib.okhttp3.OkHttpClient$Builder.<init>(OkHttpClient.java:475) ~[?:?]
	at gg.essential.util.HttpUtils.httpClient$lambda$0(HttpUtils.kt:56) ~[?:?]
	at java.util.concurrent.CompletableFuture$AsyncSupply.run(CompletableFuture.java:1768) ~[?:?]
	at java.util.concurrent.CompletableFuture$AsyncSupply.exec(CompletableFuture.java:1760) ~[?:?]
	at java.util.concurrent.ForkJoinTask.doExec(ForkJoinTask.java:373) ~[?:?]
	at java.util.concurrent.ForkJoinPool$WorkQueue.topLevelExec(ForkJoinPool.java:1182) ~[?:?]
	at java.util.concurrent.ForkJoinPool.scan(ForkJoinPool.java:1655) ~[?:?]
	at java.util.concurrent.ForkJoinPool.runWorker(ForkJoinPool.java:1622) ~[?:?]
	at java.util.concurrent.ForkJoinWorkerThread.run(ForkJoinWorkerThread.java:165) ~[?:?]
[04:38:24] [ForkJoinPool.commonPool-worker-1/ERROR]: Could not find parent gg/essential/lib/okhttp3/EventListener for class gg/essential/lib/okhttp3/EventListener$1 in classloader jdk.internal.loader.ClassLoaders$AppClassLoader@60f82f98 on thread Thread[ForkJoinPool.commonPool-worker-1,5,main]
[04:38:24] [ForkJoinPool.commonPool-worker-1/ERROR]: An error occurred building event handler
java.lang.ClassNotFoundException: gg.essential.lib.okhttp3.EventListener
	at jdk.internal.loader.BuiltinClassLoader.loadClass(BuiltinClassLoader.java:641) ~[?:?]
	at jdk.internal.loader.ClassLoaders$AppClassLoader.loadClass(ClassLoaders.java:188) ~[?:?]
	at java.lang.ClassLoader.loadClass(ClassLoader.java:525) ~[?:?]
	at net.minecraftforge.eventbus.EventSubclassTransformer.buildEvents(EventSubclassTransformer.java:97) ~[eventbus-6.0.5.jar:?]
	at net.minecraftforge.eventbus.EventSubclassTransformer.transform(EventSubclassTransformer.java:48) ~[eventbus-6.0.5.jar:?]
	at net.minecraftforge.eventbus.EventBusEngine.processClass(EventBusEngine.java:26) ~[eventbus-6.0.5.jar:?]
	at net.minecraftforge.eventbus.service.ModLauncherService.processClassWithFlags(ModLauncherService.java:32) ~[eventbus-6.0.5.jar:6.0.5+6.0.5+master.eb8e549b]
	at cpw.mods.modlauncher.LaunchPluginHandler.offerClassNodeToPlugins(LaunchPluginHandler.java:88) ~[modlauncher-10.0.9.jar:?]
	at cpw.mods.modlauncher.ClassTransformer.transform(ClassTransformer.java:120) ~[modlauncher-10.0.9.jar:?]
	at cpw.mods.modlauncher.TransformingClassLoader.maybeTransformClassBytes(TransformingClassLoader.java:50) ~[modlauncher-10.0.9.jar:?]
	at cpw.mods.cl.ModuleClassLoader.readerToClass(ModuleClassLoader.java:113) ~[securejarhandler-2.1.10.jar:?]
	at cpw.mods.cl.ModuleClassLoader.lambda$findClass$15(ModuleClassLoader.java:219) ~[securejarhandler-2.1.10.jar:?]
	at cpw.mods.cl.ModuleClassLoader.loadFromModule(ModuleClassLoader.java:229) ~[securejarhandler-2.1.10.jar:?]
	at cpw.mods.cl.ModuleClassLoader.findClass(ModuleClassLoader.java:219) ~[securejarhandler-2.1.10.jar:?]
	at cpw.mods.cl.ModuleClassLoader.loadClass(ModuleClassLoader.java:135) ~[securejarhandler-2.1.10.jar:?]
	at java.lang.ClassLoader.loadClass(ClassLoader.java:525) ~[?:?]
	at gg.essential.lib.okhttp3.OkHttpClient$Builder.<init>(OkHttpClient.java:477) ~[?:?]
	at gg.essential.util.HttpUtils.httpClient$lambda$0(HttpUtils.kt:56) ~[?:?]
	at java.util.concurrent.CompletableFuture$AsyncSupply.run(CompletableFuture.java:1768) ~[?:?]
	at java.util.concurrent.CompletableFuture$AsyncSupply.exec(CompletableFuture.java:1760) ~[?:?]
	at java.util.concurrent.ForkJoinTask.doExec(ForkJoinTask.java:373) ~[?:?]
	at java.util.concurrent.ForkJoinPool$WorkQueue.topLevelExec(ForkJoinPool.java:1182) ~[?:?]
	at java.util.concurrent.ForkJoinPool.scan(ForkJoinPool.java:1655) ~[?:?]
	at java.util.concurrent.ForkJoinPool.runWorker(ForkJoinPool.java:1622) ~[?:?]
	at java.util.concurrent.ForkJoinWorkerThread.run(ForkJoinWorkerThread.java:165) ~[?:?]
[04:38:24] [ForkJoinPool.commonPool-worker-1/ERROR]: Could not find parent gg/essential/lib/okhttp3/internal/tls/CertificateChainCleaner for class gg/essential/lib/okhttp3/internal/tls/BasicCertificateChainCleaner in classloader jdk.internal.loader.ClassLoaders$AppClassLoader@60f82f98 on thread Thread[ForkJoinPool.commonPool-worker-1,5,main]
[04:38:24] [ForkJoinPool.commonPool-worker-1/ERROR]: An error occurred building event handler
java.lang.ClassNotFoundException: gg.essential.lib.okhttp3.internal.tls.CertificateChainCleaner
	at jdk.internal.loader.BuiltinClassLoader.loadClass(BuiltinClassLoader.java:641) ~[?:?]
	at jdk.internal.loader.ClassLoaders$AppClassLoader.loadClass(ClassLoaders.java:188) ~[?:?]
	at java.lang.ClassLoader.loadClass(ClassLoader.java:525) ~[?:?]
	at net.minecraftforge.eventbus.EventSubclassTransformer.buildEvents(EventSubclassTransformer.java:97) ~[eventbus-6.0.5.jar:?]
	at net.minecraftforge.eventbus.EventSubclassTransformer.transform(EventSubclassTransformer.java:48) ~[eventbus-6.0.5.jar:?]
	at net.minecraftforge.eventbus.EventBusEngine.processClass(EventBusEngine.java:26) ~[eventbus-6.0.5.jar:?]
	at net.minecraftforge.eventbus.service.ModLauncherService.processClassWithFlags(ModLauncherService.java:32) ~[eventbus-6.0.5.jar:6.0.5+6.0.5+master.eb8e549b]
	at cpw.mods.modlauncher.LaunchPluginHandler.offerClassNodeToPlugins(LaunchPluginHandler.java:88) ~[modlauncher-10.0.9.jar:?]
	at cpw.mods.modlauncher.ClassTransformer.transform(ClassTransformer.java:120) ~[modlauncher-10.0.9.jar:?]
	at cpw.mods.modlauncher.TransformingClassLoader.maybeTransformClassBytes(TransformingClassLoader.java:50) ~[modlauncher-10.0.9.jar:?]
	at cpw.mods.cl.ModuleClassLoader.readerToClass(ModuleClassLoader.java:113) ~[securejarhandler-2.1.10.jar:?]
	at cpw.mods.cl.ModuleClassLoader.lambda$findClass$15(ModuleClassLoader.java:219) ~[securejarhandler-2.1.10.jar:?]
	at cpw.mods.cl.ModuleClassLoader.loadFromModule(ModuleClassLoader.java:229) ~[securejarhandler-2.1.10.jar:?]
	at cpw.mods.cl.ModuleClassLoader.findClass(ModuleClassLoader.java:219) ~[securejarhandler-2.1.10.jar:?]
	at cpw.mods.cl.ModuleClassLoader.loadClass(ModuleClassLoader.java:135) ~[securejarhandler-2.1.10.jar:?]
	at java.lang.ClassLoader.loadClass(ClassLoader.java:525) ~[?:?]
	at gg.essential.lib.okhttp3.OkHttpClient$Builder.sslSocketFactory(OkHttpClient.java:696) ~[?:?]
	at gg.essential.util.HttpUtils.httpClient$lambda$0(HttpUtils.kt:57) ~[?:?]
	at java.util.concurrent.CompletableFuture$AsyncSupply.run(CompletableFuture.java:1768) ~[?:?]
	at java.util.concurrent.CompletableFuture$AsyncSupply.exec(CompletableFuture.java:1760) ~[?:?]
	at java.util.concurrent.ForkJoinTask.doExec(ForkJoinTask.java:373) ~[?:?]
	at java.util.concurrent.ForkJoinPool$WorkQueue.topLevelExec(ForkJoinPool.java:1182) ~[?:?]
	at java.util.concurrent.ForkJoinPool.scan(ForkJoinPool.java:1655) ~[?:?]
	at java.util.concurrent.ForkJoinPool.runWorker(ForkJoinPool.java:1622) ~[?:?]
	at java.util.concurrent.ForkJoinWorkerThread.run(ForkJoinWorkerThread.java:165) ~[?:?]
[04:38:24] [ForkJoinPool.commonPool-worker-1/ERROR]: Could not find parent gg/essential/lib/okhttp3/internal/platform/Platform for class gg/essential/lib/okhttp3/internal/platform/Jdk9Platform in classloader jdk.internal.loader.ClassLoaders$AppClassLoader@60f82f98 on thread Thread[ForkJoinPool.commonPool-worker-1,5,main]
[04:38:24] [ForkJoinPool.commonPool-worker-1/ERROR]: An error occurred building event handler
java.lang.ClassNotFoundException: gg.essential.lib.okhttp3.internal.platform.Platform
	at jdk.internal.loader.BuiltinClassLoader.loadClass(BuiltinClassLoader.java:641) ~[?:?]
	at jdk.internal.loader.ClassLoaders$AppClassLoader.loadClass(ClassLoaders.java:188) ~[?:?]
	at java.lang.ClassLoader.loadClass(ClassLoader.java:525) ~[?:?]
	at net.minecraftforge.eventbus.EventSubclassTransformer.buildEvents(EventSubclassTransformer.java:97) ~[eventbus-6.0.5.jar:?]
	at net.minecraftforge.eventbus.EventSubclassTransformer.transform(EventSubclassTransformer.java:48) ~[eventbus-6.0.5.jar:?]
	at net.minecraftforge.eventbus.EventBusEngine.processClass(EventBusEngine.java:26) ~[eventbus-6.0.5.jar:?]
	at net.minecraftforge.eventbus.service.ModLauncherService.processClassWithFlags(ModLauncherService.java:32) ~[eventbus-6.0.5.jar:6.0.5+6.0.5+master.eb8e549b]
	at cpw.mods.modlauncher.LaunchPluginHandler.offerClassNodeToPlugins(LaunchPluginHandler.java:88) ~[modlauncher-10.0.9.jar:?]
	at cpw.mods.modlauncher.ClassTransformer.transform(ClassTransformer.java:120) ~[modlauncher-10.0.9.jar:?]
	at cpw.mods.modlauncher.TransformingClassLoader.maybeTransformClassBytes(TransformingClassLoader.java:50) ~[modlauncher-10.0.9.jar:?]
	at cpw.mods.cl.ModuleClassLoader.readerToClass(ModuleClassLoader.java:113) ~[securejarhandler-2.1.10.jar:?]
	at cpw.mods.cl.ModuleClassLoader.lambda$findClass$15(ModuleClassLoader.java:219) ~[securejarhandler-2.1.10.jar:?]
	at cpw.mods.cl.ModuleClassLoader.loadFromModule(ModuleClassLoader.java:229) ~[securejarhandler-2.1.10.jar:?]
	at cpw.mods.cl.ModuleClassLoader.findClass(ModuleClassLoader.java:219) ~[securejarhandler-2.1.10.jar:?]
	at cpw.mods.cl.ModuleClassLoader.loadClass(ModuleClassLoader.java:135) ~[securejarhandler-2.1.10.jar:?]
	at java.lang.ClassLoader.loadClass(ClassLoader.java:525) ~[?:?]
	at gg.essential.lib.okhttp3.internal.tls.CertificateChainCleaner.get(CertificateChainCleaner.java:41) ~[?:?]
	at gg.essential.lib.okhttp3.OkHttpClient$Builder.sslSocketFactory(OkHttpClient.java:696) ~[?:?]
	at gg.essential.util.HttpUtils.httpClient$lambda$0(HttpUtils.kt:57) ~[?:?]
	at java.util.concurrent.CompletableFuture$AsyncSupply.run(CompletableFuture.java:1768) ~[?:?]
	at java.util.concurrent.CompletableFuture$AsyncSupply.exec(CompletableFuture.java:1760) ~[?:?]
	at java.util.concurrent.ForkJoinTask.doExec(ForkJoinTask.java:373) ~[?:?]
	at java.util.concurrent.ForkJoinPool$WorkQueue.topLevelExec(ForkJoinPool.java:1182) ~[?:?]
	at java.util.concurrent.ForkJoinPool.scan(ForkJoinPool.java:1655) ~[?:?]
	at java.util.concurrent.ForkJoinPool.runWorker(ForkJoinPool.java:1622) ~[?:?]
	at java.util.concurrent.ForkJoinWorkerThread.run(ForkJoinWorkerThread.java:165) ~[?:?]
[04:38:24] [ForkJoinPool.commonPool-worker-1/ERROR]: Could not find parent gg/essential/lib/okhttp3/internal/platform/Platform for class gg/essential/lib/okhttp3/internal/platform/AndroidPlatform in classloader jdk.internal.loader.ClassLoaders$AppClassLoader@60f82f98 on thread Thread[ForkJoinPool.commonPool-worker-1,5,main]
[04:38:24] [ForkJoinPool.commonPool-worker-1/ERROR]: An error occurred building event handler
java.lang.ClassNotFoundException: gg.essential.lib.okhttp3.internal.platform.Platform
	at jdk.internal.loader.BuiltinClassLoader.loadClass(BuiltinClassLoader.java:641) ~[?:?]
	at jdk.internal.loader.ClassLoaders$AppClassLoader.loadClass(ClassLoaders.java:188) ~[?:?]
	at java.lang.ClassLoader.loadClass(ClassLoader.java:525) ~[?:?]
	at net.minecraftforge.eventbus.EventSubclassTransformer.buildEvents(EventSubclassTransformer.java:97) ~[eventbus-6.0.5.jar:?]
	at net.minecraftforge.eventbus.EventSubclassTransformer.transform(EventSubclassTransformer.java:48) ~[eventbus-6.0.5.jar:?]
	at net.minecraftforge.eventbus.EventBusEngine.processClass(EventBusEngine.java:26) ~[eventbus-6.0.5.jar:?]
	at net.minecraftforge.eventbus.service.ModLauncherService.processClassWithFlags(ModLauncherService.java:32) ~[eventbus-6.0.5.jar:6.0.5+6.0.5+master.eb8e549b]
	at cpw.mods.modlauncher.LaunchPluginHandler.offerClassNodeToPlugins(LaunchPluginHandler.java:88) ~[modlauncher-10.0.9.jar:?]
	at cpw.mods.modlauncher.ClassTransformer.transform(ClassTransformer.java:120) ~[modlauncher-10.0.9.jar:?]
	at cpw.mods.modlauncher.TransformingClassLoader.maybeTransformClassBytes(TransformingClassLoader.java:50) ~[modlauncher-10.0.9.jar:?]
	at cpw.mods.cl.ModuleClassLoader.readerToClass(ModuleClassLoader.java:113) ~[securejarhandler-2.1.10.jar:?]
	at cpw.mods.cl.ModuleClassLoader.lambda$findClass$15(ModuleClassLoader.java:219) ~[securejarhandler-2.1.10.jar:?]
	at cpw.mods.cl.ModuleClassLoader.loadFromModule(ModuleClassLoader.java:229) ~[securejarhandler-2.1.10.jar:?]
	at cpw.mods.cl.ModuleClassLoader.findClass(ModuleClassLoader.java:219) ~[securejarhandler-2.1.10.jar:?]
	at cpw.mods.cl.ModuleClassLoader.loadClass(ModuleClassLoader.java:135) ~[securejarhandler-2.1.10.jar:?]
	at java.lang.ClassLoader.loadClass(ClassLoader.java:525) ~[?:?]
	at gg.essential.lib.okhttp3.internal.platform.Platform.findPlatform(Platform.java:173) ~[?:?]
	at gg.essential.lib.okhttp3.internal.platform.Platform.<clinit>(Platform.java:74) ~[?:?]
	at gg.essential.lib.okhttp3.internal.tls.CertificateChainCleaner.get(CertificateChainCleaner.java:41) ~[?:?]
	at gg.essential.lib.okhttp3.OkHttpClient$Builder.sslSocketFactory(OkHttpClient.java:696) ~[?:?]
	at gg.essential.util.HttpUtils.httpClient$lambda$0(HttpUtils.kt:57) ~[?:?]
	at java.util.concurrent.CompletableFuture$AsyncSupply.run(CompletableFuture.java:1768) ~[?:?]
	at java.util.concurrent.CompletableFuture$AsyncSupply.exec(CompletableFuture.java:1760) ~[?:?]
	at java.util.concurrent.ForkJoinTask.doExec(ForkJoinTask.java:373) ~[?:?]
	at java.util.concurrent.ForkJoinPool$WorkQueue.topLevelExec(ForkJoinPool.java:1182) ~[?:?]
	at java.util.concurrent.ForkJoinPool.scan(ForkJoinPool.java:1655) ~[?:?]
	at java.util.concurrent.ForkJoinPool.runWorker(ForkJoinPool.java:1622) ~[?:?]
	at java.util.concurrent.ForkJoinWorkerThread.run(ForkJoinWorkerThread.java:165) ~[?:?]
[04:38:24] [ForkJoinPool.commonPool-worker-1/ERROR]: Could not find parent gg/essential/lib/okhttp3/internal/tls/CertificateChainCleaner for class gg/essential/lib/okhttp3/internal/platform/AndroidPlatform$AndroidCertificateChainCleaner in classloader jdk.internal.loader.ClassLoaders$AppClassLoader@60f82f98 on thread Thread[ForkJoinPool.commonPool-worker-1,5,main]
[04:38:24] [ForkJoinPool.commonPool-worker-1/ERROR]: An error occurred building event handler
java.lang.ClassNotFoundException: gg.essential.lib.okhttp3.internal.tls.CertificateChainCleaner
	at jdk.internal.loader.BuiltinClassLoader.loadClass(BuiltinClassLoader.java:641) ~[?:?]
	at jdk.internal.loader.ClassLoaders$AppClassLoader.loadClass(ClassLoaders.java:188) ~[?:?]
	at java.lang.ClassLoader.loadClass(ClassLoader.java:525) ~[?:?]
	at net.minecraftforge.eventbus.EventSubclassTransformer.buildEvents(EventSubclassTransformer.java:97) ~[eventbus-6.0.5.jar:?]
	at net.minecraftforge.eventbus.EventSubclassTransformer.transform(EventSubclassTransformer.java:48) ~[eventbus-6.0.5.jar:?]
	at net.minecraftforge.eventbus.EventBusEngine.processClass(EventBusEngine.java:26) ~[eventbus-6.0.5.jar:?]
	at net.minecraftforge.eventbus.service.ModLauncherService.processClassWithFlags(ModLauncherService.java:32) ~[eventbus-6.0.5.jar:6.0.5+6.0.5+master.eb8e549b]
	at cpw.mods.modlauncher.LaunchPluginHandler.offerClassNodeToPlugins(LaunchPluginHandler.java:88) ~[modlauncher-10.0.9.jar:?]
	at cpw.mods.modlauncher.ClassTransformer.transform(ClassTransformer.java:120) ~[modlauncher-10.0.9.jar:?]
	at cpw.mods.modlauncher.TransformingClassLoader.maybeTransformClassBytes(TransformingClassLoader.java:50) ~[modlauncher-10.0.9.jar:?]
	at cpw.mods.cl.ModuleClassLoader.readerToClass(ModuleClassLoader.java:113) ~[securejarhandler-2.1.10.jar:?]
	at cpw.mods.cl.ModuleClassLoader.lambda$findClass$15(ModuleClassLoader.java:219) ~[securejarhandler-2.1.10.jar:?]
	at cpw.mods.cl.ModuleClassLoader.loadFromModule(ModuleClassLoader.java:229) ~[securejarhandler-2.1.10.jar:?]
	at cpw.mods.cl.ModuleClassLoader.findClass(ModuleClassLoader.java:219) ~[securejarhandler-2.1.10.jar:?]
	at cpw.mods.cl.ModuleClassLoader.loadClass(ModuleClassLoader.java:135) ~[securejarhandler-2.1.10.jar:?]
	at java.lang.ClassLoader.loadClass(ClassLoader.java:525) ~[?:?]
	at gg.essential.lib.okhttp3.internal.platform.Platform.findPlatform(Platform.java:173) ~[?:?]
	at gg.essential.lib.okhttp3.internal.platform.Platform.<clinit>(Platform.java:74) ~[?:?]
	at gg.essential.lib.okhttp3.internal.tls.CertificateChainCleaner.get(CertificateChainCleaner.java:41) ~[?:?]
	at gg.essential.lib.okhttp3.OkHttpClient$Builder.sslSocketFactory(OkHttpClient.java:696) ~[?:?]
	at gg.essential.util.HttpUtils.httpClient$lambda$0(HttpUtils.kt:57) ~[?:?]
	at java.util.concurrent.CompletableFuture$AsyncSupply.run(CompletableFuture.java:1768) ~[?:?]
	at java.util.concurrent.CompletableFuture$AsyncSupply.exec(CompletableFuture.java:1760) ~[?:?]
	at java.util.concurrent.ForkJoinTask.doExec(ForkJoinTask.java:373) ~[?:?]
	at java.util.concurrent.ForkJoinPool$WorkQueue.topLevelExec(ForkJoinPool.java:1182) ~[?:?]
	at java.util.concurrent.ForkJoinPool.scan(ForkJoinPool.java:1655) ~[?:?]
	at java.util.concurrent.ForkJoinPool.runWorker(ForkJoinPool.java:1622) ~[?:?]
	at java.util.concurrent.ForkJoinWorkerThread.run(ForkJoinWorkerThread.java:165) ~[?:?]
[04:38:24] [Render thread/INFO]: Backend library: LWJGL version 3.3.1 build 7
[04:38:24] [ForkJoinPool.commonPool-worker-1/ERROR]: Could not find parent kotlin/jvm/internal/Lambda for class gg/essential/elementa/components/UIImage$2$1 in classloader jdk.internal.loader.ClassLoaders$AppClassLoader@60f82f98 on thread Thread[ForkJoinPool.commonPool-worker-1,5,main]
[04:38:24] [ForkJoinPool.commonPool-worker-1/ERROR]: An error occurred building event handler
java.lang.ClassNotFoundException: kotlin.jvm.internal.Lambda
	at jdk.internal.loader.BuiltinClassLoader.loadClass(BuiltinClassLoader.java:641) ~[?:?]
	at jdk.internal.loader.ClassLoaders$AppClassLoader.loadClass(ClassLoaders.java:188) ~[?:?]
	at java.lang.ClassLoader.loadClass(ClassLoader.java:525) ~[?:?]
	at net.minecraftforge.eventbus.EventSubclassTransformer.buildEvents(EventSubclassTransformer.java:97) ~[eventbus-6.0.5.jar:?]
	at net.minecraftforge.eventbus.EventSubclassTransformer.transform(EventSubclassTransformer.java:48) ~[eventbus-6.0.5.jar:?]
	at net.minecraftforge.eventbus.EventBusEngine.processClass(EventBusEngine.java:26) ~[eventbus-6.0.5.jar:?]
	at net.minecraftforge.eventbus.service.ModLauncherService.processClassWithFlags(ModLauncherService.java:32) ~[eventbus-6.0.5.jar:6.0.5+6.0.5+master.eb8e549b]
	at cpw.mods.modlauncher.LaunchPluginHandler.offerClassNodeToPlugins(LaunchPluginHandler.java:88) ~[modlauncher-10.0.9.jar:?]
	at cpw.mods.modlauncher.ClassTransformer.transform(ClassTransformer.java:120) ~[modlauncher-10.0.9.jar:?]
	at cpw.mods.modlauncher.TransformingClassLoader.maybeTransformClassBytes(TransformingClassLoader.java:50) ~[modlauncher-10.0.9.jar:?]
	at cpw.mods.cl.ModuleClassLoader.readerToClass(ModuleClassLoader.java:113) ~[securejarhandler-2.1.10.jar:?]
	at cpw.mods.cl.ModuleClassLoader.lambda$findClass$15(ModuleClassLoader.java:219) ~[securejarhandler-2.1.10.jar:?]
	at cpw.mods.cl.ModuleClassLoader.loadFromModule(ModuleClassLoader.java:229) ~[securejarhandler-2.1.10.jar:?]
	at cpw.mods.cl.ModuleClassLoader.findClass(ModuleClassLoader.java:219) ~[securejarhandler-2.1.10.jar:?]
	at cpw.mods.cl.ModuleClassLoader.loadClass(ModuleClassLoader.java:135) ~[securejarhandler-2.1.10.jar:?]
	at java.lang.ClassLoader.loadClass(ClassLoader.java:525) ~[?:?]
	at gg.essential.elementa.components.UIImage$2.invoke(UIImage.kt:62) ~[?:?]
	at gg.essential.elementa.components.UIImage$2.invoke(UIImage.kt:47) ~[?:?]
	at gg.essential.elementa.components.UIImage._init_$lambda$1(UIImage.kt:47) ~[?:?]
	at java.util.concurrent.CompletableFuture$UniAccept.tryFire(CompletableFuture.java:718) ~[?:?]
	at java.util.concurrent.CompletableFuture$Completion.exec(CompletableFuture.java:483) ~[?:?]
	at java.util.concurrent.ForkJoinTask.doExec(ForkJoinTask.java:373) ~[?:?]
	at java.util.concurrent.ForkJoinPool$WorkQueue.topLevelExec(ForkJoinPool.java:1182) ~[?:?]
	at java.util.concurrent.ForkJoinPool.scan(ForkJoinPool.java:1655) ~[?:?]
	at java.util.concurrent.ForkJoinPool.runWorker(ForkJoinPool.java:1622) ~[?:?]
	at java.util.concurrent.ForkJoinWorkerThread.run(ForkJoinWorkerThread.java:165) ~[?:?]
[04:38:24] [Render thread/INFO]: Loaded client.properties
[04:38:24] [Render thread/WARN]: Applying workaround: Prevent the NVIDIA OpenGL driver from using broken optimizations (NVIDIA_THREADED_OPTIMIZATIONS)
[04:38:24] [Render thread/ERROR]: Mod mixin into Embeddium internals detected. This instance is now tainted. The Embeddium team does not provide any guarantee of support for issues encountered while such mods are installed.
[04:38:24] [Render thread/WARN]: Mod(s) [oculus] are modifying Embeddium class me.jellysquid.mods.sodium.client.gui.SodiumGameOptions, which may cause instability.
[04:38:24] [Render thread/INFO]: OpenGL Vendor: NVIDIA Corporation
[04:38:24] [Render thread/INFO]: OpenGL Renderer: NVIDIA GeForce RTX 4090/PCIe/SSE2
[04:38:24] [Render thread/INFO]: OpenGL Version: 4.6.0 NVIDIA 596.49
[04:38:24] [Render thread/WARN]: Enabling secondary workaround for NVIDIA threaded optimizations
[04:38:24] [DefaultDispatcher-worker-3/INFO]: Connecting to Essential Connection Manager...
[04:38:24] [Render thread/INFO]: Initializing ImmediatelyFast 1.5.2+1.20.4 on NVIDIA GeForce RTX 4090/PCIe/SSE2 (NVIDIA Corporation) with OpenGL 4.6.0 NVIDIA 596.49
[04:38:24] [Render thread/INFO]: Found Iris/Oculus 1.8.0. Enabling compatibility.
[04:38:24] [DefaultDispatcher-worker-3/INFO]: Using Default JreDnsResolver
[04:38:24] [DefaultDispatcher-worker-3/INFO]: Using Default JreSocketFactory
[04:38:24] [Render thread/INFO]: Debug functionality is disabled.
[04:38:24] [Render thread/INFO]: OpenGL 4.5 detected, enabling DSA.
[04:38:24] [Render thread/INFO]: Shaders are disabled because enableShaders is set to false in iris.properties
[04:38:24] [Render thread/INFO]: Shaders are disabled
[04:38:25] [WebSocketConnectReadThread-106/INFO]: Connected to Essential Connection Manager.
[04:38:25] [modloading-worker-0/INFO]: Hello 1.20.1 Create!
[04:38:25] [modloading-worker-0/INFO]: [LMFT]: Loaded Config File!
[04:38:25] [modloading-worker-0/WARN]: Mod(s) [oculus] are modifying Embeddium class me.jellysquid.mods.sodium.client.gui.SodiumOptionsGUI, which may cause instability.
[04:38:25] [modloading-worker-0/INFO]: Constructing common components for pickupnotifier:main
[04:38:25] [modloading-worker-0/WARN]: @Redirect conflict. Skipping watut.mixins.json:client.RenderPingIconInject->@Redirect::renderPingIcon(Lnet/minecraft/client/gui/components/PlayerTabOverlay;Lnet/minecraft/client/gui/GuiGraphics;IIILnet/minecraft/client/multiplayer/PlayerInfo;)V with priority 999, already redirected by betterpingdisplay.mixins.json:PlayerTabOverlayMixin->@Redirect::redirectRenderPingIcon(Lnet/minecraft/client/gui/components/PlayerTabOverlay;Lnet/minecraft/client/gui/GuiGraphics;IIILnet/minecraft/client/multiplayer/PlayerInfo;)V with priority 1000
[04:38:25] [modloading-worker-0/INFO]: Version is 3.0.7.1
[04:38:25] [modloading-worker-0/INFO]: Scanning classes for industrialforegoing
[04:38:25] [modloading-worker-0/WARN]: Static binding violation: PRIVATE @Overwrite method m_215924_ in modernfix-forge.mixins.json:perf.tag_id_caching.TagEntryMixin cannot reduce visibiliy of PUBLIC target method, visibility will be upgraded.
[04:38:25] [modloading-worker-0/INFO]: Found FeaturePluginInstance for class PatchouliPlugin for plugin patchouli
[04:38:25] [modloading-worker-0/INFO]: Found FeaturePluginInstance for class CuriosPlugin for plugin curios
[04:38:25] [modloading-worker-0/INFO]: Constructed class PatchouliPlugin for plugin patchouli for mod industrialforegoing
[04:38:25] [modloading-worker-0/INFO]: Constructed class CuriosPlugin for plugin curios for mod industrialforegoing
[04:38:25] [modloading-worker-0/INFO]: Executing phase CONSTRUCTION for plugin class PatchouliPlugin
[04:38:25] [modloading-worker-0/INFO]: Executing phase CONSTRUCTION for plugin class CuriosPlugin
[04:38:25] [modloading-worker-0/INFO]: Constructing client components for pickupnotifier:main
[04:38:25] [modloading-worker-0/INFO]: Executing phase PRE_INIT for plugin class PatchouliPlugin
[04:38:25] [modloading-worker-0/INFO]: Executing phase PRE_INIT for plugin class CuriosPlugin
[04:38:25] [modloading-worker-0/INFO]: Initializing platform helper for Advanced Netherite!
[04:38:25] [modloading-worker-0/INFO]: Create: Trading Floor initializing! Platform: Forge
[04:38:25] [modloading-worker-0/INFO]: Registering all Create: Trading Floor entries
[04:38:25] [modloading-worker-0/INFO]: Registering Particle Emitters for: Create: Trading Floor
[04:38:25] [modloading-worker-0/INFO]: Finished Initialisation For Mod: trading_floor
[04:38:25] [modloading-worker-0/INFO]: [ServerCore] Loaded V1.5.2+1.20.1!
[04:38:25] [modloading-worker-0/INFO]: Create cobblestone initializing on platform: Forge
[04:38:25] [modloading-worker-0/INFO]: Registering packets for Create cobblestone
[04:38:25] [modloading-worker-0/ERROR]: This mod cannot be used client-side
[04:38:25] [modloading-worker-0/INFO]: Registering S2C receiver with id architectury:sync_ids
[04:38:25] [modloading-worker-0/INFO]: [TRMT] Config loaded from C:\Users\windf\curseforge\minecraft\Instances\THE FORGOTTEN SMP\config\trmt.json
[04:38:26] [modloading-worker-0/INFO]: Registering C2S receiver with id architectury:sync_ids
[04:38:26] [modloading-worker-0/INFO]: Registering S2C receiver with id createcobblestone:generator_types_packet
[04:38:26] [modloading-worker-0/INFO]: [Indigo] Registering Indigo renderer!
[04:38:26] [modloading-worker-0/INFO]: Registering blocks for Create cobblestone
[04:38:26] [modloading-worker-0/INFO]: Hello from Corpse Curios Compat!
[04:38:26] [modloading-worker-0/INFO]: Registering blockEntities for Create cobblestone
[04:38:26] [modloading-worker-0/INFO]: Skipping LuckPerms init (not supported on the client!)
[04:38:26] [UniLib/INFO]: Starting version check for "unilib" (MC 1.20.1) at "https://raw.githubusercontent.com/CDAGaming/VersionLibrary/master/UniLib/update.json"
[04:38:26] [modloading-worker-0/INFO]: Forge mod loading, version 47.4.0, for MC 1.20.1 with MCP 20230612.114412
[04:38:26] [modloading-worker-0/INFO]: MinecraftForge v47.4.0 Initialized
[04:38:26] [modloading-worker-0/INFO]: [DRIPPY LOADING SCREEN] Loading v3.1.2 in client-side mode on FORGE!
[04:38:26] [UniLib/INFO]: Received update status for "unilib" -> Release (Target version: "")
[04:38:26] [modloading-worker-0/INFO]: Executing phase INIT for plugin class PatchouliPlugin
[04:38:26] [modloading-worker-0/INFO]: Executing phase INIT for plugin class CuriosPlugin
[04:38:26] [modloading-worker-0/INFO]: Processing 3 KiwiModule annotations
[04:38:26] [modloading-worker-0/INFO]: [yalter.mousetweaks.Logger:Log:6]: [Mouse Tweaks] Main.initialize()
[04:38:26] [modloading-worker-0/INFO]: Executing phase POST_INIT for plugin class PatchouliPlugin
[04:38:26] [modloading-worker-0/INFO]: Executing phase POST_INIT for plugin class CuriosPlugin
[04:38:26] [modloading-worker-0/INFO]: [yalter.mousetweaks.Logger:Log:6]: [Mouse Tweaks] Initialized.
[04:38:26] [modloading-worker-0/INFO]: Necronomicon Initialized
[04:38:26] [modloading-worker-0/INFO]: File exists, reading config for elocindev.necronomicon.NecronomiconConfig.
[04:38:26] [modloading-worker-0/INFO]: Config for elocindev.necronomicon.NecronomiconConfig read successfully.
[04:38:26] [modloading-worker-0/INFO]: there is a brick about to fall through your roof at terminal velocity
[04:38:26] [modloading-worker-0/INFO]: there is a brick about to fall through your roof at terminal velocity
[04:38:26] [modloading-worker-0/INFO]: Loading EntityJS-Liopyu
[04:38:26] [modloading-worker-0/INFO]: Loaded common.properties
[04:38:26] [modloading-worker-0/INFO]: Loaded dev.properties
[04:38:26] [modloading-worker-0/INFO]: Registering C2S receiver with id createrailwaysnavigator:crn_network/24de284ed1a534cfb2664200bfb3b1e3
[04:38:26] [modloading-worker-0/INFO]: Registering S2C receiver with id createrailwaysnavigator:crn_network/24de284ed1a534cfb2664200bfb3b1e3
[04:38:26] [modloading-worker-0/INFO]: Registering C2S receiver with id createrailwaysnavigator:crn_network/b977ce0284d33fc79f13f0af88be87d7
[04:38:26] [modloading-worker-0/INFO]: Registering S2C receiver with id createrailwaysnavigator:crn_network/b977ce0284d33fc79f13f0af88be87d7
[04:38:26] [modloading-worker-0/INFO]: [SPIFFY HUD] Loading v3.1.2 in client-side mode on FORGE!
[04:38:26] [modloading-worker-0/INFO]: Visuality has initialized, have fun with more particles!
[04:38:27] [modloading-worker-0/INFO]: AddonsLib Forge !
[04:38:27] [modloading-worker-0/INFO]: Constructing common components for puzzleslib:main
[04:38:27] [modloading-worker-0/INFO]: Initializing Easy NPC (Forge) ...
[04:38:27] [modloading-worker-0/INFO]: ? Register Easy NPC: Core Debug Manager ...
[04:38:27] [modloading-worker-0/INFO]: ? Register Easy NPC: Core Constants ...
[04:38:27] [modloading-worker-0/INFO]: ? Register Easy NPC: Core Configuration ...
[04:38:27] [modloading-worker-0/INFO]: Constructing client components for puzzleslib:main
[04:38:27] [modloading-worker-0/INFO]: [Config] Updated configuration path to C:\Users\windf\curseforge\minecraft\Instances\THE FORGOTTEN SMP\config\easy_npc
[04:38:27] [modloading-worker-0/INFO]: [Config] Registering common configuration ...
[04:38:27] [modloading-worker-0/INFO]: [Config] Render Entity Type Support Configuration

 Please note that this configuration file only includes confirmed entity types.
 If an entity type is not listed here, it doesn't mean it's automatically supported or unsupported!
 is up to date: {simple_mobs:whisperer_stem_2=true, immersive_weathering:falling_layer=false, irons_spellbooks:frozen_humanoid=false, alexsmobs:snow_leopard=true, kobolds:kobold_pirate=true, orcz:orcsavageweird=true, hunterillager:boomerang=false, irons_spellbooks:archevoker=true, simple_mobs:rumble=false, simple_mobs:notch_punch=true, bloodandmadness:call_beyond=false, bloodandmadness:church_doctor_lantern=true, irons_spellbooks:catacombs_zombie=true, simple_mobs:sword_auto_2=true, simple_mobs:morgott=true, simple_mobs:staff_usage=false, savage_and_ravage:trickster=true, alexsmobs:endergrade=true, minecraft:horse=true, simple_mobs:elemental_shield=true, alexsmobs:sand_shot=false, blue_skies:venom_spider=true, simple_mobs:losteyeproj=true, simple_mobs:laser_2=true, goblinsanddungeons:garch=true, simple_mobs:rat_small=true, minecraft:llama=true, biomemakeover:lightning_bottle=false, quark:soul_bead=false, restored_earth:rainbow_sheep=true, cataclysm:ender_guardian=true, minecraft:enderman=true, kobolds:kobold_skeleton=true, bygonenether:piglin_hunter=true, illageandspillage:imp=false, aquamirae:maw=true, biomemakeover:scuttler=true, infernalexp:throwable_brick=false, minecraft:shulker_bullet=false, bygonenether:wex=true, biomemakeover:moth=true, untamedwilds:aardvark=true, cataclysm:cm_falling_block=false, alexsmobs:hammerhead_shark=true, simple_mobs:u_gone=true, biomemakeover:blightbat=false, alexsmobs:grizzly_bear=true, untamedwilds:boar=true, simple_mobs:ice_dragon_breath=true, infernalexp:throwable_nether_brick=false, blue_skies:firefly=true, twigs:pebble=false, moretotems:summoned_zombie=false, simple_mobs:dragon_lord=true, bygonenether:warped_enderman=true, simple_mobs:herobrine=true, simple_mobs:goblo=true, bloodandmadness:augur_of_ebrietas=false, simple_mobs:skeletonlord=true, irons_spellbooks:fireball=false, majruszsdifficulty:cerberus=true, simple_mobs:twins_stone=true, goblintraders:vein_goblin_trader=true, untamedwilds:opossum=true, restored_earth:melon_golem=true, simple_mobs:elemental_deity=true, netherskeletons:crimson_skeleton=true, goblinsanddungeons:gob=true, kobolds:kobold_enchanter=true, quark:pickarang=false, minecraft:mooshroom=true, simple_mobs:corrupted_ogre=true, cloudstorage:balloon_cargo=false, cataclysm:ashen_breath=false, minecraft:villager=true, smallships:cog=false, simple_mobs:sphere=true, simple_mobs:elemental_grab=true, dannys_expansion:monstrous_scorpion=true, orcz:orcsavagemace=true, lilwings:grayling_butterfly=true, ba_bt:nether_obelisk=false, bloodandmadness:church_doctor_flamesprayer=true, blue_skies:snow_owl=true, minecraft:axolotl=true, botania:doppleganger=false, dannys_expansion:squig_bubble=false, biomemakeover:lightning_bug=true, irons_spellbooks:summoned_vex=true, minecraft:tnt=false, supplementaries:pearl_marker=false, alexsmobs:gorilla=true, ob_core:ancient_paladin=true, simple_mobs:grabbed=true, ba_bt:end_monolith=false, botania:magic_missile=false, blue_skies:boss_item=false, simple_mobs:cultist=true, create:contraption=false, quark:crab=true, progressivebosses:larva=true, simple_mobs:cave_golem=true, kobolds:kobold_warrior=true, lootr:lootr_minecart=false, minecraft:arrow=false, untamedwilds:shark=true, minecraft:chest_minecart=false, alexsmobs:cosmic_cod=false, epicfight:forbidden_strength_orb=false, blue_skies:starlit_crusher=true, untamedwilds:giant_clam=true, blue_skies:venom_bomb=false, ba_bt:nether_monolith=false, simple_mobs:dragon_smoke=false, biomemakeover:decayed=true, epicfight:wither_skeleton_minion=true, alexsmobs:enderiophage_rocket=false, simple_mobs:korok_5_balloon=true, alexsmobs:kangaroo=true, sword_soaring:rain_cutter_sword=false, blue_skies:polargeist=true, simple_mobs:darkwerewolf=true, creeperoverhaul:spruce_creeper=true, ecologics:coconut_crab=true, bosses_of_mass_destruction:charged_ender_pearl=false, wom:antitheus_darkness=false, simple_mobs:shadow_clone=true, simple_mobs:gryphon=true, alexsmobs:hummingbird=true, mowziesmobs:rock_sling=false, mutantmonsters:mutant_zombie=true, blue_skies:stonelet=true, alexsmobs:cockroach_egg=false, biomemakeover:rootling=true, simple_mobs:martian=true, difficultraids:tank_illager=true, undead_revamp2:theordure=true, minecraft:armor_stand=false, alexsmobs:crow=true, friendsandfoes:mauler=true, simple_mobs:sentinel_knight=true, mowziesmobs:dart=false, bloodandmadness:church_doctor_scythe=true, blue_skies:shrumpty=true, blue_skies:decaying_spike=false, enlightened_end:stalker=true, alexsmobs:guster=true, botania:babylon_weapon=false, simple_mobs:whisperer_stem=true, mutantmonsters:endersoul_fragment=false, ba_bt:platinum_skeleton=true, infernalexp:shroomloin=true, restored_earth:muddy_pig=true, ad_astra:tier_3_rocket=false, the_bumblezone:cosmic_crystal_entity=false, supplementaries:falling_urn=false, irons_spellbooks:magehunter_vindicator=true, minecraft:chicken=true, mowziesmobs:falling_block=false, alexsmobs:giant_squid=true, minecraft:zombie=true, dawncraft:quest_player=false, bloodandmadness:cloaked_beast_patient=true, alexsmobs:emu=true, the_bumblezone:sentry_watcher=false, tinyskeletons:baby_stray=true, difficultraids:nuaos_elite=true, blue_skies:frost_spirit=false, supplementaries:bomb=false, alexsmobs:flutter=true, minecraft:hoglin=true, illageandspillage:spirit_hand=true, ecologics:camel=true, untamedwilds:spadefish=true, minecraft:trident=false, ba_bt:sky_obelisk=false, minecraft:zombified_piglin=true, illageandspillage:boss_randomizer=true, habitat:pooka=true, simple_mobs:omen_clone=true, mowziesmobs:boulder_platform=false, minecraft:sheep=true, minecraft:ender_dragon=false, alexsmobs:mosquito_spit=false, simple_mobs:manuel_poky=true, bloodandmadness:church_doctor=true, minecraft:item_frame=false, minecraft:vex=true, bloodandmadness:bullet=false, create:carriage_contraption=false, quark:foxhound=true, ba_bt:end_golem=true, majruszsdifficulty:giant=true, orcz:savageorciron=true, untamedwilds:manatee=true, difficultraids:frost_illager=true, simple_mobs:flame_ball_player=true, savage_and_ravage:ice_cloud=false, minecraft:minecart=false, untamedwilds:spit=false, minecraft:dragon_fireball=false, minecraft:skeleton=true, infernalexp:throwable_magma_cream=false, simple_mobs:fire_dragon=true, simple_mobs:staff_interact=false, alexsmobs:raccoon=true, simple_mobs:spiritnick=true, simple_mobs:first_twin=true, minecraft:ravager=true, alexsmobs:bone_serpent=true, darkersouls:wind_no_collision=false, simple_mobs:ogre=true, simple_mobs:ball=true, blue_skies:charscale_moki=true, simple_mobs:bright_elemental=true, simple_mobs:souls_summon_2=true, restored_earth:bone_spider=true, minecraft:shulker=true, minecraft:hopper_minecart=false, friendsandfoes:ice_chunk=false, mowziesmobs:pillar=false, dannys_expansion:hollowlet=true, restored_earth:skeleton_wolf=true, ba_bt:ocean_obelisk=false, irons_spellbooks:poison_splash=false, creeperoverhaul:beach_creeper=true, alexsmobs:crimson_mosquito=true, tinyskeletons:baby_skeleton=true, undead_revamp2:thebidy=true, simple_mobs:griffingrab=true, simple_mobs:multipartbody=true, undead_revamp2:the_moonflower=true, minecraft:tnt_minecart=false, bloodandmadness:father_gascoigne=true, dannys_expansion:klifour_spit=false, infernalexp:blackstone_dwarf=true, creeperoverhaul:hills_creeper=true, alexsmobs:jerboa=true, lilwings:red_applefly_butterfly=true, simple_mobs:gob=true, simple_mobs:shadow=true, lilwings:white_fox_butterfly=true, minecraft:furnace_minecart=false, habitat:boat=false, dannys_expansion:foamspring=true, alexsmobs:comb_jelly=true, minecraft:evoker_fangs=false, simple_mobs:herobrine_fear=true, quark:stool=false, dannys_expansion:squig=true, blue_skies:sliv=true, orcz:orcirongroupleader=true, cloudstorage:badloon=true, infernalexp:voline=true, creeperoverhaul:bamboo_creeper=true, simple_mobs:blackmarketvillager=true, orcz:wither_strikeringcustom=false, cloudstorage:bloviator=true, minecraft:blaze=true, undead_revamp2:thehorrors=true, bloodandmadness:church_doctor_pistol=true, infernalexp:glowsquito=true, cataclysm:wall_watcher=false, alexsmobs:enderiophage=true, minecraft:egg=false, alexsmobs:sunbird=true, frostiful:thrown_icicle=false, cataclysm:blazing_bone=false, ba_bt:end_obelisk=false, ad_astra:tier_1_rover=false, simple_mobs:lost_eye_ogre=true, majruszsdifficulty:cursed_armor=false, simple_mobs:sword_auto=true, dannys_expansion:test_dummy=false, netherskeletons:skelly_ghast=true, minecraft:text_display=false, dannys_expansion:hollow_armor=true, minecraft:cat=true, meetyourfight:bellringer=true, blue_skies:gatekeeper=true, minecraft:tropical_fish=true, simple_mobs:ninja=true, simple_mobs:fire_giant=true, illageandspillage:soul_beam=false, bygonenether:wither_skeleton_horse=true, simple_mobs:fire_dragon_grab=true, blue_skies:nested_spider=true, simple_mobs:shade=true, untamedwilds:snake=true, minecraft:zombie_villager=true, simple_mobs:ice_dragon_ambient=true, alexsmobs:froststalker=true, simple_mobs:guardian_eye=true, minecraft:giant=true, botania:pool_minecart=false, alexsmobs:lobster=true, alexsmobs:seagull=true, mowziesmobs:lantern=true, untamedwilds:hippo=true, minecraft:end_crystal=false, minecraft:experience_bottle=false, minecraft:glow_squid=true, simple_mobs:ent=true, goblinsanddungeons:goblo=true, aquamirae:tortured_soul=true, difficultraids:frost_snowball=false, mowziesmobs:pillar_piece=false, creeperoverhaul:cave_creeper=true, wildbackport:warden=true, blue_skies:artificial_golem=true, mowziesmobs:block_swapper_sculptor=false, quark:glass_frame=false, braincell:boat=false, restored_earth:tropical_slime=false, ba_bt:explosion_physics=false, minecraft:husk=true, ba_bt:nether_golem=true, monsterplus:mother_lava_squid=true, undead_revamp2:axestrom=true, bosses_of_mass_destruction:gauntlet=true, humancompanions:arbalist=true, netherskeletons:nether_skeleton=true, minecraft:cave_spider=true, simple_mobs:toxic_goop=true, simple_mobs:getsuga_65=true, simple_mobs:herobrine_spike_2=true, simple_mobs:herobrine_spike_1=true, mowziesmobs:umvuthana=true, simple_mobs:fireball=true, savage_and_ravage:skeleton_villager=true, simple_mobs:barbarian_3=true, simple_mobs:barbarian_4=true, simple_mobs:projecttest=false, simple_mobs:cloaked_villager=true, mowziesmobs:frozen_controller=false, cloudstorage:balloon_tie=false, minecraft:donkey=true, alexsmobs:emu_egg=false, simple_mobs:asharmor_ice=true, untamedwilds:newt=true, minecraft:area_effect_cloud=false, ba_bt:bt_cultist=true, mowziesmobs:umvuthana_crane_player=true, simple_mobs:gemspike=true, frostiful:packed_snowball=false, mutantmonsters:mutant_skeleton=true, untamedwilds:hyena=true, ba_bt:land_golem=true, minecraft:piglin_brute=true, friendsandfoes:copper_golem=true, aquamirae:golden_moth=true, monsterplus:spectral_skeleton=true, simple_mobs:barbarian_1=true, simple_mobs:raiddetectwitch=true, dannys_expansion:floam=true, simple_mobs:barbarian_2=true, kobolds:kobold_child=true, orcz:goblincammo=true, simple_mobs:solar_pixel=true, minecraft:player=false, alexsmobs:hemolymph=false, bosses_of_mass_destruction:void_blossom=true, infernalexp:warpbeetle=true, create:stationary_contraption=false, alexsmobs:frilled_shark=true, alexsmobs:ice_shard=false, alexsmobs:bald_eagle=true, netherskeletons:soul_skeleton=true, untamedwilds:baleen_whale=true, alexsmobs:blobfish=true, sword_soaring:sword=false, ecologics:squirrel=true, simple_mobs:sprout=true, ae2:tiny_tnt_primed=false, simple_mobs:shogunate_ghost=true, alexsmobs:void_worm=true, untamedwilds:tarantula=true, ba_bt:land_obelisk=false, minecraft:guardian=true, minecraft:parrot=true, aquamirae:spinefish=true, epicfight:dodge_left=false, monsterplus:overgrown_skeleton=true, untamedwilds:rhino=true, alexsmobs:centipede_head=true, create:super_glue=false, simple_mobs:goop_spit=true, handcrafted:seat=false, creeperoverhaul:desert_creeper=true, botania:thorn_chakram=false, minecraft:iron_golem=true, simple_mobs:josslyn_mc=true, botania:pixie=false, restored_earth:bouldering_zombie=true, simple_mobs:dragging_spell=true, mutantmonsters:mutant_creeper=true, savage_and_ravage:griefer=true, savage_and_ravage:iceologer=true, biomemakeover:tadpole=true, blue_skies:emberback=true, simple_mobs:hobgob=true, alexsmobs:bunfungus=true, orcz:orcshieldiron=true, graveyard:skull=false, monsterplus:lava_squid=true, simple_mobs:roar=true, biomemakeover:lightning_bug_alternate=true, minecraft:mule=true, the_bumblezone:thrown_stinger_spear=false, minecraft:vindicator=true, simple_mobs:spikes=true, alexsmobs:flying_fish=true, dannys_expansion:ghoul=true, majruszsdifficulty:tank=true, minecraft:slime=false, creeperoverhaul:mushroom_creeper=true, monsterplus:glow_skeleton=true, quark:forgotten=true, irons_spellbooks:spectral_hammer=false, swampier_swamps:swamp_gas=false, cataclysm:nameless_sorcerer=true, cataclysm:endermaptera=true, graveyard:ghouling=false, restored_earth:moolip=true, untamedwilds:spitter=true, irons_spellbooks:debug_wizard=true, humancompanions:archer=true, simple_mobs:air=true, orcz:squig=true, minecraft:firework_rocket=false, blue_skies:horizofin_tunid=true, irons_spellbooks:spectral_steed=true, netherskeletons:charred_skeleton=true, untamedwilds:sawfish=true, untamedwilds:large_snake=true, minecraft:spawner_minecart=false, simple_mobs:nine_tails=true, humancompanions:knight=true, undead_revamp2:thespitter=true, blueprint:boat=false, botania:spark=false, creeperoverhaul:badlands_creeper=true, creeperoverhaul:snowy_creeper=true, simple_mobs:notch_grab=true, simple_mobs:blackhole=true, alexsmobs:terrapin=true, aquamirae:luminous_jelly=true, simple_mobs:herobrinese_3=true, simple_mobs:herobrinese_2=true, ba_bt:core_monolith=false, simple_mobs:giant_skele=true, simple_mobs:wind=true, simple_mobs:lightning_dragon=true, minecraft:witch=true, piglinproliferation:piglin_alchemist=true, restored_earth:jolly_llama=true, ad_astra:tier_2_rocket=false, minecraft:pig=true, meetyourfight:dame_fortuna=true, alexsmobs:alligator_snapping_turtle=true, moretotems:summoned_bee=false, creeperoverhaul:swamp_creeper=true, bosses_of_mass_destruction:obsidilith=true, simple_mobs:gael_wraith_target=true, darkersouls:nameless_king_summons=false, simple_mobs:souls_summon=true, blue_skies:nyctofly=false, blue_skies:diophyde_prowler=true, dannys_expansion:desertic_slime=true, blue_skies:infested_swarmer=true, minecraft:item=false, minecraft:cod=true, undead_revamp2:theswarmer=true, humancompanions:axeguard=true, irons_spellbooks:fire_field=false, blue_skies:cosmic_fox=true, alexsmobs:platypus=true, minecraft:skeleton_horse=true, illageandspillage:magispeller=true, minecraft:cow=true, alexsmobs:rocky_roller=true, minecraft:potion=false, alexsmobs:soul_vulture=true, ba_bt:core_golem=true, minecraft:salmon=true, bloodandmadness:huntsman_axe=true, cataclysm:ignis=true, mowziesmobs:naga=true, goblinsanddungeons:falling_block=false, undead_revamp2:bomber=true, bloodandmadness:gascoigne_beast=true, alexsmobs:anteater=true, mowziesmobs:ferrous_wroughtnaut=true, simple_mobs:caped_minotaur=true, simple_mobs:lightning_spear=false, simple_mobs:claw_mark=true, blue_skies:crynocerous=true, minecraft:rabbit=true, blue_skies:strange_lightning=false, minecraft:pillager=true, the_bumblezone:electric_ring_entity=false, epicfight:dropped_nether_star=false, quark:skull_pike=false, minecraft:zoglin=true, ecologics:boat=false, savage_and_ravage:creepie=true, untamedwilds:terror_bird=true, simple_mobs:ensnared_soul=true, simple_mobs:sentinel_flash=true, minecraft:fishing_bobber=false, corpse:corpse=false, orcz:orcshield=true, alexsmobs:leafcutter_ant=true, undead_revamp2:thehorrorsdecoys=true, simple_mobs:notch_sit=true, kobolds:kobold_zombie=true, simple_mobs:ground_spike=false, simple_mobs:ppx=true, quest_giver:quest_guard_villager=true, simple_mobs:second_twin=true, the_bumblezone:dirt_pellet=false, aquamirae:captain_cornelia=true, simple_mobs:samurai_placeholder=true, minecraft:fireball=false, creeperoverhaul:jungle_creeper=true, dannys_expansion:foamcaster=true, simple_mobs:skeleton_demon=true, aquamirae:maze_rose=false, irons_spellbooks:cryomancer=true, illageandspillage:dispenser=true, monsterplus:crystal_clump=false, wildbackport:tadpole=true, ba_bt:ocean_destruction=false, minecraft:snowball=false, simple_mobs:herobrine_flash=true, undead_revamp2:thesmoker=true, simple_mobs:barrel_man=true, cataclysm:ignited_revenant=true, monsterplus:abyssologer=true, untamedwilds:bison=true, simple_mobs:elemental_chain=false, illageandspillage:spiritcaller=true, simple_mobs:lightning_dragon_ambient=true, sword_soaring:rain_screen_sword=false, techreborn:nuke=false, goblinsanddungeons:ogre=true, simple_mobs:merlin_1306=true, bloodandmadness:red_jewel=false, alexsmobs:gazelle=true, dawncraft:knight_player=true, dannys_expansion:arrow=false, simple_mobs:dragon_lightning_breath=true, untamedwilds:catfish=true, minecraft:small_fireball=false, ba_bt:ocean_monolith=false, biomemakeover:ghost=true, supplementaries:falling_ash=false, mowziesmobs:umvuthana_follower_player=true, biomemakeover:owl=true, difficultraids:warrior_illager=true, undead_revamp2:crackleball=true, monsterplus:bloody_slash=false, undead_revamp2:thehunter=true, alexsmobs:centipede_tail=false, dannys_expansion:mundane_slime=false, blue_skies:seed_bomb=false, botania:ender_air=false, dannys_expansion:goblin=true, lilwings:crystal_puff_butterfly=true, alexsmobs:seal=true, cloudstorage:balloon=false, alexsmobs:laviathan=true, alexsmobs:roadrunner=true, minecraft:trader_llama=true, simple_mobs:cave_blockhead=true, orcz:goblin_2sword=true, untamedwilds:monitor=true, orcz:decaystrikecustom=false, simple_mobs:spawn_protect=true, irons_spellbooks:necromancer=true, blue_skies:supporter_pet=true, goblintraders:goblin_trader=true, simple_mobs:goom=true, undead_revamp2:thepregnant=true, mutantmonsters:mutant_snow_golem=true, bosses_of_mass_destruction:soul_star=false, orcz:orcsavage_2sword=true, the_bumblezone:purple_spike_entity=false, alexsmobs:maned_wolf=true, mimic:mimic=true, aquamirae:poisoned_chakra=false, mutantmonsters:creeper_minion_egg=false, infernalexp:embody=true, minecraft:dolphin=true, frostiful:freezing_wind=false, simple_mobs:imp_guard=true, alexsmobs:gelada_monkey=true, friendsandfoes:iceologer=true, untamedwilds:triggerfish=true, infernalexp:blindsight=true, immersive_weathering:falling_icicle=false, blue_skies:azulfo=true, alexsmobs:dropbear=true, blue_skies:reindeer=true, alexsmobs:tiger=true, monsterplus:crystal_zombie=true, undead_revamp2:slaveman=true, blue_skies:ent_root=false, friendsandfoes:moobloom=true, handcrafted:fancy_painting=false, minecraft:creeper=true, simple_mobs:wither_ray=true, minecraft:bee=true, alexsmobs:devils_hole_pupfish=true, biomemakeover:toad=true, habitat:kabloom_fruit=false, dannys_expansion:ice_spike=false, orcz:goblinsavagemace=true, minecraft:illusioner=true, netherskeletons:warped_skeleton=true, guardvillagers:guard=true, restored_earth:cluckshroom=true, difficultraids:xydrax_elite=true, undead_revamp2:thebeartamer=true, simple_mobs:knight=true, irons_spellbooks:poison_breath=false, simple_mobs:ghostprojectile=true, alexsmobs:bison=true, simple_mobs:herobrine_follower=true, botania:magic_landmine=false, mowziesmobs:foliaath=true, mowziesmobs:frostmaw=true, minecraft:drowned=true, friendsandfoes:glare=true, quark:totem=false, bloodandmadness:blossomed_eye=false, ba_bt:land_destruction=false, botania:ender_air_bottle=false, simple_mobs:korok_1=true, simple_mobs:korok_2=true, simple_mobs:korok_3=true, simple_mobs:korok_4=true, simple_mobs:korok_5=true, supplementaries:falling_sack=false, untamedwilds:football_fish=true, alexsmobs:void_portal=false, kobolds:kobold_captain=true, create:crafting_blueprint=false, simple_mobs:dragon_lord_stone=true, infernalexp:glowsilk_moth=false, alexsmobs:tusklin=true, minecraft:strider=true, smallships:brigg=false, simple_mobs:tiny_necromancer=true, orcz:orcsavagegroupleader=true, the_bumblezone:pollen_puff=false, bloodandmadness:binding_spell=false, minecraft:wither=true, simple_mobs:minotaur=true, wom:enderblast=false, undead_revamp2:thespectre=true, simple_mobs:shielded_skeleton=true, goblinsanddungeons:goom=true, minecraft:wandering_trader=true, biomemakeover:mushroom_trader=true, simple_mobs:damaginglaser=true, minecraft:wither_skeleton=true, simple_mobs:protector=true, blue_skies:grittle_flatfish=true, difficultraids:voldon_elite=true, conjurer_illager:conjurer=true, bosses_of_mass_destruction:comet=false, simple_mobs:imp_bomb=true, irons_spellbooks:shield=false, biomemakeover:adjudicator_mimic=true, minecraft:elder_guardian=true, cataclysm:netherite_monstrosity=true, undead_revamp2:therod=true, untamedwilds:king_crab=true, monsterplus:opalescent_eye=false, simple_mobs:woodenday=true, simple_mobs:shield_element=true, illageandspillage:illager_soul=true, untamedwilds:big_cat=true, the_bumblezone:bee_stinger=false, simple_mobs:vampire=true, blue_skies:spewter=true, mowziesmobs:umvuthana_raptor=true, majruszsdifficulty:creeperling=true, simple_mobs:notch_boss=true, lilwings:butter_gold_butterfly=true, netherskeletons:crying_obby_skeleton=true, botania:mana_burst=false, bloodandmadness:church_doctor_crucifix=true, quark:gravisand=false, kobolds:kobold_rascal=true, terraform:boat=false, minecraft:pufferfish=true, minecraft:fox=true, minecraft:experience_orb=false, botania:thrown_item=false, untamedwilds:trevally=true, untamedwilds:whale_shark=true, orcz:savageorc=true, dannys_expansion:magma_slime=true, mowziesmobs:umvuthana_crane=true, ba_bt:sky_golem=true, restored_earth:fancy_chicken=true, bygonenether:warped_ender_pearl=false, minecraft:silverfish=true, alexsmobs:warped_toad=true, tinyskeletons:baby_wither_skeleton=true, simple_mobs:dark_elemental=true, dannys_expansion:klifour=true, blue_skies:seclam=true, alexsmobs:cockroach=true, dannys_expansion:ice_elemental=true, creeperoverhaul:savannah_creeper=true, irons_spellbooks:acid_orb=false, netherskeletons:basalt_skeleton=true, blue_skies:venom_spit=false, orcz:goblinshield=true, savage_and_ravage:spore_cloud=false, restored_earth:furnace_golem=true, botania:falling_star=false, hunterillager:hunterillager=true, blue_skies:municipal_monkfish=true, bloodandmadness:brainsucker=true, minecraft:boat=false, restored_earth:moobloom=true, alexsmobs:capuchin_monkey=true, alexsmobs:squid_grapple=false, blue_skies:shade_monitor=true, orcz:savagegoblin=true, alexsmobs:cachalot_echo=false, savage_and_ravage:burning_banner=false, minecraft:polar_bear=true, friendsandfoes:player_illusion=false, minecraft:phantom=false, illageandspillage:mob_spirit=true, ad_astra:tier_4_rocket=false, minecraft:turtle=true, blue_skies:ent_leaf=false, cataclysm:charge_watcher=false, quark:wraith=true, simple_mobs:monika_sunrise=true, lilwings:shroom_skipper_butterfly=true, alexsmobs:rattlesnake=true, goblinsanddungeons:hobgob=true, hexerei:broom=false, quest_giver:quest_villager=true, simple_mobs:moon_slash_2=true, ad_astra:space_painting=false, simple_mobs:fire_dragon_ambient=true, cloudstorage:balloon_buddy=true, simple_mobs:moon_slash_1=true, create:seat=false, difficultraids:electro_illager=true, lilwings:swamp_hopper_butterfly=true, minecraft:squid=true, restored_earth:lobber_zombie=true, infernalexp:ascus_bomb=false, dragonmounts:dragon_egg=false, alexsmobs:fly=true, ad_astra:lander=false, irons_spellbooks:dead_king=true, quark:shiba=true, simple_mobs:asharmor_fire=true, simple_mobs:tree_drain_particles=true, alexsmobs:straddler=true, blue_skies:arachnarch=true, alexsmobs:sea_bear=true, wildbackport:frog=true, alexsmobs:tossed_item=false, monsterplus:crystal_spikes=false, simple_mobs:lorde_rk=true, undead_revamp2:thewolf=true, ba_bt:land_monolith=false, mowziesmobs:umvuthana_follower_raptor=true, cataclysm:ender_golem=true, savage_and_ravage:ice_chunk=false, ba_bt:core_obelisk=false, supplementaries:red_merchant=true, undead_revamp2:thebidyupside=true, irons_spellbooks:healing_aoe=false, biomemakeover:adjudicator=true, orcz:goblinwerid=true, minecraft:painting=false, biomemakeover:cowboy=true, simple_mobs:imp_melee=true, frostiful:frost_spell=false, dummmmmmy:dummy_number=false, aquamirae:eel=true, savage_and_ravage:executioner=true, alexsmobs:orca=true, illageandspillage:faker=true, irons_spellbooks:dead_king_corpse=true, illageandspillage:twittollager=true, blue_skies:summoner=true, minecraft:bat=false, biomemakeover:stone_golem=true, alexsmobs:cosmaw=true, mowziesmobs:solar_beam=false, untamedwilds:wildebeest=true, bygonenether:corpor=true, dragonmounts:dragon=true, biomemakeover:tumbleweed=false, difficultraids:shaman_illager=true, bloodandmadness:celestial_emissary=true, simple_mobs:ibr_17eem_171=true, blue_skies:alchemist=true, simple_mobs:patronwerewolf=true, ad_astra:ice_spit=false, lilwings:swallow_tail_butterfly=true, bloodandmadness:ashen_blood_beast_patient=true, simple_mobs:gael_wraith=true, untamedwilds:bear=true, quark:parrot_egg=false, tumbleweed:tumbleweed=false, aquamirae:anglerfish=true, minecraft:magma_cube=false, biomemakeover:dragonfly=true, cataclysm:lava_bomb=false, minecraft:spider=true, alexsmobs:tasmanian_devil=true, blue_skies:stardust_ram=true, monsterplus:spike_countdown=false, alexsmobs:stradpole=true, mowziesmobs:super_nova=false, sophisticatedbackpacks:everlasting_backpack_item=false, ecologics:penguin=true, simple_mobs:wither_demon=true, mowziesmobs:ice_breath=false, bloodandmadness:flame=false, minecraft:panda=true, dawncraft:fallen=false, kobolds:kobold_engineer=true, lilwings:gold_applefly_butterfly=true, simple_mobs:imp_range=true, simple_mobs:monk=true, alexsmobs:moose=true, restored_earth:viler_witch=true, infernalexp:throwable_fire_charge=false, alexsmobs:shoebill=true, illageandspillage:igniter=true, blue_skies:spear=false, difficultraids:modur_elite=true, savage_and_ravage:rune_prison=false, alexsmobs:warped_mosco=true, difficultraids:dart_illager=true, alexsmobs:gust=false, orcz:decaystrike=true, irons_spellbooks:wall_of_fire=false, simple_mobs:bone=true, blue_skies:jelly_drifter=true, cataclysm:void_rune=false, irons_spellbooks:black_hole=false, orcz:witherstrikering=true, irons_spellbooks:void_tentacle=false, alexsmobs:komodo_dragon=true, savage_and_ravage:spore_bomb=false, aquamirae:maze_mother=true, minecraft:ghast=false, blue_skies:whistleshell_crab=true, dannys_expansion:cursed_skull=true, quark:stoneling=true, ob_core:hilda=true, minecraft:glow_item_frame=false, orcz:orcsavagemaceiron=true, simple_mobs:liver_cirrhosis=true, irons_spellbooks:summoned_polar_bear=true, simple_mobs:elemental_spawn=true, alexsmobs:straddleboard=false, simple_mobs:gael=true, simple_mobs:herobrinese=true, botania:mana_storm=false, alexsmobs:crocodile=true, quark:toretoise=true, simple_mobs:yes_im_david=true, simple_mobs:sentinel_slash=true, brutalbosses:thrownitem=false, simple_mobs:ice_dragon=true, bloodandmadness:beast_patient=true, quark:frog=true, minecraft:wither_skull=false, smallships:galley=false, difficultraids:necromancer_illager=true, minecraft:eye_of_ender=false, cataclysm:screen_shake=false, ad_astra:tier_1_rocket=false, minecraft:stray=true, minecraft:falling_block=false, orcz:spectre_squig=true, untamedwilds:sunfish=true, untamedwilds:tortoise=true, mutantmonsters:throwable_block=false, goblinsanddungeons:gobber=true, botania:flame_ring=false, cataclysm:void_shard=false, lilwings:aponi_butterfly=true, alexsmobs:mimicube=true, ba_bt:ocean_golem=true, undead_revamp2:sucker=true, supplementaries:falling_lantern=false, simple_mobs:shadow_mew_yt=true, supplementaries:dispenser_minecart=false, bloodandmadness:silverbeast=true, bygonenether:wither_skeleton_knight=true, simple_mobs:giant=true, simple_mobs:whisperer=true, goblinsanddungeons:mimic=true, irons_spellbooks:root=false, goblinsanddungeons:goblin_king=true, meetyourfight:swampjaw=false, simple_mobs:korok_intro=false, orcz:orcsavage_2swordiron=true, minecraft:ender_pearl=false, illageandspillage:crashager=true, untamedwilds:giant_salamander=true, infernalexp:basalt_giant=true, wildbackport:allay=true, dummmmmmy:target_dummy=false, alexsmobs:mimic_octopus=true, simple_mobs:rod_particles=true, irons_spellbooks:wisp=true, difficultraids:voldon_familiar=true, orcz:goblinsavagebomb=true, aquamirae:pillagers_patrol=false, cloudstorage:badloon_hand=false, simple_mobs:moss_golem=true, minecraft:evoker=true, alexsmobs:centipede_body=false, minecraft:leash_knot=false, bloodandmadness:skeletal_puppet=true, hexerei:crow=true, untamedwilds:butterfly=true, alexsmobs:tarantula_hawk=true, simple_mobs:gobber=true, simple_mobs:rat_mid=true, alexsmobs:cachalot_whale=true, botania:player_mover=false, simple_mobs:half_wither_demon=true, minecraft:endermite=true, simple_mobs:cave_dweller=true, untamedwilds:arowana=true, orcz:bigorcboss=true, creeperoverhaul:dark_oak_creeper=true, bosses_of_mass_destruction:petal_blade=false, simple_mobs:knight_4=true, simple_mobs:blood_splash_1=true, simple_mobs:blood_splash_2=true, simple_mobs:knight_2=true, simple_mobs:knight_3=true, quark:chest_passenger=false, savage_and_ravage:confusion_bolt=false, conjurer_illager:throwing_card=false, mowziesmobs:block_swapper=false, bloodandmadness:micolash=true, bosses_of_mass_destruction:lich=true, alexsmobs:anaconda=true, irons_spellbooks:summoned_zombie=true, ba_bt:sky_monolith=false, simple_mobs:multipartbody_2=true, blue_skies:fluctuant_sphere=false, cataclysm:flame_strike=false, mowziesmobs:grottol=true, simple_mobs:jungharam=true, blue_skies:crogre=true, simple_mobs:defeating_cube=true, kobolds:kobold=true, mowziesmobs:sunstrike=false, mowziesmobs:baby_foliaath=true, simple_mobs:fasttravelcircle=true, simple_mobs:summon_drag=true, bloodandmadness:call_beyond_aim_helper=false, minecraft:goat=true, mutantmonsters:mutant_enderman=true, blue_skies:ent_wall=false, illageandspillage:illashooter=true, untamedwilds:softshell_turtle=true, alexsmobs:mantis_shrimp=true, irons_spellbooks:blood_needle=false, simple_mobs:fire_drag_proj=true, ba_bt:sky_minion=true, bygonenether:wraither=true, mutantmonsters:spider_pig=true, dawncraft:ritual_item=false, alexsmobs:vine_lasso=false, enlightened_end:big_ringling=true, mowziesmobs:umvuthi=true, restored_earth:jumbo_rabbit=true, meetyourfight:swamp_mine=false, alexsmobs:toucan=true, bygonenether:piglin_prisoner=true, irons_spellbooks:comet=false, lilwings:painted_panther_butterfly=true, simple_mobs:samurai_5=true, irons_spellbooks:poison_cloud=false, untamedwilds:camel=true, habitat:passerine=true, simple_mobs:tracking_thunder=true, minecraft:snow_golem=true, restored_earth:wooly_cow=true, biomemakeover:glowfish=true, the_bumblezone:honey_crystal_shard=false, apexcore:seat=false, monsterplus:swamp_zombie=true, sword_soaring:stellar_sword=false, irons_spellbooks:pyromancer=true, minecraft:lightning_bolt=false, dannys_expansion:foamie=true, undead_revamp2:invisiblebidy=true, simple_mobs:sand_wyrm=true, simple_mobs:samurai_4=true, simple_mobs:samurai_1=true, simple_mobs:samurai_2=true, creeperoverhaul:dripstone_creeper=true, difficultraids:assassin_illager=true, irons_spellbooks:summoned_skeleton=true, restored_earth:melon_seed=false, minecraft:command_block_minecart=false, alexsmobs:mungus=true, mowziesmobs:camera_shake=false, alexsmobs:spectre=true, irons_spellbooks:citadel_keeper=true, dannys_expansion:bullet=false, blue_skies:armored_frost_spirit=true, simple_mobs:graywerewolf=true, minecraft:llama_spit=false, alexsmobs:catfish=true, lilwings:cloudy_puff_butterfly=true, mutantmonsters:creeper_minion=true, mutantmonsters:endersoul_clone=true, orcz:weirdboinecro=true, minecraft:piglin=true, simple_mobs:cube=true, irons_spellbooks:target_area=false, restored_earth:rotten_flesh=false, alexsmobs:skelewag=true, minecraft:spectral_arrow=false, epicfight:wither_ghost=false, revamped_phantoms:shockwave=false, alexsmobs:elephant=true, undead_revamp2:flame=true, alexsmobs:void_worm_shot=false, infernalexp:infernal_painting=false, darkersouls:nameless_king=true, minecraft:zombie_horse=true, bloodandmadness:huntsman_cutlass=true, irons_spellbooks:dragon_breath_pool=false, simple_mobs:tail_dart=true, minecraft:marker=false, farmersdelight:rotten_tomato=false, simple_mobs:dragon_flame=true, armourers_workshop:mannequin=false, create:gantry_contraption=false, blue_skies:crystal_camel=true, progressivebosses:wither_minion=true, botania:corporea_spark=false, mutantmonsters:skull_spirit=false, minecraft:ocelot=true, simple_mobs:weak_ogre=true, minecraft:wolf=true, ob_core:obsidian_shard=true, infernal:flaming_poop=false}
[04:38:27] [modloading-worker-0/INFO]: [Config] Spawner Type Configuration


 is up to date: {GroupSpawner:MinSpawnDelay=3000, SingleSpawner:MinSpawnDelay=3000, DefaultSpawner:SpawnCount=2, DefaultSpawner:MinSpawnDelay=400, BossSpawner:RequiredPlayerRange=32, GroupSpawner:SpawnCount=3, SingleSpawner:SpawnCount=1, BossSpawner:MaxNearbyEntities=1, SingleSpawner:SpawnRange=4, GroupSpawner:SpawnRange=6, SingleSpawner:RequiredPlayerRange=8, GroupSpawner:Delay=600, BossSpawner:Delay=600, DefaultSpawner:RequiredPlayerRange=16, DefaultSpawner:Delay=600, BossSpawner:MaxSpawnDelay=18000, GroupSpawner:RequiredPlayerRange=12, BossSpawner:SpawnRange=16, DefaultSpawner:MaxSpawnDelay=1200, DefaultSpawner:MaxNearbyEntities=4, SingleSpawner:MaxSpawnDelay=9000, BossSpawner:SpawnCount=1, SingleSpawner:Delay=600, GroupSpawner:MaxSpawnDelay=12000, SingleSpawner:MaxNearbyEntities=1, DefaultSpawner:SpawnRange=8, GroupSpawner:MaxNearbyEntities=6, BossSpawner:MinSpawnDelay=6000}
[04:38:27] [modloading-worker-0/INFO]: [Config] Registering client configuration ...
[04:38:27] [modloading-worker-0/INFO]: ? Register Easy NPC: Core Common Data Files ...
[04:38:27] [modloading-worker-0/INFO]: ? Register Easy NPC: Core Common data folders ...
[04:38:27] [modloading-worker-0/INFO]: ? Register Easy NPC: Core Entity Data Serializers ...
[04:38:27] [modloading-worker-0/INFO]: Kotlin For Forge Enabled!
[04:38:27] [modloading-worker-0/INFO]: Registered entity data serializer ActionEventSet with id 28
[04:38:27] [modloading-worker-0/INFO]: Registered entity data serializer CustomAttributes with id 29
[04:38:27] [modloading-worker-0/INFO]: Registered entity data serializer DialogDataSet with id 30
[04:38:27] [modloading-worker-0/INFO]: Registered entity data serializer DisplayAttributeSet with id 31
[04:38:27] [modloading-worker-0/INFO]: Registered entity data serializer EntityAttributes with id 32
[04:38:27] [modloading-worker-0/INFO]: Registered entity data serializer MerchantOffers with id 33
[04:38:27] [modloading-worker-0/INFO]: Registered entity data serializer ModelPose with id 34
[04:38:27] [modloading-worker-0/INFO]: Registered entity data serializer ObjectiveDataSet with id 35
[04:38:27] [modloading-worker-0/INFO]: Registered entity data serializer Profession with id 36
[04:38:27] [modloading-worker-0/INFO]: Registered entity data serializer RenderDataSet with id 37
[04:38:27] [modloading-worker-0/INFO]: Registered entity data serializer ModelPartType:CustomRotation with id 38
[04:38:27] [modloading-worker-0/INFO]: Registered entity data serializer ModelPartType:CustomPosition with id 39
[04:38:27] [modloading-worker-0/INFO]: Registered entity data serializer ModelPartType:CustomScale with id 40
[04:38:27] [modloading-worker-0/INFO]: Registered entity data serializer ModelPartType:Visibility with id 41
[04:38:27] [modloading-worker-0/INFO]: Registered entity data serializer SkinDataEntry with id 42
[04:38:27] [modloading-worker-0/INFO]: Registered entity data serializer SoundDataSet with id 43
[04:38:27] [modloading-worker-0/INFO]: Registered entity data serializer HashSet:UUID with id 44
[04:38:27] [modloading-worker-0/INFO]: Registered entity data serializer HashSet:String with id 45
[04:38:27] [modloading-worker-0/INFO]: Registered entity data serializer TradingDataSet with id 46
[04:38:27] [modloading-worker-0/INFO]: Registered entity data serializer UUID with id 47
[04:38:27] [modloading-worker-0/INFO]: ? Register Easy NPC: Core Compatibility Handler ...
[04:38:27] [modloading-worker-0/INFO]: ? Register Easy NPC: Core Compat Handler ...
[04:38:27] [modloading-worker-0/INFO]: [Compat Manager] Epic Fight mod with id 'epicfight' loaded: false
[04:38:27] [modloading-worker-0/INFO]: [Compat Manager] Cobblemon mod with id 'cobblemon' loaded: false
[04:38:27] [modloading-worker-0/INFO]: ? Register Easy NPC: Core Command Argument Types ...
[04:38:27] [modloading-worker-0/INFO]: ? Register Easy NPC: Core Entity Types ...
[04:38:27] [modloading-worker-0/INFO]: Loaded config file.
[04:38:27] [modloading-worker-0/INFO]: Saved config file.
[04:38:27] [modloading-worker-0/INFO]: Create: Numismatics 1.0.15+forge-mc1.20.1 initializing! Create version: 6.0.8 on platform: FORGE
[04:38:27] [modloading-worker-0/INFO]: Fixing MC-151457. Crafting remainder for minecraft:pufferfish_bucket is now minecraft:bucket.
[04:38:27] [modloading-worker-0/INFO]: Fixing MC-151457. Crafting remainder for minecraft:salmon_bucket is now minecraft:bucket.
[04:38:27] [modloading-worker-0/INFO]: Fixing MC-151457. Crafting remainder for minecraft:cod_bucket is now minecraft:bucket.
[04:38:27] [modloading-worker-0/INFO]: Fixing MC-151457. Crafting remainder for minecraft:tropical_fish_bucket is now minecraft:bucket.
[04:38:27] [modloading-worker-0/INFO]: Fixing MC-151457. Crafting remainder for minecraft:axolotl_bucket is now minecraft:bucket.
[04:38:27] [modloading-worker-0/INFO]: Fixing MC-151457. Crafting remainder for minecraft:powder_snow_bucket is now minecraft:bucket.
[04:38:27] [modloading-worker-0/INFO]: Fixing MC-151457. Crafting remainder for minecraft:tadpole_bucket is now minecraft:bucket.
[04:38:27] [modloading-worker-0/INFO]: Registering items for Create: Numismatics
[04:38:27] [modloading-worker-0/INFO]: Registering blocks for Create: Numismatics
[04:38:27] [modloading-worker-0/INFO]: Steam 'n' Rails v1.7.2 initializing! Commit hash: 7c1a21e3a4edbd6b5f1301f82a8bfbeb5fdb1444 on Create version: 6.0.8 on platform: Forge
[04:38:27] [modloading-worker-0/INFO]: [MELODY] Loading Melody background audio library..
[04:38:28] [modloading-worker-0/WARN]: Modified mixin "dev.uncandango.alltheleaks.mixin.core.main.RecipeCrawlHandlerMixin". Check debug logs for more information.
[04:38:28] [modloading-worker-0/WARN]: Modified mixin "dev.uncandango.alltheleaks.mixin.core.main.RecipeCrawlHandlerMixin". Check debug logs for more information.
[04:38:28] [modloading-worker-0/WARN]: Modified mixin "dev.uncandango.alltheleaks.mixin.core.main.RecipeCrawlHandlerMixin". Check debug logs for more information.
[04:38:28] [modloading-worker-0/INFO]: Method digest(Lnet/minecraft/world/item/crafting/Recipe;Lnet/minecraft/core/RegistryAccess;)V at mixin dev.uncandango.alltheleaks.mixin.core.main.StackFixRecipeCrawlHandlerMixin cancelled due to not matching hash: Actual -940969523, Expected: [-1188259187]
[04:38:28] [modloading-worker-0/INFO]: Mixin annotation @Lorg/spongepowered/asm/mixin/Overwrite;() at mixin dev.uncandango.alltheleaks.mixin.core.main.StackFixRecipeCrawlHandlerMixin removed due to no methods available
[04:38:28] [modloading-worker-0/WARN]: @Inject(@At("INVOKE")) Shift.BY=2 on create_connected.mixins.json:sequencedgearshift.SequencedGearshiftScreenMixin::handler$fmg000$updateParamsOfRow exceeds the maximum allowed value: 0. Increase the value of maxShiftBy to suppress this warning.
[04:38:28] [modloading-worker-0/INFO]: [KONKRETE] Successfully initialized!
[04:38:28] [modloading-worker-0/INFO]: [KONKRETE] Server-side libs ready to use!
[04:38:28] [modloading-worker-0/INFO]: Macaw's Bridges - Biome O' Plenty : Loading ...
[04:38:28] [modloading-worker-0/INFO]: Macaw's Bridges - Biome O' Plenty : Is Charged
[04:38:28] [modloading-worker-0/WARN]: Mod 'Chipped' is requesting registration helper for different modid 'rechiseled_chipped'!
[04:38:28] [modloading-worker-0/INFO]: Loading Collective version 7.87.
[04:38:28] [modloading-worker-0/INFO]: Sending ConfigManager...
[04:38:28] [modloading-worker-0/INFO]: Registering raw entity type ResourceKey[minecraft:entity_type / easy_npc:allay_raw]
[04:38:28] [modloading-worker-0/INFO]: Registering raw entity type ResourceKey[minecraft:entity_type / easy_npc:cat_raw]
[04:38:28] [modloading-worker-0/INFO]: Registering raw entity type ResourceKey[minecraft:entity_type / easy_npc:chicken_raw]
[04:38:28] [modloading-worker-0/INFO]: Registering raw entity type ResourceKey[minecraft:entity_type / easy_npc:creeper_raw]
[04:38:28] [modloading-worker-0/INFO]: Registering raw entity type ResourceKey[minecraft:entity_type / easy_npc:drowned_raw]
[04:38:28] [modloading-worker-0/INFO]: Registering raw entity type ResourceKey[minecraft:entity_type / easy_npc:fox_raw]
[04:38:28] [modloading-worker-0/INFO]: Registering raw entity type ResourceKey[minecraft:entity_type / easy_npc:horse_raw]
[04:38:28] [modloading-worker-0/INFO]: Registering raw entity type ResourceKey[minecraft:entity_type / easy_npc:illusioner_raw]
[04:38:28] [modloading-worker-0/INFO]: Registering raw entity type ResourceKey[minecraft:entity_type / easy_npc:iron_golem_raw]
[04:38:28] [modloading-worker-0/INFO]: Registering raw entity type ResourceKey[minecraft:entity_type / easy_npc:ender_man_raw]
[04:38:28] [modloading-worker-0/INFO]: Registering raw entity type ResourceKey[minecraft:entity_type / easy_npc:piglin_raw]
[04:38:28] [modloading-worker-0/INFO]: Registering raw entity type ResourceKey[minecraft:entity_type / easy_npc:evoker_raw]
[04:38:28] [modloading-worker-0/INFO]: Registering raw entity type ResourceKey[minecraft:entity_type / easy_npc:pig_raw]
[04:38:28] [modloading-worker-0/INFO]: Registering raw entity type ResourceKey[minecraft:entity_type / easy_npc:pillager_raw]
[04:38:28] [modloading-worker-0/INFO]: Registering raw entity type ResourceKey[minecraft:entity_type / easy_npc:skeleton_raw]
[04:38:28] [modloading-worker-0/INFO]: Registering raw entity type ResourceKey[minecraft:entity_type / easy_npc:vex_raw]
[04:38:28] [modloading-worker-0/INFO]: Registering raw entity type ResourceKey[minecraft:entity_type / easy_npc:villager_raw]
[04:38:28] [modloading-worker-0/INFO]: Registering raw entity type ResourceKey[minecraft:entity_type / easy_npc:vindicator_raw]
[04:38:28] [modloading-worker-0/INFO]: Registering raw entity type ResourceKey[minecraft:entity_type / easy_npc:witch_raw]
[04:38:28] [modloading-worker-0/INFO]: Registering raw entity type ResourceKey[minecraft:entity_type / easy_npc:wolf_raw]
[04:38:28] [modloading-worker-0/INFO]: Registering raw entity type ResourceKey[minecraft:entity_type / easy_npc:zombie_raw]
[04:38:28] [modloading-worker-0/INFO]: Registering raw entity type ResourceKey[minecraft:entity_type / easy_npc:zombie_villager_raw]
[04:38:28] [modloading-worker-0/INFO]: Registering NPC entity type ResourceKey[minecraft:entity_type / easy_npc:allay]
[04:38:28] [modloading-worker-0/INFO]: Registering NPC entity type ResourceKey[minecraft:entity_type / easy_npc:cat]
[04:38:28] [modloading-worker-0/INFO]: Registering NPC entity type ResourceKey[minecraft:entity_type / easy_npc:chicken]
[04:38:28] [modloading-worker-0/INFO]: Registering NPC entity type ResourceKey[minecraft:entity_type / easy_npc:drowned]
[04:38:28] [modloading-worker-0/INFO]: Registering NPC entity type ResourceKey[minecraft:entity_type / easy_npc:evoker]
[04:38:28] [modloading-worker-0/INFO]: Registering NPC entity type ResourceKey[minecraft:entity_type / easy_npc:fox]
[04:38:28] [modloading-worker-0/INFO]: Registering NPC entity type ResourceKey[minecraft:entity_type / easy_npc:horse]
[04:38:28] [modloading-worker-0/INFO]: Registering NPC entity type ResourceKey[minecraft:entity_type / easy_npc:horse_skeleton]
[04:38:28] [modloading-worker-0/INFO]: Registering NPC entity type ResourceKey[minecraft:entity_type / easy_npc:horse_zombie]
[04:38:28] [modloading-worker-0/INFO]: Registering NPC entity type ResourceKey[minecraft:entity_type / easy_npc:humanoid]
[04:38:28] [modloading-worker-0/INFO]: Registering NPC entity type ResourceKey[minecraft:entity_type / easy_npc:humanoid_slim]
[04:38:28] [modloading-worker-0/INFO]: Registering NPC entity type ResourceKey[minecraft:entity_type / easy_npc:illusioner]
[04:38:28] [modloading-worker-0/INFO]: Registering NPC entity type ResourceKey[minecraft:entity_type / easy_npc:iron_golem]
[04:38:28] [modloading-worker-0/INFO]: Registering NPC entity type ResourceKey[minecraft:entity_type / easy_npc:piglin]
[04:38:28] [modloading-worker-0/INFO]: Registering NPC entity type ResourceKey[minecraft:entity_type / easy_npc:piglin_brute]
[04:38:28] [modloading-worker-0/INFO]: Registering NPC entity type ResourceKey[minecraft:entity_type / easy_npc:piglin_zombified]
[04:38:28] [modloading-worker-0/INFO]: Registering NPC entity type ResourceKey[minecraft:entity_type / easy_npc:pig]
[04:38:28] [modloading-worker-0/INFO]: Registering NPC entity type ResourceKey[minecraft:entity_type / easy_npc:pillager]
[04:38:28] [modloading-worker-0/INFO]: Registering NPC entity type ResourceKey[minecraft:entity_type / easy_npc:skeleton]
[04:38:28] [modloading-worker-0/INFO]: Registering NPC entity type ResourceKey[minecraft:entity_type / easy_npc:skeleton_stray]
[04:38:28] [modloading-worker-0/INFO]: Registering NPC entity type ResourceKey[minecraft:entity_type / easy_npc:wither_skeleton]
[04:38:28] [modloading-worker-0/INFO]: Registering NPC entity type ResourceKey[minecraft:entity_type / easy_npc:villager]
[04:38:28] [modloading-worker-0/INFO]: Registering NPC entity type ResourceKey[minecraft:entity_type / easy_npc:vindicator]
[04:38:28] [modloading-worker-0/INFO]: Registering NPC entity type ResourceKey[minecraft:entity_type / easy_npc:wolf]
[04:38:28] [modloading-worker-0/INFO]: Registering NPC entity type ResourceKey[minecraft:entity_type / easy_npc:zombie]
[04:38:28] [modloading-worker-0/INFO]: Registering NPC entity type ResourceKey[minecraft:entity_type / easy_npc:husk]
[04:38:28] [modloading-worker-0/INFO]: Registering NPC entity type ResourceKey[minecraft:entity_type / easy_npc:zombie_villager]
[04:38:28] [modloading-worker-0/INFO]: Registering custom entity type ResourceKey[minecraft:entity_type / easy_npc:doppler]
[04:38:28] [modloading-worker-0/INFO]: Registering custom entity type ResourceKey[minecraft:entity_type / easy_npc:fairy]
[04:38:28] [modloading-worker-0/INFO]: Registering custom entity type ResourceKey[minecraft:entity_type / easy_npc:orc]
[04:38:28] [modloading-worker-0/INFO]: Registering custom entity type ResourceKey[minecraft:entity_type / easy_npc:orc_warrior]
[04:38:28] [modloading-worker-0/INFO]: ? Register Easy NPC: Core Blocks ...
[04:38:28] [modloading-worker-0/INFO]: ? Register Easy NPC: Core Blocks Entity Types ...
[04:38:28] [modloading-worker-0/INFO]: ? Register Easy NPC: Core Items ...
[04:38:28] [modloading-worker-0/INFO]: Sending ConfigManager took 138.8 ms
[04:38:28] [modloading-worker-0/INFO]: Registering NPC spawn egg for net.minecraftforge.registries.RegistryObject@7830d8f5 with id allay.
[04:38:28] [modloading-worker-0/INFO]: Registering NPC spawn egg for net.minecraftforge.registries.RegistryObject@72a8b732 with id cat.
[04:38:28] [modloading-worker-0/INFO]: Registering NPC spawn egg for net.minecraftforge.registries.RegistryObject@9f1e6511 with id chicken.
[04:38:28] [modloading-worker-0/INFO]: Registering NPC spawn egg for net.minecraftforge.registries.RegistryObject@e572c633 with id drowned.
[04:38:28] [modloading-worker-0/INFO]: Registering NPC spawn egg for net.minecraftforge.registries.RegistryObject@25b39716 with id evoker.
[04:38:28] [modloading-worker-0/INFO]: Registering NPC spawn egg for net.minecraftforge.registries.RegistryObject@72a8c42b with id fox.
[04:38:28] [modloading-worker-0/INFO]: Registering NPC spawn egg for net.minecraftforge.registries.RegistryObject@7894f339 with id horse.
[04:38:28] [modloading-worker-0/INFO]: Registering NPC spawn egg for net.minecraftforge.registries.RegistryObject@cea4adcb with id horse_skeleton.
[04:38:28] [modloading-worker-0/INFO]: Registering NPC spawn egg for net.minecraftforge.registries.RegistryObject@f9334c24 with id horse_zombie.
[04:38:28] [modloading-worker-0/INFO]: Registering NPC spawn egg for net.minecraftforge.registries.RegistryObject@92e558d9 with id humanoid.
[04:38:28] [modloading-worker-0/INFO]: Registering NPC spawn egg for net.minecraftforge.registries.RegistryObject@f3d41e1b with id humanoid_slim.
[04:38:28] [modloading-worker-0/INFO]: Registering NPC spawn egg for net.minecraftforge.registries.RegistryObject@fc16866a with id illusioner.
[04:38:28] [modloading-worker-0/INFO]: Registering NPC spawn egg for net.minecraftforge.registries.RegistryObject@18cbe551 with id iron_golem.
[04:38:28] [modloading-worker-0/INFO]: Registering NPC spawn egg for net.minecraftforge.registries.RegistryObject@37be159f with id piglin.
[04:38:28] [modloading-worker-0/INFO]: Registering NPC spawn egg for net.minecraftforge.registries.RegistryObject@b69811b6 with id piglin_brute.
[04:38:28] [modloading-worker-0/INFO]: Registering NPC spawn egg for net.minecraftforge.registries.RegistryObject@2cd573a1 with id piglin_zombified.
[04:38:28] [modloading-worker-0/INFO]: Registering NPC spawn egg for net.minecraftforge.registries.RegistryObject@72a8e8ea with id pig.
[04:38:28] [modloading-worker-0/INFO]: Registering NPC spawn egg for net.minecraftforge.registries.RegistryObject@56041b68 with id pillager.
[04:38:28] [modloading-worker-0/INFO]: Registering NPC spawn egg for net.minecraftforge.registries.RegistryObject@eb842fa9 with id skeleton.
[04:38:28] [modloading-worker-0/INFO]: Registering NPC spawn egg for net.minecraftforge.registries.RegistryObject@71d16713 with id skeleton_stray.
[04:38:28] [modloading-worker-0/INFO]: Registering NPC spawn egg for net.minecraftforge.registries.RegistryObject@14587e75 with id wither_skeleton.
[04:38:28] [modloading-worker-0/INFO]: Registering NPC spawn egg for net.minecraftforge.registries.RegistryObject@c54b28a2 with id villager.
[04:38:28] [modloading-worker-0/INFO]: Registering NPC spawn egg for net.minecraftforge.registries.RegistryObject@e21119b5 with id vindicator.
[04:38:28] [modloading-worker-0/INFO]: Registering NPC spawn egg for net.minecraftforge.registries.RegistryObject@72defdae with id wolf.
[04:38:28] [modloading-worker-0/INFO]: Registering NPC spawn egg for net.minecraftforge.registries.RegistryObject@4925ad82 with id zombie.
[04:38:28] [modloading-worker-0/INFO]: Registering NPC spawn egg for net.minecraftforge.registries.RegistryObject@72d84381 with id husk.
[04:38:28] [modloading-worker-0/INFO]: Registering NPC spawn egg for net.minecraftforge.registries.RegistryObject@7efd6e9b with id zombie_villager.
[04:38:28] [modloading-worker-0/INFO]: Registering custom spawn egg for net.minecraftforge.registries.RegistryObject@e05f1dca with id doppler.
[04:38:28] [modloading-worker-0/INFO]: Registering custom spawn egg for net.minecraftforge.registries.RegistryObject@78724531 with id fairy.
[04:38:28] [modloading-worker-0/INFO]: Registering custom spawn egg for net.minecraftforge.registries.RegistryObject@72a8e63c with id orc.
[04:38:28] [modloading-worker-0/INFO]: Registering custom spawn egg for net.minecraftforge.registries.RegistryObject@f0932e3f with id orc_warrior.
[04:38:28] [modloading-worker-0/INFO]: ? Register Easy NPC: Core Menu Types ...
[04:38:28] [modloading-worker-0/INFO]: Constructing Mod: Spartan Weaponry
[04:38:28] [modloading-worker-0/INFO]: Initialising API! Version: 12
[04:38:28] [modloading-worker-0/INFO]: ? Register Easy NPC: Core Menu Handler ...
[04:38:28] [modloading-worker-0/INFO]: ? Register Easy NPC: Core Network Handler ...
[04:38:28] [modloading-worker-0/INFO]: Registering server network handler for Server -> Client messages.
[04:38:28] [modloading-worker-0/INFO]: ? Register Easy NPC: Core Client Network Message Handler ...
[04:38:28] [modloading-worker-0/INFO]: Spartan Weaponry API version 12 has been initalized!
[04:38:28] [modloading-worker-0/INFO]: Initializing Easy NPC (Forge-Client) ...
[04:38:28] [modloading-worker-0/INFO]: Registering client network handler for Client -> Server messages.
[04:38:28] [modloading-worker-0/INFO]: ? Register Easy NPC: Core Server Network Message Handler ...
[04:38:28] [modloading-worker-0/INFO]: Loaded config for: cupboard.json
[04:38:28] [modloading-worker-0/WARN]: The mod rubidium was detected: disabling morphing animation to avoid crashing while rendering.
[04:38:28] [modloading-worker-0/INFO]: Initializing Easy NPC: Config UI (Forge) ...
[04:38:28] [modloading-worker-0/INFO]: ? Register Easy NPC: Config UI Debug Manager ...
[04:38:28] [modloading-worker-0/INFO]: ? Register Easy NPC: Config UI Constants ...
[04:38:28] [modloading-worker-0/INFO]: ? Register Easy NPC: Config UI Items ...
[04:38:28] [modloading-worker-0/INFO]: ? Register Easy NPC: Config UI Menu Types ...
[04:38:28] [modloading-worker-0/INFO]: ? Register Easy NPC: Config UI Menu Handler ...
[04:38:28] [modloading-worker-0/INFO]: ? Register Easy NPC: Config UI Network Handler ...
[04:38:28] [modloading-worker-0/INFO]: Registering server network handler for Server -> Client messages.
[04:38:28] [modloading-worker-0/INFO]: ? Register Easy NPC: Config UI Client Network Message Handler ...
[04:38:28] [modloading-worker-0/INFO]: Initializing Easy NPC: Config UI (Forge-Client) ...
[04:38:28] [modloading-worker-0/INFO]: Registering client network handler for Client -> Server messages.
[04:38:28] [modloading-worker-0/INFO]: ? Register Easy NPC: Config UI Server Network Message Handler ...
[04:38:29] [modloading-worker-0/INFO]: NoChatRestrictions Forge mod initialized!
[04:38:29] [UniLib/INFO]: Starting version check for "craftpresence" (MC 1.20.1) at "https://raw.githubusercontent.com/CDAGaming/VersionLibrary/master/CraftPresence/update.json"
[04:38:29] [modloading-worker-0/INFO]: [dev.tr7zw.trender.gui.impl.client.LibGuiClient:onInitializeClient:36]: [LibGui] Initializing Client...
[04:38:29] [UniLib/INFO]: Received update status for "craftpresence" -> Release (Target version: "")
[04:38:29] [modloading-worker-0/INFO]: Registering C2S receiver with id artifacts:networking_channel/42a7ad70b1cc371599a0eff744096b8a
[04:38:29] [modloading-worker-0/INFO]: Registering S2C receiver with id artifacts:networking_channel/42a7ad70b1cc371599a0eff744096b8a
[04:38:29] [modloading-worker-0/INFO]: Registering C2S receiver with id artifacts:networking_channel/74a5e841822a3a87854ae896a33430d6
[04:38:29] [modloading-worker-0/INFO]: Registering S2C receiver with id artifacts:networking_channel/74a5e841822a3a87854ae896a33430d6
[04:38:29] [modloading-worker-0/INFO]: Registering C2S receiver with id artifacts:networking_channel/eb3d1e2748533430848cadf0f37c7e9c
[04:38:29] [modloading-worker-0/INFO]: Registering S2C receiver with id artifacts:networking_channel/eb3d1e2748533430848cadf0f37c7e9c
[04:38:29] [modloading-worker-0/INFO]: Registering C2S receiver with id artifacts:networking_channel/91c8520f19f93b3e8b6a727568e194ab
[04:38:29] [modloading-worker-0/INFO]: Registering S2C receiver with id artifacts:networking_channel/91c8520f19f93b3e8b6a727568e194ab
[04:38:29] [modloading-worker-0/INFO]: Registering C2S receiver with id artifacts:networking_channel/8c2784d778293fd482ed84b8aa5fedb9
[04:38:29] [modloading-worker-0/INFO]: Registering S2C receiver with id artifacts:networking_channel/8c2784d778293fd482ed84b8aa5fedb9
[04:38:29] [modloading-worker-0/INFO]: Registering C2S receiver with id artifacts:networking_channel/ea038224ea783d40b2863f52239e2604
[04:38:29] [modloading-worker-0/INFO]: Registering S2C receiver with id artifacts:networking_channel/ea038224ea783d40b2863f52239e2604
[04:38:29] [modloading-worker-0/INFO]: Registering C2S receiver with id artifacts:networking_channel/97ad64b7ecaf33209991c4f031501a58
[04:38:29] [modloading-worker-0/INFO]: Registering S2C receiver with id artifacts:networking_channel/97ad64b7ecaf33209991c4f031501a58
[04:38:29] [CraftPresence/INFO]: Configuration settings have been saved and reloaded successfully!
[04:38:29] [CraftPresence/INFO]: Checking for "atlauncher" pack data...
[04:38:29] [CraftPresence/ERROR]: Unable to get "atlauncher" pack data (ignore if not using a "atlauncher" pack)
[04:38:29] [CraftPresence/INFO]: Checking for "curse" pack data...
[04:38:29] [CraftPresence/INFO]: Found "curse" pack data! (Name: "new", Icon: "new")
[04:38:29] [modloading-worker-0/INFO]: Loaded config fzzy_config:keybinds in 1074ms
[04:38:29] [modloading-worker-0/INFO]: Initializing Cynosure
[04:38:29] [modloading-worker-0/INFO]: Loaded config :emi_loot_config in 965ms
[04:38:29] [CraftPresence/INFO]: Checking Discord for available assets with Client Id: 1426653813452050624
[04:38:29] [CraftPresence/INFO]: Originally coded by paulhobbel - https://github.com/paulhobbel
[04:38:29] [modloading-worker-0/INFO]: forge loader environment detected
[04:38:29] [modloading-worker-0/INFO]: Knock Knock...
[04:38:29] [modloading-worker-0/WARN]: Reactor detonation initiated.
[04:38:29] [modloading-worker-0/INFO]: Wait... NO! What?
[04:38:29] [modloading-worker-0/INFO]: Stop That! That's not how this works!
[04:38:29] [modloading-worker-0/WARN]: Calculating explosion ETA
[04:38:29] [modloading-worker-0/INFO]: Ahh... NO... NONONO! DONT DO THAT!!! STOP THIS NOW!
[04:38:29] [modloading-worker-0/WARN]: **Explosion Imminent!!!**
[04:38:29] [modloading-worker-0/INFO]: Well...... fork...
[04:38:29] [CraftPresence/INFO]: 3 total assets detected!
[04:38:29] [modloading-worker-0/INFO]: Registering C2S receiver with id dragonlib:dragonlib_network/69a65f20acde32448da097b16eacfce9
[04:38:29] [modloading-worker-0/INFO]: Registering S2C receiver with id dragonlib:dragonlib_network/69a65f20acde32448da097b16eacfce9
[04:38:29] [modloading-worker-0/INFO]: Registering C2S receiver with id dragonlib:dragonlib_network/69d73e101ecb38b59cc59ce369f9f0e6
[04:38:29] [modloading-worker-0/INFO]: Registering S2C receiver with id dragonlib:dragonlib_network/69d73e101ecb38b59cc59ce369f9f0e6
[04:38:29] [modloading-worker-0/INFO]: Registering C2S receiver with id dragonlib:dragonlib_network/fcf1d4bbbc3b340daddecfd8389e586f
[04:38:29] [modloading-worker-0/INFO]: Registering S2C receiver with id dragonlib:dragonlib_network/fcf1d4bbbc3b340daddecfd8389e586f
[04:38:29] [modloading-worker-0/INFO]: Registering C2S receiver with id dragonlib:dragonlib_network/7ea7435aa82d37fbbe7321ccd48bb6b2
[04:38:29] [modloading-worker-0/INFO]: Registering S2C receiver with id dragonlib:dragonlib_network/7ea7435aa82d37fbbe7321ccd48bb6b2
[04:38:30] [modloading-worker-0/INFO]: Looking for KubeJS plugins...
[04:38:30] [modloading-worker-0/INFO]: Found plugin source kubejs
[04:38:30] [Dragon/INFO]:                              +++ ? +++                             
[04:38:30] [Dragon/INFO]: ---------------------------------------------------------------------
[04:38:30] [Dragon/INFO]:             Loaded DragonLib v1.20.1-2.2.24 by MrJulsen!            
[04:38:30] [Dragon/INFO]:                        Minecraft Forge 1.20.1                       
[04:38:30] [Dragon/INFO]: 
[04:38:30] [Dragon/INFO]:                Discord: https://discord.gg/AeSbNgvc7f               
[04:38:30] [Dragon/INFO]:                            GitHub: unknown                           
[04:38:30] [Dragon/INFO]:   Bug Reports: https://github.com/MisterJulsen/MC-DragonLib2/issues  
[04:38:30] [Dragon/INFO]: ---------------------------------------------------------------------
[04:38:30] [Dragon/INFO]:                              +++ ? +++                             
[04:38:30] [modloading-worker-0/INFO]: Registering S2C receiver with id ftblibrary:edit_nbt
[04:38:30] [modloading-worker-0/WARN]: Plugin dev.latvian.mods.kubejs.integration.forge.gamestages.GameStagesIntegration does not have required mod gamestages loaded, skipping
[04:38:30] [modloading-worker-0/INFO]: Found plugin source kubejs_curios
[04:38:30] [modloading-worker-0/INFO]: Found plugin source createdieselgenerators
[04:38:30] [modloading-worker-0/INFO]: Registering C2S receiver with id ftblibrary:edit_nbt_response
[04:38:30] [modloading-worker-0/INFO]: Registering S2C receiver with id ftblibrary:sync_known_server_registries
[04:38:30] [modloading-worker-0/INFO]: Found plugin source exposure
[04:38:30] [modloading-worker-0/INFO]: Registering S2C receiver with id ftblibrary:edit_config
[04:38:30] [modloading-worker-0/INFO]: Found plugin source ftbxmodcompat
[04:38:30] [modloading-worker-0/WARN]: Plugin dev.ftb.mods.ftbxmodcompat.ftbchunks.kubejs.FTBChunksKubeJSPlugin does not have required mod ftbchunks loaded, skipping
[04:38:30] [modloading-worker-0/WARN]: Plugin dev.ftb.mods.ftbxmodcompat.ftbfiltersystem.kubejs.FFSKubeJSPlugin does not have required mod ftbfiltersystem loaded, skipping
[04:38:30] [modloading-worker-0/INFO]: Found plugin source createoreexcavation
[04:38:30] [modloading-worker-0/INFO]: Found plugin source entityjs
[04:38:30] [modloading-worker-0/INFO]: Found plugin source kubejs_create
[04:38:30] [modloading-worker-0/INFO]: Registering S2C receiver with id ftbteams:sync_teams
[04:38:30] [modloading-worker-0/INFO]: Registering S2C receiver with id ftbteams:sync_message_history
[04:38:30] [modloading-worker-0/INFO]: Registering C2S receiver with id ftbteams:open_gui
[04:38:30] [modloading-worker-0/INFO]: Registering S2C receiver with id ftbteams:open_my_team_gui
[04:38:30] [modloading-worker-0/INFO]: Registering C2S receiver with id ftbteams:update_settings
[04:38:30] [modloading-worker-0/INFO]: Registering S2C receiver with id ftbteams:update_settings_response
[04:38:30] [modloading-worker-0/INFO]: Registering C2S receiver with id ftbteams:send_message
[04:38:30] [modloading-worker-0/INFO]: Registering S2C receiver with id ftbteams:send_message_response
[04:38:30] [modloading-worker-0/INFO]: Registering S2C receiver with id ftbteams:update_presence
[04:38:30] [modloading-worker-0/INFO]: Registering C2S receiver with id ftbteams:create_party
[04:38:30] [modloading-worker-0/INFO]: Registering C2S receiver with id ftbteams:player_gui_operation
[04:38:30] [modloading-worker-0/INFO]: Registering S2C receiver with id ftbessentials:update_tab_name
[04:38:30] [modloading-worker-0/INFO]: Successfully loaded config 'fallingtrees_client'
[04:38:30] [modloading-worker-0/INFO]: Successfully saved config 'fallingtrees_client'
[04:38:30] [modloading-worker-0/INFO]: Registering S2C receiver with id octolib:config_sync
[04:38:30] [modloading-worker-0/INFO]: Scanning classes for titanium
[04:38:30] [modloading-worker-0/INFO]: Successfully loaded config 'fallingtrees_common'
[04:38:30] [modloading-worker-0/INFO]: Successfully saved config 'fallingtrees_common'
[04:38:30] [modloading-worker-0/INFO]: Expanded delight blocks are loaded
[04:38:30] [modloading-worker-0/INFO]: Loading Easy NPC Bundle
[04:38:30] [modloading-worker-0/INFO]: This bundle includes Easy NPC Core and Easy NPC Config UI
[04:38:30] [modloading-worker-0/INFO]: Registering S2C receiver with id ftbquests:sync_quests
[04:38:30] [modloading-worker-0/INFO]: Registering S2C receiver with id ftbquests:sync_team_data
[04:38:30] [modloading-worker-0/INFO]: Registering S2C receiver with id ftbquests:update_task_progress
[04:38:30] [modloading-worker-0/INFO]: Registering C2S receiver with id ftbquests:submit_task
[04:38:30] [modloading-worker-0/INFO]: Registering C2S receiver with id ftbquests:claim_reward
[04:38:30] [modloading-worker-0/INFO]: Constructing Mod: Spartan Shields
[04:38:30] [modloading-worker-0/INFO]: Registering S2C receiver with id ftbquests:claim_reward_response
[04:38:30] [modloading-worker-0/INFO]: Registering S2C receiver with id ftbquests:sync_editing_mode
[04:38:30] [modloading-worker-0/INFO]: Registering C2S receiver with id ftbquests:get_emergency_items
[04:38:30] [modloading-worker-0/INFO]: Found plugin source kubejs_mekanism
[04:38:30] [modloading-worker-0/INFO]: Registering S2C receiver with id ftbquests:create_other_team_data
[04:38:30] [modloading-worker-0/INFO]: Registering C2S receiver with id ftbquests:claim_all_rewards
[04:38:30] [modloading-worker-0/INFO]: Registering C2S receiver with id ftbquests:claim_choice_reward
[04:38:30] [modloading-worker-0/INFO]: Registering S2C receiver with id ftbquests:display_completion_toast
[04:38:30] [modloading-worker-0/INFO]: Registering S2C receiver with id ftbquests:display_reward_toast
[04:38:30] [modloading-worker-0/INFO]: Registering S2C receiver with id ftbquests:display_item_reward_toast
[04:38:30] [modloading-worker-0/INFO]: Registering C2S receiver with id ftbquests:toggle_pinned
[04:38:30] [modloading-worker-0/INFO]: Registering S2C receiver with id ftbquests:toggle_pinned_response
[04:38:30] [modloading-worker-0/INFO]: Registering C2S receiver with id ftbquests:toggle_chapter_pinned
[04:38:30] [modloading-worker-0/INFO]: Registering S2C receiver with id ftbquests:toggle_chapter_pinned_response
[04:38:30] [modloading-worker-0/INFO]: Registering C2S receiver with id ftbquests:toggle_editing_mode
[04:38:30] [modloading-worker-0/INFO]: Found plugin source kubejsadditions
[04:38:30] [modloading-worker-0/INFO]: Registering C2S receiver with id ftbquests:force_save
[04:38:30] [modloading-worker-0/INFO]: Found plugin source dg_js
[04:38:30] [modloading-worker-0/INFO]: Registering S2C receiver with id ftbquests:update_team_data
[04:38:30] [modloading-worker-0/INFO]: Found plugin source kubejsdelight
[04:38:30] [modloading-worker-0/INFO]: Found plugin source lootjs
[04:38:30] [modloading-worker-0/INFO]: Registering C2S receiver with id ftbquests:set_custom_image
[04:38:30] [modloading-worker-0/INFO]: Found plugin source probejs
[04:38:30] [modloading-worker-0/INFO]: Registering S2C receiver with id ftbquests:object_started
[04:38:30] [modloading-worker-0/INFO]: Found plugin source ponderjs
[04:38:30] [modloading-worker-0/INFO]: Found plugin source createestrogen
[04:38:30] [modloading-worker-0/INFO]: Registering S2C receiver with id ftbquests:object_completed
[04:38:30] [modloading-worker-0/INFO]: Done in 406.3 ms
[04:38:30] [modloading-worker-0/INFO]: Registering S2C receiver with id ftbquests:object_started_reset
[04:38:30] [modloading-worker-0/INFO]: Registering S2C receiver with id ftbquests:object_completed_reset
[04:38:30] [modloading-worker-0/INFO]: Registering S2C receiver with id ftbquests:sync_lock
[04:38:30] [modloading-worker-0/INFO]: Registering S2C receiver with id ftbquests:reset_reward
[04:38:30] [modloading-worker-0/INFO]: Registering S2C receiver with id ftbquests:team_data_changed
[04:38:30] [modloading-worker-0/INFO]: Registering S2C receiver with id ftbquests:task_screen_config_req
[04:38:30] [modloading-worker-0/INFO]: Registering C2S receiver with id ftbquests:task_screen_config_resp
[04:38:30] [modloading-worker-0/INFO]: Registering C2S receiver with id ftbquests:change_progress
[04:38:30] [modloading-worker-0/INFO]: Registering C2S receiver with id ftbquests:create_object
[04:38:30] [modloading-worker-0/INFO]: Registering S2C receiver with id ftbquests:create_object_response
[04:38:30] [modloading-worker-0/INFO]: Initializing TerraBlender underground biome compat
[04:38:30] [modloading-worker-0/INFO]: Registering C2S receiver with id ftbquests:create_task_at
[04:38:30] [modloading-worker-0/INFO]: Registering C2S receiver with id ftbquests:delete_object
[04:38:30] [modloading-worker-0/INFO]: Registering S2C receiver with id ftbquests:delete_object_response
[04:38:30] [modloading-worker-0/INFO]: Registering C2S receiver with id ftbquests:edit_object
[04:38:30] [modloading-worker-0/INFO]: Registering S2C receiver with id ftbquests:edit_object_response
[04:38:30] [modloading-worker-0/INFO]: Registering C2S receiver with id ftbquests:move_chapter
[04:38:30] [modloading-worker-0/INFO]: Registering S2C receiver with id ftbquests:move_chapter_response
[04:38:30] [modloading-worker-0/INFO]: Registering C2S receiver with id ftbquests:move_quest
[04:38:30] [modloading-worker-0/INFO]: Registering S2C receiver with id ftbquests:move_quest_response
[04:38:30] [modloading-worker-0/INFO]: Registering C2S receiver with id ftbquests:change_chapter_group
[04:38:30] [modloading-worker-0/INFO]: Registering S2C receiver with id ftbquests:change_chapter_group_response
[04:38:30] [modloading-worker-0/INFO]: Registering C2S receiver with id ftbquests:move_chapter_group
[04:38:30] [modloading-worker-0/INFO]: Registering S2C receiver with id ftbquests:move_chapter_group_response
[04:38:30] [modloading-worker-0/INFO]: Registering S2C receiver with id ftbquests:sync_reward_blocking
[04:38:30] [modloading-worker-0/INFO]: Registering C2S receiver with id ftbquests:copy_quest
[04:38:30] [modloading-worker-0/INFO]: Registering C2S receiver with id ftbquests:copy_chapter_image
[04:38:30] [modloading-worker-0/INFO]: Registering C2S receiver with id ftbquests:sync_structures_request
[04:38:30] [modloading-worker-0/INFO]: Registering S2C receiver with id ftbquests:sync_structures_response
[04:38:30] [modloading-worker-0/INFO]: Initializing Create Radar!
[04:38:30] [modloading-worker-0/INFO]: Registering C2S receiver with id ftbquests:request_team_data
[04:38:30] [modloading-worker-0/INFO]: Registering S2C receiver with id ftbquests:sync_editor_permission
[04:38:30] [modloading-worker-0/INFO]: Registering S2C receiver with id ftbquests:open_quest_book
[04:38:30] [modloading-worker-0/INFO]: Registering S2C receiver with id ftbquests:clear_display_cache
[04:38:30] [modloading-worker-0/INFO]: Registering Items!
[04:38:30] [modloading-worker-0/INFO]: Create 6.0.8 initializing! Commit hash: 1a1a9a2819b4f89f78caec41b55ed8cb222fa24b
[04:38:30] [modloading-worker-0/INFO]: Registering items for Create Deco
[04:38:30] [modloading-worker-0/INFO]: Registering blocks!
[04:38:30] [modloading-worker-0/INFO]: Registered bogey styles from railways
[04:38:30] [modloading-worker-0/INFO]: [FTB Quests] Enabled KubeJS integration
[04:38:30] [modloading-worker-0/INFO]: Registering blocks for Create Deco
[04:38:30] [modloading-worker-0/INFO]: Registering block entity types!
[04:38:30] [modloading-worker-0/INFO]: Registering CreativeTabs!
[04:38:30] [modloading-worker-0/INFO]: Registering Lang!
[04:38:30] [modloading-worker-0/INFO]: Registering CBC Compat Items!
[04:38:30] [modloading-worker-0/INFO]: Registering Peripherals!
[04:38:30] [modloading-worker-0/INFO]: Registering Partial Models for ET.
[04:38:31] [modloading-worker-0/INFO]: CC-CBC peripheral integration loaded for Forge 1.20.1
[04:38:31] [modloading-worker-0/INFO]: Create: Interiors v0.6.0 initializing! Create version: 6.0.8 on platform: Forge
[04:38:31] [modloading-worker-0/INFO]: Registering Observer Conditions for ET
[04:38:31] [modloading-worker-0/INFO]: Injecting Estrogen into your veins!
[04:38:31] [modloading-worker-0/INFO]: Discovered 164 modules to load.
[04:38:31] [modloading-worker-0/INFO]: Constructing module Abacus...
[04:38:31] [modloading-worker-0/INFO]: [TFMG] Initializing core systems...
[04:38:31] [modloading-worker-0/INFO]: Extreme Reactors Create Compat starting....
[04:38:31] [modloading-worker-0/INFO]: Constructing module Adjustable Chat...
[04:38:31] [modloading-worker-0/INFO]: Constructing module Ambient Discs...
[04:38:31] [modloading-worker-0/INFO]: Constructing module Ancient Tomes...
[04:38:31] [modloading-worker-0/INFO]: [TFMG] Registering content...
[04:38:31] [modloading-worker-0/INFO]: [FANCYMENU] Loading v3.9.3 in client-side mode on FORGE!
[04:38:31] [modloading-worker-0/INFO]: Constructing module Ancient Wood...
[04:38:31] [modloading-worker-0/INFO]: Constructing module Armed Armor Stands...
[04:38:31] [modloading-worker-0/INFO]: Constructing module Auto Walk Keybind...
[04:38:31] [modloading-worker-0/INFO]: Constructing module Automatic Recipe Unlock...
[04:38:31] [modloading-worker-0/INFO]: Constructing module Automatic Tool Restock...
[04:38:31] [modloading-worker-0/INFO]: Constructing module Azalea Wood...
[04:38:31] [modloading-worker-0/INFO]: Constructing module Back Button Keybind...
[04:38:31] [modloading-worker-0/INFO]: Constructing module Backpack...
[04:38:31] [CraftPresence/INFO]: Attempting to connect to Discord (1/10)...
[04:38:31] [modloading-worker-0/INFO]: Constructing module Beacon Redirection...
[04:38:31] [modloading-worker-0/INFO]: Constructing module Better Elytra Rocket...
[04:38:31] [modloading-worker-0/INFO]: Constructing module Big Stone Clusters...
[04:38:31] [modloading-worker-0/INFO]: Loading Rhino Minecraft remapper...
[04:38:31] [modloading-worker-0/INFO]: Rhino properties loaded.
[04:38:31] [modloading-worker-0/INFO]: Constructing module Blossom Trees...
[04:38:31] [modloading-worker-0/INFO]: Registering data fixers
[04:38:31] [modloading-worker-0/INFO]: Constructing module Bottled Cloud...
[04:38:31] [modloading-worker-0/INFO]: Loading mappings for 1.20.1
[04:38:31] [modloading-worker-0/INFO]: Constructing module Buckets Show Inhabitants...
[04:38:31] [modloading-worker-0/INFO]: Constructing module Camera...
[04:38:31] [modloading-worker-0/INFO]: Constructing module Campfires Boost Elytra...
[04:38:31] [modloading-worker-0/INFO]: Constructing module Celebratory Lamps...
[04:38:31] [modloading-worker-0/INFO]: Constructing module Chains Connect Blocks...
[04:38:31] [modloading-worker-0/INFO]: Constructing module Chest Searching...
[04:38:31] [modloading-worker-0/INFO]: Constructing module Chorus Vegetation...
[04:38:31] [modloading-worker-0/INFO]: Constructing module Chute...
[04:38:31] [modloading-worker-0/INFO]: Constructing module Climate Control Remover...
[04:38:31] [modloading-worker-0/INFO]: Constructing module Color Runes...
[04:38:31] [modloading-worker-0/INFO]: Constructing module Compasses Work Everywhere...
[04:38:31] [modloading-worker-0/INFO]: Constructing module Compressed Blocks...
[04:38:31] [modloading-worker-0/INFO]: Constructing module Coral On Cactus...
[04:38:31] [modloading-worker-0/INFO]: Constructing module Corundum...
[04:38:31] [Railways Datafixer Bootstrap/INFO]: 5 Datafixer optimizations took 23 milliseconds
[04:38:31] [modloading-worker-0/INFO]: Registering callback for create:track_signal in minecraft:block_entity_type
[04:38:31] [modloading-worker-0/INFO]: Registering callback for railways:track_signal_source in create:display_source
[04:38:31] [modloading-worker-0/INFO]: Registering callback for create:copycat in minecraft:block_entity_type
[04:38:31] [modloading-worker-0/INFO]: Registering callback for railways:conductor_vent in minecraft:block
[04:38:31] [modloading-worker-0/INFO]: Registering callback for create:flywheel in minecraft:block_entity_type
[04:38:31] [modloading-worker-0/INFO]: Registering callback for railways:locometal_flywheel in minecraft:block
[04:38:31] [modloading-worker-0/INFO]: Registering callback for create:sliding_door in minecraft:block_entity_type
[04:38:31] [modloading-worker-0/INFO]: Registering callback for railways:sliding_locometal_door in minecraft:block
[04:38:31] [modloading-worker-0/INFO]: Registering callback for create:sliding_door in minecraft:block_entity_type
[04:38:31] [modloading-worker-0/INFO]: Registering callback for railways:folding_locometal_door in minecraft:block
[04:38:31] [modloading-worker-0/INFO]: Registering callback for create:flywheel in minecraft:block_entity_type
[04:38:31] [modloading-worker-0/INFO]: Registering callback for railways:brown_locometal_flywheel in minecraft:block
[04:38:31] [modloading-worker-0/INFO]: Registering callback for create:sliding_door in minecraft:block_entity_type
[04:38:31] [modloading-worker-0/INFO]: Registering callback for railways:brown_sliding_locometal_door in minecraft:block
[04:38:31] [modloading-worker-0/INFO]: Registering callback for create:sliding_door in minecraft:block_entity_type
[04:38:31] [modloading-worker-0/INFO]: Registering callback for railways:brown_folding_locometal_door in minecraft:block
[04:38:31] [modloading-worker-0/INFO]: Registering callback for create:flywheel in minecraft:block_entity_type
[04:38:31] [modloading-worker-0/INFO]: Registering callback for railways:maroon_locometal_flywheel in minecraft:block
[04:38:31] [modloading-worker-0/INFO]: Registering callback for create:sliding_door in minecraft:block_entity_type
[04:38:31] [modloading-worker-0/INFO]: Registering callback for railways:maroon_sliding_locometal_door in minecraft:block
[04:38:31] [modloading-worker-0/INFO]: Registering callback for create:sliding_door in minecraft:block_entity_type
[04:38:31] [modloading-worker-0/INFO]: Registering callback for railways:maroon_folding_locometal_door in minecraft:block
[04:38:31] [modloading-worker-0/INFO]: Registering callback for create:flywheel in minecraft:block_entity_type
[04:38:31] [modloading-worker-0/INFO]: Registering callback for railways:red_locometal_flywheel in minecraft:block
[04:38:31] [modloading-worker-0/INFO]: Registering callback for create:sliding_door in minecraft:block_entity_type
[04:38:31] [modloading-worker-0/INFO]: Registering callback for railways:red_sliding_locometal_door in minecraft:block
[04:38:31] [modloading-worker-0/INFO]: Registering callback for create:sliding_door in minecraft:block_entity_type
[04:38:31] [modloading-worker-0/INFO]: Registering callback for railways:red_folding_locometal_door in minecraft:block
[04:38:31] [modloading-worker-0/INFO]: Registering callback for create:flywheel in minecraft:block_entity_type
[04:38:31] [modloading-worker-0/INFO]: Registering callback for railways:vermilion_locometal_flywheel in minecraft:block
[04:38:31] [modloading-worker-0/INFO]: Registering callback for create:sliding_door in minecraft:block_entity_type
[04:38:31] [modloading-worker-0/INFO]: Registering callback for railways:vermilion_sliding_locometal_door in minecraft:block
[04:38:31] [modloading-worker-0/INFO]: Registering callback for create:sliding_door in minecraft:block_entity_type
[04:38:31] [modloading-worker-0/INFO]: Registering callback for railways:vermilion_folding_locometal_door in minecraft:block
[04:38:31] [modloading-worker-0/INFO]: Registering callback for create:flywheel in minecraft:block_entity_type
[04:38:31] [modloading-worker-0/INFO]: Registering callback for railways:orange_locometal_flywheel in minecraft:block
[04:38:31] [modloading-worker-0/INFO]: Registering callback for create:sliding_door in minecraft:block_entity_type
[04:38:31] [modloading-worker-0/INFO]: Registering callback for railways:orange_sliding_locometal_door in minecraft:block
[04:38:31] [modloading-worker-0/INFO]: Registering callback for create:sliding_door in minecraft:block_entity_type
[04:38:31] [modloading-worker-0/INFO]: Registering callback for railways:orange_folding_locometal_door in minecraft:block
[04:38:31] [modloading-worker-0/INFO]: Registering callback for create:flywheel in minecraft:block_entity_type
[04:38:31] [modloading-worker-0/INFO]: Registering callback for railways:granite_locometal_flywheel in minecraft:block
[04:38:31] [modloading-worker-0/INFO]: Registering callback for create:sliding_door in minecraft:block_entity_type
[04:38:31] [modloading-worker-0/INFO]: Registering callback for railways:granite_sliding_locometal_door in minecraft:block
[04:38:31] [modloading-worker-0/INFO]: Registering callback for create:sliding_door in minecraft:block_entity_type
[04:38:31] [modloading-worker-0/INFO]: Registering callback for railways:granite_folding_locometal_door in minecraft:block
[04:38:31] [modloading-worker-0/INFO]: Registering callback for create:flywheel in minecraft:block_entity_type
[04:38:31] [modloading-worker-0/INFO]: Registering callback for railways:dripstone_locometal_flywheel in minecraft:block
[04:38:31] [modloading-worker-0/INFO]: Registering callback for create:sliding_door in minecraft:block_entity_type
[04:38:31] [modloading-worker-0/INFO]: Registering callback for railways:dripstone_sliding_locometal_door in minecraft:block
[04:38:31] [modloading-worker-0/INFO]: Registering callback for create:sliding_door in minecraft:block_entity_type
[04:38:31] [modloading-worker-0/INFO]: Registering callback for railways:dripstone_folding_locometal_door in minecraft:block
[04:38:31] [modloading-worker-0/INFO]: Registering callback for create:flywheel in minecraft:block_entity_type
[04:38:31] [modloading-worker-0/INFO]: Registering callback for railways:ochrum_locometal_flywheel in minecraft:block
[04:38:31] [modloading-worker-0/INFO]: Registering callback for create:sliding_door in minecraft:block_entity_type
[04:38:31] [modloading-worker-0/INFO]: Registering callback for railways:ochrum_sliding_locometal_door in minecraft:block
[04:38:31] [modloading-worker-0/INFO]: Registering callback for create:sliding_door in minecraft:block_entity_type
[04:38:31] [modloading-worker-0/INFO]: Registering callback for railways:ochrum_folding_locometal_door in minecraft:block
[04:38:31] [modloading-worker-0/INFO]: Registering callback for create:flywheel in minecraft:block_entity_type
[04:38:31] [modloading-worker-0/INFO]: Registering callback for railways:yellow_locometal_flywheel in minecraft:block
[04:38:31] [modloading-worker-0/INFO]: Registering callback for create:sliding_door in minecraft:block_entity_type
[04:38:31] [modloading-worker-0/INFO]: Registering callback for railways:yellow_sliding_locometal_door in minecraft:block
[04:38:31] [modloading-worker-0/INFO]: Registering callback for create:sliding_door in minecraft:block_entity_type
[04:38:31] [modloading-worker-0/INFO]: Registering callback for railways:yellow_folding_locometal_door in minecraft:block
[04:38:31] [modloading-worker-0/INFO]: Registering callback for create:flywheel in minecraft:block_entity_type
[04:38:31] [modloading-worker-0/INFO]: Registering callback for railways:chartreuse_locometal_flywheel in minecraft:block
[04:38:31] [modloading-worker-0/INFO]: Registering callback for create:sliding_door in minecraft:block_entity_type
[04:38:31] [modloading-worker-0/INFO]: Registering callback for railways:chartreuse_sliding_locometal_door in minecraft:block
[04:38:31] [modloading-worker-0/INFO]: Registering callback for create:sliding_door in minecraft:block_entity_type
[04:38:31] [modloading-worker-0/INFO]: Registering callback for railways:chartreuse_folding_locometal_door in minecraft:block
[04:38:31] [modloading-worker-0/INFO]: Registering callback for create:flywheel in minecraft:block_entity_type
[04:38:31] [modloading-worker-0/INFO]: Registering callback for railways:olive_green_locometal_flywheel in minecraft:block
[04:38:31] [modloading-worker-0/INFO]: Registering callback for create:sliding_door in minecraft:block_entity_type
[04:38:31] [modloading-worker-0/INFO]: Registering callback for railways:olive_green_sliding_locometal_door in minecraft:block
[04:38:31] [modloading-worker-0/INFO]: Registering callback for create:sliding_door in minecraft:block_entity_type
[04:38:31] [modloading-worker-0/INFO]: Registering callback for railways:olive_green_folding_locometal_door in minecraft:block
[04:38:31] [modloading-worker-0/INFO]: Registering callback for create:flywheel in minecraft:block_entity_type
[04:38:31] [modloading-worker-0/INFO]: Registering callback for railways:lime_locometal_flywheel in minecraft:block
[04:38:31] [modloading-worker-0/INFO]: Registering callback for create:sliding_door in minecraft:block_entity_type
[04:38:31] [modloading-worker-0/INFO]: Registering callback for railways:lime_sliding_locometal_door in minecraft:block
[04:38:31] [modloading-worker-0/INFO]: Registering callback for create:sliding_door in minecraft:block_entity_type
[04:38:31] [modloading-worker-0/INFO]: Registering callback for railways:lime_folding_locometal_door in minecraft:block
[04:38:31] [modloading-worker-0/INFO]: Registering callback for create:flywheel in minecraft:block_entity_type
[04:38:31] [modloading-worker-0/INFO]: Registering callback for railways:green_locometal_flywheel in minecraft:block
[04:38:31] [modloading-worker-0/INFO]: Registering callback for create:sliding_door in minecraft:block_entity_type
[04:38:31] [modloading-worker-0/INFO]: Registering callback for railways:green_sliding_locometal_door in minecraft:block
[04:38:31] [modloading-worker-0/INFO]: Registering callback for create:sliding_door in minecraft:block_entity_type
[04:38:31] [modloading-worker-0/INFO]: Registering callback for railways:green_folding_locometal_door in minecraft:block
[04:38:31] [modloading-worker-0/INFO]: Registering callback for create:flywheel in minecraft:block_entity_type
[04:38:31] [modloading-worker-0/INFO]: Registering callback for railways:pine_green_locometal_flywheel in minecraft:block
[04:38:31] [modloading-worker-0/INFO]: Registering callback for create:sliding_door in minecraft:block_entity_type
[04:38:31] [modloading-worker-0/INFO]: Registering callback for railways:pine_green_sliding_locometal_door in minecraft:block
[04:38:31] [modloading-worker-0/INFO]: Registering callback for create:sliding_door in minecraft:block_entity_type
[04:38:31] [modloading-worker-0/INFO]: Registering callback for railways:pine_green_folding_locometal_door in minecraft:block
[04:38:31] [modloading-worker-0/INFO]: Registering callback for create:flywheel in minecraft:block_entity_type
[04:38:31] [modloading-worker-0/INFO]: Registering callback for railways:cyan_locometal_flywheel in minecraft:block
[04:38:31] [modloading-worker-0/INFO]: Registering callback for create:sliding_door in minecraft:block_entity_type
[04:38:31] [modloading-worker-0/INFO]: Registering callback for railways:cyan_sliding_locometal_door in minecraft:block
[04:38:31] [modloading-worker-0/INFO]: Registering callback for create:sliding_door in minecraft:block_entity_type
[04:38:31] [modloading-worker-0/INFO]: Registering callback for railways:cyan_folding_locometal_door in minecraft:block
[04:38:31] [modloading-worker-0/INFO]: Registering callback for create:flywheel in minecraft:block_entity_type
[04:38:31] [modloading-worker-0/INFO]: Registering callback for railways:sea_green_locometal_flywheel in minecraft:block
[04:38:31] [modloading-worker-0/INFO]: Registering callback for create:sliding_door in minecraft:block_entity_type
[04:38:31] [modloading-worker-0/INFO]: Registering callback for railways:sea_green_sliding_locometal_door in minecraft:block
[04:38:31] [modloading-worker-0/INFO]: Registering callback for create:sliding_door in minecraft:block_entity_type
[04:38:31] [modloading-worker-0/INFO]: Registering callback for railways:sea_green_folding_locometal_door in minecraft:block
[04:38:31] [modloading-worker-0/INFO]: Registering callback for create:flywheel in minecraft:block_entity_type
[04:38:31] [modloading-worker-0/INFO]: Registering callback for railways:turquoise_locometal_flywheel in minecraft:block
[04:38:31] [modloading-worker-0/INFO]: Registering callback for create:sliding_door in minecraft:block_entity_type
[04:38:31] [modloading-worker-0/INFO]: Registering callback for railways:turquoise_sliding_locometal_door in minecraft:block
[04:38:31] [modloading-worker-0/INFO]: Registering callback for create:sliding_door in minecraft:block_entity_type
[04:38:31] [modloading-worker-0/INFO]: Registering callback for railways:turquoise_folding_locometal_door in minecraft:block
[04:38:31] [modloading-worker-0/INFO]: Registering callback for create:flywheel in minecraft:block_entity_type
[04:38:31] [modloading-worker-0/INFO]: Registering callback for railways:light_blue_locometal_flywheel in minecraft:block
[04:38:31] [modloading-worker-0/INFO]: Registering callback for create:sliding_door in minecraft:block_entity_type
[04:38:31] [modloading-worker-0/INFO]: Registering callback for railways:light_blue_sliding_locometal_door in minecraft:block
[04:38:31] [modloading-worker-0/INFO]: Registering callback for create:sliding_door in minecraft:block_entity_type
[04:38:31] [modloading-worker-0/INFO]: Registering callback for railways:light_blue_folding_locometal_door in minecraft:block
[04:38:31] [modloading-worker-0/INFO]: Registering callback for create:flywheel in minecraft:block_entity_type
[04:38:31] [modloading-worker-0/INFO]: Registering callback for railways:blue_locometal_flywheel in minecraft:block
[04:38:31] [modloading-worker-0/INFO]: Registering callback for create:sliding_door in minecraft:block_entity_type
[04:38:31] [modloading-worker-0/INFO]: Registering callback for railways:blue_sliding_locometal_door in minecraft:block
[04:38:31] [modloading-worker-0/INFO]: Registering callback for create:sliding_door in minecraft:block_entity_type
[04:38:31] [modloading-worker-0/INFO]: Registering callback for railways:blue_folding_locometal_door in minecraft:block
[04:38:31] [modloading-worker-0/INFO]: Registering callback for create:flywheel in minecraft:block_entity_type
[04:38:31] [modloading-worker-0/INFO]: Registering callback for railways:royal_blue_locometal_flywheel in minecraft:block
[04:38:31] [modloading-worker-0/INFO]: Registering callback for create:sliding_door in minecraft:block_entity_type
[04:38:31] [modloading-worker-0/INFO]: Registering callback for railways:royal_blue_sliding_locometal_door in minecraft:block
[04:38:31] [modloading-worker-0/INFO]: Registering callback for create:sliding_door in minecraft:block_entity_type
[04:38:31] [modloading-worker-0/INFO]: Registering callback for railways:royal_blue_folding_locometal_door in minecraft:block
[04:38:31] [modloading-worker-0/INFO]: Registering callback for create:flywheel in minecraft:block_entity_type
[04:38:31] [modloading-worker-0/INFO]: Registering callback for railways:purple_locometal_flywheel in minecraft:block
[04:38:31] [modloading-worker-0/INFO]: Registering callback for create:sliding_door in minecraft:block_entity_type
[04:38:31] [modloading-worker-0/INFO]: Registering callback for railways:purple_sliding_locometal_door in minecraft:block
[04:38:31] [modloading-worker-0/INFO]: Registering callback for create:sliding_door in minecraft:block_entity_type
[04:38:31] [modloading-worker-0/INFO]: Registering callback for railways:purple_folding_locometal_door in minecraft:block
[04:38:31] [modloading-worker-0/INFO]: Registering callback for create:flywheel in minecraft:block_entity_type
[04:38:31] [modloading-worker-0/INFO]: Registering callback for railways:magenta_locometal_flywheel in minecraft:block
[04:38:31] [modloading-worker-0/INFO]: Registering callback for create:sliding_door in minecraft:block_entity_type
[04:38:31] [modloading-worker-0/INFO]: Registering callback for railways:magenta_sliding_locometal_door in minecraft:block
[04:38:31] [modloading-worker-0/INFO]: Registering callback for create:sliding_door in minecraft:block_entity_type
[04:38:31] [modloading-worker-0/INFO]: Registering callback for railways:magenta_folding_locometal_door in minecraft:block
[04:38:31] [modloading-worker-0/INFO]: Registering callback for create:flywheel in minecraft:block_entity_type
[04:38:31] [modloading-worker-0/INFO]: Registering callback for railways:pink_locometal_flywheel in minecraft:block
[04:38:31] [modloading-worker-0/INFO]: Registering callback for create:sliding_door in minecraft:block_entity_type
[04:38:31] [modloading-worker-0/INFO]: Registering callback for railways:pink_sliding_locometal_door in minecraft:block
[04:38:31] [modloading-worker-0/INFO]: Registering callback for create:sliding_door in minecraft:block_entity_type
[04:38:31] [modloading-worker-0/INFO]: Registering callback for railways:pink_folding_locometal_door in minecraft:block
[04:38:31] [modloading-worker-0/INFO]: Registering callback for create:flywheel in minecraft:block_entity_type
[04:38:31] [modloading-worker-0/INFO]: Registering callback for railways:white_locometal_flywheel in minecraft:block
[04:38:31] [modloading-worker-0/INFO]: Registering callback for create:sliding_door in minecraft:block_entity_type
[04:38:31] [modloading-worker-0/INFO]: Registering callback for railways:white_sliding_locometal_door in minecraft:block
[04:38:31] [modloading-worker-0/INFO]: Registering callback for create:sliding_door in minecraft:block_entity_type
[04:38:31] [modloading-worker-0/INFO]: Registering callback for railways:white_folding_locometal_door in minecraft:block
[04:38:31] [modloading-worker-0/INFO]: Registering callback for create:flywheel in minecraft:block_entity_type
[04:38:31] [modloading-worker-0/INFO]: Registering callback for railways:diorite_locometal_flywheel in minecraft:block
[04:38:31] [modloading-worker-0/INFO]: Registering callback for create:sliding_door in minecraft:block_entity_type
[04:38:31] [modloading-worker-0/INFO]: Registering callback for railways:diorite_sliding_locometal_door in minecraft:block
[04:38:31] [modloading-worker-0/INFO]: Registering callback for create:sliding_door in minecraft:block_entity_type
[04:38:31] [modloading-worker-0/INFO]: Registering callback for railways:diorite_folding_locometal_door in minecraft:block
[04:38:31] [modloading-worker-0/INFO]: Registering callback for create:flywheel in minecraft:block_entity_type
[04:38:31] [modloading-worker-0/INFO]: Registering callback for railways:limestone_locometal_flywheel in minecraft:block
[04:38:31] [modloading-worker-0/INFO]: Registering callback for create:sliding_door in minecraft:block_entity_type
[04:38:31] [modloading-worker-0/INFO]: Registering callback for railways:limestone_sliding_locometal_door in minecraft:block
[04:38:31] [modloading-worker-0/INFO]: Registering callback for create:sliding_door in minecraft:block_entity_type
[04:38:31] [modloading-worker-0/INFO]: Registering callback for railways:limestone_folding_locometal_door in minecraft:block
[04:38:31] [modloading-worker-0/INFO]: Registering callback for create:flywheel in minecraft:block_entity_type
[04:38:31] [modloading-worker-0/INFO]: Registering callback for railways:light_gray_locometal_flywheel in minecraft:block
[04:38:31] [modloading-worker-0/INFO]: Registering callback for create:sliding_door in minecraft:block_entity_type
[04:38:31] [modloading-worker-0/INFO]: Registering callback for railways:light_gray_sliding_locometal_door in minecraft:block
[04:38:31] [modloading-worker-0/INFO]: Registering callback for create:sliding_door in minecraft:block_entity_type
[04:38:31] [modloading-worker-0/INFO]: Registering callback for railways:light_gray_folding_locometal_door in minecraft:block
[04:38:31] [modloading-worker-0/INFO]: Registering callback for create:flywheel in minecraft:block_entity_type
[04:38:31] [modloading-worker-0/INFO]: Registering callback for railways:tuff_locometal_flywheel in minecraft:block
[04:38:31] [modloading-worker-0/INFO]: Registering callback for create:sliding_door in minecraft:block_entity_type
[04:38:31] [modloading-worker-0/INFO]: Registering callback for railways:tuff_sliding_locometal_door in minecraft:block
[04:38:31] [modloading-worker-0/INFO]: Registering callback for create:sliding_door in minecraft:block_entity_type
[04:38:31] [modloading-worker-0/INFO]: Registering callback for railways:tuff_folding_locometal_door in minecraft:block
[04:38:31] [modloading-worker-0/INFO]: Registering callback for create:flywheel in minecraft:block_entity_type
[04:38:31] [modloading-worker-0/INFO]: Registering callback for railways:gray_locometal_flywheel in minecraft:block
[04:38:31] [modloading-worker-0/INFO]: Registering callback for create:sliding_door in minecraft:block_entity_type
[04:38:31] [modloading-worker-0/INFO]: Registering callback for railways:gray_sliding_locometal_door in minecraft:block
[04:38:31] [modloading-worker-0/INFO]: Registering callback for create:sliding_door in minecraft:block_entity_type
[04:38:31] [modloading-worker-0/INFO]: Registering callback for railways:gray_folding_locometal_door in minecraft:block
[04:38:31] [modloading-worker-0/INFO]: Registering callback for create:flywheel in minecraft:block_entity_type
[04:38:31] [modloading-worker-0/INFO]: Registering callback for railways:scorchia_locometal_flywheel in minecraft:block
[04:38:31] [modloading-worker-0/INFO]: Registering callback for create:sliding_door in minecraft:block_entity_type
[04:38:31] [modloading-worker-0/INFO]: Registering callback for railways:scorchia_sliding_locometal_door in minecraft:block
[04:38:31] [modloading-worker-0/INFO]: Registering callback for create:sliding_door in minecraft:block_entity_type
[04:38:31] [modloading-worker-0/INFO]: Registering callback for railways:scorchia_folding_locometal_door in minecraft:block
[04:38:31] [modloading-worker-0/INFO]: Registering callback for create:flywheel in minecraft:block_entity_type
[04:38:31] [modloading-worker-0/INFO]: Registering callback for railways:black_locometal_flywheel in minecraft:block
[04:38:31] [modloading-worker-0/INFO]: Registering callback for create:sliding_door in minecraft:block_entity_type
[04:38:31] [modloading-worker-0/INFO]: Registering callback for railways:black_sliding_locometal_door in minecraft:block
[04:38:31] [modloading-worker-0/INFO]: Registering callback for create:sliding_door in minecraft:block_entity_type
[04:38:31] [modloading-worker-0/INFO]: Registering callback for railways:black_folding_locometal_door in minecraft:block
[04:38:31] [modloading-worker-0/INFO]: Deserializing YACLConfig from 'C:\Users\windf\curseforge\minecraft\Instances\THE FORGOTTEN SMP\config\yacl.json5'
[04:38:31] [modloading-worker-0/INFO]: Registering tracks for Hex Casting
[04:38:31] [modloading-worker-0/INFO]: Done in 0.090 s
[04:38:31] [modloading-worker-0/INFO]: Registering tracks for Oh The Biomes You'll Go
[04:38:31] [modloading-worker-0/INFO]: Registering tracks for Blue Skies
[04:38:31] [modloading-worker-0/INFO]: Registering tracks for Twilight Forest
[04:38:31] [modloading-worker-0/INFO]: Registering tracks for Biomes O' Plenty
[04:38:31] [modloading-worker-0/INFO]: Constructing module Crabs...
[04:38:31] [modloading-worker-0/INFO]: Constructing module Crafter...
[04:38:31] [modloading-worker-0/INFO]: Constructing module Crate...
[04:38:31] [modloading-worker-0/INFO]: Constructing module Diamond Repair...
[04:38:31] [modloading-worker-0/INFO]: Constructing module Dispensers Place Blocks...
[04:38:31] [modloading-worker-0/INFO]: Constructing module Double Door Opening...
[04:38:31] [modloading-worker-0/INFO]: Constructing module Dragon Scales...
[04:38:31] [modloading-worker-0/INFO]: Constructing module Duskbound Blocks...
[04:38:31] [modloading-worker-0/INFO]: Constructing module Dyeable Item Frames...
[04:38:31] [modloading-worker-0/INFO]: Constructing module Easy Transfering...
[04:38:31] [modloading-worker-0/INFO]: Constructing module Elytra Indicator...
[04:38:31] [modloading-worker-0/INFO]: Constructing module Emotes...
[04:38:31] [modloading-worker-0/INFO]: Constructing module Enchantment Predicates...
[04:38:31] [modloading-worker-0/INFO]: Constructing module Enchantments Begone...
[04:38:31] [modloading-worker-0/INFO]: Constructing module Ender Watcher...
[04:38:31] [modloading-worker-0/INFO]: Constructing module Endermosh Music Disc...
[04:38:31] [modloading-worker-0/INFO]: Constructing module Enhanced Ladders...
[04:38:31] [modloading-worker-0/INFO]: Constructing module Expanded Item Interactions...
[04:38:31] [modloading-worker-0/INFO]: Constructing module Fairy Rings...
[04:38:31] [modloading-worker-0/INFO]: Registering tracks for Nature's Spirit
[04:38:31] [modloading-worker-0/INFO]: Constructing module Fallen Logs...
[04:38:31] [modloading-worker-0/INFO]: Registering tracks for Dreams and Desires
[04:38:31] [modloading-worker-0/INFO]: Constructing module Feeding Trough...
[04:38:31] [modloading-worker-0/INFO]: Registering tracks for Quark
[04:38:31] [modloading-worker-0/INFO]: Constructing module Forgotten...
[04:38:31] [modloading-worker-0/INFO]: Registering tracks for TerraFirmaCraft
[04:38:31] [modloading-worker-0/INFO]: Constructing module Foxhound...
[04:38:31] [modloading-worker-0/INFO]: Constructing module Framed Glass...
[04:38:31] [modloading-worker-0/INFO]: Constructing module Game Nerfs...
[04:38:31] [modloading-worker-0/INFO]: Constructing module Glass Item Frame...
[04:38:31] [modloading-worker-0/INFO]: Constructing module Glass Shard...
[04:38:31] [modloading-worker-0/INFO]: Constructing module Glimmering Weald...
[04:38:31] [modloading-worker-0/INFO]: Constructing module Gold Bars...
[04:38:31] [modloading-worker-0/INFO]: Constructing module Gold Tools Have Fortune...
[04:38:31] [modloading-worker-0/INFO]: Constructing module Grab Chickens...
[04:38:31] [modloading-worker-0/INFO]: Constructing module Grate...
[04:38:31] [modloading-worker-0/INFO]: Constructing module Gravisand...
[04:38:31] [modloading-worker-0/INFO]: Constructing module Greener Grass...
[04:38:31] [modloading-worker-0/INFO]: Constructing module Hedges...
[04:38:31] [modloading-worker-0/INFO]: Constructing module Hoe Harvesting...
[04:38:31] [modloading-worker-0/INFO]: Constructing module Hollow Logs...
[04:38:31] [modloading-worker-0/INFO]: Constructing module Horses Swim...
[04:38:31] [modloading-worker-0/INFO]: Constructing module Hotbar Changer...
[04:38:31] [modloading-worker-0/INFO]: Constructing module Improved Sponges...
[04:38:31] [modloading-worker-0/INFO]: Constructing module Improved Tooltips...
[04:38:31] [modloading-worker-0/INFO]: Constructing module Industrial Palette...
[04:38:31] [modloading-worker-0/INFO]: Constructing module Inventory Sorting...
[04:38:31] [modloading-worker-0/INFO]: Constructing module Iron Rod...
[04:38:31] [modloading-worker-0/INFO]: Constructing module Item Sharing...
[04:38:31] [modloading-worker-0/INFO]: Constructing module Japanese Palette...
[04:38:31] [modloading-worker-0/INFO]: Constructing module Leaf Carpet...
[04:38:31] [modloading-worker-0/INFO]: Constructing module Lock Rotation...
[04:38:31] [modloading-worker-0/INFO]: Constructing module Long Range Pick Block...
[04:38:31] [modloading-worker-0/INFO]: Constructing module Magma Keeps Concrete Powder...
[04:38:31] [modloading-worker-0/INFO]: Constructing module Magnets...
[04:38:31] [modloading-worker-0/INFO]: ExpandAbility here, who dis?
[04:38:31] [modloading-worker-0/INFO]: Constructing module Map Washing...
[04:38:31] [modloading-worker-0/INFO]: Constructing module Matrix Enchanting...
[04:38:31] [modloading-worker-0/INFO]: Constructing module Metal Buttons...
[04:38:31] [modloading-worker-0/INFO]: Constructing module Microcrafting Helper...
[04:38:31] [modloading-worker-0/INFO]: Constructing module Midori...
[04:38:31] [modloading-worker-0/INFO]: Constructing module Monster Box...
[04:38:31] [modloading-worker-0/INFO]: Constructing module More Banner Layers...
[04:38:31] [modloading-worker-0/INFO]: Constructing module More Brick Types...
[04:38:31] [modloading-worker-0/INFO]: Constructing module More Mud Blocks...
[04:38:31] [modloading-worker-0/INFO]: Constructing module More Note Block Sounds...
[04:38:31] [modloading-worker-0/INFO]: Constructing module More Potted Plants...
[04:38:31] [modloading-worker-0/INFO]: Constructing module More Villagers...
[04:38:31] [modloading-worker-0/INFO]: Constructing module Narrator Readout...
[04:38:31] [modloading-worker-0/INFO]: Constructing module Nether Brick Fence Gate...
[04:38:31] [modloading-worker-0/INFO]: Constructing module Nether Obsidian Spikes...
[04:38:31] [modloading-worker-0/INFO]: Constructing module New Stone Types...
[04:38:31] [modloading-worker-0/INFO]: Constructing module No Durability On Cosmetics...
[04:38:31] [CraftPresence/INFO]: Loaded display data with Client Id: 1426653813452050624 (Logged in as tnAndrew)
[04:38:31] [modloading-worker-0/INFO]: Constructing module No More Lava Pockets...
[04:38:31] [modloading-worker-0/INFO]: Constructing module Obsidian Plate...
[04:38:31] [modloading-worker-0/INFO]: Constructing module Overlay Shader...
[04:38:31] [modloading-worker-0/INFO]: Constructing module Parrot Eggs...
[04:38:31] [modloading-worker-0/INFO]: Constructing module Pat The Dogs...
[04:38:31] [modloading-worker-0/INFO]: Constructing module Pathfinder Maps...
[04:38:31] [modloading-worker-0/INFO]: Constructing module Permafrost...
[04:38:31] [modloading-worker-0/INFO]: FluidLogistics initialized!
[04:38:31] [modloading-worker-0/INFO]: Constructing module Petals On Water...
[04:38:31] [modloading-worker-0/INFO]: Constructing module Pickarang...
[04:38:31] [modloading-worker-0/INFO]: Constructing module Pig Litters...
[04:38:31] [modloading-worker-0/INFO]: Constructing module Pipes...
[04:38:31] [modloading-worker-0/INFO]: Constructing module Pistons Move Tile Entities...
[04:38:31] [modloading-worker-0/INFO]: Constructing module Poison Potato Usage...
[04:38:31] [modloading-worker-0/INFO]: Constructing module Quick Armor Swapping...
[04:38:31] [modloading-worker-0/INFO]: Constructing module Rainbow Lamps...
[04:38:31] [modloading-worker-0/INFO]: Constructing module Raw Metal Bricks...
[04:38:31] [modloading-worker-0/INFO]: Constructing module Reacharound Placing...
[04:38:31] [modloading-worker-0/INFO]: Constructing module Redstone Randomizer...
[04:38:31] [modloading-worker-0/INFO]: Constructing module Renewable Spore Blossoms...
[04:38:31] [modloading-worker-0/INFO]: Constructing module Replace Scaffolding...
[04:38:31] [modloading-worker-0/INFO]: Constructing module Rope...
[04:38:31] [modloading-worker-0/INFO]: Constructing module Safer Creatures...
[04:38:31] [modloading-worker-0/INFO]: Constructing module Seed Pouch...
[04:38:31] [modloading-worker-0/INFO]: Constructing module Shear Vines...
[04:38:31] [modloading-worker-0/INFO]: Initialised items.
[04:38:31] [modloading-worker-0/INFO]: Constructing module Shiba...
[04:38:31] [modloading-worker-0/INFO]: Constructing module Shingles...
[04:38:31] [modloading-worker-0/INFO]: Constructing module Shulker Packing...
[04:38:31] [modloading-worker-0/INFO]: Constructing module Simple Harvest...
[04:38:31] [modloading-worker-0/INFO]: Constructing module Skull Pikes...
[04:38:31] [modloading-worker-0/INFO]: Constructing module Slabs To Blocks...
[04:38:31] [modloading-worker-0/INFO]: Constructing module Slime In A Bucket...
[04:38:31] [modloading-worker-0/INFO]: Constructing module Slimes To Magma Cubes...
[04:38:31] [modloading-worker-0/INFO]: Constructing module Snow Golem Player Heads...
[04:38:31] [modloading-worker-0/INFO]: Constructing module Soul Candles...
[04:38:31] [modloading-worker-0/INFO]: Constructing module Soul Sandstone...
[04:38:31] [modloading-worker-0/INFO]: Constructing module Spawner Replacer...
[04:38:31] [modloading-worker-0/INFO]: Constructing module Spiral Spires...
[04:38:31] [modloading-worker-0/INFO]: Constructing module Stonelings...
[04:38:31] [modloading-worker-0/INFO]: Constructing module Stools...
[04:38:31] [modloading-worker-0/INFO]: Constructing module Sturdy Stone...
[04:38:31] [modloading-worker-0/INFO]: Constructing module Thatch...
[04:38:31] [modloading-worker-0/INFO]: Constructing module Tiny Potato...
[04:38:31] [modloading-worker-0/INFO]: Constructing module Torch Arrow...
[04:38:31] [modloading-worker-0/INFO]: Initialised blocks.
[04:38:31] [modloading-worker-0/INFO]: Constructing module Toretoise...
[04:38:31] [modloading-worker-0/INFO]: Constructing module Totem Of Holding...
[04:38:31] [modloading-worker-0/INFO]: Constructing module Trowel...
[04:38:31] [modloading-worker-0/INFO]: Constructing module Usage Ticker...
[04:38:31] [modloading-worker-0/INFO]: Constructing module Uses For Curses...
[04:38:31] [modloading-worker-0/INFO]: Constructing module Utility Recipes...
[04:38:31] [modloading-worker-0/INFO]: Constructing module Variant Animal Textures...
[04:38:31] [modloading-worker-0/INFO]: Constructing module Variant Bookshelves...
[04:38:31] [modloading-worker-0/INFO]: Constructing module Variant Chests...
[04:38:31] [modloading-worker-0/INFO]: Constructing module Variant Furnaces...
[04:38:31] [modloading-worker-0/INFO]: Initialised block entities.
[04:38:31] [modloading-worker-0/INFO]: Constructing module Variant Ladders...
[04:38:31] [modloading-worker-0/INFO]: Constructing module Variant Selector...
[04:38:31] [modloading-worker-0/INFO]: Constructing module Vertical Planks...
[04:38:31] [modloading-worker-0/INFO]: Constructing module Vertical Slabs...
[04:38:31] [modloading-worker-0/INFO]: Initialised Applied Mekanistics integration.
[04:38:31] [modloading-worker-0/INFO]: Constructing module Vexes Die With Their Masters...
[04:38:31] [modloading-worker-0/INFO]: Constructing module Villager Rerolling Rework...
[04:38:31] [modloading-worker-0/INFO]: Constructing module Villagers Follow Emeralds...
[04:38:31] [modloading-worker-0/INFO]: Constructing module Wooden Posts...
[04:38:31] [modloading-worker-0/INFO]: Constructing module Wool Shuts Up Minecarts...
[04:38:31] [modloading-worker-0/INFO]: Constructing module Wraith...
[04:38:31] [modloading-worker-0/INFO]: Constructing module Zombie Villagers On Normal...
[04:38:31] [modloading-worker-0/INFO]: Constructing module More Stone Variants...
[04:38:31] [modloading-worker-0/INFO]: Constructed 164 modules.
[04:38:32] [modloading-worker-0/WARN]: Configuration file C:\Users\windf\curseforge\minecraft\Instances\THE FORGOTTEN SMP\config\quark-common.toml is not correct. Correcting
[04:38:32] [modloading-worker-0/INFO]: [com.enderio.core.EnderCore:onConstruct:25]: ================ Core construct ==================
[04:38:32] [modloading-worker-0/INFO]: [com.enderio.conduits.EIOConduits:onConstruct:30]: ================ Conduits construct ==================
[04:38:32] [modloading-worker-0/INFO]: Loaded script startup_scripts:example.js in 0.093 s
[04:38:32] [modloading-worker-0/INFO]: Loaded 1/1 KubeJS startup scripts in 1.482 s with 0 errors and 0 warnings
[04:38:32] [modloading-worker-0/INFO]: Loaded script client_scripts:coin_renames.js in 0.019 s
[04:38:32] [modloading-worker-0/INFO]: Loaded script client_scripts:economy_ponder.js in 0.008 s
[04:38:32] [modloading-worker-0/INFO]: Loaded 2/2 KubeJS client scripts in 0.07 s with 0 errors and 0 warnings
[04:38:32] [modloading-worker-0/INFO]: [TFMG] Initializing systems...
[04:38:32] [modloading-worker-0/INFO]: Registering C2S receiver with id kubejs:send_data_from_client
[04:38:32] [modloading-worker-0/INFO]: Registering S2C receiver with id kubejs:send_data_from_server
[04:38:32] [modloading-worker-0/INFO]: Registering S2C receiver with id kubejs:paint
[04:38:32] [modloading-worker-0/INFO]: Registering S2C receiver with id kubejs:add_stage
[04:38:32] [modloading-worker-0/INFO]: Registering S2C receiver with id kubejs:remove_stage
[04:38:32] [modloading-worker-0/INFO]: Registering S2C receiver with id kubejs:sync_stages
[04:38:32] [modloading-worker-0/INFO]: Registering C2S receiver with id kubejs:first_click
[04:38:32] [modloading-worker-0/INFO]: Registering S2C receiver with id kubejs:toast
[04:38:32] [modloading-worker-0/INFO]: Registering S2C receiver with id kubejs:reload_startup_scripts
[04:38:32] [modloading-worker-0/INFO]: Registering S2C receiver with id kubejs:display_server_errors
[04:38:32] [modloading-worker-0/INFO]: Registering S2C receiver with id kubejs:display_client_errors
[04:38:32] [modloading-worker-0/INFO]: [TFMG] Setting up client...
[04:38:32] [modloading-worker-0/INFO]: [TFMG] Initialization complete!
[04:38:33] [Render thread/INFO]: Registered cynosure event subscriber dev/mayaqq/estrogen/forge/compat/CreateForgeCompatKt to bus main
[04:38:33] [Render thread/INFO]: Registered cynosure event subscriber dev/mayaqq/estrogen/features/thighhighs/ThighHighsLootKt to bus main
[04:38:33] [Render thread/INFO]: Registered cynosure event subscriber dev/mayaqq/estrogen/features/thighhighs/ThighHighStyleLoaderKt to bus main
[04:38:33] [Render thread/INFO]: Registered cynosure event subscriber dev/mayaqq/estrogen/features/minigame/Minigame to bus main
[04:38:33] [Render thread/INFO]: Registered cynosure event subscriber dev/mayaqq/estrogen/features/extra/BoobPeopleKt to bus main
[04:38:33] [Render thread/INFO]: Registered cynosure event subscriber dev/mayaqq/estrogen/features/boobs/ServerSideBoobHandlingKt to bus main
[04:38:33] [Render thread/INFO]: Registered cynosure event subscriber dev/mayaqq/estrogen/content/recipes/EntityInteractionRecipeKt to bus main
[04:38:33] [Render thread/INFO]: Registered cynosure event subscriber dev/mayaqq/estrogen/content/enchantments/UwuCurseEnchantmentKt to bus main
[04:38:33] [Render thread/INFO]: Registered cynosure event subscriber dev/mayaqq/estrogen/content/effects/EstrogenEffectKt to bus main
[04:38:33] [Render thread/INFO]: Registered cynosure event subscriber dev/mayaqq/estrogen/content/blocks/DreamBlock$Companion to bus main
[04:38:33] [Render thread/INFO]: Registered cynosure event subscriber dev/mayaqq/estrogen/content/blocks/CauldronInteractions to bus main
[04:38:33] [Render thread/INFO]: Registered cynosure event subscriber dev/mayaqq/estrogen/content/advancements/triggers/KilledWithEffectTriggerKt to bus main
[04:38:33] [Render thread/INFO]: Registered cynosure event subscriber dev/mayaqq/estrogen/content/EstrogenAttributesKt to bus main
[04:38:33] [Render thread/INFO]: Registered cynosure event subscriber dev/mayaqq/estrogen/compat/cobblemon/ModlessCobblemonCompatKt to bus main
[04:38:33] [Render thread/INFO]: Registered cynosure event subscriber dev/mayaqq/estrogen/client/features/dash/DreamBlockEffect to bus main
[04:38:33] [Render thread/INFO]: Registered cynosure event subscriber dev/mayaqq/estrogen/client/features/dash/ClientDash to bus main
[04:38:33] [Render thread/INFO]: Registered cynosure event subscriber dev/mayaqq/estrogen/client/features/boobs/BoobPhysicsManager to bus main
[04:38:33] [Render thread/INFO]: Registered cynosure event subscriber dev/mayaqq/estrogen/client/features/TextRendererFeatures to bus main
[04:38:33] [Render thread/INFO]: Registered cynosure event subscriber dev/mayaqq/estrogen/client/cosmetics/CosmeticKt to bus main
[04:38:33] [Render thread/INFO]: Registered cynosure event subscriber dev/mayaqq/estrogen/client/content/blockRenderers/dreamBlock/texture/DynamicDreamTexture to bus main
[04:38:33] [Render thread/INFO]: Registered cynosure event subscriber dev/mayaqq/estrogen/client/content/block/ClientDreamBlock to bus main
[04:38:33] [Render thread/INFO]: Registered cynosure event subscriber dev/mayaqq/estrogen/client/content/EstrogenRenderer to bus main
[04:38:33] [Render thread/INFO]: Registered cynosure event subscriber dev/mayaqq/estrogen/client/content/EstrogenKeybinds to bus main
[04:38:33] [Render thread/INFO]: Registered cynosure event subscriber dev/mayaqq/estrogen/client/EstrogenClientKt to bus main
[04:38:33] [Render thread/INFO]: Registered cynosure event subscriber dev/mayaqq/estrogen/Estrogen to bus main
[04:38:33] [Render thread/INFO]: Registered cynosure event subscriber dev/mayaqq/cynosure/client/CynosureClient to bus main
[04:38:33] [Render thread/INFO]: Registered cynosure event subscriber dev/mayaqq/createestrogen/client/content/blockRenderers/centrifuge/CreateEstrogenRenderer to bus main
[04:38:33] [Render thread/INFO]: Registered cynosure event subscriber dev/mayaqq/createestrogen/CreateEstrogen to bus main
[04:38:33] [Render thread/INFO]: Module [kiwi:contributors] initialized
[04:38:33] [Render thread/INFO]: Module [snowrealmagic:core] initialized
[04:38:33] [Render thread/INFO]: 		block: 7, block_entity_type: 2, entity_type: 1, loot_pool_entry_type: 1
[04:38:33] [Render thread/INFO]: Module [kiwi:data] initialized
[04:38:33] [Render thread/INFO]: 		recipe_serializer: 3
[04:38:34] [Render thread/WARN]: Error loading class: com/dsvv/cbcat/cannon/twin_autocannon/contraption/MountedTwinAutocannonContraption (java.lang.ClassNotFoundException: com.dsvv.cbcat.cannon.twin_autocannon.contraption.MountedTwinAutocannonContraption)
[04:38:34] [Render thread/WARN]: Error loading class: com/dsvv/cbcat/cannon/heavy_autocannon/contraption/MountedHeavyAutocannonContraption (java.lang.ClassNotFoundException: com.dsvv.cbcat.cannon.heavy_autocannon.contraption.MountedHeavyAutocannonContraption)
[04:38:37] [Render thread/WARN]: Registry entry listened Registry Entry [minecraft:entity_type / artifacts:mimic] was not realized!
[04:38:38] [Render thread/INFO]: Initialized block sets in 32ms
[04:38:38] [Render thread/WARN]: defineId called for: class net.minecraft.world.entity.item.PrimedTnt from class com.drmangotea.tfmg.content.items.weapons.explosives.napalm.NapalmBombEntity
[04:38:38] [Render thread/INFO]: Running callback for create:flywheel and railways:pink_locometal_flywheel
[04:38:38] [Render thread/INFO]: Running callback for create:flywheel and railways:turquoise_locometal_flywheel
[04:38:38] [Render thread/INFO]: Running callback for create:flywheel and railways:olive_green_locometal_flywheel
[04:38:38] [Render thread/INFO]: Running callback for create:flywheel and railways:chartreuse_locometal_flywheel
[04:38:38] [Render thread/INFO]: Running callback for create:flywheel and railways:purple_locometal_flywheel
[04:38:38] [Render thread/INFO]: Running callback for create:flywheel and railways:white_locometal_flywheel
[04:38:38] [Render thread/INFO]: Running callback for create:flywheel and railways:red_locometal_flywheel
[04:38:38] [Render thread/INFO]: Running callback for create:flywheel and railways:maroon_locometal_flywheel
[04:38:38] [Render thread/INFO]: Running callback for create:flywheel and railways:pine_green_locometal_flywheel
[04:38:38] [Render thread/INFO]: Running callback for create:flywheel and railways:tuff_locometal_flywheel
[04:38:38] [Render thread/INFO]: Running callback for create:flywheel and railways:brown_locometal_flywheel
[04:38:38] [Render thread/INFO]: Running callback for create:flywheel and railways:royal_blue_locometal_flywheel
[04:38:38] [Render thread/INFO]: Running callback for create:flywheel and railways:blue_locometal_flywheel
[04:38:38] [Render thread/INFO]: Running callback for create:flywheel and railways:ochrum_locometal_flywheel
[04:38:38] [Render thread/INFO]: Running callback for create:flywheel and railways:granite_locometal_flywheel
[04:38:38] [Render thread/INFO]: Running callback for create:flywheel and railways:vermilion_locometal_flywheel
[04:38:38] [Render thread/INFO]: Running callback for create:flywheel and railways:scorchia_locometal_flywheel
[04:38:38] [Render thread/INFO]: Running callback for create:flywheel and railways:magenta_locometal_flywheel
[04:38:38] [Render thread/INFO]: Running callback for create:flywheel and railways:green_locometal_flywheel
[04:38:38] [Render thread/INFO]: Running callback for create:flywheel and railways:limestone_locometal_flywheel
[04:38:38] [Render thread/INFO]: Running callback for create:flywheel and railways:dripstone_locometal_flywheel
[04:38:38] [Render thread/INFO]: Running callback for create:flywheel and railways:diorite_locometal_flywheel
[04:38:38] [Render thread/INFO]: Running callback for create:flywheel and railways:yellow_locometal_flywheel
[04:38:38] [Render thread/INFO]: Running callback for create:flywheel and railways:light_blue_locometal_flywheel
[04:38:38] [Render thread/INFO]: Running callback for create:flywheel and railways:black_locometal_flywheel
[04:38:38] [Render thread/INFO]: Running callback for create:flywheel and railways:lime_locometal_flywheel
[04:38:38] [Render thread/INFO]: Running callback for create:flywheel and railways:gray_locometal_flywheel
[04:38:38] [Render thread/INFO]: Running callback for create:flywheel and railways:orange_locometal_flywheel
[04:38:38] [Render thread/INFO]: Running callback for create:flywheel and railways:sea_green_locometal_flywheel
[04:38:38] [Render thread/INFO]: Running callback for create:flywheel and railways:locometal_flywheel
[04:38:38] [Render thread/INFO]: Running callback for create:flywheel and railways:light_gray_locometal_flywheel
[04:38:38] [Render thread/INFO]: Running callback for create:flywheel and railways:cyan_locometal_flywheel
[04:38:38] [Render thread/INFO]: Running callback for create:sliding_door and railways:magenta_sliding_locometal_door
[04:38:38] [Render thread/INFO]: Running callback for create:sliding_door and railways:dripstone_sliding_locometal_door
[04:38:38] [Render thread/INFO]: Running callback for create:sliding_door and railways:green_folding_locometal_door
[04:38:38] [Render thread/INFO]: Running callback for create:sliding_door and railways:white_sliding_locometal_door
[04:38:38] [Render thread/INFO]: Running callback for create:sliding_door and railways:granite_sliding_locometal_door
[04:38:38] [Render thread/INFO]: Running callback for create:sliding_door and railways:cyan_sliding_locometal_door
[04:38:38] [Render thread/INFO]: Running callback for create:sliding_door and railways:light_blue_folding_locometal_door
[04:38:38] [Render thread/INFO]: Running callback for create:sliding_door and railways:light_gray_folding_locometal_door
[04:38:38] [Render thread/INFO]: Running callback for create:sliding_door and railways:sea_green_sliding_locometal_door
[04:38:38] [Render thread/INFO]: Running callback for create:sliding_door and railways:purple_sliding_locometal_door
[04:38:38] [Render thread/INFO]: Running callback for create:sliding_door and railways:pine_green_sliding_locometal_door
[04:38:38] [Render thread/INFO]: Running callback for create:sliding_door and railways:royal_blue_sliding_locometal_door
[04:38:38] [Render thread/INFO]: Running callback for create:sliding_door and railways:maroon_folding_locometal_door
[04:38:38] [Render thread/INFO]: Running callback for create:sliding_door and railways:lime_folding_locometal_door
[04:38:38] [Render thread/INFO]: Running callback for create:sliding_door and railways:white_folding_locometal_door
[04:38:38] [Render thread/INFO]: Running callback for create:sliding_door and railways:dripstone_folding_locometal_door
[04:38:38] [Render thread/INFO]: Running callback for create:sliding_door and railways:light_gray_sliding_locometal_door
[04:38:38] [Render thread/INFO]: Running callback for create:sliding_door and railways:gray_folding_locometal_door
[04:38:38] [Render thread/INFO]: Running callback for create:sliding_door and railways:purple_folding_locometal_door
[04:38:38] [Render thread/INFO]: Running callback for create:sliding_door and railways:tuff_sliding_locometal_door
[04:38:38] [Render thread/INFO]: Running callback for create:sliding_door and railways:blue_sliding_locometal_door
[04:38:38] [Render thread/INFO]: Running callback for create:sliding_door and railways:lime_sliding_locometal_door
[04:38:38] [Render thread/INFO]: Running callback for create:sliding_door and railways:maroon_sliding_locometal_door
[04:38:38] [Render thread/INFO]: Running callback for create:sliding_door and railways:pink_folding_locometal_door
[04:38:38] [Render thread/INFO]: Running callback for create:sliding_door and railways:chartreuse_sliding_locometal_door
[04:38:38] [Render thread/INFO]: Running callback for create:sliding_door and railways:olive_green_sliding_locometal_door
[04:38:38] [Render thread/INFO]: Running callback for create:sliding_door and railways:turquoise_sliding_locometal_door
[04:38:38] [Render thread/INFO]: Running callback for create:sliding_door and railways:royal_blue_folding_locometal_door
[04:38:38] [Render thread/INFO]: Running callback for create:sliding_door and railways:ochrum_sliding_locometal_door
[04:38:38] [Render thread/INFO]: Running callback for create:sliding_door and railways:magenta_folding_locometal_door
[04:38:38] [Render thread/INFO]: Running callback for create:sliding_door and railways:scorchia_folding_locometal_door
[04:38:38] [Render thread/INFO]: Running callback for create:sliding_door and railways:black_folding_locometal_door
[04:38:38] [Render thread/INFO]: Running callback for create:sliding_door and railways:vermilion_folding_locometal_door
[04:38:38] [Render thread/INFO]: Running callback for create:sliding_door and railways:orange_folding_locometal_door
[04:38:38] [Render thread/INFO]: Running callback for create:sliding_door and railways:pine_green_folding_locometal_door
[04:38:38] [Render thread/INFO]: Running callback for create:sliding_door and railways:pink_sliding_locometal_door
[04:38:38] [Render thread/INFO]: Running callback for create:sliding_door and railways:brown_sliding_locometal_door
[04:38:38] [Render thread/INFO]: Running callback for create:sliding_door and railways:tuff_folding_locometal_door
[04:38:38] [Render thread/INFO]: Running callback for create:sliding_door and railways:limestone_sliding_locometal_door
[04:38:38] [Render thread/INFO]: Running callback for create:sliding_door and railways:turquoise_folding_locometal_door
[04:38:38] [Render thread/INFO]: Running callback for create:sliding_door and railways:diorite_sliding_locometal_door
[04:38:38] [Render thread/INFO]: Running callback for create:sliding_door and railways:green_sliding_locometal_door
[04:38:38] [Render thread/INFO]: Running callback for create:sliding_door and railways:diorite_folding_locometal_door
[04:38:38] [Render thread/INFO]: Running callback for create:sliding_door and railways:folding_locometal_door
[04:38:38] [Render thread/INFO]: Running callback for create:sliding_door and railways:sea_green_folding_locometal_door
[04:38:38] [Render thread/INFO]: Running callback for create:sliding_door and railways:sliding_locometal_door
[04:38:38] [Render thread/INFO]: Running callback for create:sliding_door and railways:vermilion_sliding_locometal_door
[04:38:38] [Render thread/INFO]: Running callback for create:sliding_door and railways:cyan_folding_locometal_door
[04:38:38] [Render thread/INFO]: Running callback for create:sliding_door and railways:red_sliding_locometal_door
[04:38:38] [Render thread/INFO]: Running callback for create:sliding_door and railways:scorchia_sliding_locometal_door
[04:38:38] [Render thread/INFO]: Running callback for create:sliding_door and railways:olive_green_folding_locometal_door
[04:38:38] [Render thread/INFO]: Running callback for create:sliding_door and railways:gray_sliding_locometal_door
[04:38:38] [Render thread/INFO]: Running callback for create:sliding_door and railways:blue_folding_locometal_door
[04:38:38] [Render thread/INFO]: Running callback for create:sliding_door and railways:ochrum_folding_locometal_door
[04:38:38] [Render thread/INFO]: Running callback for create:sliding_door and railways:granite_folding_locometal_door
[04:38:38] [Render thread/INFO]: Running callback for create:sliding_door and railways:yellow_folding_locometal_door
[04:38:38] [Render thread/INFO]: Running callback for create:sliding_door and railways:light_blue_sliding_locometal_door
[04:38:38] [Render thread/INFO]: Running callback for create:sliding_door and railways:brown_folding_locometal_door
[04:38:38] [Render thread/INFO]: Running callback for create:sliding_door and railways:limestone_folding_locometal_door
[04:38:38] [Render thread/INFO]: Running callback for create:sliding_door and railways:orange_sliding_locometal_door
[04:38:38] [Render thread/INFO]: Running callback for create:sliding_door and railways:yellow_sliding_locometal_door
[04:38:38] [Render thread/INFO]: Running callback for create:sliding_door and railways:black_sliding_locometal_door
[04:38:38] [Render thread/INFO]: Running callback for create:sliding_door and railways:red_folding_locometal_door
[04:38:38] [Render thread/INFO]: Running callback for create:sliding_door and railways:chartreuse_folding_locometal_door
[04:38:38] [Render thread/INFO]: Running callback for create:copycat and railways:conductor_vent
[04:38:39] [Render thread/INFO]: Running callback for create:track_signal and railways:track_signal_source
[04:38:39] [Render thread/INFO]: Running finalizers
[04:38:39] [Render thread/INFO]: - Registering Synched Attack Data for AllayRaw.
[04:38:39] [Render thread/WARN]: defineId called for: class de.markusbordihn.easynpc.entity.easynpc.npc.raw.AllayRaw from interface de.markusbordihn.easynpc.entity.easynpc.data.AttackDataCapable
[04:38:39] [Render thread/INFO]: - Registering Synched Attribute Data for AllayRaw.
[04:38:39] [Render thread/WARN]: defineId called for: class de.markusbordihn.easynpc.entity.easynpc.npc.raw.AllayRaw from interface de.markusbordihn.easynpc.entity.easynpc.data.AttributeDataCapable
[04:38:39] [Render thread/INFO]: - Registering Synched Custom Attribute Data for AllayRaw.
[04:38:39] [Render thread/WARN]: defineId called for: class de.markusbordihn.easynpc.entity.easynpc.npc.raw.AllayRaw from interface de.markusbordihn.easynpc.entity.easynpc.data.CustomAttributeDataCapable
[04:38:39] [Render thread/INFO]: - Registering Synched Display Attribute Data for AllayRaw.
[04:38:39] [Render thread/WARN]: defineId called for: class de.markusbordihn.easynpc.entity.easynpc.npc.raw.AllayRaw from interface de.markusbordihn.easynpc.entity.easynpc.data.DisplayAttributeDataCapable
[04:38:39] [Render thread/INFO]: Registering Synched Model Data for AllayRaw.
[04:38:39] [Render thread/WARN]: defineId called for: class de.markusbordihn.easynpc.entity.easynpc.npc.raw.AllayRaw from interface de.markusbordihn.easynpc.entity.easynpc.data.ModelDataCapable
[04:38:39] [Render thread/INFO]: Registering Synched Model Position Data for AllayRaw.
[04:38:39] [Render thread/WARN]: defineId called for: class de.markusbordihn.easynpc.entity.easynpc.npc.raw.AllayRaw from interface de.markusbordihn.easynpc.entity.easynpc.data.ModelPositionDataCapable
[04:38:39] [Render thread/INFO]: Registering Synched Model Rotation Data for AllayRaw.
[04:38:39] [Render thread/WARN]: defineId called for: class de.markusbordihn.easynpc.entity.easynpc.npc.raw.AllayRaw from interface de.markusbordihn.easynpc.entity.easynpc.data.ModelRotationDataCapable
[04:38:39] [Render thread/INFO]: Registering Synched Model Scale Data for AllayRaw.
[04:38:39] [Render thread/WARN]: defineId called for: class de.markusbordihn.easynpc.entity.easynpc.npc.raw.AllayRaw from interface de.markusbordihn.easynpc.entity.easynpc.data.ModelScaleDataCapable
[04:38:39] [Render thread/INFO]: Registering Synched Model Visibility Data for AllayRaw.
[04:38:39] [Render thread/WARN]: defineId called for: class de.markusbordihn.easynpc.entity.easynpc.npc.raw.AllayRaw from interface de.markusbordihn.easynpc.entity.easynpc.data.ModelVisibilityDataCapable
[04:38:39] [Render thread/INFO]: - Registering Synched Navigation Data for AllayRaw.
[04:38:39] [Render thread/WARN]: defineId called for: class de.markusbordihn.easynpc.entity.easynpc.npc.raw.AllayRaw from interface de.markusbordihn.easynpc.entity.easynpc.data.NavigationDataCapable
[04:38:39] [Render thread/INFO]: - Registering Synched Owner Data for AllayRaw.
[04:38:39] [Render thread/WARN]: defineId called for: class de.markusbordihn.easynpc.entity.easynpc.npc.raw.AllayRaw from interface de.markusbordihn.easynpc.entity.easynpc.data.OwnerDataCapable
[04:38:39] [Render thread/INFO]: - Registering Synched Profession Data for AllayRaw.
[04:38:39] [Render thread/WARN]: defineId called for: class de.markusbordihn.easynpc.entity.easynpc.npc.raw.AllayRaw from interface de.markusbordihn.easynpc.entity.easynpc.data.ProfessionDataCapable
[04:38:39] [Render thread/INFO]: - Registering Synched Render Data for AllayRaw.
[04:38:39] [Render thread/WARN]: defineId called for: class de.markusbordihn.easynpc.entity.easynpc.npc.raw.AllayRaw from interface de.markusbordihn.easynpc.entity.easynpc.data.RenderDataCapable
[04:38:39] [Render thread/INFO]: - Registering Synched Skin Data for AllayRaw.
[04:38:39] [Render thread/WARN]: defineId called for: class de.markusbordihn.easynpc.entity.easynpc.npc.raw.AllayRaw from interface de.markusbordihn.easynpc.entity.easynpc.data.SkinDataCapable
[04:38:39] [Render thread/INFO]: - Registering Synched Sound Data for AllayRaw.
[04:38:39] [Render thread/WARN]: defineId called for: class de.markusbordihn.easynpc.entity.easynpc.npc.raw.AllayRaw from interface de.markusbordihn.easynpc.entity.easynpc.data.SoundDataCapable
[04:38:39] [Render thread/INFO]: - Registering Synched Trading Data for AllayRaw.
[04:38:39] [Render thread/WARN]: defineId called for: class de.markusbordihn.easynpc.entity.easynpc.npc.raw.AllayRaw from interface de.markusbordihn.easynpc.entity.easynpc.data.TradingDataCapable
[04:38:39] [Render thread/WARN]: defineId called for: class de.markusbordihn.easynpc.entity.easynpc.npc.raw.AllayRaw from interface de.markusbordihn.easynpc.entity.easynpc.data.TradingDataCapable
[04:38:39] [Render thread/WARN]: defineId called for: class de.markusbordihn.easynpc.entity.easynpc.npc.raw.AllayRaw from interface de.markusbordihn.easynpc.entity.easynpc.data.TradingDataCapable
[04:38:39] [Render thread/INFO]: - Registering Synched Variant Type Data for AllayRaw.
[04:38:39] [Render thread/WARN]: defineId called for: class de.markusbordihn.easynpc.entity.easynpc.npc.raw.AllayRaw from interface de.markusbordihn.easynpc.entity.easynpc.data.VariantDataCapable
[04:38:39] [Render thread/INFO]: - Registering Synched Attack Data for CatRaw.
[04:38:39] [Render thread/WARN]: defineId called for: class de.markusbordihn.easynpc.entity.easynpc.npc.raw.CatRaw from interface de.markusbordihn.easynpc.entity.easynpc.data.AttackDataCapable
[04:38:39] [Render thread/INFO]: - Registering Synched Attribute Data for CatRaw.
[04:38:39] [Render thread/WARN]: defineId called for: class de.markusbordihn.easynpc.entity.easynpc.npc.raw.CatRaw from interface de.markusbordihn.easynpc.entity.easynpc.data.AttributeDataCapable
[04:38:39] [Render thread/INFO]: - Registering Synched Custom Attribute Data for CatRaw.
[04:38:39] [Render thread/WARN]: defineId called for: class de.markusbordihn.easynpc.entity.easynpc.npc.raw.CatRaw from interface de.markusbordihn.easynpc.entity.easynpc.data.CustomAttributeDataCapable
[04:38:39] [Render thread/INFO]: - Registering Synched Display Attribute Data for CatRaw.
[04:38:39] [Render thread/WARN]: defineId called for: class de.markusbordihn.easynpc.entity.easynpc.npc.raw.CatRaw from interface de.markusbordihn.easynpc.entity.easynpc.data.DisplayAttributeDataCapable
[04:38:39] [Render thread/INFO]: Registering Synched Model Data for CatRaw.
[04:38:39] [Render thread/WARN]: defineId called for: class de.markusbordihn.easynpc.entity.easynpc.npc.raw.CatRaw from interface de.markusbordihn.easynpc.entity.easynpc.data.ModelDataCapable
[04:38:39] [Render thread/INFO]: Registering Synched Model Position Data for CatRaw.
[04:38:39] [Render thread/WARN]: defineId called for: class de.markusbordihn.easynpc.entity.easynpc.npc.raw.CatRaw from interface de.markusbordihn.easynpc.entity.easynpc.data.ModelPositionDataCapable
[04:38:39] [Render thread/INFO]: Registering Synched Model Rotation Data for CatRaw.
[04:38:39] [Render thread/WARN]: defineId called for: class de.markusbordihn.easynpc.entity.easynpc.npc.raw.CatRaw from interface de.markusbordihn.easynpc.entity.easynpc.data.ModelRotationDataCapable
[04:38:39] [Render thread/INFO]: Registering Synched Model Scale Data for CatRaw.
[04:38:39] [Render thread/WARN]: defineId called for: class de.markusbordihn.easynpc.entity.easynpc.npc.raw.CatRaw from interface de.markusbordihn.easynpc.entity.easynpc.data.ModelScaleDataCapable
[04:38:39] [Render thread/INFO]: Registering Synched Model Visibility Data for CatRaw.
[04:38:39] [Render thread/WARN]: defineId called for: class de.markusbordihn.easynpc.entity.easynpc.npc.raw.CatRaw from interface de.markusbordihn.easynpc.entity.easynpc.data.ModelVisibilityDataCapable
[04:38:39] [Render thread/INFO]: - Registering Synched Navigation Data for CatRaw.
[04:38:39] [Render thread/WARN]: defineId called for: class de.markusbordihn.easynpc.entity.easynpc.npc.raw.CatRaw from interface de.markusbordihn.easynpc.entity.easynpc.data.NavigationDataCapable
[04:38:39] [Render thread/INFO]: - Registering Synched Owner Data for CatRaw.
[04:38:39] [Render thread/WARN]: defineId called for: class de.markusbordihn.easynpc.entity.easynpc.npc.raw.CatRaw from interface de.markusbordihn.easynpc.entity.easynpc.data.OwnerDataCapable
[04:38:39] [Render thread/INFO]: - Registering Synched Profession Data for CatRaw.
[04:38:39] [Render thread/WARN]: defineId called for: class de.markusbordihn.easynpc.entity.easynpc.npc.raw.CatRaw from interface de.markusbordihn.easynpc.entity.easynpc.data.ProfessionDataCapable
[04:38:39] [Render thread/INFO]: - Registering Synched Render Data for CatRaw.
[04:38:39] [Render thread/WARN]: defineId called for: class de.markusbordihn.easynpc.entity.easynpc.npc.raw.CatRaw from interface de.markusbordihn.easynpc.entity.easynpc.data.RenderDataCapable
[04:38:39] [Render thread/INFO]: - Registering Synched Skin Data for CatRaw.
[04:38:39] [Render thread/WARN]: defineId called for: class de.markusbordihn.easynpc.entity.easynpc.npc.raw.CatRaw from interface de.markusbordihn.easynpc.entity.easynpc.data.SkinDataCapable
[04:38:39] [Render thread/INFO]: - Registering Synched Sound Data for CatRaw.
[04:38:39] [Render thread/WARN]: defineId called for: class de.markusbordihn.easynpc.entity.easynpc.npc.raw.CatRaw from interface de.markusbordihn.easynpc.entity.easynpc.data.SoundDataCapable
[04:38:39] [Render thread/INFO]: - Registering Synched Trading Data for CatRaw.
[04:38:39] [Render thread/WARN]: defineId called for: class de.markusbordihn.easynpc.entity.easynpc.npc.raw.CatRaw from interface de.markusbordihn.easynpc.entity.easynpc.data.TradingDataCapable
[04:38:39] [Render thread/WARN]: defineId called for: class de.markusbordihn.easynpc.entity.easynpc.npc.raw.CatRaw from interface de.markusbordihn.easynpc.entity.easynpc.data.TradingDataCapable
[04:38:39] [Render thread/WARN]: defineId called for: class de.markusbordihn.easynpc.entity.easynpc.npc.raw.CatRaw from interface de.markusbordihn.easynpc.entity.easynpc.data.TradingDataCapable
[04:38:39] [Render thread/INFO]: - Registering Synched Variant Type Data for CatRaw.
[04:38:39] [Render thread/WARN]: defineId called for: class de.markusbordihn.easynpc.entity.easynpc.npc.raw.CatRaw from interface de.markusbordihn.easynpc.entity.easynpc.data.VariantDataCapable
[04:38:39] [Render thread/INFO]: - Registering Synched Attack Data for ChickenRaw.
[04:38:39] [Render thread/WARN]: defineId called for: class de.markusbordihn.easynpc.entity.easynpc.npc.raw.ChickenRaw from interface de.markusbordihn.easynpc.entity.easynpc.data.AttackDataCapable
[04:38:39] [Render thread/INFO]: - Registering Synched Attribute Data for ChickenRaw.
[04:38:39] [Render thread/WARN]: defineId called for: class de.markusbordihn.easynpc.entity.easynpc.npc.raw.ChickenRaw from interface de.markusbordihn.easynpc.entity.easynpc.data.AttributeDataCapable
[04:38:39] [Render thread/INFO]: - Registering Synched Custom Attribute Data for ChickenRaw.
[04:38:39] [Render thread/WARN]: defineId called for: class de.markusbordihn.easynpc.entity.easynpc.npc.raw.ChickenRaw from interface de.markusbordihn.easynpc.entity.easynpc.data.CustomAttributeDataCapable
[04:38:39] [Render thread/INFO]: - Registering Synched Display Attribute Data for ChickenRaw.
[04:38:39] [Render thread/WARN]: defineId called for: class de.markusbordihn.easynpc.entity.easynpc.npc.raw.ChickenRaw from interface de.markusbordihn.easynpc.entity.easynpc.data.DisplayAttributeDataCapable
[04:38:39] [Render thread/INFO]: Registering Synched Model Data for ChickenRaw.
[04:38:39] [Render thread/WARN]: defineId called for: class de.markusbordihn.easynpc.entity.easynpc.npc.raw.ChickenRaw from interface de.markusbordihn.easynpc.entity.easynpc.data.ModelDataCapable
[04:38:39] [Render thread/INFO]: Registering Synched Model Position Data for ChickenRaw.
[04:38:39] [Render thread/WARN]: defineId called for: class de.markusbordihn.easynpc.entity.easynpc.npc.raw.ChickenRaw from interface de.markusbordihn.easynpc.entity.easynpc.data.ModelPositionDataCapable
[04:38:39] [Render thread/INFO]: Registering Synched Model Rotation Data for ChickenRaw.
[04:38:39] [Render thread/WARN]: defineId called for: class de.markusbordihn.easynpc.entity.easynpc.npc.raw.ChickenRaw from interface de.markusbordihn.easynpc.entity.easynpc.data.ModelRotationDataCapable
[04:38:39] [Render thread/INFO]: Registering Synched Model Scale Data for ChickenRaw.
[04:38:39] [Render thread/WARN]: defineId called for: class de.markusbordihn.easynpc.entity.easynpc.npc.raw.ChickenRaw from interface de.markusbordihn.easynpc.entity.easynpc.data.ModelScaleDataCapable
[04:38:39] [Render thread/INFO]: Registering Synched Model Visibility Data for ChickenRaw.
[04:38:39] [Render thread/WARN]: defineId called for: class de.markusbordihn.easynpc.entity.easynpc.npc.raw.ChickenRaw from interface de.markusbordihn.easynpc.entity.easynpc.data.ModelVisibilityDataCapable
[04:38:39] [Render thread/INFO]: - Registering Synched Navigation Data for ChickenRaw.
[04:38:39] [Render thread/WARN]: defineId called for: class de.markusbordihn.easynpc.entity.easynpc.npc.raw.ChickenRaw from interface de.markusbordihn.easynpc.entity.easynpc.data.NavigationDataCapable
[04:38:39] [Render thread/INFO]: - Registering Synched Owner Data for ChickenRaw.
[04:38:39] [Render thread/WARN]: defineId called for: class de.markusbordihn.easynpc.entity.easynpc.npc.raw.ChickenRaw from interface de.markusbordihn.easynpc.entity.easynpc.data.OwnerDataCapable
[04:38:39] [Render thread/INFO]: - Registering Synched Profession Data for ChickenRaw.
[04:38:39] [Render thread/WARN]: defineId called for: class de.markusbordihn.easynpc.entity.easynpc.npc.raw.ChickenRaw from interface de.markusbordihn.easynpc.entity.easynpc.data.ProfessionDataCapable
[04:38:39] [Render thread/INFO]: - Registering Synched Render Data for ChickenRaw.
[04:38:39] [Render thread/WARN]: defineId called for: class de.markusbordihn.easynpc.entity.easynpc.npc.raw.ChickenRaw from interface de.markusbordihn.easynpc.entity.easynpc.data.RenderDataCapable
[04:38:39] [Render thread/INFO]: - Registering Synched Skin Data for ChickenRaw.
[04:38:39] [Render thread/WARN]: defineId called for: class de.markusbordihn.easynpc.entity.easynpc.npc.raw.ChickenRaw from interface de.markusbordihn.easynpc.entity.easynpc.data.SkinDataCapable
[04:38:39] [Render thread/INFO]: - Registering Synched Sound Data for ChickenRaw.
[04:38:39] [Render thread/WARN]: defineId called for: class de.markusbordihn.easynpc.entity.easynpc.npc.raw.ChickenRaw from interface de.markusbordihn.easynpc.entity.easynpc.data.SoundDataCapable
[04:38:39] [Render thread/INFO]: - Registering Synched Trading Data for ChickenRaw.
[04:38:39] [Render thread/WARN]: defineId called for: class de.markusbordihn.easynpc.entity.easynpc.npc.raw.ChickenRaw from interface de.markusbordihn.easynpc.entity.easynpc.data.TradingDataCapable
[04:38:39] [Render thread/WARN]: defineId called for: class de.markusbordihn.easynpc.entity.easynpc.npc.raw.ChickenRaw from interface de.markusbordihn.easynpc.entity.easynpc.data.TradingDataCapable
[04:38:39] [Render thread/WARN]: defineId called for: class de.markusbordihn.easynpc.entity.easynpc.npc.raw.ChickenRaw from interface de.markusbordihn.easynpc.entity.easynpc.data.TradingDataCapable
[04:38:39] [Render thread/INFO]: - Registering Synched Variant Type Data for ChickenRaw.
[04:38:39] [Render thread/WARN]: defineId called for: class de.markusbordihn.easynpc.entity.easynpc.npc.raw.ChickenRaw from interface de.markusbordihn.easynpc.entity.easynpc.data.VariantDataCapable
[04:38:39] [Render thread/INFO]: - Registering Synched Attack Data for DrownedRaw.
[04:38:39] [Render thread/WARN]: defineId called for: class de.markusbordihn.easynpc.entity.easynpc.npc.raw.DrownedRaw from interface de.markusbordihn.easynpc.entity.easynpc.data.AttackDataCapable
[04:38:39] [Render thread/INFO]: - Registering Synched Attribute Data for DrownedRaw.
[04:38:39] [Render thread/WARN]: defineId called for: class de.markusbordihn.easynpc.entity.easynpc.npc.raw.DrownedRaw from interface de.markusbordihn.easynpc.entity.easynpc.data.AttributeDataCapable
[04:38:39] [Render thread/INFO]: - Registering Synched Custom Attribute Data for DrownedRaw.
[04:38:39] [Render thread/WARN]: defineId called for: class de.markusbordihn.easynpc.entity.easynpc.npc.raw.DrownedRaw from interface de.markusbordihn.easynpc.entity.easynpc.data.CustomAttributeDataCapable
[04:38:39] [Render thread/INFO]: - Registering Synched Display Attribute Data for DrownedRaw.
[04:38:39] [Render thread/WARN]: defineId called for: class de.markusbordihn.easynpc.entity.easynpc.npc.raw.DrownedRaw from interface de.markusbordihn.easynpc.entity.easynpc.data.DisplayAttributeDataCapable
[04:38:39] [Render thread/INFO]: Registering Synched Model Data for DrownedRaw.
[04:38:39] [Render thread/WARN]: defineId called for: class de.markusbordihn.easynpc.entity.easynpc.npc.raw.DrownedRaw from interface de.markusbordihn.easynpc.entity.easynpc.data.ModelDataCapable
[04:38:39] [Render thread/INFO]: Registering Synched Model Position Data for DrownedRaw.
[04:38:39] [Render thread/WARN]: defineId called for: class de.markusbordihn.easynpc.entity.easynpc.npc.raw.DrownedRaw from interface de.markusbordihn.easynpc.entity.easynpc.data.ModelPositionDataCapable
[04:38:39] [Render thread/INFO]: Registering Synched Model Rotation Data for DrownedRaw.
[04:38:39] [Render thread/WARN]: defineId called for: class de.markusbordihn.easynpc.entity.easynpc.npc.raw.DrownedRaw from interface de.markusbordihn.easynpc.entity.easynpc.data.ModelRotationDataCapable
[04:38:39] [Render thread/INFO]: Registering Synched Model Scale Data for DrownedRaw.
[04:38:39] [Render thread/WARN]: defineId called for: class de.markusbordihn.easynpc.entity.easynpc.npc.raw.DrownedRaw from interface de.markusbordihn.easynpc.entity.easynpc.data.ModelScaleDataCapable
[04:38:39] [Render thread/INFO]: Registering Synched Model Visibility Data for DrownedRaw.
[04:38:39] [Render thread/WARN]: defineId called for: class de.markusbordihn.easynpc.entity.easynpc.npc.raw.DrownedRaw from interface de.markusbordihn.easynpc.entity.easynpc.data.ModelVisibilityDataCapable
[04:38:39] [Render thread/INFO]: - Registering Synched Navigation Data for DrownedRaw.
[04:38:39] [Render thread/WARN]: defineId called for: class de.markusbordihn.easynpc.entity.easynpc.npc.raw.DrownedRaw from interface de.markusbordihn.easynpc.entity.easynpc.data.NavigationDataCapable
[04:38:39] [Render thread/INFO]: - Registering Synched Owner Data for DrownedRaw.
[04:38:39] [Render thread/WARN]: defineId called for: class de.markusbordihn.easynpc.entity.easynpc.npc.raw.DrownedRaw from interface de.markusbordihn.easynpc.entity.easynpc.data.OwnerDataCapable
[04:38:39] [Render thread/INFO]: - Registering Synched Profession Data for DrownedRaw.
[04:38:39] [Render thread/WARN]: defineId called for: class de.markusbordihn.easynpc.entity.easynpc.npc.raw.DrownedRaw from interface de.markusbordihn.easynpc.entity.easynpc.data.ProfessionDataCapable
[04:38:39] [Render thread/INFO]: - Registering Synched Render Data for DrownedRaw.
[04:38:39] [Render thread/WARN]: defineId called for: class de.markusbordihn.easynpc.entity.easynpc.npc.raw.DrownedRaw from interface de.markusbordihn.easynpc.entity.easynpc.data.RenderDataCapable
[04:38:39] [Render thread/INFO]: - Registering Synched Skin Data for DrownedRaw.
[04:38:39] [Render thread/WARN]: defineId called for: class de.markusbordihn.easynpc.entity.easynpc.npc.raw.DrownedRaw from interface de.markusbordihn.easynpc.entity.easynpc.data.SkinDataCapable
[04:38:39] [Render thread/INFO]: - Registering Synched Sound Data for DrownedRaw.
[04:38:39] [Render thread/WARN]: defineId called for: class de.markusbordihn.easynpc.entity.easynpc.npc.raw.DrownedRaw from interface de.markusbordihn.easynpc.entity.easynpc.data.SoundDataCapable
[04:38:39] [Render thread/INFO]: - Registering Synched Trading Data for DrownedRaw.
[04:38:39] [Render thread/WARN]: defineId called for: class de.markusbordihn.easynpc.entity.easynpc.npc.raw.DrownedRaw from interface de.markusbordihn.easynpc.entity.easynpc.data.TradingDataCapable
[04:38:39] [Render thread/WARN]: defineId called for: class de.markusbordihn.easynpc.entity.easynpc.npc.raw.DrownedRaw from interface de.markusbordihn.easynpc.entity.easynpc.data.TradingDataCapable
[04:38:39] [Render thread/WARN]: defineId called for: class de.markusbordihn.easynpc.entity.easynpc.npc.raw.DrownedRaw from interface de.markusbordihn.easynpc.entity.easynpc.data.TradingDataCapable
[04:38:39] [Render thread/INFO]: - Registering Synched Variant Type Data for DrownedRaw.
[04:38:39] [Render thread/WARN]: defineId called for: class de.markusbordihn.easynpc.entity.easynpc.npc.raw.DrownedRaw from interface de.markusbordihn.easynpc.entity.easynpc.data.VariantDataCapable
[04:38:39] [Render thread/INFO]: - Registering Synched Attack Data for EvokerRaw.
[04:38:39] [Render thread/WARN]: defineId called for: class de.markusbordihn.easynpc.entity.easynpc.npc.raw.EvokerRaw from interface de.markusbordihn.easynpc.entity.easynpc.data.AttackDataCapable
[04:38:39] [Render thread/INFO]: - Registering Synched Attribute Data for EvokerRaw.
[04:38:39] [Render thread/WARN]: defineId called for: class de.markusbordihn.easynpc.entity.easynpc.npc.raw.EvokerRaw from interface de.markusbordihn.easynpc.entity.easynpc.data.AttributeDataCapable
[04:38:39] [Render thread/INFO]: - Registering Synched Custom Attribute Data for EvokerRaw.
[04:38:39] [Render thread/WARN]: defineId called for: class de.markusbordihn.easynpc.entity.easynpc.npc.raw.EvokerRaw from interface de.markusbordihn.easynpc.entity.easynpc.data.CustomAttributeDataCapable
[04:38:39] [Render thread/INFO]: - Registering Synched Display Attribute Data for EvokerRaw.
[04:38:39] [Render thread/WARN]: defineId called for: class de.markusbordihn.easynpc.entity.easynpc.npc.raw.EvokerRaw from interface de.markusbordihn.easynpc.entity.easynpc.data.DisplayAttributeDataCapable
[04:38:39] [Render thread/INFO]: Registering Synched Model Data for EvokerRaw.
[04:38:39] [Render thread/WARN]: defineId called for: class de.markusbordihn.easynpc.entity.easynpc.npc.raw.EvokerRaw from interface de.markusbordihn.easynpc.entity.easynpc.data.ModelDataCapable
[04:38:39] [Render thread/INFO]: Registering Synched Model Position Data for EvokerRaw.
[04:38:39] [Render thread/WARN]: defineId called for: class de.markusbordihn.easynpc.entity.easynpc.npc.raw.EvokerRaw from interface de.markusbordihn.easynpc.entity.easynpc.data.ModelPositionDataCapable
[04:38:39] [Render thread/INFO]: Registering Synched Model Rotation Data for EvokerRaw.
[04:38:39] [Render thread/WARN]: defineId called for: class de.markusbordihn.easynpc.entity.easynpc.npc.raw.EvokerRaw from interface de.markusbordihn.easynpc.entity.easynpc.data.ModelRotationDataCapable
[04:38:39] [Render thread/INFO]: Registering Synched Model Scale Data for EvokerRaw.
[04:38:39] [Render thread/WARN]: defineId called for: class de.markusbordihn.easynpc.entity.easynpc.npc.raw.EvokerRaw from interface de.markusbordihn.easynpc.entity.easynpc.data.ModelScaleDataCapable
[04:38:39] [Render thread/INFO]: Registering Synched Model Visibility Data for EvokerRaw.
[04:38:39] [Render thread/WARN]: defineId called for: class de.markusbordihn.easynpc.entity.easynpc.npc.raw.EvokerRaw from interface de.markusbordihn.easynpc.entity.easynpc.data.ModelVisibilityDataCapable
[04:38:39] [Render thread/INFO]: - Registering Synched Navigation Data for EvokerRaw.
[04:38:39] [Render thread/WARN]: defineId called for: class de.markusbordihn.easynpc.entity.easynpc.npc.raw.EvokerRaw from interface de.markusbordihn.easynpc.entity.easynpc.data.NavigationDataCapable
[04:38:39] [Render thread/INFO]: - Registering Synched Owner Data for EvokerRaw.
[04:38:39] [Render thread/WARN]: defineId called for: class de.markusbordihn.easynpc.entity.easynpc.npc.raw.EvokerRaw from interface de.markusbordihn.easynpc.entity.easynpc.data.OwnerDataCapable
[04:38:39] [Render thread/INFO]: - Registering Synched Profession Data for EvokerRaw.
[04:38:39] [Render thread/WARN]: defineId called for: class de.markusbordihn.easynpc.entity.easynpc.npc.raw.EvokerRaw from interface de.markusbordihn.easynpc.entity.easynpc.data.ProfessionDataCapable
[04:38:39] [Render thread/INFO]: - Registering Synched Render Data for EvokerRaw.
[04:38:39] [Render thread/WARN]: defineId called for: class de.markusbordihn.easynpc.entity.easynpc.npc.raw.EvokerRaw from interface de.markusbordihn.easynpc.entity.easynpc.data.RenderDataCapable
[04:38:39] [Render thread/INFO]: - Registering Synched Skin Data for EvokerRaw.
[04:38:39] [Render thread/WARN]: defineId called for: class de.markusbordihn.easynpc.entity.easynpc.npc.raw.EvokerRaw from interface de.markusbordihn.easynpc.entity.easynpc.data.SkinDataCapable
[04:38:39] [Render thread/INFO]: - Registering Synched Sound Data for EvokerRaw.
[04:38:39] [Render thread/WARN]: defineId called for: class de.markusbordihn.easynpc.entity.easynpc.npc.raw.EvokerRaw from interface de.markusbordihn.easynpc.entity.easynpc.data.SoundDataCapable
[04:38:39] [Render thread/INFO]: - Registering Synched Trading Data for EvokerRaw.
[04:38:39] [Render thread/WARN]: defineId called for: class de.markusbordihn.easynpc.entity.easynpc.npc.raw.EvokerRaw from interface de.markusbordihn.easynpc.entity.easynpc.data.TradingDataCapable
[04:38:39] [Render thread/WARN]: defineId called for: class de.markusbordihn.easynpc.entity.easynpc.npc.raw.EvokerRaw from interface de.markusbordihn.easynpc.entity.easynpc.data.TradingDataCapable
[04:38:39] [Render thread/WARN]: defineId called for: class de.markusbordihn.easynpc.entity.easynpc.npc.raw.EvokerRaw from interface de.markusbordihn.easynpc.entity.easynpc.data.TradingDataCapable
[04:38:39] [Render thread/INFO]: - Registering Synched Variant Type Data for EvokerRaw.
[04:38:39] [Render thread/WARN]: defineId called for: class de.markusbordihn.easynpc.entity.easynpc.npc.raw.EvokerRaw from interface de.markusbordihn.easynpc.entity.easynpc.data.VariantDataCapable
[04:38:39] [Render thread/INFO]: - Registering Synched Attack Data for FoxRaw.
[04:38:39] [Render thread/WARN]: defineId called for: class de.markusbordihn.easynpc.entity.easynpc.npc.raw.FoxRaw from interface de.markusbordihn.easynpc.entity.easynpc.data.AttackDataCapable
[04:38:39] [Render thread/INFO]: - Registering Synched Attribute Data for FoxRaw.
[04:38:39] [Render thread/WARN]: defineId called for: class de.markusbordihn.easynpc.entity.easynpc.npc.raw.FoxRaw from interface de.markusbordihn.easynpc.entity.easynpc.data.AttributeDataCapable
[04:38:39] [Render thread/INFO]: - Registering Synched Custom Attribute Data for FoxRaw.
[04:38:39] [Render thread/WARN]: defineId called for: class de.markusbordihn.easynpc.entity.easynpc.npc.raw.FoxRaw from interface de.markusbordihn.easynpc.entity.easynpc.data.CustomAttributeDataCapable
[04:38:39] [Render thread/INFO]: - Registering Synched Display Attribute Data for FoxRaw.
[04:38:39] [Render thread/WARN]: defineId called for: class de.markusbordihn.easynpc.entity.easynpc.npc.raw.FoxRaw from interface de.markusbordihn.easynpc.entity.easynpc.data.DisplayAttributeDataCapable
[04:38:39] [Render thread/INFO]: Registering Synched Model Data for FoxRaw.
[04:38:39] [Render thread/WARN]: defineId called for: class de.markusbordihn.easynpc.entity.easynpc.npc.raw.FoxRaw from interface de.markusbordihn.easynpc.entity.easynpc.data.ModelDataCapable
[04:38:39] [Render thread/INFO]: Registering Synched Model Position Data for FoxRaw.
[04:38:39] [Render thread/WARN]: defineId called for: class de.markusbordihn.easynpc.entity.easynpc.npc.raw.FoxRaw from interface de.markusbordihn.easynpc.entity.easynpc.data.ModelPositionDataCapable
[04:38:39] [Render thread/INFO]: Registering Synched Model Rotation Data for FoxRaw.
[04:38:39] [Render thread/WARN]: defineId called for: class de.markusbordihn.easynpc.entity.easynpc.npc.raw.FoxRaw from interface de.markusbordihn.easynpc.entity.easynpc.data.ModelRotationDataCapable
[04:38:39] [Render thread/INFO]: Registering Synched Model Scale Data for FoxRaw.
[04:38:39] [Render thread/WARN]: defineId called for: class de.markusbordihn.easynpc.entity.easynpc.npc.raw.FoxRaw from interface de.markusbordihn.easynpc.entity.easynpc.data.ModelScaleDataCapable
[04:38:39] [Render thread/INFO]: Registering Synched Model Visibility Data for FoxRaw.
[04:38:39] [Render thread/WARN]: defineId called for: class de.markusbordihn.easynpc.entity.easynpc.npc.raw.FoxRaw from interface de.markusbordihn.easynpc.entity.easynpc.data.ModelVisibilityDataCapable
[04:38:39] [Render thread/INFO]: - Registering Synched Navigation Data for FoxRaw.
[04:38:39] [Render thread/WARN]: defineId called for: class de.markusbordihn.easynpc.entity.easynpc.npc.raw.FoxRaw from interface de.markusbordihn.easynpc.entity.easynpc.data.NavigationDataCapable
[04:38:39] [Render thread/INFO]: - Registering Synched Owner Data for FoxRaw.
[04:38:39] [Render thread/WARN]: defineId called for: class de.markusbordihn.easynpc.entity.easynpc.npc.raw.FoxRaw from interface de.markusbordihn.easynpc.entity.easynpc.data.OwnerDataCapable
[04:38:39] [Render thread/INFO]: - Registering Synched Profession Data for FoxRaw.
[04:38:39] [Render thread/WARN]: defineId called for: class de.markusbordihn.easynpc.entity.easynpc.npc.raw.FoxRaw from interface de.markusbordihn.easynpc.entity.easynpc.data.ProfessionDataCapable
[04:38:39] [Render thread/INFO]: - Registering Synched Render Data for FoxRaw.
[04:38:39] [Render thread/WARN]: defineId called for: class de.markusbordihn.easynpc.entity.easynpc.npc.raw.FoxRaw from interface de.markusbordihn.easynpc.entity.easynpc.data.RenderDataCapable
[04:38:39] [Render thread/INFO]: - Registering Synched Skin Data for FoxRaw.
[04:38:39] [Render thread/WARN]: defineId called for: class de.markusbordihn.easynpc.entity.easynpc.npc.raw.FoxRaw from interface de.markusbordihn.easynpc.entity.easynpc.data.SkinDataCapable
[04:38:39] [Render thread/INFO]: - Registering Synched Sound Data for FoxRaw.
[04:38:39] [Render thread/WARN]: defineId called for: class de.markusbordihn.easynpc.entity.easynpc.npc.raw.FoxRaw from interface de.markusbordihn.easynpc.entity.easynpc.data.SoundDataCapable
[04:38:39] [Render thread/INFO]: - Registering Synched Trading Data for FoxRaw.
[04:38:39] [Render thread/WARN]: defineId called for: class de.markusbordihn.easynpc.entity.easynpc.npc.raw.FoxRaw from interface de.markusbordihn.easynpc.entity.easynpc.data.TradingDataCapable
[04:38:39] [Render thread/WARN]: defineId called for: class de.markusbordihn.easynpc.entity.easynpc.npc.raw.FoxRaw from interface de.markusbordihn.easynpc.entity.easynpc.data.TradingDataCapable
[04:38:39] [Render thread/WARN]: defineId called for: class de.markusbordihn.easynpc.entity.easynpc.npc.raw.FoxRaw from interface de.markusbordihn.easynpc.entity.easynpc.data.TradingDataCapable
[04:38:39] [Render thread/INFO]: - Registering Synched Variant Type Data for FoxRaw.
[04:38:39] [Render thread/WARN]: defineId called for: class de.markusbordihn.easynpc.entity.easynpc.npc.raw.FoxRaw from interface de.markusbordihn.easynpc.entity.easynpc.data.VariantDataCapable
[04:38:39] [Render thread/INFO]: - Registering Synched Attack Data for PathfinderMobRaw.
[04:38:39] [Render thread/WARN]: defineId called for: class de.markusbordihn.easynpc.entity.easynpc.npc.raw.PathfinderMobRaw from interface de.markusbordihn.easynpc.entity.easynpc.data.AttackDataCapable
[04:38:39] [Render thread/INFO]: - Registering Synched Attribute Data for PathfinderMobRaw.
[04:38:39] [Render thread/WARN]: defineId called for: class de.markusbordihn.easynpc.entity.easynpc.npc.raw.PathfinderMobRaw from interface de.markusbordihn.easynpc.entity.easynpc.data.AttributeDataCapable
[04:38:39] [Render thread/INFO]: - Registering Synched Custom Attribute Data for PathfinderMobRaw.
[04:38:39] [Render thread/WARN]: defineId called for: class de.markusbordihn.easynpc.entity.easynpc.npc.raw.PathfinderMobRaw from interface de.markusbordihn.easynpc.entity.easynpc.data.CustomAttributeDataCapable
[04:38:39] [Render thread/INFO]: - Registering Synched Display Attribute Data for PathfinderMobRaw.
[04:38:39] [Render thread/WARN]: defineId called for: class de.markusbordihn.easynpc.entity.easynpc.npc.raw.PathfinderMobRaw from interface de.markusbordihn.easynpc.entity.easynpc.data.DisplayAttributeDataCapable
[04:38:39] [Render thread/INFO]: Registering Synched Model Data for PathfinderMobRaw.
[04:38:39] [Render thread/WARN]: defineId called for: class de.markusbordihn.easynpc.entity.easynpc.npc.raw.PathfinderMobRaw from interface de.markusbordihn.easynpc.entity.easynpc.data.ModelDataCapable
[04:38:39] [Render thread/INFO]: Registering Synched Model Position Data for PathfinderMobRaw.
[04:38:39] [Render thread/WARN]: defineId called for: class de.markusbordihn.easynpc.entity.easynpc.npc.raw.PathfinderMobRaw from interface de.markusbordihn.easynpc.entity.easynpc.data.ModelPositionDataCapable
[04:38:39] [Render thread/INFO]: Registering Synched Model Rotation Data for PathfinderMobRaw.
[04:38:39] [Render thread/WARN]: defineId called for: class de.markusbordihn.easynpc.entity.easynpc.npc.raw.PathfinderMobRaw from interface de.markusbordihn.easynpc.entity.easynpc.data.ModelRotationDataCapable
[04:38:39] [Render thread/INFO]: Registering Synched Model Scale Data for PathfinderMobRaw.
[04:38:39] [Render thread/WARN]: defineId called for: class de.markusbordihn.easynpc.entity.easynpc.npc.raw.PathfinderMobRaw from interface de.markusbordihn.easynpc.entity.easynpc.data.ModelScaleDataCapable
[04:38:39] [Render thread/INFO]: Registering Synched Model Visibility Data for PathfinderMobRaw.
[04:38:39] [Render thread/WARN]: defineId called for: class de.markusbordihn.easynpc.entity.easynpc.npc.raw.PathfinderMobRaw from interface de.markusbordihn.easynpc.entity.easynpc.data.ModelVisibilityDataCapable
[04:38:39] [Render thread/INFO]: - Registering Synched Navigation Data for PathfinderMobRaw.
[04:38:39] [Render thread/WARN]: defineId called for: class de.markusbordihn.easynpc.entity.easynpc.npc.raw.PathfinderMobRaw from interface de.markusbordihn.easynpc.entity.easynpc.data.NavigationDataCapable
[04:38:39] [Render thread/INFO]: - Registering Synched Owner Data for PathfinderMobRaw.
[04:38:39] [Render thread/WARN]: defineId called for: class de.markusbordihn.easynpc.entity.easynpc.npc.raw.PathfinderMobRaw from interface de.markusbordihn.easynpc.entity.easynpc.data.OwnerDataCapable
[04:38:39] [Render thread/INFO]: - Registering Synched Profession Data for PathfinderMobRaw.
[04:38:39] [Render thread/WARN]: defineId called for: class de.markusbordihn.easynpc.entity.easynpc.npc.raw.PathfinderMobRaw from interface de.markusbordihn.easynpc.entity.easynpc.data.ProfessionDataCapable
[04:38:39] [Render thread/INFO]: - Registering Synched Render Data for PathfinderMobRaw.
[04:38:39] [Render thread/WARN]: defineId called for: class de.markusbordihn.easynpc.entity.easynpc.npc.raw.PathfinderMobRaw from interface de.markusbordihn.easynpc.entity.easynpc.data.RenderDataCapable
[04:38:39] [Render thread/INFO]: - Registering Synched Skin Data for PathfinderMobRaw.
[04:38:39] [Render thread/WARN]: defineId called for: class de.markusbordihn.easynpc.entity.easynpc.npc.raw.PathfinderMobRaw from interface de.markusbordihn.easynpc.entity.easynpc.data.SkinDataCapable
[04:38:39] [Render thread/INFO]: - Registering Synched Sound Data for PathfinderMobRaw.
[04:38:39] [Render thread/WARN]: defineId called for: class de.markusbordihn.easynpc.entity.easynpc.npc.raw.PathfinderMobRaw from interface de.markusbordihn.easynpc.entity.easynpc.data.SoundDataCapable
[04:38:39] [Render thread/INFO]: - Registering Synched Trading Data for PathfinderMobRaw.
[04:38:39] [Render thread/WARN]: defineId called for: class de.markusbordihn.easynpc.entity.easynpc.npc.raw.PathfinderMobRaw from interface de.markusbordihn.easynpc.entity.easynpc.data.TradingDataCapable
[04:38:39] [Render thread/WARN]: defineId called for: class de.markusbordihn.easynpc.entity.easynpc.npc.raw.PathfinderMobRaw from interface de.markusbordihn.easynpc.entity.easynpc.data.TradingDataCapable
[04:38:39] [Render thread/WARN]: defineId called for: class de.markusbordihn.easynpc.entity.easynpc.npc.raw.PathfinderMobRaw from interface de.markusbordihn.easynpc.entity.easynpc.data.TradingDataCapable
[04:38:39] [Render thread/INFO]: - Registering Synched Variant Type Data for PathfinderMobRaw.
[04:38:39] [Render thread/WARN]: defineId called for: class de.markusbordihn.easynpc.entity.easynpc.npc.raw.PathfinderMobRaw from interface de.markusbordihn.easynpc.entity.easynpc.data.VariantDataCapable
[04:38:39] [Render thread/INFO]: - Registering Synched Attack Data for IllusionerRaw.
[04:38:39] [Render thread/WARN]: defineId called for: class de.markusbordihn.easynpc.entity.easynpc.npc.raw.IllusionerRaw from interface de.markusbordihn.easynpc.entity.easynpc.data.AttackDataCapable
[04:38:39] [Render thread/INFO]: - Registering Synched Attribute Data for IllusionerRaw.
[04:38:39] [Render thread/WARN]: defineId called for: class de.markusbordihn.easynpc.entity.easynpc.npc.raw.IllusionerRaw from interface de.markusbordihn.easynpc.entity.easynpc.data.AttributeDataCapable
[04:38:39] [Render thread/INFO]: - Registering Synched Custom Attribute Data for IllusionerRaw.
[04:38:39] [Render thread/WARN]: defineId called for: class de.markusbordihn.easynpc.entity.easynpc.npc.raw.IllusionerRaw from interface de.markusbordihn.easynpc.entity.easynpc.data.CustomAttributeDataCapable
[04:38:39] [Render thread/INFO]: - Registering Synched Display Attribute Data for IllusionerRaw.
[04:38:39] [Render thread/WARN]: defineId called for: class de.markusbordihn.easynpc.entity.easynpc.npc.raw.IllusionerRaw from interface de.markusbordihn.easynpc.entity.easynpc.data.DisplayAttributeDataCapable
[04:38:39] [Render thread/INFO]: Registering Synched Model Data for IllusionerRaw.
[04:38:39] [Render thread/WARN]: defineId called for: class de.markusbordihn.easynpc.entity.easynpc.npc.raw.IllusionerRaw from interface de.markusbordihn.easynpc.entity.easynpc.data.ModelDataCapable
[04:38:39] [Render thread/INFO]: Registering Synched Model Position Data for IllusionerRaw.
[04:38:39] [Render thread/WARN]: defineId called for: class de.markusbordihn.easynpc.entity.easynpc.npc.raw.IllusionerRaw from interface de.markusbordihn.easynpc.entity.easynpc.data.ModelPositionDataCapable
[04:38:39] [Render thread/INFO]: Registering Synched Model Rotation Data for IllusionerRaw.
[04:38:39] [Render thread/WARN]: defineId called for: class de.markusbordihn.easynpc.entity.easynpc.npc.raw.IllusionerRaw from interface de.markusbordihn.easynpc.entity.easynpc.data.ModelRotationDataCapable
[04:38:39] [Render thread/INFO]: Registering Synched Model Scale Data for IllusionerRaw.
[04:38:39] [Render thread/WARN]: defineId called for: class de.markusbordihn.easynpc.entity.easynpc.npc.raw.IllusionerRaw from interface de.markusbordihn.easynpc.entity.easynpc.data.ModelScaleDataCapable
[04:38:39] [Render thread/INFO]: Registering Synched Model Visibility Data for IllusionerRaw.
[04:38:39] [Render thread/WARN]: defineId called for: class de.markusbordihn.easynpc.entity.easynpc.npc.raw.IllusionerRaw from interface de.markusbordihn.easynpc.entity.easynpc.data.ModelVisibilityDataCapable
[04:38:39] [Render thread/INFO]: - Registering Synched Navigation Data for IllusionerRaw.
[04:38:39] [Render thread/WARN]: defineId called for: class de.markusbordihn.easynpc.entity.easynpc.npc.raw.IllusionerRaw from interface de.markusbordihn.easynpc.entity.easynpc.data.NavigationDataCapable
[04:38:39] [Render thread/INFO]: - Registering Synched Owner Data for IllusionerRaw.
[04:38:39] [Render thread/WARN]: defineId called for: class de.markusbordihn.easynpc.entity.easynpc.npc.raw.IllusionerRaw from interface de.markusbordihn.easynpc.entity.easynpc.data.OwnerDataCapable
[04:38:39] [Render thread/INFO]: - Registering Synched Profession Data for IllusionerRaw.
[04:38:39] [Render thread/WARN]: defineId called for: class de.markusbordihn.easynpc.entity.easynpc.npc.raw.IllusionerRaw from interface de.markusbordihn.easynpc.entity.easynpc.data.ProfessionDataCapable
[04:38:39] [Render thread/INFO]: - Registering Synched Render Data for IllusionerRaw.
[04:38:39] [Render thread/WARN]: defineId called for: class de.markusbordihn.easynpc.entity.easynpc.npc.raw.IllusionerRaw from interface de.markusbordihn.easynpc.entity.easynpc.data.RenderDataCapable
[04:38:39] [Render thread/INFO]: - Registering Synched Skin Data for IllusionerRaw.
[04:38:39] [Render thread/WARN]: defineId called for: class de.markusbordihn.easynpc.entity.easynpc.npc.raw.IllusionerRaw from interface de.markusbordihn.easynpc.entity.easynpc.data.SkinDataCapable
[04:38:39] [Render thread/INFO]: - Registering Synched Sound Data for IllusionerRaw.
[04:38:39] [Render thread/WARN]: defineId called for: class de.markusbordihn.easynpc.entity.easynpc.npc.raw.IllusionerRaw from interface de.markusbordihn.easynpc.entity.easynpc.data.SoundDataCapable
[04:38:39] [Render thread/INFO]: - Registering Synched Trading Data for IllusionerRaw.
[04:38:39] [Render thread/WARN]: defineId called for: class de.markusbordihn.easynpc.entity.easynpc.npc.raw.IllusionerRaw from interface de.markusbordihn.easynpc.entity.easynpc.data.TradingDataCapable
[04:38:39] [Render thread/WARN]: defineId called for: class de.markusbordihn.easynpc.entity.easynpc.npc.raw.IllusionerRaw from interface de.markusbordihn.easynpc.entity.easynpc.data.TradingDataCapable
[04:38:39] [Render thread/WARN]: defineId called for: class de.markusbordihn.easynpc.entity.easynpc.npc.raw.IllusionerRaw from interface de.markusbordihn.easynpc.entity.easynpc.data.TradingDataCapable
[04:38:39] [Render thread/INFO]: - Registering Synched Variant Type Data for IllusionerRaw.
[04:38:39] [Render thread/WARN]: defineId called for: class de.markusbordihn.easynpc.entity.easynpc.npc.raw.IllusionerRaw from interface de.markusbordihn.easynpc.entity.easynpc.data.VariantDataCapable
[04:38:39] [Render thread/INFO]: - Registering Synched Attack Data for IronGolemRaw.
[04:38:39] [Render thread/WARN]: defineId called for: class de.markusbordihn.easynpc.entity.easynpc.npc.raw.IronGolemRaw from interface de.markusbordihn.easynpc.entity.easynpc.data.AttackDataCapable
[04:38:39] [Render thread/INFO]: - Registering Synched Attribute Data for IronGolemRaw.
[04:38:39] [Render thread/WARN]: defineId called for: class de.markusbordihn.easynpc.entity.easynpc.npc.raw.IronGolemRaw from interface de.markusbordihn.easynpc.entity.easynpc.data.AttributeDataCapable
[04:38:39] [Render thread/INFO]: - Registering Synched Custom Attribute Data for IronGolemRaw.
[04:38:39] [Render thread/WARN]: defineId called for: class de.markusbordihn.easynpc.entity.easynpc.npc.raw.IronGolemRaw from interface de.markusbordihn.easynpc.entity.easynpc.data.CustomAttributeDataCapable
[04:38:39] [Render thread/INFO]: - Registering Synched Display Attribute Data for IronGolemRaw.
[04:38:39] [Render thread/WARN]: defineId called for: class de.markusbordihn.easynpc.entity.easynpc.npc.raw.IronGolemRaw from interface de.markusbordihn.easynpc.entity.easynpc.data.DisplayAttributeDataCapable
[04:38:39] [Render thread/INFO]: Registering Synched Model Data for IronGolemRaw.
[04:38:39] [Render thread/WARN]: defineId called for: class de.markusbordihn.easynpc.entity.easynpc.npc.raw.IronGolemRaw from interface de.markusbordihn.easynpc.entity.easynpc.data.ModelDataCapable
[04:38:39] [Render thread/INFO]: Registering Synched Model Position Data for IronGolemRaw.
[04:38:39] [Render thread/WARN]: defineId called for: class de.markusbordihn.easynpc.entity.easynpc.npc.raw.IronGolemRaw from interface de.markusbordihn.easynpc.entity.easynpc.data.ModelPositionDataCapable
[04:38:39] [Render thread/INFO]: Registering Synched Model Rotation Data for IronGolemRaw.
[04:38:39] [Render thread/WARN]: defineId called for: class de.markusbordihn.easynpc.entity.easynpc.npc.raw.IronGolemRaw from interface de.markusbordihn.easynpc.entity.easynpc.data.ModelRotationDataCapable
[04:38:39] [Render thread/INFO]: Registering Synched Model Scale Data for IronGolemRaw.
[04:38:39] [Render thread/WARN]: defineId called for: class de.markusbordihn.easynpc.entity.easynpc.npc.raw.IronGolemRaw from interface de.markusbordihn.easynpc.entity.easynpc.data.ModelScaleDataCapable
[04:38:39] [Render thread/INFO]: Registering Synched Model Visibility Data for IronGolemRaw.
[04:38:39] [Render thread/WARN]: defineId called for: class de.markusbordihn.easynpc.entity.easynpc.npc.raw.IronGolemRaw from interface de.markusbordihn.easynpc.entity.easynpc.data.ModelVisibilityDataCapable
[04:38:39] [Render thread/INFO]: - Registering Synched Navigation Data for IronGolemRaw.
[04:38:39] [Render thread/WARN]: defineId called for: class de.markusbordihn.easynpc.entity.easynpc.npc.raw.IronGolemRaw from interface de.markusbordihn.easynpc.entity.easynpc.data.NavigationDataCapable
[04:38:39] [Render thread/INFO]: - Registering Synched Owner Data for IronGolemRaw.
[04:38:39] [Render thread/WARN]: defineId called for: class de.markusbordihn.easynpc.entity.easynpc.npc.raw.IronGolemRaw from interface de.markusbordihn.easynpc.entity.easynpc.data.OwnerDataCapable
[04:38:39] [Render thread/INFO]: - Registering Synched Profession Data for IronGolemRaw.
[04:38:39] [Render thread/WARN]: defineId called for: class de.markusbordihn.easynpc.entity.easynpc.npc.raw.IronGolemRaw from interface de.markusbordihn.easynpc.entity.easynpc.data.ProfessionDataCapable
[04:38:39] [Render thread/INFO]: - Registering Synched Render Data for IronGolemRaw.
[04:38:39] [Render thread/WARN]: defineId called for: class de.markusbordihn.easynpc.entity.easynpc.npc.raw.IronGolemRaw from interface de.markusbordihn.easynpc.entity.easynpc.data.RenderDataCapable
[04:38:39] [Render thread/INFO]: - Registering Synched Skin Data for IronGolemRaw.
[04:38:39] [Render thread/WARN]: defineId called for: class de.markusbordihn.easynpc.entity.easynpc.npc.raw.IronGolemRaw from interface de.markusbordihn.easynpc.entity.easynpc.data.SkinDataCapable
[04:38:39] [Render thread/INFO]: - Registering Synched Sound Data for IronGolemRaw.
[04:38:39] [Render thread/WARN]: defineId called for: class de.markusbordihn.easynpc.entity.easynpc.npc.raw.IronGolemRaw from interface de.markusbordihn.easynpc.entity.easynpc.data.SoundDataCapable
[04:38:39] [Render thread/INFO]: - Registering Synched Trading Data for IronGolemRaw.
[04:38:39] [Render thread/WARN]: defineId called for: class de.markusbordihn.easynpc.entity.easynpc.npc.raw.IronGolemRaw from interface de.markusbordihn.easynpc.entity.easynpc.data.TradingDataCapable
[04:38:39] [Render thread/WARN]: defineId called for: class de.markusbordihn.easynpc.entity.easynpc.npc.raw.IronGolemRaw from interface de.markusbordihn.easynpc.entity.easynpc.data.TradingDataCapable
[04:38:39] [Render thread/WARN]: defineId called for: class de.markusbordihn.easynpc.entity.easynpc.npc.raw.IronGolemRaw from interface de.markusbordihn.easynpc.entity.easynpc.data.TradingDataCapable
[04:38:39] [Render thread/INFO]: - Registering Synched Variant Type Data for IronGolemRaw.
[04:38:39] [Render thread/WARN]: defineId called for: class de.markusbordihn.easynpc.entity.easynpc.npc.raw.IronGolemRaw from interface de.markusbordihn.easynpc.entity.easynpc.data.VariantDataCapable
[04:38:39] [Render thread/INFO]: - Registering Synched Attack Data for PiglinRaw.
[04:38:39] [Render thread/WARN]: defineId called for: class de.markusbordihn.easynpc.entity.easynpc.npc.raw.PiglinRaw from interface de.markusbordihn.easynpc.entity.easynpc.data.AttackDataCapable
[04:38:39] [Render thread/INFO]: - Registering Synched Attribute Data for PiglinRaw.
[04:38:39] [Render thread/WARN]: defineId called for: class de.markusbordihn.easynpc.entity.easynpc.npc.raw.PiglinRaw from interface de.markusbordihn.easynpc.entity.easynpc.data.AttributeDataCapable
[04:38:39] [Render thread/INFO]: - Registering Synched Custom Attribute Data for PiglinRaw.
[04:38:39] [Render thread/WARN]: defineId called for: class de.markusbordihn.easynpc.entity.easynpc.npc.raw.PiglinRaw from interface de.markusbordihn.easynpc.entity.easynpc.data.CustomAttributeDataCapable
[04:38:39] [Render thread/INFO]: - Registering Synched Display Attribute Data for PiglinRaw.
[04:38:39] [Render thread/WARN]: defineId called for: class de.markusbordihn.easynpc.entity.easynpc.npc.raw.PiglinRaw from interface de.markusbordihn.easynpc.entity.easynpc.data.DisplayAttributeDataCapable
[04:38:39] [Render thread/INFO]: Registering Synched Model Data for PiglinRaw.
[04:38:39] [Render thread/WARN]: defineId called for: class de.markusbordihn.easynpc.entity.easynpc.npc.raw.PiglinRaw from interface de.markusbordihn.easynpc.entity.easynpc.data.ModelDataCapable
[04:38:39] [Render thread/INFO]: Registering Synched Model Position Data for PiglinRaw.
[04:38:39] [Render thread/WARN]: defineId called for: class de.markusbordihn.easynpc.entity.easynpc.npc.raw.PiglinRaw from interface de.markusbordihn.easynpc.entity.easynpc.data.ModelPositionDataCapable
[04:38:39] [Render thread/INFO]: Registering Synched Model Rotation Data for PiglinRaw.
[04:38:39] [Render thread/WARN]: defineId called for: class de.markusbordihn.easynpc.entity.easynpc.npc.raw.PiglinRaw from interface de.markusbordihn.easynpc.entity.easynpc.data.ModelRotationDataCapable
[04:38:39] [Render thread/INFO]: Registering Synched Model Scale Data for PiglinRaw.
[04:38:39] [Render thread/WARN]: defineId called for: class de.markusbordihn.easynpc.entity.easynpc.npc.raw.PiglinRaw from interface de.markusbordihn.easynpc.entity.easynpc.data.ModelScaleDataCapable
[04:38:39] [Render thread/INFO]: Registering Synched Model Visibility Data for PiglinRaw.
[04:38:39] [Render thread/WARN]: defineId called for: class de.markusbordihn.easynpc.entity.easynpc.npc.raw.PiglinRaw from interface de.markusbordihn.easynpc.entity.easynpc.data.ModelVisibilityDataCapable
[04:38:39] [Render thread/INFO]: - Registering Synched Navigation Data for PiglinRaw.
[04:38:39] [Render thread/WARN]: defineId called for: class de.markusbordihn.easynpc.entity.easynpc.npc.raw.PiglinRaw from interface de.markusbordihn.easynpc.entity.easynpc.data.NavigationDataCapable
[04:38:39] [Render thread/INFO]: - Registering Synched Owner Data for PiglinRaw.
[04:38:39] [Render thread/WARN]: defineId called for: class de.markusbordihn.easynpc.entity.easynpc.npc.raw.PiglinRaw from interface de.markusbordihn.easynpc.entity.easynpc.data.OwnerDataCapable
[04:38:39] [Render thread/INFO]: - Registering Synched Profession Data for PiglinRaw.
[04:38:39] [Render thread/WARN]: defineId called for: class de.markusbordihn.easynpc.entity.easynpc.npc.raw.PiglinRaw from interface de.markusbordihn.easynpc.entity.easynpc.data.ProfessionDataCapable
[04:38:39] [Render thread/INFO]: - Registering Synched Render Data for PiglinRaw.
[04:38:39] [Render thread/WARN]: defineId called for: class de.markusbordihn.easynpc.entity.easynpc.npc.raw.PiglinRaw from interface de.markusbordihn.easynpc.entity.easynpc.data.RenderDataCapable
[04:38:39] [Render thread/INFO]: - Registering Synched Skin Data for PiglinRaw.
[04:38:39] [Render thread/WARN]: defineId called for: class de.markusbordihn.easynpc.entity.easynpc.npc.raw.PiglinRaw from interface de.markusbordihn.easynpc.entity.easynpc.data.SkinDataCapable
[04:38:39] [Render thread/INFO]: - Registering Synched Sound Data for PiglinRaw.
[04:38:39] [Render thread/WARN]: defineId called for: class de.markusbordihn.easynpc.entity.easynpc.npc.raw.PiglinRaw from interface de.markusbordihn.easynpc.entity.easynpc.data.SoundDataCapable
[04:38:39] [Render thread/INFO]: - Registering Synched Trading Data for PiglinRaw.
[04:38:39] [Render thread/WARN]: defineId called for: class de.markusbordihn.easynpc.entity.easynpc.npc.raw.PiglinRaw from interface de.markusbordihn.easynpc.entity.easynpc.data.TradingDataCapable
[04:38:39] [Render thread/WARN]: defineId called for: class de.markusbordihn.easynpc.entity.easynpc.npc.raw.PiglinRaw from interface de.markusbordihn.easynpc.entity.easynpc.data.TradingDataCapable
[04:38:39] [Render thread/WARN]: defineId called for: class de.markusbordihn.easynpc.entity.easynpc.npc.raw.PiglinRaw from interface de.markusbordihn.easynpc.entity.easynpc.data.TradingDataCapable
[04:38:39] [Render thread/INFO]: - Registering Synched Variant Type Data for PiglinRaw.
[04:38:39] [Render thread/WARN]: defineId called for: class de.markusbordihn.easynpc.entity.easynpc.npc.raw.PiglinRaw from interface de.markusbordihn.easynpc.entity.easynpc.data.VariantDataCapable
[04:38:39] [Render thread/INFO]: - Registering Synched Attack Data for PigRaw.
[04:38:39] [Render thread/WARN]: defineId called for: class de.markusbordihn.easynpc.entity.easynpc.npc.raw.PigRaw from interface de.markusbordihn.easynpc.entity.easynpc.data.AttackDataCapable
[04:38:39] [Render thread/INFO]: - Registering Synched Attribute Data for PigRaw.
[04:38:39] [Render thread/WARN]: defineId called for: class de.markusbordihn.easynpc.entity.easynpc.npc.raw.PigRaw from interface de.markusbordihn.easynpc.entity.easynpc.data.AttributeDataCapable
[04:38:39] [Render thread/INFO]: - Registering Synched Custom Attribute Data for PigRaw.
[04:38:39] [Render thread/WARN]: defineId called for: class de.markusbordihn.easynpc.entity.easynpc.npc.raw.PigRaw from interface de.markusbordihn.easynpc.entity.easynpc.data.CustomAttributeDataCapable
[04:38:39] [Render thread/INFO]: - Registering Synched Display Attribute Data for PigRaw.
[04:38:39] [Render thread/WARN]: defineId called for: class de.markusbordihn.easynpc.entity.easynpc.npc.raw.PigRaw from interface de.markusbordihn.easynpc.entity.easynpc.data.DisplayAttributeDataCapable
[04:38:39] [Render thread/INFO]: Registering Synched Model Data for PigRaw.
[04:38:39] [Render thread/WARN]: defineId called for: class de.markusbordihn.easynpc.entity.easynpc.npc.raw.PigRaw from interface de.markusbordihn.easynpc.entity.easynpc.data.ModelDataCapable
[04:38:39] [Render thread/INFO]: Registering Synched Model Position Data for PigRaw.
[04:38:39] [Render thread/WARN]: defineId called for: class de.markusbordihn.easynpc.entity.easynpc.npc.raw.PigRaw from interface de.markusbordihn.easynpc.entity.easynpc.data.ModelPositionDataCapable
[04:38:39] [Render thread/INFO]: Registering Synched Model Rotation Data for PigRaw.
[04:38:39] [Render thread/WARN]: defineId called for: class de.markusbordihn.easynpc.entity.easynpc.npc.raw.PigRaw from interface de.markusbordihn.easynpc.entity.easynpc.data.ModelRotationDataCapable
[04:38:39] [Render thread/INFO]: Registering Synched Model Scale Data for PigRaw.
[04:38:39] [Render thread/WARN]: defineId called for: class de.markusbordihn.easynpc.entity.easynpc.npc.raw.PigRaw from interface de.markusbordihn.easynpc.entity.easynpc.data.ModelScaleDataCapable
[04:38:39] [Render thread/INFO]: Registering Synched Model Visibility Data for PigRaw.
[04:38:39] [Render thread/WARN]: defineId called for: class de.markusbordihn.easynpc.entity.easynpc.npc.raw.PigRaw from interface de.markusbordihn.easynpc.entity.easynpc.data.ModelVisibilityDataCapable
[04:38:39] [Render thread/INFO]: - Registering Synched Navigation Data for PigRaw.
[04:38:39] [Render thread/WARN]: defineId called for: class de.markusbordihn.easynpc.entity.easynpc.npc.raw.PigRaw from interface de.markusbordihn.easynpc.entity.easynpc.data.NavigationDataCapable
[04:38:39] [Render thread/INFO]: - Registering Synched Owner Data for PigRaw.
[04:38:39] [Render thread/WARN]: defineId called for: class de.markusbordihn.easynpc.entity.easynpc.npc.raw.PigRaw from interface de.markusbordihn.easynpc.entity.easynpc.data.OwnerDataCapable
[04:38:39] [Render thread/INFO]: - Registering Synched Profession Data for PigRaw.
[04:38:39] [Render thread/WARN]: defineId called for: class de.markusbordihn.easynpc.entity.easynpc.npc.raw.PigRaw from interface de.markusbordihn.easynpc.entity.easynpc.data.ProfessionDataCapable
[04:38:39] [Render thread/INFO]: - Registering Synched Render Data for PigRaw.
[04:38:39] [Render thread/WARN]: defineId called for: class de.markusbordihn.easynpc.entity.easynpc.npc.raw.PigRaw from interface de.markusbordihn.easynpc.entity.easynpc.data.RenderDataCapable
[04:38:39] [Render thread/INFO]: - Registering Synched Skin Data for PigRaw.
[04:38:39] [Render thread/WARN]: defineId called for: class de.markusbordihn.easynpc.entity.easynpc.npc.raw.PigRaw from interface de.markusbordihn.easynpc.entity.easynpc.data.SkinDataCapable
[04:38:39] [Render thread/INFO]: - Registering Synched Sound Data for PigRaw.
[04:38:39] [Render thread/WARN]: defineId called for: class de.markusbordihn.easynpc.entity.easynpc.npc.raw.PigRaw from interface de.markusbordihn.easynpc.entity.easynpc.data.SoundDataCapable
[04:38:39] [Render thread/INFO]: - Registering Synched Trading Data for PigRaw.
[04:38:39] [Render thread/WARN]: defineId called for: class de.markusbordihn.easynpc.entity.easynpc.npc.raw.PigRaw from interface de.markusbordihn.easynpc.entity.easynpc.data.TradingDataCapable
[04:38:39] [Render thread/WARN]: defineId called for: class de.markusbordihn.easynpc.entity.easynpc.npc.raw.PigRaw from interface de.markusbordihn.easynpc.entity.easynpc.data.TradingDataCapable
[04:38:39] [Render thread/WARN]: defineId called for: class de.markusbordihn.easynpc.entity.easynpc.npc.raw.PigRaw from interface de.markusbordihn.easynpc.entity.easynpc.data.TradingDataCapable
[04:38:39] [Render thread/INFO]: - Registering Synched Variant Type Data for PigRaw.
[04:38:39] [Render thread/WARN]: defineId called for: class de.markusbordihn.easynpc.entity.easynpc.npc.raw.PigRaw from interface de.markusbordihn.easynpc.entity.easynpc.data.VariantDataCapable
[04:38:39] [Render thread/INFO]: - Registering Synched Attack Data for PillagerRaw.
[04:38:39] [Render thread/WARN]: defineId called for: class de.markusbordihn.easynpc.entity.easynpc.npc.raw.PillagerRaw from interface de.markusbordihn.easynpc.entity.easynpc.data.AttackDataCapable
[04:38:39] [Render thread/INFO]: - Registering Synched Attribute Data for PillagerRaw.
[04:38:39] [Render thread/WARN]: defineId called for: class de.markusbordihn.easynpc.entity.easynpc.npc.raw.PillagerRaw from interface de.markusbordihn.easynpc.entity.easynpc.data.AttributeDataCapable
[04:38:39] [Render thread/INFO]: - Registering Synched Custom Attribute Data for PillagerRaw.
[04:38:39] [Render thread/WARN]: defineId called for: class de.markusbordihn.easynpc.entity.easynpc.npc.raw.PillagerRaw from interface de.markusbordihn.easynpc.entity.easynpc.data.CustomAttributeDataCapable
[04:38:39] [Render thread/INFO]: - Registering Synched Display Attribute Data for PillagerRaw.
[04:38:39] [Render thread/WARN]: defineId called for: class de.markusbordihn.easynpc.entity.easynpc.npc.raw.PillagerRaw from interface de.markusbordihn.easynpc.entity.easynpc.data.DisplayAttributeDataCapable
[04:38:39] [Render thread/INFO]: Registering Synched Model Data for PillagerRaw.
[04:38:39] [Render thread/WARN]: defineId called for: class de.markusbordihn.easynpc.entity.easynpc.npc.raw.PillagerRaw from interface de.markusbordihn.easynpc.entity.easynpc.data.ModelDataCapable
[04:38:39] [Render thread/INFO]: Registering Synched Model Position Data for PillagerRaw.
[04:38:39] [Render thread/WARN]: defineId called for: class de.markusbordihn.easynpc.entity.easynpc.npc.raw.PillagerRaw from interface de.markusbordihn.easynpc.entity.easynpc.data.ModelPositionDataCapable
[04:38:39] [Render thread/INFO]: Registering Synched Model Rotation Data for PillagerRaw.
[04:38:39] [Render thread/WARN]: defineId called for: class de.markusbordihn.easynpc.entity.easynpc.npc.raw.PillagerRaw from interface de.markusbordihn.easynpc.entity.easynpc.data.ModelRotationDataCapable
[04:38:39] [Render thread/INFO]: Registering Synched Model Scale Data for PillagerRaw.
[04:38:39] [Render thread/WARN]: defineId called for: class de.markusbordihn.easynpc.entity.easynpc.npc.raw.PillagerRaw from interface de.markusbordihn.easynpc.entity.easynpc.data.ModelScaleDataCapable
[04:38:39] [Render thread/INFO]: Registering Synched Model Visibility Data for PillagerRaw.
[04:38:39] [Render thread/WARN]: defineId called for: class de.markusbordihn.easynpc.entity.easynpc.npc.raw.PillagerRaw from interface de.markusbordihn.easynpc.entity.easynpc.data.ModelVisibilityDataCapable
[04:38:39] [Render thread/INFO]: - Registering Synched Navigation Data for PillagerRaw.
[04:38:39] [Render thread/WARN]: defineId called for: class de.markusbordihn.easynpc.entity.easynpc.npc.raw.PillagerRaw from interface de.markusbordihn.easynpc.entity.easynpc.data.NavigationDataCapable
[04:38:39] [Render thread/INFO]: - Registering Synched Owner Data for PillagerRaw.
[04:38:39] [Render thread/WARN]: defineId called for: class de.markusbordihn.easynpc.entity.easynpc.npc.raw.PillagerRaw from interface de.markusbordihn.easynpc.entity.easynpc.data.OwnerDataCapable
[04:38:39] [Render thread/INFO]: - Registering Synched Profession Data for PillagerRaw.
[04:38:39] [Render thread/WARN]: defineId called for: class de.markusbordihn.easynpc.entity.easynpc.npc.raw.PillagerRaw from interface de.markusbordihn.easynpc.entity.easynpc.data.ProfessionDataCapable
[04:38:39] [Render thread/INFO]: - Registering Synched Render Data for PillagerRaw.
[04:38:39] [Render thread/WARN]: defineId called for: class de.markusbordihn.easynpc.entity.easynpc.npc.raw.PillagerRaw from interface de.markusbordihn.easynpc.entity.easynpc.data.RenderDataCapable
[04:38:39] [Render thread/INFO]: - Registering Synched Skin Data for PillagerRaw.
[04:38:39] [Render thread/WARN]: defineId called for: class de.markusbordihn.easynpc.entity.easynpc.npc.raw.PillagerRaw from interface de.markusbordihn.easynpc.entity.easynpc.data.SkinDataCapable
[04:38:39] [Render thread/INFO]: - Registering Synched Sound Data for PillagerRaw.
[04:38:39] [Render thread/WARN]: defineId called for: class de.markusbordihn.easynpc.entity.easynpc.npc.raw.PillagerRaw from interface de.markusbordihn.easynpc.entity.easynpc.data.SoundDataCapable
[04:38:39] [Render thread/INFO]: - Registering Synched Trading Data for PillagerRaw.
[04:38:39] [Render thread/WARN]: defineId called for: class de.markusbordihn.easynpc.entity.easynpc.npc.raw.PillagerRaw from interface de.markusbordihn.easynpc.entity.easynpc.data.TradingDataCapable
[04:38:39] [Render thread/WARN]: defineId called for: class de.markusbordihn.easynpc.entity.easynpc.npc.raw.PillagerRaw from interface de.markusbordihn.easynpc.entity.easynpc.data.TradingDataCapable
[04:38:39] [Render thread/WARN]: defineId called for: class de.markusbordihn.easynpc.entity.easynpc.npc.raw.PillagerRaw from interface de.markusbordihn.easynpc.entity.easynpc.data.TradingDataCapable
[04:38:39] [Render thread/INFO]: - Registering Synched Variant Type Data for PillagerRaw.
[04:38:39] [Render thread/WARN]: defineId called for: class de.markusbordihn.easynpc.entity.easynpc.npc.raw.PillagerRaw from interface de.markusbordihn.easynpc.entity.easynpc.data.VariantDataCapable
[04:38:39] [Render thread/INFO]: - Registering Synched Attack Data for SkeletonRaw.
[04:38:39] [Render thread/WARN]: defineId called for: class de.markusbordihn.easynpc.entity.easynpc.npc.raw.SkeletonRaw from interface de.markusbordihn.easynpc.entity.easynpc.data.AttackDataCapable
[04:38:39] [Render thread/INFO]: - Registering Synched Attribute Data for SkeletonRaw.
[04:38:39] [Render thread/WARN]: defineId called for: class de.markusbordihn.easynpc.entity.easynpc.npc.raw.SkeletonRaw from interface de.markusbordihn.easynpc.entity.easynpc.data.AttributeDataCapable
[04:38:39] [Render thread/INFO]: - Registering Synched Custom Attribute Data for SkeletonRaw.
[04:38:39] [Render thread/WARN]: defineId called for: class de.markusbordihn.easynpc.entity.easynpc.npc.raw.SkeletonRaw from interface de.markusbordihn.easynpc.entity.easynpc.data.CustomAttributeDataCapable
[04:38:39] [Render thread/INFO]: - Registering Synched Display Attribute Data for SkeletonRaw.
[04:38:39] [Render thread/WARN]: defineId called for: class de.markusbordihn.easynpc.entity.easynpc.npc.raw.SkeletonRaw from interface de.markusbordihn.easynpc.entity.easynpc.data.DisplayAttributeDataCapable
[04:38:39] [Render thread/INFO]: Registering Synched Model Data for SkeletonRaw.
[04:38:39] [Render thread/WARN]: defineId called for: class de.markusbordihn.easynpc.entity.easynpc.npc.raw.SkeletonRaw from interface de.markusbordihn.easynpc.entity.easynpc.data.ModelDataCapable
[04:38:39] [Render thread/INFO]: Registering Synched Model Position Data for SkeletonRaw.
[04:38:39] [Render thread/WARN]: defineId called for: class de.markusbordihn.easynpc.entity.easynpc.npc.raw.SkeletonRaw from interface de.markusbordihn.easynpc.entity.easynpc.data.ModelPositionDataCapable
[04:38:39] [Render thread/INFO]: Registering Synched Model Rotation Data for SkeletonRaw.
[04:38:39] [Render thread/WARN]: defineId called for: class de.markusbordihn.easynpc.entity.easynpc.npc.raw.SkeletonRaw from interface de.markusbordihn.easynpc.entity.easynpc.data.ModelRotationDataCapable
[04:38:39] [Render thread/INFO]: Registering Synched Model Scale Data for SkeletonRaw.
[04:38:39] [Render thread/WARN]: defineId called for: class de.markusbordihn.easynpc.entity.easynpc.npc.raw.SkeletonRaw from interface de.markusbordihn.easynpc.entity.easynpc.data.ModelScaleDataCapable
[04:38:39] [Render thread/INFO]: Registering Synched Model Visibility Data for SkeletonRaw.
[04:38:39] [Render thread/WARN]: defineId called for: class de.markusbordihn.easynpc.entity.easynpc.npc.raw.SkeletonRaw from interface de.markusbordihn.easynpc.entity.easynpc.data.ModelVisibilityDataCapable
[04:38:39] [Render thread/INFO]: - Registering Synched Navigation Data for SkeletonRaw.
[04:38:39] [Render thread/WARN]: defineId called for: class de.markusbordihn.easynpc.entity.easynpc.npc.raw.SkeletonRaw from interface de.markusbordihn.easynpc.entity.easynpc.data.NavigationDataCapable
[04:38:39] [Render thread/INFO]: - Registering Synched Owner Data for SkeletonRaw.
[04:38:39] [Render thread/WARN]: defineId called for: class de.markusbordihn.easynpc.entity.easynpc.npc.raw.SkeletonRaw from interface de.markusbordihn.easynpc.entity.easynpc.data.OwnerDataCapable
[04:38:39] [Render thread/INFO]: - Registering Synched Profession Data for SkeletonRaw.
[04:38:39] [Render thread/WARN]: defineId called for: class de.markusbordihn.easynpc.entity.easynpc.npc.raw.SkeletonRaw from interface de.markusbordihn.easynpc.entity.easynpc.data.ProfessionDataCapable
[04:38:39] [Render thread/INFO]: - Registering Synched Render Data for SkeletonRaw.
[04:38:39] [Render thread/WARN]: defineId called for: class de.markusbordihn.easynpc.entity.easynpc.npc.raw.SkeletonRaw from interface de.markusbordihn.easynpc.entity.easynpc.data.RenderDataCapable
[04:38:39] [Render thread/INFO]: - Registering Synched Skin Data for SkeletonRaw.
[04:38:39] [Render thread/WARN]: defineId called for: class de.markusbordihn.easynpc.entity.easynpc.npc.raw.SkeletonRaw from interface de.markusbordihn.easynpc.entity.easynpc.data.SkinDataCapable
[04:38:39] [Render thread/INFO]: - Registering Synched Sound Data for SkeletonRaw.
[04:38:39] [Render thread/WARN]: defineId called for: class de.markusbordihn.easynpc.entity.easynpc.npc.raw.SkeletonRaw from interface de.markusbordihn.easynpc.entity.easynpc.data.SoundDataCapable
[04:38:39] [Render thread/INFO]: - Registering Synched Trading Data for SkeletonRaw.
[04:38:39] [Render thread/WARN]: defineId called for: class de.markusbordihn.easynpc.entity.easynpc.npc.raw.SkeletonRaw from interface de.markusbordihn.easynpc.entity.easynpc.data.TradingDataCapable
[04:38:39] [Render thread/WARN]: defineId called for: class de.markusbordihn.easynpc.entity.easynpc.npc.raw.SkeletonRaw from interface de.markusbordihn.easynpc.entity.easynpc.data.TradingDataCapable
[04:38:39] [Render thread/WARN]: defineId called for: class de.markusbordihn.easynpc.entity.easynpc.npc.raw.SkeletonRaw from interface de.markusbordihn.easynpc.entity.easynpc.data.TradingDataCapable
[04:38:39] [Render thread/INFO]: - Registering Synched Variant Type Data for SkeletonRaw.
[04:38:39] [Render thread/WARN]: defineId called for: class de.markusbordihn.easynpc.entity.easynpc.npc.raw.SkeletonRaw from interface de.markusbordihn.easynpc.entity.easynpc.data.VariantDataCapable
[04:38:39] [Render thread/INFO]: - Registering Synched Attack Data for VillagerRaw.
[04:38:39] [Render thread/WARN]: defineId called for: class de.markusbordihn.easynpc.entity.easynpc.npc.raw.VillagerRaw from interface de.markusbordihn.easynpc.entity.easynpc.data.AttackDataCapable
[04:38:39] [Render thread/INFO]: - Registering Synched Attribute Data for VillagerRaw.
[04:38:39] [Render thread/WARN]: defineId called for: class de.markusbordihn.easynpc.entity.easynpc.npc.raw.VillagerRaw from interface de.markusbordihn.easynpc.entity.easynpc.data.AttributeDataCapable
[04:38:39] [Render thread/INFO]: - Registering Synched Custom Attribute Data for VillagerRaw.
[04:38:39] [Render thread/WARN]: defineId called for: class de.markusbordihn.easynpc.entity.easynpc.npc.raw.VillagerRaw from interface de.markusbordihn.easynpc.entity.easynpc.data.CustomAttributeDataCapable
[04:38:39] [Render thread/INFO]: - Registering Synched Display Attribute Data for VillagerRaw.
[04:38:39] [Render thread/WARN]: defineId called for: class de.markusbordihn.easynpc.entity.easynpc.npc.raw.VillagerRaw from interface de.markusbordihn.easynpc.entity.easynpc.data.DisplayAttributeDataCapable
[04:38:39] [Render thread/INFO]: Registering Synched Model Data for VillagerRaw.
[04:38:39] [Render thread/WARN]: defineId called for: class de.markusbordihn.easynpc.entity.easynpc.npc.raw.VillagerRaw from interface de.markusbordihn.easynpc.entity.easynpc.data.ModelDataCapable
[04:38:39] [Render thread/INFO]: Registering Synched Model Position Data for VillagerRaw.
[04:38:39] [Render thread/WARN]: defineId called for: class de.markusbordihn.easynpc.entity.easynpc.npc.raw.VillagerRaw from interface de.markusbordihn.easynpc.entity.easynpc.data.ModelPositionDataCapable
[04:38:39] [Render thread/INFO]: Registering Synched Model Rotation Data for VillagerRaw.
[04:38:39] [Render thread/WARN]: defineId called for: class de.markusbordihn.easynpc.entity.easynpc.npc.raw.VillagerRaw from interface de.markusbordihn.easynpc.entity.easynpc.data.ModelRotationDataCapable
[04:38:39] [Render thread/INFO]: Registering Synched Model Scale Data for VillagerRaw.
[04:38:39] [Render thread/WARN]: defineId called for: class de.markusbordihn.easynpc.entity.easynpc.npc.raw.VillagerRaw from interface de.markusbordihn.easynpc.entity.easynpc.data.ModelScaleDataCapable
[04:38:39] [Render thread/INFO]: Registering Synched Model Visibility Data for VillagerRaw.
[04:38:39] [Render thread/WARN]: defineId called for: class de.markusbordihn.easynpc.entity.easynpc.npc.raw.VillagerRaw from interface de.markusbordihn.easynpc.entity.easynpc.data.ModelVisibilityDataCapable
[04:38:39] [Render thread/INFO]: - Registering Synched Navigation Data for VillagerRaw.
[04:38:39] [Render thread/WARN]: defineId called for: class de.markusbordihn.easynpc.entity.easynpc.npc.raw.VillagerRaw from interface de.markusbordihn.easynpc.entity.easynpc.data.NavigationDataCapable
[04:38:39] [Render thread/INFO]: - Registering Synched Owner Data for VillagerRaw.
[04:38:39] [Render thread/WARN]: defineId called for: class de.markusbordihn.easynpc.entity.easynpc.npc.raw.VillagerRaw from interface de.markusbordihn.easynpc.entity.easynpc.data.OwnerDataCapable
[04:38:39] [Render thread/INFO]: - Registering Synched Profession Data for VillagerRaw.
[04:38:39] [Render thread/WARN]: defineId called for: class de.markusbordihn.easynpc.entity.easynpc.npc.raw.VillagerRaw from interface de.markusbordihn.easynpc.entity.easynpc.data.ProfessionDataCapable
[04:38:39] [Render thread/INFO]: - Registering Synched Render Data for VillagerRaw.
[04:38:39] [Render thread/WARN]: defineId called for: class de.markusbordihn.easynpc.entity.easynpc.npc.raw.VillagerRaw from interface de.markusbordihn.easynpc.entity.easynpc.data.RenderDataCapable
[04:38:39] [Render thread/INFO]: - Registering Synched Skin Data for VillagerRaw.
[04:38:39] [Render thread/WARN]: defineId called for: class de.markusbordihn.easynpc.entity.easynpc.npc.raw.VillagerRaw from interface de.markusbordihn.easynpc.entity.easynpc.data.SkinDataCapable
[04:38:39] [Render thread/INFO]: - Registering Synched Sound Data for VillagerRaw.
[04:38:39] [Render thread/WARN]: defineId called for: class de.markusbordihn.easynpc.entity.easynpc.npc.raw.VillagerRaw from interface de.markusbordihn.easynpc.entity.easynpc.data.SoundDataCapable
[04:38:39] [Render thread/INFO]: - Registering Synched Trading Data for VillagerRaw.
[04:38:39] [Render thread/WARN]: defineId called for: class de.markusbordihn.easynpc.entity.easynpc.npc.raw.VillagerRaw from interface de.markusbordihn.easynpc.entity.easynpc.data.TradingDataCapable
[04:38:39] [Render thread/WARN]: defineId called for: class de.markusbordihn.easynpc.entity.easynpc.npc.raw.VillagerRaw from interface de.markusbordihn.easynpc.entity.easynpc.data.TradingDataCapable
[04:38:39] [Render thread/WARN]: defineId called for: class de.markusbordihn.easynpc.entity.easynpc.npc.raw.VillagerRaw from interface de.markusbordihn.easynpc.entity.easynpc.data.TradingDataCapable
[04:38:39] [Render thread/INFO]: - Registering Synched Variant Type Data for VillagerRaw.
[04:38:39] [Render thread/WARN]: defineId called for: class de.markusbordihn.easynpc.entity.easynpc.npc.raw.VillagerRaw from interface de.markusbordihn.easynpc.entity.easynpc.data.VariantDataCapable
[04:38:39] [Render thread/INFO]: - Registering Synched Attack Data for VindicatorRaw.
[04:38:39] [Render thread/WARN]: defineId called for: class de.markusbordihn.easynpc.entity.easynpc.npc.raw.VindicatorRaw from interface de.markusbordihn.easynpc.entity.easynpc.data.AttackDataCapable
[04:38:39] [Render thread/INFO]: - Registering Synched Attribute Data for VindicatorRaw.
[04:38:39] [Render thread/WARN]: defineId called for: class de.markusbordihn.easynpc.entity.easynpc.npc.raw.VindicatorRaw from interface de.markusbordihn.easynpc.entity.easynpc.data.AttributeDataCapable
[04:38:39] [Render thread/INFO]: - Registering Synched Custom Attribute Data for VindicatorRaw.
[04:38:39] [Render thread/WARN]: defineId called for: class de.markusbordihn.easynpc.entity.easynpc.npc.raw.VindicatorRaw from interface de.markusbordihn.easynpc.entity.easynpc.data.CustomAttributeDataCapable
[04:38:39] [Render thread/INFO]: - Registering Synched Display Attribute Data for VindicatorRaw.
[04:38:39] [Render thread/WARN]: defineId called for: class de.markusbordihn.easynpc.entity.easynpc.npc.raw.VindicatorRaw from interface de.markusbordihn.easynpc.entity.easynpc.data.DisplayAttributeDataCapable
[04:38:39] [Render thread/INFO]: Registering Synched Model Data for VindicatorRaw.
[04:38:39] [Render thread/WARN]: defineId called for: class de.markusbordihn.easynpc.entity.easynpc.npc.raw.VindicatorRaw from interface de.markusbordihn.easynpc.entity.easynpc.data.ModelDataCapable
[04:38:39] [Render thread/INFO]: Registering Synched Model Position Data for VindicatorRaw.
[04:38:39] [Render thread/WARN]: defineId called for: class de.markusbordihn.easynpc.entity.easynpc.npc.raw.VindicatorRaw from interface de.markusbordihn.easynpc.entity.easynpc.data.ModelPositionDataCapable
[04:38:39] [Render thread/INFO]: Registering Synched Model Rotation Data for VindicatorRaw.
[04:38:39] [Render thread/WARN]: defineId called for: class de.markusbordihn.easynpc.entity.easynpc.npc.raw.VindicatorRaw from interface de.markusbordihn.easynpc.entity.easynpc.data.ModelRotationDataCapable
[04:38:39] [Render thread/INFO]: Registering Synched Model Scale Data for VindicatorRaw.
[04:38:39] [Render thread/WARN]: defineId called for: class de.markusbordihn.easynpc.entity.easynpc.npc.raw.VindicatorRaw from interface de.markusbordihn.easynpc.entity.easynpc.data.ModelScaleDataCapable
[04:38:39] [Render thread/INFO]: Registering Synched Model Visibility Data for VindicatorRaw.
[04:38:39] [Render thread/WARN]: defineId called for: class de.markusbordihn.easynpc.entity.easynpc.npc.raw.VindicatorRaw from interface de.markusbordihn.easynpc.entity.easynpc.data.ModelVisibilityDataCapable
[04:38:39] [Render thread/INFO]: - Registering Synched Navigation Data for VindicatorRaw.
[04:38:39] [Render thread/WARN]: defineId called for: class de.markusbordihn.easynpc.entity.easynpc.npc.raw.VindicatorRaw from interface de.markusbordihn.easynpc.entity.easynpc.data.NavigationDataCapable
[04:38:39] [Render thread/INFO]: - Registering Synched Owner Data for VindicatorRaw.
[04:38:39] [Render thread/WARN]: defineId called for: class de.markusbordihn.easynpc.entity.easynpc.npc.raw.VindicatorRaw from interface de.markusbordihn.easynpc.entity.easynpc.data.OwnerDataCapable
[04:38:39] [Render thread/INFO]: - Registering Synched Profession Data for VindicatorRaw.
[04:38:39] [Render thread/WARN]: defineId called for: class de.markusbordihn.easynpc.entity.easynpc.npc.raw.VindicatorRaw from interface de.markusbordihn.easynpc.entity.easynpc.data.ProfessionDataCapable
[04:38:39] [Render thread/INFO]: - Registering Synched Render Data for VindicatorRaw.
[04:38:39] [Render thread/WARN]: defineId called for: class de.markusbordihn.easynpc.entity.easynpc.npc.raw.VindicatorRaw from interface de.markusbordihn.easynpc.entity.easynpc.data.RenderDataCapable
[04:38:39] [Render thread/INFO]: - Registering Synched Skin Data for VindicatorRaw.
[04:38:39] [Render thread/WARN]: defineId called for: class de.markusbordihn.easynpc.entity.easynpc.npc.raw.VindicatorRaw from interface de.markusbordihn.easynpc.entity.easynpc.data.SkinDataCapable
[04:38:39] [Render thread/INFO]: - Registering Synched Sound Data for VindicatorRaw.
[04:38:39] [Render thread/WARN]: defineId called for: class de.markusbordihn.easynpc.entity.easynpc.npc.raw.VindicatorRaw from interface de.markusbordihn.easynpc.entity.easynpc.data.SoundDataCapable
[04:38:39] [Render thread/INFO]: - Registering Synched Trading Data for VindicatorRaw.
[04:38:39] [Render thread/WARN]: defineId called for: class de.markusbordihn.easynpc.entity.easynpc.npc.raw.VindicatorRaw from interface de.markusbordihn.easynpc.entity.easynpc.data.TradingDataCapable
[04:38:39] [Render thread/WARN]: defineId called for: class de.markusbordihn.easynpc.entity.easynpc.npc.raw.VindicatorRaw from interface de.markusbordihn.easynpc.entity.easynpc.data.TradingDataCapable
[04:38:39] [Render thread/WARN]: defineId called for: class de.markusbordihn.easynpc.entity.easynpc.npc.raw.VindicatorRaw from interface de.markusbordihn.easynpc.entity.easynpc.data.TradingDataCapable
[04:38:39] [Render thread/INFO]: - Registering Synched Variant Type Data for VindicatorRaw.
[04:38:39] [Render thread/WARN]: defineId called for: class de.markusbordihn.easynpc.entity.easynpc.npc.raw.VindicatorRaw from interface de.markusbordihn.easynpc.entity.easynpc.data.VariantDataCapable
[04:38:39] [Render thread/INFO]: - Registering Synched Attack Data for WolfRaw.
[04:38:39] [Render thread/WARN]: defineId called for: class de.markusbordihn.easynpc.entity.easynpc.npc.raw.WolfRaw from interface de.markusbordihn.easynpc.entity.easynpc.data.AttackDataCapable
[04:38:39] [Render thread/INFO]: - Registering Synched Attribute Data for WolfRaw.
[04:38:39] [Render thread/WARN]: defineId called for: class de.markusbordihn.easynpc.entity.easynpc.npc.raw.WolfRaw from interface de.markusbordihn.easynpc.entity.easynpc.data.AttributeDataCapable
[04:38:39] [Render thread/INFO]: - Registering Synched Custom Attribute Data for WolfRaw.
[04:38:39] [Render thread/WARN]: defineId called for: class de.markusbordihn.easynpc.entity.easynpc.npc.raw.WolfRaw from interface de.markusbordihn.easynpc.entity.easynpc.data.CustomAttributeDataCapable
[04:38:39] [Render thread/INFO]: - Registering Synched Display Attribute Data for WolfRaw.
[04:38:39] [Render thread/WARN]: defineId called for: class de.markusbordihn.easynpc.entity.easynpc.npc.raw.WolfRaw from interface de.markusbordihn.easynpc.entity.easynpc.data.DisplayAttributeDataCapable
[04:38:39] [Render thread/INFO]: Registering Synched Model Data for WolfRaw.
[04:38:39] [Render thread/WARN]: defineId called for: class de.markusbordihn.easynpc.entity.easynpc.npc.raw.WolfRaw from interface de.markusbordihn.easynpc.entity.easynpc.data.ModelDataCapable
[04:38:39] [Render thread/INFO]: Registering Synched Model Position Data for WolfRaw.
[04:38:39] [Render thread/WARN]: defineId called for: class de.markusbordihn.easynpc.entity.easynpc.npc.raw.WolfRaw from interface de.markusbordihn.easynpc.entity.easynpc.data.ModelPositionDataCapable
[04:38:39] [Render thread/INFO]: Registering Synched Model Rotation Data for WolfRaw.
[04:38:39] [Render thread/WARN]: defineId called for: class de.markusbordihn.easynpc.entity.easynpc.npc.raw.WolfRaw from interface de.markusbordihn.easynpc.entity.easynpc.data.ModelRotationDataCapable
[04:38:39] [Render thread/INFO]: Registering Synched Model Scale Data for WolfRaw.
[04:38:39] [Render thread/WARN]: defineId called for: class de.markusbordihn.easynpc.entity.easynpc.npc.raw.WolfRaw from interface de.markusbordihn.easynpc.entity.easynpc.data.ModelScaleDataCapable
[04:38:39] [Render thread/INFO]: Registering Synched Model Visibility Data for WolfRaw.
[04:38:39] [Render thread/WARN]: defineId called for: class de.markusbordihn.easynpc.entity.easynpc.npc.raw.WolfRaw from interface de.markusbordihn.easynpc.entity.easynpc.data.ModelVisibilityDataCapable
[04:38:39] [Render thread/INFO]: - Registering Synched Navigation Data for WolfRaw.
[04:38:39] [Render thread/WARN]: defineId called for: class de.markusbordihn.easynpc.entity.easynpc.npc.raw.WolfRaw from interface de.markusbordihn.easynpc.entity.easynpc.data.NavigationDataCapable
[04:38:39] [Render thread/INFO]: - Registering Synched Owner Data for WolfRaw.
[04:38:39] [Render thread/WARN]: defineId called for: class de.markusbordihn.easynpc.entity.easynpc.npc.raw.WolfRaw from interface de.markusbordihn.easynpc.entity.easynpc.data.OwnerDataCapable
[04:38:39] [Render thread/INFO]: - Registering Synched Profession Data for WolfRaw.
[04:38:39] [Render thread/WARN]: defineId called for: class de.markusbordihn.easynpc.entity.easynpc.npc.raw.WolfRaw from interface de.markusbordihn.easynpc.entity.easynpc.data.ProfessionDataCapable
[04:38:39] [Render thread/INFO]: - Registering Synched Render Data for WolfRaw.
[04:38:39] [Render thread/WARN]: defineId called for: class de.markusbordihn.easynpc.entity.easynpc.npc.raw.WolfRaw from interface de.markusbordihn.easynpc.entity.easynpc.data.RenderDataCapable
[04:38:39] [Render thread/INFO]: - Registering Synched Skin Data for WolfRaw.
[04:38:39] [Render thread/WARN]: defineId called for: class de.markusbordihn.easynpc.entity.easynpc.npc.raw.WolfRaw from interface de.markusbordihn.easynpc.entity.easynpc.data.SkinDataCapable
[04:38:39] [Render thread/INFO]: - Registering Synched Sound Data for WolfRaw.
[04:38:39] [Render thread/WARN]: defineId called for: class de.markusbordihn.easynpc.entity.easynpc.npc.raw.WolfRaw from interface de.markusbordihn.easynpc.entity.easynpc.data.SoundDataCapable
[04:38:39] [Render thread/INFO]: - Registering Synched Trading Data for WolfRaw.
[04:38:39] [Render thread/WARN]: defineId called for: class de.markusbordihn.easynpc.entity.easynpc.npc.raw.WolfRaw from interface de.markusbordihn.easynpc.entity.easynpc.data.TradingDataCapable
[04:38:39] [Render thread/WARN]: defineId called for: class de.markusbordihn.easynpc.entity.easynpc.npc.raw.WolfRaw from interface de.markusbordihn.easynpc.entity.easynpc.data.TradingDataCapable
[04:38:39] [Render thread/WARN]: defineId called for: class de.markusbordihn.easynpc.entity.easynpc.npc.raw.WolfRaw from interface de.markusbordihn.easynpc.entity.easynpc.data.TradingDataCapable
[04:38:39] [Render thread/INFO]: - Registering Synched Variant Type Data for WolfRaw.
[04:38:39] [Render thread/WARN]: defineId called for: class de.markusbordihn.easynpc.entity.easynpc.npc.raw.WolfRaw from interface de.markusbordihn.easynpc.entity.easynpc.data.VariantDataCapable
[04:38:39] [Render thread/INFO]: - Registering Synched Attack Data for ZombieRaw.
[04:38:39] [Render thread/WARN]: defineId called for: class de.markusbordihn.easynpc.entity.easynpc.npc.raw.ZombieRaw from interface de.markusbordihn.easynpc.entity.easynpc.data.AttackDataCapable
[04:38:39] [Render thread/INFO]: - Registering Synched Attribute Data for ZombieRaw.
[04:38:39] [Render thread/WARN]: defineId called for: class de.markusbordihn.easynpc.entity.easynpc.npc.raw.ZombieRaw from interface de.markusbordihn.easynpc.entity.easynpc.data.AttributeDataCapable
[04:38:39] [Render thread/INFO]: - Registering Synched Custom Attribute Data for ZombieRaw.
[04:38:39] [Render thread/WARN]: defineId called for: class de.markusbordihn.easynpc.entity.easynpc.npc.raw.ZombieRaw from interface de.markusbordihn.easynpc.entity.easynpc.data.CustomAttributeDataCapable
[04:38:39] [Render thread/INFO]: - Registering Synched Display Attribute Data for ZombieRaw.
[04:38:39] [Render thread/WARN]: defineId called for: class de.markusbordihn.easynpc.entity.easynpc.npc.raw.ZombieRaw from interface de.markusbordihn.easynpc.entity.easynpc.data.DisplayAttributeDataCapable
[04:38:39] [Render thread/INFO]: Registering Synched Model Data for ZombieRaw.
[04:38:39] [Render thread/WARN]: defineId called for: class de.markusbordihn.easynpc.entity.easynpc.npc.raw.ZombieRaw from interface de.markusbordihn.easynpc.entity.easynpc.data.ModelDataCapable
[04:38:39] [Render thread/INFO]: Registering Synched Model Position Data for ZombieRaw.
[04:38:39] [Render thread/WARN]: defineId called for: class de.markusbordihn.easynpc.entity.easynpc.npc.raw.ZombieRaw from interface de.markusbordihn.easynpc.entity.easynpc.data.ModelPositionDataCapable
[04:38:39] [Render thread/INFO]: Registering Synched Model Rotation Data for ZombieRaw.
[04:38:39] [Render thread/WARN]: defineId called for: class de.markusbordihn.easynpc.entity.easynpc.npc.raw.ZombieRaw from interface de.markusbordihn.easynpc.entity.easynpc.data.ModelRotationDataCapable
[04:38:39] [Render thread/INFO]: Registering Synched Model Scale Data for ZombieRaw.
[04:38:39] [Render thread/WARN]: defineId called for: class de.markusbordihn.easynpc.entity.easynpc.npc.raw.ZombieRaw from interface de.markusbordihn.easynpc.entity.easynpc.data.ModelScaleDataCapable
[04:38:39] [Render thread/INFO]: Registering Synched Model Visibility Data for ZombieRaw.
[04:38:39] [Render thread/WARN]: defineId called for: class de.markusbordihn.easynpc.entity.easynpc.npc.raw.ZombieRaw from interface de.markusbordihn.easynpc.entity.easynpc.data.ModelVisibilityDataCapable
[04:38:39] [Render thread/INFO]: - Registering Synched Navigation Data for ZombieRaw.
[04:38:39] [Render thread/WARN]: defineId called for: class de.markusbordihn.easynpc.entity.easynpc.npc.raw.ZombieRaw from interface de.markusbordihn.easynpc.entity.easynpc.data.NavigationDataCapable
[04:38:39] [Render thread/INFO]: - Registering Synched Owner Data for ZombieRaw.
[04:38:39] [Render thread/WARN]: defineId called for: class de.markusbordihn.easynpc.entity.easynpc.npc.raw.ZombieRaw from interface de.markusbordihn.easynpc.entity.easynpc.data.OwnerDataCapable
[04:38:39] [Render thread/INFO]: - Registering Synched Profession Data for ZombieRaw.
[04:38:39] [Render thread/WARN]: defineId called for: class de.markusbordihn.easynpc.entity.easynpc.npc.raw.ZombieRaw from interface de.markusbordihn.easynpc.entity.easynpc.data.ProfessionDataCapable
[04:38:39] [Render thread/INFO]: - Registering Synched Render Data for ZombieRaw.
[04:38:39] [Render thread/WARN]: defineId called for: class de.markusbordihn.easynpc.entity.easynpc.npc.raw.ZombieRaw from interface de.markusbordihn.easynpc.entity.easynpc.data.RenderDataCapable
[04:38:39] [Render thread/INFO]: - Registering Synched Skin Data for ZombieRaw.
[04:38:39] [Render thread/WARN]: defineId called for: class de.markusbordihn.easynpc.entity.easynpc.npc.raw.ZombieRaw from interface de.markusbordihn.easynpc.entity.easynpc.data.SkinDataCapable
[04:38:39] [Render thread/INFO]: - Registering Synched Sound Data for ZombieRaw.
[04:38:39] [Render thread/WARN]: defineId called for: class de.markusbordihn.easynpc.entity.easynpc.npc.raw.ZombieRaw from interface de.markusbordihn.easynpc.entity.easynpc.data.SoundDataCapable
[04:38:39] [Render thread/INFO]: - Registering Synched Trading Data for ZombieRaw.
[04:38:39] [Render thread/WARN]: defineId called for: class de.markusbordihn.easynpc.entity.easynpc.npc.raw.ZombieRaw from interface de.markusbordihn.easynpc.entity.easynpc.data.TradingDataCapable
[04:38:39] [Render thread/WARN]: defineId called for: class de.markusbordihn.easynpc.entity.easynpc.npc.raw.ZombieRaw from interface de.markusbordihn.easynpc.entity.easynpc.data.TradingDataCapable
[04:38:39] [Render thread/WARN]: defineId called for: class de.markusbordihn.easynpc.entity.easynpc.npc.raw.ZombieRaw from interface de.markusbordihn.easynpc.entity.easynpc.data.TradingDataCapable
[04:38:39] [Render thread/INFO]: - Registering Synched Variant Type Data for ZombieRaw.
[04:38:39] [Render thread/WARN]: defineId called for: class de.markusbordihn.easynpc.entity.easynpc.npc.raw.ZombieRaw from interface de.markusbordihn.easynpc.entity.easynpc.data.VariantDataCapable
[04:38:39] [Render thread/INFO]: - Registering Synched Attack Data for ZombieVillagerRaw.
[04:38:39] [Render thread/WARN]: defineId called for: class de.markusbordihn.easynpc.entity.easynpc.npc.raw.ZombieVillagerRaw from interface de.markusbordihn.easynpc.entity.easynpc.data.AttackDataCapable
[04:38:39] [Render thread/INFO]: - Registering Synched Attribute Data for ZombieVillagerRaw.
[04:38:39] [Render thread/WARN]: defineId called for: class de.markusbordihn.easynpc.entity.easynpc.npc.raw.ZombieVillagerRaw from interface de.markusbordihn.easynpc.entity.easynpc.data.AttributeDataCapable
[04:38:39] [Render thread/INFO]: - Registering Synched Custom Attribute Data for ZombieVillagerRaw.
[04:38:39] [Render thread/WARN]: defineId called for: class de.markusbordihn.easynpc.entity.easynpc.npc.raw.ZombieVillagerRaw from interface de.markusbordihn.easynpc.entity.easynpc.data.CustomAttributeDataCapable
[04:38:39] [Render thread/INFO]: - Registering Synched Display Attribute Data for ZombieVillagerRaw.
[04:38:39] [Render thread/WARN]: defineId called for: class de.markusbordihn.easynpc.entity.easynpc.npc.raw.ZombieVillagerRaw from interface de.markusbordihn.easynpc.entity.easynpc.data.DisplayAttributeDataCapable
[04:38:39] [Render thread/INFO]: Registering Synched Model Data for ZombieVillagerRaw.
[04:38:39] [Render thread/WARN]: defineId called for: class de.markusbordihn.easynpc.entity.easynpc.npc.raw.ZombieVillagerRaw from interface de.markusbordihn.easynpc.entity.easynpc.data.ModelDataCapable
[04:38:39] [Render thread/INFO]: Registering Synched Model Position Data for ZombieVillagerRaw.
[04:38:39] [Render thread/WARN]: defineId called for: class de.markusbordihn.easynpc.entity.easynpc.npc.raw.ZombieVillagerRaw from interface de.markusbordihn.easynpc.entity.easynpc.data.ModelPositionDataCapable
[04:38:39] [Render thread/INFO]: Registering Synched Model Rotation Data for ZombieVillagerRaw.
[04:38:39] [Render thread/WARN]: defineId called for: class de.markusbordihn.easynpc.entity.easynpc.npc.raw.ZombieVillagerRaw from interface de.markusbordihn.easynpc.entity.easynpc.data.ModelRotationDataCapable
[04:38:39] [Render thread/INFO]: Registering Synched Model Scale Data for ZombieVillagerRaw.
[04:38:39] [Render thread/WARN]: defineId called for: class de.markusbordihn.easynpc.entity.easynpc.npc.raw.ZombieVillagerRaw from interface de.markusbordihn.easynpc.entity.easynpc.data.ModelScaleDataCapable
[04:38:39] [Render thread/INFO]: Registering Synched Model Visibility Data for ZombieVillagerRaw.
[04:38:39] [Render thread/WARN]: defineId called for: class de.markusbordihn.easynpc.entity.easynpc.npc.raw.ZombieVillagerRaw from interface de.markusbordihn.easynpc.entity.easynpc.data.ModelVisibilityDataCapable
[04:38:39] [Render thread/INFO]: - Registering Synched Navigation Data for ZombieVillagerRaw.
[04:38:39] [Render thread/WARN]: defineId called for: class de.markusbordihn.easynpc.entity.easynpc.npc.raw.ZombieVillagerRaw from interface de.markusbordihn.easynpc.entity.easynpc.data.NavigationDataCapable
[04:38:39] [Render thread/INFO]: - Registering Synched Owner Data for ZombieVillagerRaw.
[04:38:39] [Render thread/WARN]: defineId called for: class de.markusbordihn.easynpc.entity.easynpc.npc.raw.ZombieVillagerRaw from interface de.markusbordihn.easynpc.entity.easynpc.data.OwnerDataCapable
[04:38:39] [Render thread/INFO]: - Registering Synched Profession Data for ZombieVillagerRaw.
[04:38:39] [Render thread/WARN]: defineId called for: class de.markusbordihn.easynpc.entity.easynpc.npc.raw.ZombieVillagerRaw from interface de.markusbordihn.easynpc.entity.easynpc.data.ProfessionDataCapable
[04:38:39] [Render thread/INFO]: - Registering Synched Render Data for ZombieVillagerRaw.
[04:38:39] [Render thread/WARN]: defineId called for: class de.markusbordihn.easynpc.entity.easynpc.npc.raw.ZombieVillagerRaw from interface de.markusbordihn.easynpc.entity.easynpc.data.RenderDataCapable
[04:38:39] [Render thread/INFO]: - Registering Synched Skin Data for ZombieVillagerRaw.
[04:38:39] [Render thread/WARN]: defineId called for: class de.markusbordihn.easynpc.entity.easynpc.npc.raw.ZombieVillagerRaw from interface de.markusbordihn.easynpc.entity.easynpc.data.SkinDataCapable
[04:38:39] [Render thread/INFO]: - Registering Synched Sound Data for ZombieVillagerRaw.
[04:38:39] [Render thread/WARN]: defineId called for: class de.markusbordihn.easynpc.entity.easynpc.npc.raw.ZombieVillagerRaw from interface de.markusbordihn.easynpc.entity.easynpc.data.SoundDataCapable
[04:38:39] [Render thread/INFO]: - Registering Synched Trading Data for ZombieVillagerRaw.
[04:38:39] [Render thread/WARN]: defineId called for: class de.markusbordihn.easynpc.entity.easynpc.npc.raw.ZombieVillagerRaw from interface de.markusbordihn.easynpc.entity.easynpc.data.TradingDataCapable
[04:38:39] [Render thread/WARN]: defineId called for: class de.markusbordihn.easynpc.entity.easynpc.npc.raw.ZombieVillagerRaw from interface de.markusbordihn.easynpc.entity.easynpc.data.TradingDataCapable
[04:38:39] [Render thread/WARN]: defineId called for: class de.markusbordihn.easynpc.entity.easynpc.npc.raw.ZombieVillagerRaw from interface de.markusbordihn.easynpc.entity.easynpc.data.TradingDataCapable
[04:38:39] [Render thread/INFO]: - Registering Synched Variant Type Data for ZombieVillagerRaw.
[04:38:39] [Render thread/WARN]: defineId called for: class de.markusbordihn.easynpc.entity.easynpc.npc.raw.ZombieVillagerRaw from interface de.markusbordihn.easynpc.entity.easynpc.data.VariantDataCapable
[04:38:39] [Render thread/WARN]: defineId called for: class com.github.alexmodguy.alexscaves.server.entity.living.TremorzillaEntity from class com.github.alexmodguy.alexscaves.server.entity.living.LicowitchEntity
[04:38:39] [Render thread/INFO]: Block securitycraft:reinforced_dispenser had its color provider replaced and will not use per-vertex coloring
[04:38:39] [Render thread/INFO]: Block securitycraft:reinforced_dropper had its color provider replaced and will not use per-vertex coloring
[04:38:39] [Render thread/INFO]: Block securitycraft:reinforced_hopper had its color provider replaced and will not use per-vertex coloring
[04:38:39] [Render thread/INFO]: Block securitycraft:reinforced_observer had its color provider replaced and will not use per-vertex coloring
[04:38:39] [Render thread/INFO]: Block securitycraft:reinforced_grass_block had its color provider replaced and will not use per-vertex coloring
[04:38:39] [Render thread/INFO]: Block securitycraft:reinforced_water_cauldron had its color provider replaced and will not use per-vertex coloring
[04:38:39] [Render thread/INFO]: loaded in block colorizer
[04:38:39] [Render thread/INFO]: Block minecraft:water_cauldron had its color provider replaced and will not use per-vertex coloring
[04:38:39] [Render thread/INFO]: loaded in item colorizer
[04:38:40] [ForkJoinPool.commonPool-worker-5/ERROR]: Could not find parent gg/essential/mod/cosmetics/settings/FallbackPolymorphicSerializer for class gg/essential/mod/cosmetics/settings/CosmeticProperty$TheSerializer in classloader jdk.internal.loader.ClassLoaders$AppClassLoader@60f82f98 on thread Thread[ForkJoinPool.commonPool-worker-5,5,main]
[04:38:40] [ForkJoinPool.commonPool-worker-5/ERROR]: An error occurred building event handler
java.lang.ClassNotFoundException: gg.essential.mod.cosmetics.settings.FallbackPolymorphicSerializer
	at jdk.internal.loader.BuiltinClassLoader.loadClass(BuiltinClassLoader.java:641) ~[?:?]
	at jdk.internal.loader.ClassLoaders$AppClassLoader.loadClass(ClassLoaders.java:188) ~[?:?]
	at java.lang.ClassLoader.loadClass(ClassLoader.java:525) ~[?:?]
	at net.minecraftforge.eventbus.EventSubclassTransformer.buildEvents(EventSubclassTransformer.java:97) ~[eventbus-6.0.5.jar:?]
	at net.minecraftforge.eventbus.EventSubclassTransformer.transform(EventSubclassTransformer.java:48) ~[eventbus-6.0.5.jar:?]
	at net.minecraftforge.eventbus.EventBusEngine.processClass(EventBusEngine.java:26) ~[eventbus-6.0.5.jar:?]
	at net.minecraftforge.eventbus.service.ModLauncherService.processClassWithFlags(ModLauncherService.java:32) ~[eventbus-6.0.5.jar:6.0.5+6.0.5+master.eb8e549b]
	at cpw.mods.modlauncher.LaunchPluginHandler.offerClassNodeToPlugins(LaunchPluginHandler.java:88) ~[modlauncher-10.0.9.jar:?]
	at cpw.mods.modlauncher.ClassTransformer.transform(ClassTransformer.java:120) ~[modlauncher-10.0.9.jar:?]
	at cpw.mods.modlauncher.TransformingClassLoader.maybeTransformClassBytes(TransformingClassLoader.java:50) ~[modlauncher-10.0.9.jar:?]
	at cpw.mods.cl.ModuleClassLoader.readerToClass(ModuleClassLoader.java:113) ~[securejarhandler-2.1.10.jar:?]
	at cpw.mods.cl.ModuleClassLoader.lambda$findClass$15(ModuleClassLoader.java:219) ~[securejarhandler-2.1.10.jar:?]
	at cpw.mods.cl.ModuleClassLoader.loadFromModule(ModuleClassLoader.java:229) ~[securejarhandler-2.1.10.jar:?]
	at cpw.mods.cl.ModuleClassLoader.findClass(ModuleClassLoader.java:219) ~[securejarhandler-2.1.10.jar:?]
	at cpw.mods.cl.ModuleClassLoader.loadClass(ModuleClassLoader.java:135) ~[securejarhandler-2.1.10.jar:?]
	at java.lang.ClassLoader.loadClass(ClassLoader.java:525) ~[?:?]
	at gg.essential.mod.cosmetics.settings.CosmeticProperty.json_delegate$lambda$0$0(CosmeticProperty.kt:475) ~[?:?]
	at kotlinx.serialization.json.JsonKt.Json(Json.kt:312) ~[?:?]
	at kotlinx.serialization.json.JsonKt.Json$default(Json.kt:310) ~[?:?]
	at gg.essential.mod.cosmetics.settings.CosmeticProperty.json_delegate$lambda$0(CosmeticProperty.kt:473) ~[?:?]
	at kotlin.SynchronizedLazyImpl.getValue(LazyJVM.kt:86) ~[?:?]
	at gg.essential.mod.cosmetics.settings.CosmeticProperty$Companion.getJson(CosmeticProperty.kt:472) ~[?:?]
	at gg.essential.mod.cosmetics.settings.CosmeticProperty$Companion.fromJsonArray(CosmeticProperty.kt:483) ~[?:?]
	at gg.essential.network.connectionmanager.cosmetics.InfraCosmeticsData.addCosmetic$lambda$1(InfraCosmeticsData.kt:127) ~[?:?]
	at gg.essential.network.connectionmanager.cosmetics.InfraCosmeticsData.addCosmetic$lambda$2(InfraCosmeticsData.kt:127) ~[?:?]
	at java.util.concurrent.CompletableFuture$UniApply.tryFire(CompletableFuture.java:646) ~[?:?]
	at java.util.concurrent.CompletableFuture$Completion.exec(CompletableFuture.java:483) ~[?:?]
	at java.util.concurrent.ForkJoinTask.doExec(ForkJoinTask.java:373) ~[?:?]
	at java.util.concurrent.ForkJoinPool$WorkQueue.topLevelExec(ForkJoinPool.java:1182) ~[?:?]
	at java.util.concurrent.ForkJoinPool.scan(ForkJoinPool.java:1655) ~[?:?]
	at java.util.concurrent.ForkJoinPool.runWorker(ForkJoinPool.java:1622) ~[?:?]
	at java.util.concurrent.ForkJoinWorkerThread.run(ForkJoinWorkerThread.java:165) ~[?:?]
[04:38:40] [ForkJoinPool.commonPool-worker-5/ERROR]: Could not find parent gg/essential/mod/cosmetics/settings/CosmeticProperty for class gg/essential/mod/cosmetics/settings/CosmeticProperty$Unknown in classloader jdk.internal.loader.ClassLoaders$AppClassLoader@60f82f98 on thread Thread[ForkJoinPool.commonPool-worker-5,5,main]
[04:38:40] [ForkJoinPool.commonPool-worker-5/ERROR]: An error occurred building event handler
java.lang.ClassNotFoundException: gg.essential.mod.cosmetics.settings.CosmeticProperty
	at jdk.internal.loader.BuiltinClassLoader.loadClass(BuiltinClassLoader.java:641) ~[?:?]
	at jdk.internal.loader.ClassLoaders$AppClassLoader.loadClass(ClassLoaders.java:188) ~[?:?]
	at java.lang.ClassLoader.loadClass(ClassLoader.java:525) ~[?:?]
	at net.minecraftforge.eventbus.EventSubclassTransformer.buildEvents(EventSubclassTransformer.java:97) ~[eventbus-6.0.5.jar:?]
	at net.minecraftforge.eventbus.EventSubclassTransformer.transform(EventSubclassTransformer.java:48) ~[eventbus-6.0.5.jar:?]
	at net.minecraftforge.eventbus.EventBusEngine.processClass(EventBusEngine.java:26) ~[eventbus-6.0.5.jar:?]
	at net.minecraftforge.eventbus.service.ModLauncherService.processClassWithFlags(ModLauncherService.java:32) ~[eventbus-6.0.5.jar:6.0.5+6.0.5+master.eb8e549b]
	at cpw.mods.modlauncher.LaunchPluginHandler.offerClassNodeToPlugins(LaunchPluginHandler.java:88) ~[modlauncher-10.0.9.jar:?]
	at cpw.mods.modlauncher.ClassTransformer.transform(ClassTransformer.java:120) ~[modlauncher-10.0.9.jar:?]
	at cpw.mods.modlauncher.TransformingClassLoader.maybeTransformClassBytes(TransformingClassLoader.java:50) ~[modlauncher-10.0.9.jar:?]
	at cpw.mods.cl.ModuleClassLoader.readerToClass(ModuleClassLoader.java:113) ~[securejarhandler-2.1.10.jar:?]
	at cpw.mods.cl.ModuleClassLoader.lambda$findClass$15(ModuleClassLoader.java:219) ~[securejarhandler-2.1.10.jar:?]
	at cpw.mods.cl.ModuleClassLoader.loadFromModule(ModuleClassLoader.java:229) ~[securejarhandler-2.1.10.jar:?]
	at cpw.mods.cl.ModuleClassLoader.findClass(ModuleClassLoader.java:219) ~[securejarhandler-2.1.10.jar:?]
	at cpw.mods.cl.ModuleClassLoader.loadClass(ModuleClassLoader.java:135) ~[securejarhandler-2.1.10.jar:?]
	at java.lang.ClassLoader.loadClass(ClassLoader.java:525) ~[?:?]
	at gg.essential.mod.cosmetics.settings.CosmeticProperty$TheSerializer.<clinit>(CosmeticProperty.kt:448) ~[?:?]
	at gg.essential.mod.cosmetics.settings.CosmeticProperty.json_delegate$lambda$0$0(CosmeticProperty.kt:475) ~[?:?]
	at kotlinx.serialization.json.JsonKt.Json(Json.kt:312) ~[?:?]
	at kotlinx.serialization.json.JsonKt.Json$default(Json.kt:310) ~[?:?]
	at gg.essential.mod.cosmetics.settings.CosmeticProperty.json_delegate$lambda$0(CosmeticProperty.kt:473) ~[?:?]
	at kotlin.SynchronizedLazyImpl.getValue(LazyJVM.kt:86) ~[?:?]
	at gg.essential.mod.cosmetics.settings.CosmeticProperty$Companion.getJson(CosmeticProperty.kt:472) ~[?:?]
	at gg.essential.mod.cosmetics.settings.CosmeticProperty$Companion.fromJsonArray(CosmeticProperty.kt:483) ~[?:?]
	at gg.essential.network.connectionmanager.cosmetics.InfraCosmeticsData.addCosmetic$lambda$1(InfraCosmeticsData.kt:127) ~[?:?]
	at gg.essential.network.connectionmanager.cosmetics.InfraCosmeticsData.addCosmetic$lambda$2(InfraCosmeticsData.kt:127) ~[?:?]
	at java.util.concurrent.CompletableFuture$UniApply.tryFire(CompletableFuture.java:646) ~[?:?]
	at java.util.concurrent.CompletableFuture$Completion.exec(CompletableFuture.java:483) ~[?:?]
	at java.util.concurrent.ForkJoinTask.doExec(ForkJoinTask.java:373) ~[?:?]
	at java.util.concurrent.ForkJoinPool$WorkQueue.topLevelExec(ForkJoinPool.java:1182) ~[?:?]
	at java.util.concurrent.ForkJoinPool.scan(ForkJoinPool.java:1655) ~[?:?]
	at java.util.concurrent.ForkJoinPool.runWorker(ForkJoinPool.java:1622) ~[?:?]
	at java.util.concurrent.ForkJoinWorkerThread.run(ForkJoinWorkerThread.java:165) ~[?:?]
[04:38:40] [ForkJoinPool.commonPool-worker-5/ERROR]: Could not find parent gg/essential/mod/cosmetics/settings/CosmeticProperty for class gg/essential/mod/cosmetics/settings/CosmeticProperty$ArmorHandling in classloader jdk.internal.loader.ClassLoaders$AppClassLoader@60f82f98 on thread Thread[ForkJoinPool.commonPool-worker-5,5,main]
[04:38:40] [ForkJoinPool.commonPool-worker-5/ERROR]: An error occurred building event handler
java.lang.ClassNotFoundException: gg.essential.mod.cosmetics.settings.CosmeticProperty
	at jdk.internal.loader.BuiltinClassLoader.loadClass(BuiltinClassLoader.java:641) ~[?:?]
	at jdk.internal.loader.ClassLoaders$AppClassLoader.loadClass(ClassLoaders.java:188) ~[?:?]
	at java.lang.ClassLoader.loadClass(ClassLoader.java:525) ~[?:?]
	at net.minecraftforge.eventbus.EventSubclassTransformer.buildEvents(EventSubclassTransformer.java:97) ~[eventbus-6.0.5.jar:?]
	at net.minecraftforge.eventbus.EventSubclassTransformer.transform(EventSubclassTransformer.java:48) ~[eventbus-6.0.5.jar:?]
	at net.minecraftforge.eventbus.EventBusEngine.processClass(EventBusEngine.java:26) ~[eventbus-6.0.5.jar:?]
	at net.minecraftforge.eventbus.service.ModLauncherService.processClassWithFlags(ModLauncherService.java:32) ~[eventbus-6.0.5.jar:6.0.5+6.0.5+master.eb8e549b]
	at cpw.mods.modlauncher.LaunchPluginHandler.offerClassNodeToPlugins(LaunchPluginHandler.java:88) ~[modlauncher-10.0.9.jar:?]
	at cpw.mods.modlauncher.ClassTransformer.transform(ClassTransformer.java:120) ~[modlauncher-10.0.9.jar:?]
	at cpw.mods.modlauncher.TransformingClassLoader.maybeTransformClassBytes(TransformingClassLoader.java:50) ~[modlauncher-10.0.9.jar:?]
	at cpw.mods.cl.ModuleClassLoader.readerToClass(ModuleClassLoader.java:113) ~[securejarhandler-2.1.10.jar:?]
	at cpw.mods.cl.ModuleClassLoader.lambda$findClass$15(ModuleClassLoader.java:219) ~[securejarhandler-2.1.10.jar:?]
	at cpw.mods.cl.ModuleClassLoader.loadFromModule(ModuleClassLoader.java:229) ~[securejarhandler-2.1.10.jar:?]
	at cpw.mods.cl.ModuleClassLoader.findClass(ModuleClassLoader.java:219) ~[securejarhandler-2.1.10.jar:?]
	at cpw.mods.cl.ModuleClassLoader.loadClass(ModuleClassLoader.java:135) ~[securejarhandler-2.1.10.jar:?]
	at java.lang.ClassLoader.loadClass(ClassLoader.java:525) ~[?:?]
	at gg.essential.mod.cosmetics.settings.CosmeticProperty$TheSerializer.<clinit>(CosmeticProperty.kt:449) ~[?:?]
	at gg.essential.mod.cosmetics.settings.CosmeticProperty.json_delegate$lambda$0$0(CosmeticProperty.kt:475) ~[?:?]
	at kotlinx.serialization.json.JsonKt.Json(Json.kt:312) ~[?:?]
	at kotlinx.serialization.json.JsonKt.Json$default(Json.kt:310) ~[?:?]
	at gg.essential.mod.cosmetics.settings.CosmeticProperty.json_delegate$lambda$0(CosmeticProperty.kt:473) ~[?:?]
	at kotlin.SynchronizedLazyImpl.getValue(LazyJVM.kt:86) ~[?:?]
	at gg.essential.mod.cosmetics.settings.CosmeticProperty$Companion.getJson(CosmeticProperty.kt:472) ~[?:?]
	at gg.essential.mod.cosmetics.settings.CosmeticProperty$Companion.fromJsonArray(CosmeticProperty.kt:483) ~[?:?]
	at gg.essential.network.connectionmanager.cosmetics.InfraCosmeticsData.addCosmetic$lambda$1(InfraCosmeticsData.kt:127) ~[?:?]
	at gg.essential.network.connectionmanager.cosmetics.InfraCosmeticsData.addCosmetic$lambda$2(InfraCosmeticsData.kt:127) ~[?:?]
	at java.util.concurrent.CompletableFuture$UniApply.tryFire(CompletableFuture.java:646) ~[?:?]
	at java.util.concurrent.CompletableFuture$Completion.exec(CompletableFuture.java:483) ~[?:?]
	at java.util.concurrent.ForkJoinTask.doExec(ForkJoinTask.java:373) ~[?:?]
	at java.util.concurrent.ForkJoinPool$WorkQueue.topLevelExec(ForkJoinPool.java:1182) ~[?:?]
	at java.util.concurrent.ForkJoinPool.scan(ForkJoinPool.java:1655) ~[?:?]
	at java.util.concurrent.ForkJoinPool.runWorker(ForkJoinPool.java:1622) ~[?:?]
	at java.util.concurrent.ForkJoinWorkerThread.run(ForkJoinWorkerThread.java:165) ~[?:?]
[04:38:40] [ForkJoinPool.commonPool-worker-5/ERROR]: Could not find parent gg/essential/mod/cosmetics/settings/CosmeticProperty for class gg/essential/mod/cosmetics/settings/CosmeticProperty$ArmorHandlingV2 in classloader jdk.internal.loader.ClassLoaders$AppClassLoader@60f82f98 on thread Thread[ForkJoinPool.commonPool-worker-5,5,main]
[04:38:40] [ForkJoinPool.commonPool-worker-5/ERROR]: An error occurred building event handler
java.lang.ClassNotFoundException: gg.essential.mod.cosmetics.settings.CosmeticProperty
	at jdk.internal.loader.BuiltinClassLoader.loadClass(BuiltinClassLoader.java:641) ~[?:?]
	at jdk.internal.loader.ClassLoaders$AppClassLoader.loadClass(ClassLoaders.java:188) ~[?:?]
	at java.lang.ClassLoader.loadClass(ClassLoader.java:525) ~[?:?]
	at net.minecraftforge.eventbus.EventSubclassTransformer.buildEvents(EventSubclassTransformer.java:97) ~[eventbus-6.0.5.jar:?]
	at net.minecraftforge.eventbus.EventSubclassTransformer.transform(EventSubclassTransformer.java:48) ~[eventbus-6.0.5.jar:?]
	at net.minecraftforge.eventbus.EventBusEngine.processClass(EventBusEngine.java:26) ~[eventbus-6.0.5.jar:?]
	at net.minecraftforge.eventbus.service.ModLauncherService.processClassWithFlags(ModLauncherService.java:32) ~[eventbus-6.0.5.jar:6.0.5+6.0.5+master.eb8e549b]
	at cpw.mods.modlauncher.LaunchPluginHandler.offerClassNodeToPlugins(LaunchPluginHandler.java:88) ~[modlauncher-10.0.9.jar:?]
	at cpw.mods.modlauncher.ClassTransformer.transform(ClassTransformer.java:120) ~[modlauncher-10.0.9.jar:?]
	at cpw.mods.modlauncher.TransformingClassLoader.maybeTransformClassBytes(TransformingClassLoader.java:50) ~[modlauncher-10.0.9.jar:?]
	at cpw.mods.cl.ModuleClassLoader.readerToClass(ModuleClassLoader.java:113) ~[securejarhandler-2.1.10.jar:?]
	at cpw.mods.cl.ModuleClassLoader.lambda$findClass$15(ModuleClassLoader.java:219) ~[securejarhandler-2.1.10.jar:?]
	at cpw.mods.cl.ModuleClassLoader.loadFromModule(ModuleClassLoader.java:229) ~[securejarhandler-2.1.10.jar:?]
	at cpw.mods.cl.ModuleClassLoader.findClass(ModuleClassLoader.java:219) ~[securejarhandler-2.1.10.jar:?]
	at cpw.mods.cl.ModuleClassLoader.loadClass(ModuleClassLoader.java:135) ~[securejarhandler-2.1.10.jar:?]
	at java.lang.ClassLoader.loadClass(ClassLoader.java:525) ~[?:?]
	at gg.essential.mod.cosmetics.settings.CosmeticProperty$TheSerializer.<clinit>(CosmeticProperty.kt:450) ~[?:?]
	at gg.essential.mod.cosmetics.settings.CosmeticProperty.json_delegate$lambda$0$0(CosmeticProperty.kt:475) ~[?:?]
	at kotlinx.serialization.json.JsonKt.Json(Json.kt:312) ~[?:?]
	at kotlinx.serialization.json.JsonKt.Json$default(Json.kt:310) ~[?:?]
	at gg.essential.mod.cosmetics.settings.CosmeticProperty.json_delegate$lambda$0(CosmeticProperty.kt:473) ~[?:?]
	at kotlin.SynchronizedLazyImpl.getValue(LazyJVM.kt:86) ~[?:?]
	at gg.essential.mod.cosmetics.settings.CosmeticProperty$Companion.getJson(CosmeticProperty.kt:472) ~[?:?]
	at gg.essential.mod.cosmetics.settings.CosmeticProperty$Companion.fromJsonArray(CosmeticProperty.kt:483) ~[?:?]
	at gg.essential.network.connectionmanager.cosmetics.InfraCosmeticsData.addCosmetic$lambda$1(InfraCosmeticsData.kt:127) ~[?:?]
	at gg.essential.network.connectionmanager.cosmetics.InfraCosmeticsData.addCosmetic$lambda$2(InfraCosmeticsData.kt:127) ~[?:?]
	at java.util.concurrent.CompletableFuture$UniApply.tryFire(CompletableFuture.java:646) ~[?:?]
	at java.util.concurrent.CompletableFuture$Completion.exec(CompletableFuture.java:483) ~[?:?]
	at java.util.concurrent.ForkJoinTask.doExec(ForkJoinTask.java:373) ~[?:?]
	at java.util.concurrent.ForkJoinPool$WorkQueue.topLevelExec(ForkJoinPool.java:1182) ~[?:?]
	at java.util.concurrent.ForkJoinPool.scan(ForkJoinPool.java:1655) ~[?:?]
	at java.util.concurrent.ForkJoinPool.runWorker(ForkJoinPool.java:1622) ~[?:?]
	at java.util.concurrent.ForkJoinWorkerThread.run(ForkJoinWorkerThread.java:165) ~[?:?]
[04:38:40] [ForkJoinPool.commonPool-worker-5/ERROR]: Could not find parent gg/essential/mod/cosmetics/settings/CosmeticProperty for class gg/essential/mod/cosmetics/settings/CosmeticProperty$CosmeticBoneHiding in classloader jdk.internal.loader.ClassLoaders$AppClassLoader@60f82f98 on thread Thread[ForkJoinPool.commonPool-worker-5,5,main]
[04:38:40] [ForkJoinPool.commonPool-worker-5/ERROR]: An error occurred building event handler
java.lang.ClassNotFoundException: gg.essential.mod.cosmetics.settings.CosmeticProperty
	at jdk.internal.loader.BuiltinClassLoader.loadClass(BuiltinClassLoader.java:641) ~[?:?]
	at jdk.internal.loader.ClassLoaders$AppClassLoader.loadClass(ClassLoaders.java:188) ~[?:?]
	at java.lang.ClassLoader.loadClass(ClassLoader.java:525) ~[?:?]
	at net.minecraftforge.eventbus.EventSubclassTransformer.buildEvents(EventSubclassTransformer.java:97) ~[eventbus-6.0.5.jar:?]
	at net.minecraftforge.eventbus.EventSubclassTransformer.transform(EventSubclassTransformer.java:48) ~[eventbus-6.0.5.jar:?]
	at net.minecraftforge.eventbus.EventBusEngine.processClass(EventBusEngine.java:26) ~[eventbus-6.0.5.jar:?]
	at net.minecraftforge.eventbus.service.ModLauncherService.processClassWithFlags(ModLauncherService.java:32) ~[eventbus-6.0.5.jar:6.0.5+6.0.5+master.eb8e549b]
	at cpw.mods.modlauncher.LaunchPluginHandler.offerClassNodeToPlugins(LaunchPluginHandler.java:88) ~[modlauncher-10.0.9.jar:?]
	at cpw.mods.modlauncher.ClassTransformer.transform(ClassTransformer.java:120) ~[modlauncher-10.0.9.jar:?]
	at cpw.mods.modlauncher.TransformingClassLoader.maybeTransformClassBytes(TransformingClassLoader.java:50) ~[modlauncher-10.0.9.jar:?]
	at cpw.mods.cl.ModuleClassLoader.readerToClass(ModuleClassLoader.java:113) ~[securejarhandler-2.1.10.jar:?]
	at cpw.mods.cl.ModuleClassLoader.lambda$findClass$15(ModuleClassLoader.java:219) ~[securejarhandler-2.1.10.jar:?]
	at cpw.mods.cl.ModuleClassLoader.loadFromModule(ModuleClassLoader.java:229) ~[securejarhandler-2.1.10.jar:?]
	at cpw.mods.cl.ModuleClassLoader.findClass(ModuleClassLoader.java:219) ~[securejarhandler-2.1.10.jar:?]
	at cpw.mods.cl.ModuleClassLoader.loadClass(ModuleClassLoader.java:135) ~[securejarhandler-2.1.10.jar:?]
	at java.lang.ClassLoader.loadClass(ClassLoader.java:525) ~[?:?]
	at gg.essential.mod.cosmetics.settings.CosmeticProperty$TheSerializer.<clinit>(CosmeticProperty.kt:451) ~[?:?]
	at gg.essential.mod.cosmetics.settings.CosmeticProperty.json_delegate$lambda$0$0(CosmeticProperty.kt:475) ~[?:?]
	at kotlinx.serialization.json.JsonKt.Json(Json.kt:312) ~[?:?]
	at kotlinx.serialization.json.JsonKt.Json$default(Json.kt:310) ~[?:?]
	at gg.essential.mod.cosmetics.settings.CosmeticProperty.json_delegate$lambda$0(CosmeticProperty.kt:473) ~[?:?]
	at kotlin.SynchronizedLazyImpl.getValue(LazyJVM.kt:86) ~[?:?]
	at gg.essential.mod.cosmetics.settings.CosmeticProperty$Companion.getJson(CosmeticProperty.kt:472) ~[?:?]
	at gg.essential.mod.cosmetics.settings.CosmeticProperty$Companion.fromJsonArray(CosmeticProperty.kt:483) ~[?:?]
	at gg.essential.network.connectionmanager.cosmetics.InfraCosmeticsData.addCosmetic$lambda$1(InfraCosmeticsData.kt:127) ~[?:?]
	at gg.essential.network.connectionmanager.cosmetics.InfraCosmeticsData.addCosmetic$lambda$2(InfraCosmeticsData.kt:127) ~[?:?]
	at java.util.concurrent.CompletableFuture$UniApply.tryFire(CompletableFuture.java:646) ~[?:?]
	at java.util.concurrent.CompletableFuture$Completion.exec(CompletableFuture.java:483) ~[?:?]
	at java.util.concurrent.ForkJoinTask.doExec(ForkJoinTask.java:373) ~[?:?]
	at java.util.concurrent.ForkJoinPool$WorkQueue.topLevelExec(ForkJoinPool.java:1182) ~[?:?]
	at java.util.concurrent.ForkJoinPool.scan(ForkJoinPool.java:1655) ~[?:?]
	at java.util.concurrent.ForkJoinPool.runWorker(ForkJoinPool.java:1622) ~[?:?]
	at java.util.concurrent.ForkJoinWorkerThread.run(ForkJoinWorkerThread.java:165) ~[?:?]
[04:38:40] [ForkJoinPool.commonPool-worker-5/ERROR]: Could not find parent gg/essential/mod/cosmetics/settings/CosmeticProperty for class gg/essential/mod/cosmetics/settings/CosmeticProperty$PositionRange in classloader jdk.internal.loader.ClassLoaders$AppClassLoader@60f82f98 on thread Thread[ForkJoinPool.commonPool-worker-5,5,main]
[04:38:40] [ForkJoinPool.commonPool-worker-5/ERROR]: An error occurred building event handler
java.lang.ClassNotFoundException: gg.essential.mod.cosmetics.settings.CosmeticProperty
	at jdk.internal.loader.BuiltinClassLoader.loadClass(BuiltinClassLoader.java:641) ~[?:?]
	at jdk.internal.loader.ClassLoaders$AppClassLoader.loadClass(ClassLoaders.java:188) ~[?:?]
	at java.lang.ClassLoader.loadClass(ClassLoader.java:525) ~[?:?]
	at net.minecraftforge.eventbus.EventSubclassTransformer.buildEvents(EventSubclassTransformer.java:97) ~[eventbus-6.0.5.jar:?]
	at net.minecraftforge.eventbus.EventSubclassTransformer.transform(EventSubclassTransformer.java:48) ~[eventbus-6.0.5.jar:?]
	at net.minecraftforge.eventbus.EventBusEngine.processClass(EventBusEngine.java:26) ~[eventbus-6.0.5.jar:?]
	at net.minecraftforge.eventbus.service.ModLauncherService.processClassWithFlags(ModLauncherService.java:32) ~[eventbus-6.0.5.jar:6.0.5+6.0.5+master.eb8e549b]
	at cpw.mods.modlauncher.LaunchPluginHandler.offerClassNodeToPlugins(LaunchPluginHandler.java:88) ~[modlauncher-10.0.9.jar:?]
	at cpw.mods.modlauncher.ClassTransformer.transform(ClassTransformer.java:120) ~[modlauncher-10.0.9.jar:?]
	at cpw.mods.modlauncher.TransformingClassLoader.maybeTransformClassBytes(TransformingClassLoader.java:50) ~[modlauncher-10.0.9.jar:?]
	at cpw.mods.cl.ModuleClassLoader.readerToClass(ModuleClassLoader.java:113) ~[securejarhandler-2.1.10.jar:?]
	at cpw.mods.cl.ModuleClassLoader.lambda$findClass$15(ModuleClassLoader.java:219) ~[securejarhandler-2.1.10.jar:?]
	at cpw.mods.cl.ModuleClassLoader.loadFromModule(ModuleClassLoader.java:229) ~[securejarhandler-2.1.10.jar:?]
	at cpw.mods.cl.ModuleClassLoader.findClass(ModuleClassLoader.java:219) ~[securejarhandler-2.1.10.jar:?]
	at cpw.mods.cl.ModuleClassLoader.loadClass(ModuleClassLoader.java:135) ~[securejarhandler-2.1.10.jar:?]
	at java.lang.ClassLoader.loadClass(ClassLoader.java:525) ~[?:?]
	at gg.essential.mod.cosmetics.settings.CosmeticProperty$TheSerializer.<clinit>(CosmeticProperty.kt:452) ~[?:?]
	at gg.essential.mod.cosmetics.settings.CosmeticProperty.json_delegate$lambda$0$0(CosmeticProperty.kt:475) ~[?:?]
	at kotlinx.serialization.json.JsonKt.Json(Json.kt:312) ~[?:?]
	at kotlinx.serialization.json.JsonKt.Json$default(Json.kt:310) ~[?:?]
	at gg.essential.mod.cosmetics.settings.CosmeticProperty.json_delegate$lambda$0(CosmeticProperty.kt:473) ~[?:?]
	at kotlin.SynchronizedLazyImpl.getValue(LazyJVM.kt:86) ~[?:?]
	at gg.essential.mod.cosmetics.settings.CosmeticProperty$Companion.getJson(CosmeticProperty.kt:472) ~[?:?]
	at gg.essential.mod.cosmetics.settings.CosmeticProperty$Companion.fromJsonArray(CosmeticProperty.kt:483) ~[?:?]
	at gg.essential.network.connectionmanager.cosmetics.InfraCosmeticsData.addCosmetic$lambda$1(InfraCosmeticsData.kt:127) ~[?:?]
	at gg.essential.network.connectionmanager.cosmetics.InfraCosmeticsData.addCosmetic$lambda$2(InfraCosmeticsData.kt:127) ~[?:?]
	at java.util.concurrent.CompletableFuture$UniApply.tryFire(CompletableFuture.java:646) ~[?:?]
	at java.util.concurrent.CompletableFuture$Completion.exec(CompletableFuture.java:483) ~[?:?]
	at java.util.concurrent.ForkJoinTask.doExec(ForkJoinTask.java:373) ~[?:?]
	at java.util.concurrent.ForkJoinPool$WorkQueue.topLevelExec(ForkJoinPool.java:1182) ~[?:?]
	at java.util.concurrent.ForkJoinPool.scan(ForkJoinPool.java:1655) ~[?:?]
	at java.util.concurrent.ForkJoinPool.runWorker(ForkJoinPool.java:1622) ~[?:?]
	at java.util.concurrent.ForkJoinWorkerThread.run(ForkJoinWorkerThread.java:165) ~[?:?]
[04:38:40] [ForkJoinPool.commonPool-worker-5/ERROR]: Could not find parent gg/essential/mod/cosmetics/settings/CosmeticProperty for class gg/essential/mod/cosmetics/settings/CosmeticProperty$ExternalHiddenBone in classloader jdk.internal.loader.ClassLoaders$AppClassLoader@60f82f98 on thread Thread[ForkJoinPool.commonPool-worker-5,5,main]
[04:38:40] [ForkJoinPool.commonPool-worker-5/ERROR]: An error occurred building event handler
java.lang.ClassNotFoundException: gg.essential.mod.cosmetics.settings.CosmeticProperty
	at jdk.internal.loader.BuiltinClassLoader.loadClass(BuiltinClassLoader.java:641) ~[?:?]
	at jdk.internal.loader.ClassLoaders$AppClassLoader.loadClass(ClassLoaders.java:188) ~[?:?]
	at java.lang.ClassLoader.loadClass(ClassLoader.java:525) ~[?:?]
	at net.minecraftforge.eventbus.EventSubclassTransformer.buildEvents(EventSubclassTransformer.java:97) ~[eventbus-6.0.5.jar:?]
	at net.minecraftforge.eventbus.EventSubclassTransformer.transform(EventSubclassTransformer.java:48) ~[eventbus-6.0.5.jar:?]
	at net.minecraftforge.eventbus.EventBusEngine.processClass(EventBusEngine.java:26) ~[eventbus-6.0.5.jar:?]
	at net.minecraftforge.eventbus.service.ModLauncherService.processClassWithFlags(ModLauncherService.java:32) ~[eventbus-6.0.5.jar:6.0.5+6.0.5+master.eb8e549b]
	at cpw.mods.modlauncher.LaunchPluginHandler.offerClassNodeToPlugins(LaunchPluginHandler.java:88) ~[modlauncher-10.0.9.jar:?]
	at cpw.mods.modlauncher.ClassTransformer.transform(ClassTransformer.java:120) ~[modlauncher-10.0.9.jar:?]
	at cpw.mods.modlauncher.TransformingClassLoader.maybeTransformClassBytes(TransformingClassLoader.java:50) ~[modlauncher-10.0.9.jar:?]
	at cpw.mods.cl.ModuleClassLoader.readerToClass(ModuleClassLoader.java:113) ~[securejarhandler-2.1.10.jar:?]
	at cpw.mods.cl.ModuleClassLoader.lambda$findClass$15(ModuleClassLoader.java:219) ~[securejarhandler-2.1.10.jar:?]
	at cpw.mods.cl.ModuleClassLoader.loadFromModule(ModuleClassLoader.java:229) ~[securejarhandler-2.1.10.jar:?]
	at cpw.mods.cl.ModuleClassLoader.findClass(ModuleClassLoader.java:219) ~[securejarhandler-2.1.10.jar:?]
	at cpw.mods.cl.ModuleClassLoader.loadClass(ModuleClassLoader.java:135) ~[securejarhandler-2.1.10.jar:?]
	at java.lang.ClassLoader.loadClass(ClassLoader.java:525) ~[?:?]
	at gg.essential.mod.cosmetics.settings.CosmeticProperty$TheSerializer.<clinit>(CosmeticProperty.kt:453) ~[?:?]
	at gg.essential.mod.cosmetics.settings.CosmeticProperty.json_delegate$lambda$0$0(CosmeticProperty.kt:475) ~[?:?]
	at kotlinx.serialization.json.JsonKt.Json(Json.kt:312) ~[?:?]
	at kotlinx.serialization.json.JsonKt.Json$default(Json.kt:310) ~[?:?]
	at gg.essential.mod.cosmetics.settings.CosmeticProperty.json_delegate$lambda$0(CosmeticProperty.kt:473) ~[?:?]
	at kotlin.SynchronizedLazyImpl.getValue(LazyJVM.kt:86) ~[?:?]
	at gg.essential.mod.cosmetics.settings.CosmeticProperty$Companion.getJson(CosmeticProperty.kt:472) ~[?:?]
	at gg.essential.mod.cosmetics.settings.CosmeticProperty$Companion.fromJsonArray(CosmeticProperty.kt:483) ~[?:?]
	at gg.essential.network.connectionmanager.cosmetics.InfraCosmeticsData.addCosmetic$lambda$1(InfraCosmeticsData.kt:127) ~[?:?]
	at gg.essential.network.connectionmanager.cosmetics.InfraCosmeticsData.addCosmetic$lambda$2(InfraCosmeticsData.kt:127) ~[?:?]
	at java.util.concurrent.CompletableFuture$UniApply.tryFire(CompletableFuture.java:646) ~[?:?]
	at java.util.concurrent.CompletableFuture$Completion.exec(CompletableFuture.java:483) ~[?:?]
	at java.util.concurrent.ForkJoinTask.doExec(ForkJoinTask.java:373) ~[?:?]
	at java.util.concurrent.ForkJoinPool$WorkQueue.topLevelExec(ForkJoinPool.java:1182) ~[?:?]
	at java.util.concurrent.ForkJoinPool.scan(ForkJoinPool.java:1655) ~[?:?]
	at java.util.concurrent.ForkJoinPool.runWorker(ForkJoinPool.java:1622) ~[?:?]
	at java.util.concurrent.ForkJoinWorkerThread.run(ForkJoinWorkerThread.java:165) ~[?:?]
[04:38:40] [ForkJoinPool.commonPool-worker-5/ERROR]: Could not find parent gg/essential/mod/cosmetics/settings/CosmeticProperty for class gg/essential/mod/cosmetics/settings/CosmeticProperty$InterruptsEmote in classloader jdk.internal.loader.ClassLoaders$AppClassLoader@60f82f98 on thread Thread[ForkJoinPool.commonPool-worker-5,5,main]
[04:38:40] [ForkJoinPool.commonPool-worker-5/ERROR]: An error occurred building event handler
java.lang.ClassNotFoundException: gg.essential.mod.cosmetics.settings.CosmeticProperty
	at jdk.internal.loader.BuiltinClassLoader.loadClass(BuiltinClassLoader.java:641) ~[?:?]
	at jdk.internal.loader.ClassLoaders$AppClassLoader.loadClass(ClassLoaders.java:188) ~[?:?]
	at java.lang.ClassLoader.loadClass(ClassLoader.java:525) ~[?:?]
	at net.minecraftforge.eventbus.EventSubclassTransformer.buildEvents(EventSubclassTransformer.java:97) ~[eventbus-6.0.5.jar:?]
	at net.minecraftforge.eventbus.EventSubclassTransformer.transform(EventSubclassTransformer.java:48) ~[eventbus-6.0.5.jar:?]
	at net.minecraftforge.eventbus.EventBusEngine.processClass(EventBusEngine.java:26) ~[eventbus-6.0.5.jar:?]
	at net.minecraftforge.eventbus.service.ModLauncherService.processClassWithFlags(ModLauncherService.java:32) ~[eventbus-6.0.5.jar:6.0.5+6.0.5+master.eb8e549b]
	at cpw.mods.modlauncher.LaunchPluginHandler.offerClassNodeToPlugins(LaunchPluginHandler.java:88) ~[modlauncher-10.0.9.jar:?]
	at cpw.mods.modlauncher.ClassTransformer.transform(ClassTransformer.java:120) ~[modlauncher-10.0.9.jar:?]
	at cpw.mods.modlauncher.TransformingClassLoader.maybeTransformClassBytes(TransformingClassLoader.java:50) ~[modlauncher-10.0.9.jar:?]
	at cpw.mods.cl.ModuleClassLoader.readerToClass(ModuleClassLoader.java:113) ~[securejarhandler-2.1.10.jar:?]
	at cpw.mods.cl.ModuleClassLoader.lambda$findClass$15(ModuleClassLoader.java:219) ~[securejarhandler-2.1.10.jar:?]
	at cpw.mods.cl.ModuleClassLoader.loadFromModule(ModuleClassLoader.java:229) ~[securejarhandler-2.1.10.jar:?]
	at cpw.mods.cl.ModuleClassLoader.findClass(ModuleClassLoader.java:219) ~[securejarhandler-2.1.10.jar:?]
	at cpw.mods.cl.ModuleClassLoader.loadClass(ModuleClassLoader.java:135) ~[securejarhandler-2.1.10.jar:?]
	at java.lang.ClassLoader.loadClass(ClassLoader.java:525) ~[?:?]
	at gg.essential.mod.cosmetics.settings.CosmeticProperty$TheSerializer.<clinit>(CosmeticProperty.kt:454) ~[?:?]
	at gg.essential.mod.cosmetics.settings.CosmeticProperty.json_delegate$lambda$0$0(CosmeticProperty.kt:475) ~[?:?]
	at kotlinx.serialization.json.JsonKt.Json(Json.kt:312) ~[?:?]
	at kotlinx.serialization.json.JsonKt.Json$default(Json.kt:310) ~[?:?]
	at gg.essential.mod.cosmetics.settings.CosmeticProperty.json_delegate$lambda$0(CosmeticProperty.kt:473) ~[?:?]
	at kotlin.SynchronizedLazyImpl.getValue(LazyJVM.kt:86) ~[?:?]
	at gg.essential.mod.cosmetics.settings.CosmeticProperty$Companion.getJson(CosmeticProperty.kt:472) ~[?:?]
	at gg.essential.mod.cosmetics.settings.CosmeticProperty$Companion.fromJsonArray(CosmeticProperty.kt:483) ~[?:?]
	at gg.essential.network.connectionmanager.cosmetics.InfraCosmeticsData.addCosmetic$lambda$1(InfraCosmeticsData.kt:127) ~[?:?]
	at gg.essential.network.connectionmanager.cosmetics.InfraCosmeticsData.addCosmetic$lambda$2(InfraCosmeticsData.kt:127) ~[?:?]
	at java.util.concurrent.CompletableFuture$UniApply.tryFire(CompletableFuture.java:646) ~[?:?]
	at java.util.concurrent.CompletableFuture$Completion.exec(CompletableFuture.java:483) ~[?:?]
	at java.util.concurrent.ForkJoinTask.doExec(ForkJoinTask.java:373) ~[?:?]
	at java.util.concurrent.ForkJoinPool$WorkQueue.topLevelExec(ForkJoinPool.java:1182) ~[?:?]
	at java.util.concurrent.ForkJoinPool.scan(ForkJoinPool.java:1655) ~[?:?]
	at java.util.concurrent.ForkJoinPool.runWorker(ForkJoinPool.java:1622) ~[?:?]
	at java.util.concurrent.ForkJoinWorkerThread.run(ForkJoinWorkerThread.java:165) ~[?:?]
[04:38:40] [ForkJoinPool.commonPool-worker-5/ERROR]: Could not find parent gg/essential/mod/cosmetics/settings/CosmeticProperty for class gg/essential/mod/cosmetics/settings/CosmeticProperty$RequiresUnlockAction in classloader jdk.internal.loader.ClassLoaders$AppClassLoader@60f82f98 on thread Thread[ForkJoinPool.commonPool-worker-5,5,main]
[04:38:40] [ForkJoinPool.commonPool-worker-5/ERROR]: An error occurred building event handler
java.lang.ClassNotFoundException: gg.essential.mod.cosmetics.settings.CosmeticProperty
	at jdk.internal.loader.BuiltinClassLoader.loadClass(BuiltinClassLoader.java:641) ~[?:?]
	at jdk.internal.loader.ClassLoaders$AppClassLoader.loadClass(ClassLoaders.java:188) ~[?:?]
	at java.lang.ClassLoader.loadClass(ClassLoader.java:525) ~[?:?]
	at net.minecraftforge.eventbus.EventSubclassTransformer.buildEvents(EventSubclassTransformer.java:97) ~[eventbus-6.0.5.jar:?]
	at net.minecraftforge.eventbus.EventSubclassTransformer.transform(EventSubclassTransformer.java:48) ~[eventbus-6.0.5.jar:?]
	at net.minecraftforge.eventbus.EventBusEngine.processClass(EventBusEngine.java:26) ~[eventbus-6.0.5.jar:?]
	at net.minecraftforge.eventbus.service.ModLauncherService.processClassWithFlags(ModLauncherService.java:32) ~[eventbus-6.0.5.jar:6.0.5+6.0.5+master.eb8e549b]
	at cpw.mods.modlauncher.LaunchPluginHandler.offerClassNodeToPlugins(LaunchPluginHandler.java:88) ~[modlauncher-10.0.9.jar:?]
	at cpw.mods.modlauncher.ClassTransformer.transform(ClassTransformer.java:120) ~[modlauncher-10.0.9.jar:?]
	at cpw.mods.modlauncher.TransformingClassLoader.maybeTransformClassBytes(TransformingClassLoader.java:50) ~[modlauncher-10.0.9.jar:?]
	at cpw.mods.cl.ModuleClassLoader.readerToClass(ModuleClassLoader.java:113) ~[securejarhandler-2.1.10.jar:?]
	at cpw.mods.cl.ModuleClassLoader.lambda$findClass$15(ModuleClassLoader.java:219) ~[securejarhandler-2.1.10.jar:?]
	at cpw.mods.cl.ModuleClassLoader.loadFromModule(ModuleClassLoader.java:229) ~[securejarhandler-2.1.10.jar:?]
	at cpw.mods.cl.ModuleClassLoader.findClass(ModuleClassLoader.java:219) ~[securejarhandler-2.1.10.jar:?]
	at cpw.mods.cl.ModuleClassLoader.loadClass(ModuleClassLoader.java:135) ~[securejarhandler-2.1.10.jar:?]
	at java.lang.ClassLoader.loadClass(ClassLoader.java:525) ~[?:?]
	at gg.essential.mod.cosmetics.settings.CosmeticProperty$TheSerializer.<clinit>(CosmeticProperty.kt:455) ~[?:?]
	at gg.essential.mod.cosmetics.settings.CosmeticProperty.json_delegate$lambda$0$0(CosmeticProperty.kt:475) ~[?:?]
	at kotlinx.serialization.json.JsonKt.Json(Json.kt:312) ~[?:?]
	at kotlinx.serialization.json.JsonKt.Json$default(Json.kt:310) ~[?:?]
	at gg.essential.mod.cosmetics.settings.CosmeticProperty.json_delegate$lambda$0(CosmeticProperty.kt:473) ~[?:?]
	at kotlin.SynchronizedLazyImpl.getValue(LazyJVM.kt:86) ~[?:?]
	at gg.essential.mod.cosmetics.settings.CosmeticProperty$Companion.getJson(CosmeticProperty.kt:472) ~[?:?]
	at gg.essential.mod.cosmetics.settings.CosmeticProperty$Companion.fromJsonArray(CosmeticProperty.kt:483) ~[?:?]
	at gg.essential.network.connectionmanager.cosmetics.InfraCosmeticsData.addCosmetic$lambda$1(InfraCosmeticsData.kt:127) ~[?:?]
	at gg.essential.network.connectionmanager.cosmetics.InfraCosmeticsData.addCosmetic$lambda$2(InfraCosmeticsData.kt:127) ~[?:?]
	at java.util.concurrent.CompletableFuture$UniApply.tryFire(CompletableFuture.java:646) ~[?:?]
	at java.util.concurrent.CompletableFuture$Completion.exec(CompletableFuture.java:483) ~[?:?]
	at java.util.concurrent.ForkJoinTask.doExec(ForkJoinTask.java:373) ~[?:?]
	at java.util.concurrent.ForkJoinPool$WorkQueue.topLevelExec(ForkJoinPool.java:1182) ~[?:?]
	at java.util.concurrent.ForkJoinPool.scan(ForkJoinPool.java:1655) ~[?:?]
	at java.util.concurrent.ForkJoinPool.runWorker(ForkJoinPool.java:1622) ~[?:?]
	at java.util.concurrent.ForkJoinWorkerThread.run(ForkJoinWorkerThread.java:165) ~[?:?]
[04:38:40] [ForkJoinPool.commonPool-worker-5/ERROR]: Could not find parent gg/essential/mod/cosmetics/settings/CosmeticProperty for class gg/essential/mod/cosmetics/settings/CosmeticProperty$PreviewResetTime in classloader jdk.internal.loader.ClassLoaders$AppClassLoader@60f82f98 on thread Thread[ForkJoinPool.commonPool-worker-5,5,main]
[04:38:40] [ForkJoinPool.commonPool-worker-5/ERROR]: An error occurred building event handler
java.lang.ClassNotFoundException: gg.essential.mod.cosmetics.settings.CosmeticProperty
	at jdk.internal.loader.BuiltinClassLoader.loadClass(BuiltinClassLoader.java:641) ~[?:?]
	at jdk.internal.loader.ClassLoaders$AppClassLoader.loadClass(ClassLoaders.java:188) ~[?:?]
	at java.lang.ClassLoader.loadClass(ClassLoader.java:525) ~[?:?]
	at net.minecraftforge.eventbus.EventSubclassTransformer.buildEvents(EventSubclassTransformer.java:97) ~[eventbus-6.0.5.jar:?]
	at net.minecraftforge.eventbus.EventSubclassTransformer.transform(EventSubclassTransformer.java:48) ~[eventbus-6.0.5.jar:?]
	at net.minecraftforge.eventbus.EventBusEngine.processClass(EventBusEngine.java:26) ~[eventbus-6.0.5.jar:?]
	at net.minecraftforge.eventbus.service.ModLauncherService.processClassWithFlags(ModLauncherService.java:32) ~[eventbus-6.0.5.jar:6.0.5+6.0.5+master.eb8e549b]
	at cpw.mods.modlauncher.LaunchPluginHandler.offerClassNodeToPlugins(LaunchPluginHandler.java:88) ~[modlauncher-10.0.9.jar:?]
	at cpw.mods.modlauncher.ClassTransformer.transform(ClassTransformer.java:120) ~[modlauncher-10.0.9.jar:?]
	at cpw.mods.modlauncher.TransformingClassLoader.maybeTransformClassBytes(TransformingClassLoader.java:50) ~[modlauncher-10.0.9.jar:?]
	at cpw.mods.cl.ModuleClassLoader.readerToClass(ModuleClassLoader.java:113) ~[securejarhandler-2.1.10.jar:?]
	at cpw.mods.cl.ModuleClassLoader.lambda$findClass$15(ModuleClassLoader.java:219) ~[securejarhandler-2.1.10.jar:?]
	at cpw.mods.cl.ModuleClassLoader.loadFromModule(ModuleClassLoader.java:229) ~[securejarhandler-2.1.10.jar:?]
	at cpw.mods.cl.ModuleClassLoader.findClass(ModuleClassLoader.java:219) ~[securejarhandler-2.1.10.jar:?]
	at cpw.mods.cl.ModuleClassLoader.loadClass(ModuleClassLoader.java:135) ~[securejarhandler-2.1.10.jar:?]
	at java.lang.ClassLoader.loadClass(ClassLoader.java:525) ~[?:?]
	at gg.essential.mod.cosmetics.settings.CosmeticProperty$TheSerializer.<clinit>(CosmeticProperty.kt:456) ~[?:?]
	at gg.essential.mod.cosmetics.settings.CosmeticProperty.json_delegate$lambda$0$0(CosmeticProperty.kt:475) ~[?:?]
	at kotlinx.serialization.json.JsonKt.Json(Json.kt:312) ~[?:?]
	at kotlinx.serialization.json.JsonKt.Json$default(Json.kt:310) ~[?:?]
	at gg.essential.mod.cosmetics.settings.CosmeticProperty.json_delegate$lambda$0(CosmeticProperty.kt:473) ~[?:?]
	at kotlin.SynchronizedLazyImpl.getValue(LazyJVM.kt:86) ~[?:?]
	at gg.essential.mod.cosmetics.settings.CosmeticProperty$Companion.getJson(CosmeticProperty.kt:472) ~[?:?]
	at gg.essential.mod.cosmetics.settings.CosmeticProperty$Companion.fromJsonArray(CosmeticProperty.kt:483) ~[?:?]
	at gg.essential.network.connectionmanager.cosmetics.InfraCosmeticsData.addCosmetic$lambda$1(InfraCosmeticsData.kt:127) ~[?:?]
	at gg.essential.network.connectionmanager.cosmetics.InfraCosmeticsData.addCosmetic$lambda$2(InfraCosmeticsData.kt:127) ~[?:?]
	at java.util.concurrent.CompletableFuture$UniApply.tryFire(CompletableFuture.java:646) ~[?:?]
	at java.util.concurrent.CompletableFuture$Completion.exec(CompletableFuture.java:483) ~[?:?]
	at java.util.concurrent.ForkJoinTask.doExec(ForkJoinTask.java:373) ~[?:?]
	at java.util.concurrent.ForkJoinPool$WorkQueue.topLevelExec(ForkJoinPool.java:1182) ~[?:?]
	at java.util.concurrent.ForkJoinPool.scan(ForkJoinPool.java:1655) ~[?:?]
	at java.util.concurrent.ForkJoinPool.runWorker(ForkJoinPool.java:1622) ~[?:?]
	at java.util.concurrent.ForkJoinWorkerThread.run(ForkJoinWorkerThread.java:165) ~[?:?]
[04:38:40] [ForkJoinPool.commonPool-worker-5/ERROR]: Could not find parent gg/essential/mod/cosmetics/settings/CosmeticProperty for class gg/essential/mod/cosmetics/settings/CosmeticProperty$Localization in classloader jdk.internal.loader.ClassLoaders$AppClassLoader@60f82f98 on thread Thread[ForkJoinPool.commonPool-worker-5,5,main]
[04:38:40] [ForkJoinPool.commonPool-worker-5/ERROR]: An error occurred building event handler
java.lang.ClassNotFoundException: gg.essential.mod.cosmetics.settings.CosmeticProperty
	at jdk.internal.loader.BuiltinClassLoader.loadClass(BuiltinClassLoader.java:641) ~[?:?]
	at jdk.internal.loader.ClassLoaders$AppClassLoader.loadClass(ClassLoaders.java:188) ~[?:?]
	at java.lang.ClassLoader.loadClass(ClassLoader.java:525) ~[?:?]
	at net.minecraftforge.eventbus.EventSubclassTransformer.buildEvents(EventSubclassTransformer.java:97) ~[eventbus-6.0.5.jar:?]
	at net.minecraftforge.eventbus.EventSubclassTransformer.transform(EventSubclassTransformer.java:48) ~[eventbus-6.0.5.jar:?]
	at net.minecraftforge.eventbus.EventBusEngine.processClass(EventBusEngine.java:26) ~[eventbus-6.0.5.jar:?]
	at net.minecraftforge.eventbus.service.ModLauncherService.processClassWithFlags(ModLauncherService.java:32) ~[eventbus-6.0.5.jar:6.0.5+6.0.5+master.eb8e549b]
	at cpw.mods.modlauncher.LaunchPluginHandler.offerClassNodeToPlugins(LaunchPluginHandler.java:88) ~[modlauncher-10.0.9.jar:?]
	at cpw.mods.modlauncher.ClassTransformer.transform(ClassTransformer.java:120) ~[modlauncher-10.0.9.jar:?]
	at cpw.mods.modlauncher.TransformingClassLoader.maybeTransformClassBytes(TransformingClassLoader.java:50) ~[modlauncher-10.0.9.jar:?]
	at cpw.mods.cl.ModuleClassLoader.readerToClass(ModuleClassLoader.java:113) ~[securejarhandler-2.1.10.jar:?]
	at cpw.mods.cl.ModuleClassLoader.lambda$findClass$15(ModuleClassLoader.java:219) ~[securejarhandler-2.1.10.jar:?]
	at cpw.mods.cl.ModuleClassLoader.loadFromModule(ModuleClassLoader.java:229) ~[securejarhandler-2.1.10.jar:?]
	at cpw.mods.cl.ModuleClassLoader.findClass(ModuleClassLoader.java:219) ~[securejarhandler-2.1.10.jar:?]
	at cpw.mods.cl.ModuleClassLoader.loadClass(ModuleClassLoader.java:135) ~[securejarhandler-2.1.10.jar:?]
	at java.lang.ClassLoader.loadClass(ClassLoader.java:525) ~[?:?]
	at gg.essential.mod.cosmetics.settings.CosmeticProperty$TheSerializer.<clinit>(CosmeticProperty.kt:457) ~[?:?]
	at gg.essential.mod.cosmetics.settings.CosmeticProperty.json_delegate$lambda$0$0(CosmeticProperty.kt:475) ~[?:?]
	at kotlinx.serialization.json.JsonKt.Json(Json.kt:312) ~[?:?]
	at kotlinx.serialization.json.JsonKt.Json$default(Json.kt:310) ~[?:?]
	at gg.essential.mod.cosmetics.settings.CosmeticProperty.json_delegate$lambda$0(CosmeticProperty.kt:473) ~[?:?]
	at kotlin.SynchronizedLazyImpl.getValue(LazyJVM.kt:86) ~[?:?]
	at gg.essential.mod.cosmetics.settings.CosmeticProperty$Companion.getJson(CosmeticProperty.kt:472) ~[?:?]
	at gg.essential.mod.cosmetics.settings.CosmeticProperty$Companion.fromJsonArray(CosmeticProperty.kt:483) ~[?:?]
	at gg.essential.network.connectionmanager.cosmetics.InfraCosmeticsData.addCosmetic$lambda$1(InfraCosmeticsData.kt:127) ~[?:?]
	at gg.essential.network.connectionmanager.cosmetics.InfraCosmeticsData.addCosmetic$lambda$2(InfraCosmeticsData.kt:127) ~[?:?]
	at java.util.concurrent.CompletableFuture$UniApply.tryFire(CompletableFuture.java:646) ~[?:?]
	at java.util.concurrent.CompletableFuture$Completion.exec(CompletableFuture.java:483) ~[?:?]
	at java.util.concurrent.ForkJoinTask.doExec(ForkJoinTask.java:373) ~[?:?]
	at java.util.concurrent.ForkJoinPool$WorkQueue.topLevelExec(ForkJoinPool.java:1182) ~[?:?]
	at java.util.concurrent.ForkJoinPool.scan(ForkJoinPool.java:1655) ~[?:?]
	at java.util.concurrent.ForkJoinPool.runWorker(ForkJoinPool.java:1622) ~[?:?]
	at java.util.concurrent.ForkJoinWorkerThread.run(ForkJoinWorkerThread.java:165) ~[?:?]
[04:38:40] [ForkJoinPool.commonPool-worker-5/ERROR]: Could not find parent gg/essential/mod/cosmetics/settings/CosmeticProperty for class gg/essential/mod/cosmetics/settings/CosmeticProperty$TransitionDelay in classloader jdk.internal.loader.ClassLoaders$AppClassLoader@60f82f98 on thread Thread[ForkJoinPool.commonPool-worker-5,5,main]
[04:38:40] [ForkJoinPool.commonPool-worker-5/ERROR]: An error occurred building event handler
java.lang.ClassNotFoundException: gg.essential.mod.cosmetics.settings.CosmeticProperty
	at jdk.internal.loader.BuiltinClassLoader.loadClass(BuiltinClassLoader.java:641) ~[?:?]
	at jdk.internal.loader.ClassLoaders$AppClassLoader.loadClass(ClassLoaders.java:188) ~[?:?]
	at java.lang.ClassLoader.loadClass(ClassLoader.java:525) ~[?:?]
	at net.minecraftforge.eventbus.EventSubclassTransformer.buildEvents(EventSubclassTransformer.java:97) ~[eventbus-6.0.5.jar:?]
	at net.minecraftforge.eventbus.EventSubclassTransformer.transform(EventSubclassTransformer.java:48) ~[eventbus-6.0.5.jar:?]
	at net.minecraftforge.eventbus.EventBusEngine.processClass(EventBusEngine.java:26) ~[eventbus-6.0.5.jar:?]
	at net.minecraftforge.eventbus.service.ModLauncherService.processClassWithFlags(ModLauncherService.java:32) ~[eventbus-6.0.5.jar:6.0.5+6.0.5+master.eb8e549b]
	at cpw.mods.modlauncher.LaunchPluginHandler.offerClassNodeToPlugins(LaunchPluginHandler.java:88) ~[modlauncher-10.0.9.jar:?]
	at cpw.mods.modlauncher.ClassTransformer.transform(ClassTransformer.java:120) ~[modlauncher-10.0.9.jar:?]
	at cpw.mods.modlauncher.TransformingClassLoader.maybeTransformClassBytes(TransformingClassLoader.java:50) ~[modlauncher-10.0.9.jar:?]
	at cpw.mods.cl.ModuleClassLoader.readerToClass(ModuleClassLoader.java:113) ~[securejarhandler-2.1.10.jar:?]
	at cpw.mods.cl.ModuleClassLoader.lambda$findClass$15(ModuleClassLoader.java:219) ~[securejarhandler-2.1.10.jar:?]
	at cpw.mods.cl.ModuleClassLoader.loadFromModule(ModuleClassLoader.java:229) ~[securejarhandler-2.1.10.jar:?]
	at cpw.mods.cl.ModuleClassLoader.findClass(ModuleClassLoader.java:219) ~[securejarhandler-2.1.10.jar:?]
	at cpw.mods.cl.ModuleClassLoader.loadClass(ModuleClassLoader.java:135) ~[securejarhandler-2.1.10.jar:?]
	at java.lang.ClassLoader.loadClass(ClassLoader.java:525) ~[?:?]
	at gg.essential.mod.cosmetics.settings.CosmeticProperty$TheSerializer.<clinit>(CosmeticProperty.kt:458) ~[?:?]
	at gg.essential.mod.cosmetics.settings.CosmeticProperty.json_delegate$lambda$0$0(CosmeticProperty.kt:475) ~[?:?]
	at kotlinx.serialization.json.JsonKt.Json(Json.kt:312) ~[?:?]
	at kotlinx.serialization.json.JsonKt.Json$default(Json.kt:310) ~[?:?]
	at gg.essential.mod.cosmetics.settings.CosmeticProperty.json_delegate$lambda$0(CosmeticProperty.kt:473) ~[?:?]
	at kotlin.SynchronizedLazyImpl.getValue(LazyJVM.kt:86) ~[?:?]
	at gg.essential.mod.cosmetics.settings.CosmeticProperty$Companion.getJson(CosmeticProperty.kt:472) ~[?:?]
	at gg.essential.mod.cosmetics.settings.CosmeticProperty$Companion.fromJsonArray(CosmeticProperty.kt:483) ~[?:?]
	at gg.essential.network.connectionmanager.cosmetics.InfraCosmeticsData.addCosmetic$lambda$1(InfraCosmeticsData.kt:127) ~[?:?]
	at gg.essential.network.connectionmanager.cosmetics.InfraCosmeticsData.addCosmetic$lambda$2(InfraCosmeticsData.kt:127) ~[?:?]
	at java.util.concurrent.CompletableFuture$UniApply.tryFire(CompletableFuture.java:646) ~[?:?]
	at java.util.concurrent.CompletableFuture$Completion.exec(CompletableFuture.java:483) ~[?:?]
	at java.util.concurrent.ForkJoinTask.doExec(ForkJoinTask.java:373) ~[?:?]
	at java.util.concurrent.ForkJoinPool$WorkQueue.topLevelExec(ForkJoinPool.java:1182) ~[?:?]
	at java.util.concurrent.ForkJoinPool.scan(ForkJoinPool.java:1655) ~[?:?]
	at java.util.concurrent.ForkJoinPool.runWorker(ForkJoinPool.java:1622) ~[?:?]
	at java.util.concurrent.ForkJoinWorkerThread.run(ForkJoinWorkerThread.java:165) ~[?:?]
[04:38:40] [ForkJoinPool.commonPool-worker-5/ERROR]: Could not find parent gg/essential/mod/cosmetics/settings/CosmeticProperty for class gg/essential/mod/cosmetics/settings/CosmeticProperty$Variants in classloader jdk.internal.loader.ClassLoaders$AppClassLoader@60f82f98 on thread Thread[ForkJoinPool.commonPool-worker-5,5,main]
[04:38:40] [ForkJoinPool.commonPool-worker-5/ERROR]: An error occurred building event handler
java.lang.ClassNotFoundException: gg.essential.mod.cosmetics.settings.CosmeticProperty
	at jdk.internal.loader.BuiltinClassLoader.loadClass(BuiltinClassLoader.java:641) ~[?:?]
	at jdk.internal.loader.ClassLoaders$AppClassLoader.loadClass(ClassLoaders.java:188) ~[?:?]
	at java.lang.ClassLoader.loadClass(ClassLoader.java:525) ~[?:?]
	at net.minecraftforge.eventbus.EventSubclassTransformer.buildEvents(EventSubclassTransformer.java:97) ~[eventbus-6.0.5.jar:?]
	at net.minecraftforge.eventbus.EventSubclassTransformer.transform(EventSubclassTransformer.java:48) ~[eventbus-6.0.5.jar:?]
	at net.minecraftforge.eventbus.EventBusEngine.processClass(EventBusEngine.java:26) ~[eventbus-6.0.5.jar:?]
	at net.minecraftforge.eventbus.service.ModLauncherService.processClassWithFlags(ModLauncherService.java:32) ~[eventbus-6.0.5.jar:6.0.5+6.0.5+master.eb8e549b]
	at cpw.mods.modlauncher.LaunchPluginHandler.offerClassNodeToPlugins(LaunchPluginHandler.java:88) ~[modlauncher-10.0.9.jar:?]
	at cpw.mods.modlauncher.ClassTransformer.transform(ClassTransformer.java:120) ~[modlauncher-10.0.9.jar:?]
	at cpw.mods.modlauncher.TransformingClassLoader.maybeTransformClassBytes(TransformingClassLoader.java:50) ~[modlauncher-10.0.9.jar:?]
	at cpw.mods.cl.ModuleClassLoader.readerToClass(ModuleClassLoader.java:113) ~[securejarhandler-2.1.10.jar:?]
	at cpw.mods.cl.ModuleClassLoader.lambda$findClass$15(ModuleClassLoader.java:219) ~[securejarhandler-2.1.10.jar:?]
	at cpw.mods.cl.ModuleClassLoader.loadFromModule(ModuleClassLoader.java:229) ~[securejarhandler-2.1.10.jar:?]
	at cpw.mods.cl.ModuleClassLoader.findClass(ModuleClassLoader.java:219) ~[securejarhandler-2.1.10.jar:?]
	at cpw.mods.cl.ModuleClassLoader.loadClass(ModuleClassLoader.java:135) ~[securejarhandler-2.1.10.jar:?]
	at java.lang.ClassLoader.loadClass(ClassLoader.java:525) ~[?:?]
	at gg.essential.mod.cosmetics.settings.CosmeticProperty$TheSerializer.<clinit>(CosmeticProperty.kt:459) ~[?:?]
	at gg.essential.mod.cosmetics.settings.CosmeticProperty.json_delegate$lambda$0$0(CosmeticProperty.kt:475) ~[?:?]
	at kotlinx.serialization.json.JsonKt.Json(Json.kt:312) ~[?:?]
	at kotlinx.serialization.json.JsonKt.Json$default(Json.kt:310) ~[?:?]
	at gg.essential.mod.cosmetics.settings.CosmeticProperty.json_delegate$lambda$0(CosmeticProperty.kt:473) ~[?:?]
	at kotlin.SynchronizedLazyImpl.getValue(LazyJVM.kt:86) ~[?:?]
	at gg.essential.mod.cosmetics.settings.CosmeticProperty$Companion.getJson(CosmeticProperty.kt:472) ~[?:?]
	at gg.essential.mod.cosmetics.settings.CosmeticProperty$Companion.fromJsonArray(CosmeticProperty.kt:483) ~[?:?]
	at gg.essential.network.connectionmanager.cosmetics.InfraCosmeticsData.addCosmetic$lambda$1(InfraCosmeticsData.kt:127) ~[?:?]
	at gg.essential.network.connectionmanager.cosmetics.InfraCosmeticsData.addCosmetic$lambda$2(InfraCosmeticsData.kt:127) ~[?:?]
	at java.util.concurrent.CompletableFuture$UniApply.tryFire(CompletableFuture.java:646) ~[?:?]
	at java.util.concurrent.CompletableFuture$Completion.exec(CompletableFuture.java:483) ~[?:?]
	at java.util.concurrent.ForkJoinTask.doExec(ForkJoinTask.java:373) ~[?:?]
	at java.util.concurrent.ForkJoinPool$WorkQueue.topLevelExec(ForkJoinPool.java:1182) ~[?:?]
	at java.util.concurrent.ForkJoinPool.scan(ForkJoinPool.java:1655) ~[?:?]
	at java.util.concurrent.ForkJoinPool.runWorker(ForkJoinPool.java:1622) ~[?:?]
	at java.util.concurrent.ForkJoinWorkerThread.run(ForkJoinWorkerThread.java:165) ~[?:?]
[04:38:40] [ForkJoinPool.commonPool-worker-5/ERROR]: Could not find parent gg/essential/mod/cosmetics/settings/CosmeticProperty for class gg/essential/mod/cosmetics/settings/CosmeticProperty$DefaultSide in classloader jdk.internal.loader.ClassLoaders$AppClassLoader@60f82f98 on thread Thread[ForkJoinPool.commonPool-worker-5,5,main]
[04:38:40] [ForkJoinPool.commonPool-worker-5/ERROR]: An error occurred building event handler
java.lang.ClassNotFoundException: gg.essential.mod.cosmetics.settings.CosmeticProperty
	at jdk.internal.loader.BuiltinClassLoader.loadClass(BuiltinClassLoader.java:641) ~[?:?]
	at jdk.internal.loader.ClassLoaders$AppClassLoader.loadClass(ClassLoaders.java:188) ~[?:?]
	at java.lang.ClassLoader.loadClass(ClassLoader.java:525) ~[?:?]
	at net.minecraftforge.eventbus.EventSubclassTransformer.buildEvents(EventSubclassTransformer.java:97) ~[eventbus-6.0.5.jar:?]
	at net.minecraftforge.eventbus.EventSubclassTransformer.transform(EventSubclassTransformer.java:48) ~[eventbus-6.0.5.jar:?]
	at net.minecraftforge.eventbus.EventBusEngine.processClass(EventBusEngine.java:26) ~[eventbus-6.0.5.jar:?]
	at net.minecraftforge.eventbus.service.ModLauncherService.processClassWithFlags(ModLauncherService.java:32) ~[eventbus-6.0.5.jar:6.0.5+6.0.5+master.eb8e549b]
	at cpw.mods.modlauncher.LaunchPluginHandler.offerClassNodeToPlugins(LaunchPluginHandler.java:88) ~[modlauncher-10.0.9.jar:?]
	at cpw.mods.modlauncher.ClassTransformer.transform(ClassTransformer.java:120) ~[modlauncher-10.0.9.jar:?]
	at cpw.mods.modlauncher.TransformingClassLoader.maybeTransformClassBytes(TransformingClassLoader.java:50) ~[modlauncher-10.0.9.jar:?]
	at cpw.mods.cl.ModuleClassLoader.readerToClass(ModuleClassLoader.java:113) ~[securejarhandler-2.1.10.jar:?]
	at cpw.mods.cl.ModuleClassLoader.lambda$findClass$15(ModuleClassLoader.java:219) ~[securejarhandler-2.1.10.jar:?]
	at cpw.mods.cl.ModuleClassLoader.loadFromModule(ModuleClassLoader.java:229) ~[securejarhandler-2.1.10.jar:?]
	at cpw.mods.cl.ModuleClassLoader.findClass(ModuleClassLoader.java:219) ~[securejarhandler-2.1.10.jar:?]
	at cpw.mods.cl.ModuleClassLoader.loadClass(ModuleClassLoader.java:135) ~[securejarhandler-2.1.10.jar:?]
	at java.lang.ClassLoader.loadClass(ClassLoader.java:525) ~[?:?]
	at gg.essential.mod.cosmetics.settings.CosmeticProperty$TheSerializer.<clinit>(CosmeticProperty.kt:460) ~[?:?]
	at gg.essential.mod.cosmetics.settings.CosmeticProperty.json_delegate$lambda$0$0(CosmeticProperty.kt:475) ~[?:?]
	at kotlinx.serialization.json.JsonKt.Json(Json.kt:312) ~[?:?]
	at kotlinx.serialization.json.JsonKt.Json$default(Json.kt:310) ~[?:?]
	at gg.essential.mod.cosmetics.settings.CosmeticProperty.json_delegate$lambda$0(CosmeticProperty.kt:473) ~[?:?]
	at kotlin.SynchronizedLazyImpl.getValue(LazyJVM.kt:86) ~[?:?]
	at gg.essential.mod.cosmetics.settings.CosmeticProperty$Companion.getJson(CosmeticProperty.kt:472) ~[?:?]
	at gg.essential.mod.cosmetics.settings.CosmeticProperty$Companion.fromJsonArray(CosmeticProperty.kt:483) ~[?:?]
	at gg.essential.network.connectionmanager.cosmetics.InfraCosmeticsData.addCosmetic$lambda$1(InfraCosmeticsData.kt:127) ~[?:?]
	at gg.essential.network.connectionmanager.cosmetics.InfraCosmeticsData.addCosmetic$lambda$2(InfraCosmeticsData.kt:127) ~[?:?]
	at java.util.concurrent.CompletableFuture$UniApply.tryFire(CompletableFuture.java:646) ~[?:?]
	at java.util.concurrent.CompletableFuture$Completion.exec(CompletableFuture.java:483) ~[?:?]
	at java.util.concurrent.ForkJoinTask.doExec(ForkJoinTask.java:373) ~[?:?]
	at java.util.concurrent.ForkJoinPool$WorkQueue.topLevelExec(ForkJoinPool.java:1182) ~[?:?]
	at java.util.concurrent.ForkJoinPool.scan(ForkJoinPool.java:1655) ~[?:?]
	at java.util.concurrent.ForkJoinPool.runWorker(ForkJoinPool.java:1622) ~[?:?]
	at java.util.concurrent.ForkJoinWorkerThread.run(ForkJoinWorkerThread.java:165) ~[?:?]
[04:38:40] [ForkJoinPool.commonPool-worker-5/ERROR]: Could not find parent gg/essential/mod/cosmetics/settings/CosmeticProperty for class gg/essential/mod/cosmetics/settings/CosmeticProperty$MutuallyExclusive in classloader jdk.internal.loader.ClassLoaders$AppClassLoader@60f82f98 on thread Thread[ForkJoinPool.commonPool-worker-5,5,main]
[04:38:40] [ForkJoinPool.commonPool-worker-5/ERROR]: An error occurred building event handler
java.lang.ClassNotFoundException: gg.essential.mod.cosmetics.settings.CosmeticProperty
	at jdk.internal.loader.BuiltinClassLoader.loadClass(BuiltinClassLoader.java:641) ~[?:?]
	at jdk.internal.loader.ClassLoaders$AppClassLoader.loadClass(ClassLoaders.java:188) ~[?:?]
	at java.lang.ClassLoader.loadClass(ClassLoader.java:525) ~[?:?]
	at net.minecraftforge.eventbus.EventSubclassTransformer.buildEvents(EventSubclassTransformer.java:97) ~[eventbus-6.0.5.jar:?]
	at net.minecraftforge.eventbus.EventSubclassTransformer.transform(EventSubclassTransformer.java:48) ~[eventbus-6.0.5.jar:?]
	at net.minecraftforge.eventbus.EventBusEngine.processClass(EventBusEngine.java:26) ~[eventbus-6.0.5.jar:?]
	at net.minecraftforge.eventbus.service.ModLauncherService.processClassWithFlags(ModLauncherService.java:32) ~[eventbus-6.0.5.jar:6.0.5+6.0.5+master.eb8e549b]
	at cpw.mods.modlauncher.LaunchPluginHandler.offerClassNodeToPlugins(LaunchPluginHandler.java:88) ~[modlauncher-10.0.9.jar:?]
	at cpw.mods.modlauncher.ClassTransformer.transform(ClassTransformer.java:120) ~[modlauncher-10.0.9.jar:?]
	at cpw.mods.modlauncher.TransformingClassLoader.maybeTransformClassBytes(TransformingClassLoader.java:50) ~[modlauncher-10.0.9.jar:?]
	at cpw.mods.cl.ModuleClassLoader.readerToClass(ModuleClassLoader.java:113) ~[securejarhandler-2.1.10.jar:?]
	at cpw.mods.cl.ModuleClassLoader.lambda$findClass$15(ModuleClassLoader.java:219) ~[securejarhandler-2.1.10.jar:?]
	at cpw.mods.cl.ModuleClassLoader.loadFromModule(ModuleClassLoader.java:229) ~[securejarhandler-2.1.10.jar:?]
	at cpw.mods.cl.ModuleClassLoader.findClass(ModuleClassLoader.java:219) ~[securejarhandler-2.1.10.jar:?]
	at cpw.mods.cl.ModuleClassLoader.loadClass(ModuleClassLoader.java:135) ~[securejarhandler-2.1.10.jar:?]
	at java.lang.ClassLoader.loadClass(ClassLoader.java:525) ~[?:?]
	at gg.essential.mod.cosmetics.settings.CosmeticProperty$TheSerializer.<clinit>(CosmeticProperty.kt:461) ~[?:?]
	at gg.essential.mod.cosmetics.settings.CosmeticProperty.json_delegate$lambda$0$0(CosmeticProperty.kt:475) ~[?:?]
	at kotlinx.serialization.json.JsonKt.Json(Json.kt:312) ~[?:?]
	at kotlinx.serialization.json.JsonKt.Json$default(Json.kt:310) ~[?:?]
	at gg.essential.mod.cosmetics.settings.CosmeticProperty.json_delegate$lambda$0(CosmeticProperty.kt:473) ~[?:?]
	at kotlin.SynchronizedLazyImpl.getValue(LazyJVM.kt:86) ~[?:?]
	at gg.essential.mod.cosmetics.settings.CosmeticProperty$Companion.getJson(CosmeticProperty.kt:472) ~[?:?]
	at gg.essential.mod.cosmetics.settings.CosmeticProperty$Companion.fromJsonArray(CosmeticProperty.kt:483) ~[?:?]
	at gg.essential.network.connectionmanager.cosmetics.InfraCosmeticsData.addCosmetic$lambda$1(InfraCosmeticsData.kt:127) ~[?:?]
	at gg.essential.network.connectionmanager.cosmetics.InfraCosmeticsData.addCosmetic$lambda$2(InfraCosmeticsData.kt:127) ~[?:?]
	at java.util.concurrent.CompletableFuture$UniApply.tryFire(CompletableFuture.java:646) ~[?:?]
	at java.util.concurrent.CompletableFuture$Completion.exec(CompletableFuture.java:483) ~[?:?]
	at java.util.concurrent.ForkJoinTask.doExec(ForkJoinTask.java:373) ~[?:?]
	at java.util.concurrent.ForkJoinPool$WorkQueue.topLevelExec(ForkJoinPool.java:1182) ~[?:?]
	at java.util.concurrent.ForkJoinPool.scan(ForkJoinPool.java:1655) ~[?:?]
	at java.util.concurrent.ForkJoinPool.runWorker(ForkJoinPool.java:1622) ~[?:?]
	at java.util.concurrent.ForkJoinWorkerThread.run(ForkJoinWorkerThread.java:165) ~[?:?]
[04:38:40] [ForkJoinPool.commonPool-worker-5/ERROR]: Could not find parent gg/essential/mod/cosmetics/settings/CosmeticProperty for class gg/essential/mod/cosmetics/settings/CosmeticProperty$HidesAllOtherCosmeticsOrItems in classloader jdk.internal.loader.ClassLoaders$AppClassLoader@60f82f98 on thread Thread[ForkJoinPool.commonPool-worker-5,5,main]
[04:38:40] [ForkJoinPool.commonPool-worker-5/ERROR]: An error occurred building event handler
java.lang.ClassNotFoundException: gg.essential.mod.cosmetics.settings.CosmeticProperty
	at jdk.internal.loader.BuiltinClassLoader.loadClass(BuiltinClassLoader.java:641) ~[?:?]
	at jdk.internal.loader.ClassLoaders$AppClassLoader.loadClass(ClassLoaders.java:188) ~[?:?]
	at java.lang.ClassLoader.loadClass(ClassLoader.java:525) ~[?:?]
	at net.minecraftforge.eventbus.EventSubclassTransformer.buildEvents(EventSubclassTransformer.java:97) ~[eventbus-6.0.5.jar:?]
	at net.minecraftforge.eventbus.EventSubclassTransformer.transform(EventSubclassTransformer.java:48) ~[eventbus-6.0.5.jar:?]
	at net.minecraftforge.eventbus.EventBusEngine.processClass(EventBusEngine.java:26) ~[eventbus-6.0.5.jar:?]
	at net.minecraftforge.eventbus.service.ModLauncherService.processClassWithFlags(ModLauncherService.java:32) ~[eventbus-6.0.5.jar:6.0.5+6.0.5+master.eb8e549b]
	at cpw.mods.modlauncher.LaunchPluginHandler.offerClassNodeToPlugins(LaunchPluginHandler.java:88) ~[modlauncher-10.0.9.jar:?]
	at cpw.mods.modlauncher.ClassTransformer.transform(ClassTransformer.java:120) ~[modlauncher-10.0.9.jar:?]
	at cpw.mods.modlauncher.TransformingClassLoader.maybeTransformClassBytes(TransformingClassLoader.java:50) ~[modlauncher-10.0.9.jar:?]
	at cpw.mods.cl.ModuleClassLoader.readerToClass(ModuleClassLoader.java:113) ~[securejarhandler-2.1.10.jar:?]
	at cpw.mods.cl.ModuleClassLoader.lambda$findClass$15(ModuleClassLoader.java:219) ~[securejarhandler-2.1.10.jar:?]
	at cpw.mods.cl.ModuleClassLoader.loadFromModule(ModuleClassLoader.java:229) ~[securejarhandler-2.1.10.jar:?]
	at cpw.mods.cl.ModuleClassLoader.findClass(ModuleClassLoader.java:219) ~[securejarhandler-2.1.10.jar:?]
	at cpw.mods.cl.ModuleClassLoader.loadClass(ModuleClassLoader.java:135) ~[securejarhandler-2.1.10.jar:?]
	at java.lang.ClassLoader.loadClass(ClassLoader.java:525) ~[?:?]
	at gg.essential.mod.cosmetics.settings.CosmeticProperty$TheSerializer.<clinit>(CosmeticProperty.kt:462) ~[?:?]
	at gg.essential.mod.cosmetics.settings.CosmeticProperty.json_delegate$lambda$0$0(CosmeticProperty.kt:475) ~[?:?]
	at kotlinx.serialization.json.JsonKt.Json(Json.kt:312) ~[?:?]
	at kotlinx.serialization.json.JsonKt.Json$default(Json.kt:310) ~[?:?]
	at gg.essential.mod.cosmetics.settings.CosmeticProperty.json_delegate$lambda$0(CosmeticProperty.kt:473) ~[?:?]
	at kotlin.SynchronizedLazyImpl.getValue(LazyJVM.kt:86) ~[?:?]
	at gg.essential.mod.cosmetics.settings.CosmeticProperty$Companion.getJson(CosmeticProperty.kt:472) ~[?:?]
	at gg.essential.mod.cosmetics.settings.CosmeticProperty$Companion.fromJsonArray(CosmeticProperty.kt:483) ~[?:?]
	at gg.essential.network.connectionmanager.cosmetics.InfraCosmeticsData.addCosmetic$lambda$1(InfraCosmeticsData.kt:127) ~[?:?]
	at gg.essential.network.connectionmanager.cosmetics.InfraCosmeticsData.addCosmetic$lambda$2(InfraCosmeticsData.kt:127) ~[?:?]
	at java.util.concurrent.CompletableFuture$UniApply.tryFire(CompletableFuture.java:646) ~[?:?]
	at java.util.concurrent.CompletableFuture$Completion.exec(CompletableFuture.java:483) ~[?:?]
	at java.util.concurrent.ForkJoinTask.doExec(ForkJoinTask.java:373) ~[?:?]
	at java.util.concurrent.ForkJoinPool$WorkQueue.topLevelExec(ForkJoinPool.java:1182) ~[?:?]
	at java.util.concurrent.ForkJoinPool.scan(ForkJoinPool.java:1655) ~[?:?]
	at java.util.concurrent.ForkJoinPool.runWorker(ForkJoinPool.java:1622) ~[?:?]
	at java.util.concurrent.ForkJoinWorkerThread.run(ForkJoinWorkerThread.java:165) ~[?:?]
[04:38:40] [ForkJoinPool.commonPool-worker-5/ERROR]: Could not find parent gg/essential/mod/cosmetics/settings/CosmeticProperty for class gg/essential/mod/cosmetics/settings/CosmeticProperty$LocksPlayerRotation in classloader jdk.internal.loader.ClassLoaders$AppClassLoader@60f82f98 on thread Thread[ForkJoinPool.commonPool-worker-5,5,main]
[04:38:40] [ForkJoinPool.commonPool-worker-5/ERROR]: An error occurred building event handler
java.lang.ClassNotFoundException: gg.essential.mod.cosmetics.settings.CosmeticProperty
	at jdk.internal.loader.BuiltinClassLoader.loadClass(BuiltinClassLoader.java:641) ~[?:?]
	at jdk.internal.loader.ClassLoaders$AppClassLoader.loadClass(ClassLoaders.java:188) ~[?:?]
	at java.lang.ClassLoader.loadClass(ClassLoader.java:525) ~[?:?]
	at net.minecraftforge.eventbus.EventSubclassTransformer.buildEvents(EventSubclassTransformer.java:97) ~[eventbus-6.0.5.jar:?]
	at net.minecraftforge.eventbus.EventSubclassTransformer.transform(EventSubclassTransformer.java:48) ~[eventbus-6.0.5.jar:?]
	at net.minecraftforge.eventbus.EventBusEngine.processClass(EventBusEngine.java:26) ~[eventbus-6.0.5.jar:?]
	at net.minecraftforge.eventbus.service.ModLauncherService.processClassWithFlags(ModLauncherService.java:32) ~[eventbus-6.0.5.jar:6.0.5+6.0.5+master.eb8e549b]
	at cpw.mods.modlauncher.LaunchPluginHandler.offerClassNodeToPlugins(LaunchPluginHandler.java:88) ~[modlauncher-10.0.9.jar:?]
	at cpw.mods.modlauncher.ClassTransformer.transform(ClassTransformer.java:120) ~[modlauncher-10.0.9.jar:?]
	at cpw.mods.modlauncher.TransformingClassLoader.maybeTransformClassBytes(TransformingClassLoader.java:50) ~[modlauncher-10.0.9.jar:?]
	at cpw.mods.cl.ModuleClassLoader.readerToClass(ModuleClassLoader.java:113) ~[securejarhandler-2.1.10.jar:?]
	at cpw.mods.cl.ModuleClassLoader.lambda$findClass$15(ModuleClassLoader.java:219) ~[securejarhandler-2.1.10.jar:?]
	at cpw.mods.cl.ModuleClassLoader.loadFromModule(ModuleClassLoader.java:229) ~[securejarhandler-2.1.10.jar:?]
	at cpw.mods.cl.ModuleClassLoader.findClass(ModuleClassLoader.java:219) ~[securejarhandler-2.1.10.jar:?]
	at cpw.mods.cl.ModuleClassLoader.loadClass(ModuleClassLoader.java:135) ~[securejarhandler-2.1.10.jar:?]
	at java.lang.ClassLoader.loadClass(ClassLoader.java:525) ~[?:?]
	at gg.essential.mod.cosmetics.settings.CosmeticProperty$TheSerializer.<clinit>(CosmeticProperty.kt:463) ~[?:?]
	at gg.essential.mod.cosmetics.settings.CosmeticProperty.json_delegate$lambda$0$0(CosmeticProperty.kt:475) ~[?:?]
	at kotlinx.serialization.json.JsonKt.Json(Json.kt:312) ~[?:?]
	at kotlinx.serialization.json.JsonKt.Json$default(Json.kt:310) ~[?:?]
	at gg.essential.mod.cosmetics.settings.CosmeticProperty.json_delegate$lambda$0(CosmeticProperty.kt:473) ~[?:?]
	at kotlin.SynchronizedLazyImpl.getValue(LazyJVM.kt:86) ~[?:?]
	at gg.essential.mod.cosmetics.settings.CosmeticProperty$Companion.getJson(CosmeticProperty.kt:472) ~[?:?]
	at gg.essential.mod.cosmetics.settings.CosmeticProperty$Companion.fromJsonArray(CosmeticProperty.kt:483) ~[?:?]
	at gg.essential.network.connectionmanager.cosmetics.InfraCosmeticsData.addCosmetic$lambda$1(InfraCosmeticsData.kt:127) ~[?:?]
	at gg.essential.network.connectionmanager.cosmetics.InfraCosmeticsData.addCosmetic$lambda$2(InfraCosmeticsData.kt:127) ~[?:?]
	at java.util.concurrent.CompletableFuture$UniApply.tryFire(CompletableFuture.java:646) ~[?:?]
	at java.util.concurrent.CompletableFuture$Completion.exec(CompletableFuture.java:483) ~[?:?]
	at java.util.concurrent.ForkJoinTask.doExec(ForkJoinTask.java:373) ~[?:?]
	at java.util.concurrent.ForkJoinPool$WorkQueue.topLevelExec(ForkJoinPool.java:1182) ~[?:?]
	at java.util.concurrent.ForkJoinPool.scan(ForkJoinPool.java:1655) ~[?:?]
	at java.util.concurrent.ForkJoinPool.runWorker(ForkJoinPool.java:1622) ~[?:?]
	at java.util.concurrent.ForkJoinWorkerThread.run(ForkJoinWorkerThread.java:165) ~[?:?]
[04:38:40] [ForkJoinPool.commonPool-worker-10/ERROR]: Could not find parent kotlin/coroutines/jvm/internal/SuspendLambda for class gg/essential/network/connectionmanager/cosmetics/AssetLoader$AssetType$Texture$1$1 in classloader jdk.internal.loader.ClassLoaders$AppClassLoader@60f82f98 on thread Thread[ForkJoinPool.commonPool-worker-10,5,main]
[04:38:40] [ForkJoinPool.commonPool-worker-10/ERROR]: An error occurred building event handler
java.lang.ClassNotFoundException: kotlin.coroutines.jvm.internal.SuspendLambda
	at jdk.internal.loader.BuiltinClassLoader.loadClass(BuiltinClassLoader.java:641) ~[?:?]
	at jdk.internal.loader.ClassLoaders$AppClassLoader.loadClass(ClassLoaders.java:188) ~[?:?]
	at java.lang.ClassLoader.loadClass(ClassLoader.java:525) ~[?:?]
	at net.minecraftforge.eventbus.EventSubclassTransformer.buildEvents(EventSubclassTransformer.java:97) ~[eventbus-6.0.5.jar:?]
	at net.minecraftforge.eventbus.EventSubclassTransformer.transform(EventSubclassTransformer.java:48) ~[eventbus-6.0.5.jar:?]
	at net.minecraftforge.eventbus.EventBusEngine.processClass(EventBusEngine.java:26) ~[eventbus-6.0.5.jar:?]
	at net.minecraftforge.eventbus.service.ModLauncherService.processClassWithFlags(ModLauncherService.java:32) ~[eventbus-6.0.5.jar:6.0.5+6.0.5+master.eb8e549b]
	at cpw.mods.modlauncher.LaunchPluginHandler.offerClassNodeToPlugins(LaunchPluginHandler.java:88) ~[modlauncher-10.0.9.jar:?]
	at cpw.mods.modlauncher.ClassTransformer.transform(ClassTransformer.java:120) ~[modlauncher-10.0.9.jar:?]
	at cpw.mods.modlauncher.TransformingClassLoader.maybeTransformClassBytes(TransformingClassLoader.java:50) ~[modlauncher-10.0.9.jar:?]
	at cpw.mods.cl.ModuleClassLoader.readerToClass(ModuleClassLoader.java:113) ~[securejarhandler-2.1.10.jar:?]
	at cpw.mods.cl.ModuleClassLoader.lambda$findClass$15(ModuleClassLoader.java:219) ~[securejarhandler-2.1.10.jar:?]
	at cpw.mods.cl.ModuleClassLoader.loadFromModule(ModuleClassLoader.java:229) ~[securejarhandler-2.1.10.jar:?]
	at cpw.mods.cl.ModuleClassLoader.findClass(ModuleClassLoader.java:219) ~[securejarhandler-2.1.10.jar:?]
	at cpw.mods.cl.ModuleClassLoader.loadClass(ModuleClassLoader.java:135) ~[securejarhandler-2.1.10.jar:?]
	at java.lang.ClassLoader.loadClass(ClassLoader.java:525) ~[?:?]
	at gg.essential.network.connectionmanager.cosmetics.AssetLoader$AssetType$Texture._init_$lambda$0(AssetLoader.kt:333) ~[?:?]
	at gg.essential.network.connectionmanager.cosmetics.AssetLoader.getAsset$lambda$2$0(AssetLoader.kt:86) ~[?:?]
	at gg.essential.network.connectionmanager.cosmetics.AssetLoader.getAsset$lambda$2$1(AssetLoader.kt:84) ~[?:?]
	at java.util.concurrent.CompletableFuture$UniApply.tryFire(CompletableFuture.java:646) ~[?:?]
	at java.util.concurrent.CompletableFuture$Completion.exec(CompletableFuture.java:483) ~[?:?]
	at java.util.concurrent.ForkJoinTask.doExec(ForkJoinTask.java:373) ~[?:?]
	at java.util.concurrent.ForkJoinPool$WorkQueue.topLevelExec(ForkJoinPool.java:1182) ~[?:?]
	at java.util.concurrent.ForkJoinPool.scan(ForkJoinPool.java:1655) ~[?:?]
	at java.util.concurrent.ForkJoinPool.runWorker(ForkJoinPool.java:1622) ~[?:?]
	at java.util.concurrent.ForkJoinWorkerThread.run(ForkJoinWorkerThread.java:165) ~[?:?]
[04:38:40] [ForkJoinPool.commonPool-worker-12/ERROR]: Could not find parent kotlinx/serialization/json/JsonTransformingSerializer for class gg/essential/model/util/ListOrSingleSerializer in classloader jdk.internal.loader.ClassLoaders$AppClassLoader@60f82f98 on thread Thread[ForkJoinPool.commonPool-worker-12,5,main]
[04:38:40] [ForkJoinPool.commonPool-worker-10/ERROR]: Could not find parent gg/essential/model/backend/minecraft/MinecraftRenderBackend$DynamicTexture for class gg/essential/model/backend/minecraft/MinecraftRenderBackend$CosmeticTexture in classloader jdk.internal.loader.ClassLoaders$AppClassLoader@60f82f98 on thread Thread[ForkJoinPool.commonPool-worker-10,5,main]
[04:38:40] [ForkJoinPool.commonPool-worker-12/ERROR]: An error occurred building event handler
java.lang.ClassNotFoundException: kotlinx.serialization.json.JsonTransformingSerializer
	at jdk.internal.loader.BuiltinClassLoader.loadClass(BuiltinClassLoader.java:641) ~[?:?]
	at jdk.internal.loader.ClassLoaders$AppClassLoader.loadClass(ClassLoaders.java:188) ~[?:?]
	at java.lang.ClassLoader.loadClass(ClassLoader.java:525) ~[?:?]
	at net.minecraftforge.eventbus.EventSubclassTransformer.buildEvents(EventSubclassTransformer.java:97) ~[eventbus-6.0.5.jar:?]
	at net.minecraftforge.eventbus.EventSubclassTransformer.transform(EventSubclassTransformer.java:48) ~[eventbus-6.0.5.jar:?]
	at net.minecraftforge.eventbus.EventBusEngine.processClass(EventBusEngine.java:26) ~[eventbus-6.0.5.jar:?]
	at net.minecraftforge.eventbus.service.ModLauncherService.processClassWithFlags(ModLauncherService.java:32) ~[eventbus-6.0.5.jar:6.0.5+6.0.5+master.eb8e549b]
	at cpw.mods.modlauncher.LaunchPluginHandler.offerClassNodeToPlugins(LaunchPluginHandler.java:88) ~[modlauncher-10.0.9.jar:?]
	at cpw.mods.modlauncher.ClassTransformer.transform(ClassTransformer.java:120) ~[modlauncher-10.0.9.jar:?]
	at cpw.mods.modlauncher.TransformingClassLoader.maybeTransformClassBytes(TransformingClassLoader.java:50) ~[modlauncher-10.0.9.jar:?]
	at cpw.mods.cl.ModuleClassLoader.readerToClass(ModuleClassLoader.java:113) ~[securejarhandler-2.1.10.jar:?]
	at cpw.mods.cl.ModuleClassLoader.lambda$findClass$15(ModuleClassLoader.java:219) ~[securejarhandler-2.1.10.jar:?]
	at cpw.mods.cl.ModuleClassLoader.loadFromModule(ModuleClassLoader.java:229) ~[securejarhandler-2.1.10.jar:?]
	at cpw.mods.cl.ModuleClassLoader.findClass(ModuleClassLoader.java:219) ~[securejarhandler-2.1.10.jar:?]
	at cpw.mods.cl.ModuleClassLoader.loadClass(ModuleClassLoader.java:135) ~[securejarhandler-2.1.10.jar:?]
	at java.lang.ClassLoader.loadClass(ClassLoader.java:525) ~[?:?]
	at gg.essential.model.file.AnimationFile$Animation._childSerializers$_anonymous_$1(AnimationFile.kt) ~[?:?]
	at kotlin.SafePublicationLazyImpl.getValue(LazyJVM.kt:125) ~[?:?]
	at gg.essential.model.file.AnimationFile$Animation$$serializer.childSerializers(AnimationFile.kt:48) ~[?:?]
	at kotlinx.serialization.internal.PluginGeneratedSerialDescriptor.childSerializers_delegate$lambda$0(PluginGeneratedSerialDescriptor.kt:36) ~[?:?]
	at kotlin.SafePublicationLazyImpl.getValue(LazyJVM.kt:125) ~[?:?]
	at kotlinx.serialization.internal.PluginGeneratedSerialDescriptor.getChildSerializers(PluginGeneratedSerialDescriptor.kt:36) ~[?:?]
	at kotlinx.serialization.internal.PluginGeneratedSerialDescriptor.getElementDescriptor(PluginGeneratedSerialDescriptor.kt:76) ~[?:?]
	at kotlinx.serialization.json.internal.StreamingJsonDecoder.coerceInputValue(StreamingJsonDecoder.kt:423) ~[?:?]
	at kotlinx.serialization.json.internal.StreamingJsonDecoder.decodeObjectIndex(StreamingJsonDecoder.kt:231) ~[?:?]
	at kotlinx.serialization.json.internal.StreamingJsonDecoder.decodeElementIndex(StreamingJsonDecoder.kt:178) ~[?:?]
	at gg.essential.model.file.AnimationFile$Animation$$serializer.deserialize(AnimationFile.kt:48) ~[?:?]
	at gg.essential.model.file.AnimationFile$Animation$$serializer.deserialize(AnimationFile.kt:48) ~[?:?]
	at kotlinx.serialization.json.internal.StreamingJsonDecoder.decodeSerializableValue(StreamingJsonDecoder.kt:69) ~[?:?]
	at kotlinx.serialization.encoding.AbstractDecoder.decodeSerializableValue(AbstractDecoder.kt:43) ~[?:?]
	at kotlinx.serialization.encoding.AbstractDecoder.decodeSerializableElement(AbstractDecoder.kt:70) ~[?:?]
	at kotlinx.serialization.json.internal.StreamingJsonDecoder.decodeSerializableElement(StreamingJsonDecoder.kt:168) ~[?:?]
	at kotlinx.serialization.encoding.CompositeDecoder.decodeSerializableElement$default(Decoding.kt:539) ~[?:?]
	at kotlinx.serialization.internal.MapLikeSerializer.readElement(CollectionSerializers.kt:111) ~[?:?]
	at kotlinx.serialization.internal.MapLikeSerializer.readElement(CollectionSerializers.kt:84) ~[?:?]
	at kotlinx.serialization.internal.AbstractCollectionSerializer.readElement$default(CollectionSerializers.kt:51) ~[?:?]
	at kotlinx.serialization.internal.AbstractCollectionSerializer.merge(CollectionSerializers.kt:36) ~[?:?]
	at kotlinx.serialization.internal.AbstractCollectionSerializer.deserialize(CollectionSerializers.kt:43) ~[?:?]
	at kotlinx.serialization.json.internal.StreamingJsonDecoder.decodeSerializableValue(StreamingJsonDecoder.kt:69) ~[?:?]
	at kotlinx.serialization.encoding.AbstractDecoder.decodeSerializableValue(AbstractDecoder.kt:43) ~[?:?]
	at kotlinx.serialization.encoding.AbstractDecoder.decodeSerializableElement(AbstractDecoder.kt:70) ~[?:?]
	at kotlinx.serialization.json.internal.StreamingJsonDecoder.decodeSerializableElement(StreamingJsonDecoder.kt:168) ~[?:?]
	at gg.essential.model.file.AnimationFile$$serializer.deserialize(AnimationFile.kt:41) ~[?:?]
	at gg.essential.model.file.AnimationFile$$serializer.deserialize(AnimationFile.kt:41) ~[?:?]
	at kotlinx.serialization.json.internal.StreamingJsonDecoder.decodeSerializableValue(StreamingJsonDecoder.kt:69) ~[?:?]
	at kotlinx.serialization.json.Json.decodeFromString(Json.kt:149) ~[?:?]
	at gg.essential.network.connectionmanager.cosmetics.AssetLoader$JsonAssetType._init_$lambda$2(AssetLoader.kt:353) ~[?:?]
	at gg.essential.network.connectionmanager.cosmetics.AssetLoader.getAsset$lambda$2$0(AssetLoader.kt:86) ~[?:?]
	at gg.essential.network.connectionmanager.cosmetics.AssetLoader.getAsset$lambda$2$1(AssetLoader.kt:84) ~[?:?]
	at java.util.concurrent.CompletableFuture$UniApply.tryFire(CompletableFuture.java:646) ~[?:?]
	at java.util.concurrent.CompletableFuture$Completion.exec(CompletableFuture.java:483) ~[?:?]
	at java.util.concurrent.ForkJoinTask.doExec(ForkJoinTask.java:373) ~[?:?]
	at java.util.concurrent.ForkJoinPool$WorkQueue.topLevelExec(ForkJoinPool.java:1182) ~[?:?]
	at java.util.concurrent.ForkJoinPool.scan(ForkJoinPool.java:1655) ~[?:?]
	at java.util.concurrent.ForkJoinPool.runWorker(ForkJoinPool.java:1622) ~[?:?]
	at java.util.concurrent.ForkJoinWorkerThread.run(ForkJoinWorkerThread.java:165) ~[?:?]
[04:38:40] [ForkJoinPool.commonPool-worker-1/ERROR]: Could not find parent gg/essential/mod/cosmetics/settings/CosmeticProperty$RequiresUnlockAction$Data for class gg/essential/mod/cosmetics/settings/CosmeticProperty$RequiresUnlockAction$Data$JoinServer in classloader jdk.internal.loader.ClassLoaders$AppClassLoader@60f82f98 on thread Thread[ForkJoinPool.commonPool-worker-1,5,main]
[04:38:40] [ForkJoinPool.commonPool-worker-10/ERROR]: An error occurred building event handler
java.lang.ClassNotFoundException: gg.essential.model.backend.minecraft.MinecraftRenderBackend$DynamicTexture
	at jdk.internal.loader.BuiltinClassLoader.loadClass(BuiltinClassLoader.java:641) ~[?:?]
	at jdk.internal.loader.ClassLoaders$AppClassLoader.loadClass(ClassLoaders.java:188) ~[?:?]
	at java.lang.ClassLoader.loadClass(ClassLoader.java:525) ~[?:?]
	at net.minecraftforge.eventbus.EventSubclassTransformer.buildEvents(EventSubclassTransformer.java:97) ~[eventbus-6.0.5.jar:?]
	at net.minecraftforge.eventbus.EventSubclassTransformer.transform(EventSubclassTransformer.java:48) ~[eventbus-6.0.5.jar:?]
	at net.minecraftforge.eventbus.EventBusEngine.processClass(EventBusEngine.java:26) ~[eventbus-6.0.5.jar:?]
	at net.minecraftforge.eventbus.service.ModLauncherService.processClassWithFlags(ModLauncherService.java:32) ~[eventbus-6.0.5.jar:6.0.5+6.0.5+master.eb8e549b]
	at cpw.mods.modlauncher.LaunchPluginHandler.offerClassNodeToPlugins(LaunchPluginHandler.java:88) ~[modlauncher-10.0.9.jar:?]
	at cpw.mods.modlauncher.ClassTransformer.transform(ClassTransformer.java:120) ~[modlauncher-10.0.9.jar:?]
	at cpw.mods.modlauncher.TransformingClassLoader.maybeTransformClassBytes(TransformingClassLoader.java:50) ~[modlauncher-10.0.9.jar:?]
	at cpw.mods.cl.ModuleClassLoader.readerToClass(ModuleClassLoader.java:113) ~[securejarhandler-2.1.10.jar:?]
	at cpw.mods.cl.ModuleClassLoader.lambda$findClass$15(ModuleClassLoader.java:219) ~[securejarhandler-2.1.10.jar:?]
	at cpw.mods.cl.ModuleClassLoader.loadFromModule(ModuleClassLoader.java:229) ~[securejarhandler-2.1.10.jar:?]
	at cpw.mods.cl.ModuleClassLoader.findClass(ModuleClassLoader.java:219) ~[securejarhandler-2.1.10.jar:?]
	at cpw.mods.cl.ModuleClassLoader.loadClass(ModuleClassLoader.java:135) ~[securejarhandler-2.1.10.jar:?]
	at java.lang.ClassLoader.loadClass(ClassLoader.java:525) ~[?:?]
	at gg.essential.model.backend.minecraft.MinecraftRenderBackend.readTexture(MinecraftRenderBackend.kt:331) ~[?:?]
	at gg.essential.network.connectionmanager.cosmetics.AssetLoader$AssetType$Texture$1$1.invokeSuspend(AssetLoader.kt:333) ~[?:?]
	at kotlin.coroutines.jvm.internal.BaseContinuationImpl.resumeWith(ContinuationImpl.kt:34) ~[?:?]
	at kotlinx.coroutines.DispatchedTask.run(DispatchedTask.kt:100) ~[?:?]
	at kotlinx.coroutines.EventLoopImplBase.processNextEvent(EventLoop.common.kt:263) ~[?:?]
	at kotlinx.coroutines.BlockingCoroutine.joinBlocking(Builders.kt:94) ~[?:?]
	at kotlinx.coroutines.BuildersKt__BuildersKt.runBlocking(Builders.kt:70) ~[?:?]
	at kotlinx.coroutines.BuildersKt.runBlocking(Unknown Source) ~[?:?]
	at kotlinx.coroutines.BuildersKt__BuildersKt.runBlocking$default(Builders.kt:48) ~[?:?]
	at kotlinx.coroutines.BuildersKt.runBlocking$default(Unknown Source) ~[?:?]
	at gg.essential.network.connectionmanager.cosmetics.AssetLoader$AssetType$Texture._init_$lambda$0(AssetLoader.kt:333) ~[?:?]
	at gg.essential.network.connectionmanager.cosmetics.AssetLoader.getAsset$lambda$2$0(AssetLoader.kt:86) ~[?:?]
	at gg.essential.network.connectionmanager.cosmetics.AssetLoader.getAsset$lambda$2$1(AssetLoader.kt:84) ~[?:?]
	at java.util.concurrent.CompletableFuture$UniApply.tryFire(CompletableFuture.java:646) ~[?:?]
	at java.util.concurrent.CompletableFuture$Completion.exec(CompletableFuture.java:483) ~[?:?]
	at java.util.concurrent.ForkJoinTask.doExec(ForkJoinTask.java:373) ~[?:?]
	at java.util.concurrent.ForkJoinPool$WorkQueue.topLevelExec(ForkJoinPool.java:1182) ~[?:?]
	at java.util.concurrent.ForkJoinPool.scan(ForkJoinPool.java:1655) ~[?:?]
	at java.util.concurrent.ForkJoinPool.runWorker(ForkJoinPool.java:1622) ~[?:?]
	at java.util.concurrent.ForkJoinWorkerThread.run(ForkJoinWorkerThread.java:165) ~[?:?]
[04:38:40] [ForkJoinPool.commonPool-worker-1/ERROR]: An error occurred building event handler
java.lang.ClassNotFoundException: gg.essential.mod.cosmetics.settings.CosmeticProperty$RequiresUnlockAction$Data
	at jdk.internal.loader.BuiltinClassLoader.loadClass(BuiltinClassLoader.java:641) ~[?:?]
	at jdk.internal.loader.ClassLoaders$AppClassLoader.loadClass(ClassLoaders.java:188) ~[?:?]
	at java.lang.ClassLoader.loadClass(ClassLoader.java:525) ~[?:?]
	at net.minecraftforge.eventbus.EventSubclassTransformer.buildEvents(EventSubclassTransformer.java:97) ~[eventbus-6.0.5.jar:?]
	at net.minecraftforge.eventbus.EventSubclassTransformer.transform(EventSubclassTransformer.java:48) ~[eventbus-6.0.5.jar:?]
	at net.minecraftforge.eventbus.EventBusEngine.processClass(EventBusEngine.java:26) ~[eventbus-6.0.5.jar:?]
	at net.minecraftforge.eventbus.service.ModLauncherService.processClassWithFlags(ModLauncherService.java:32) ~[eventbus-6.0.5.jar:6.0.5+6.0.5+master.eb8e549b]
	at cpw.mods.modlauncher.LaunchPluginHandler.offerClassNodeToPlugins(LaunchPluginHandler.java:88) ~[modlauncher-10.0.9.jar:?]
	at cpw.mods.modlauncher.ClassTransformer.transform(ClassTransformer.java:120) ~[modlauncher-10.0.9.jar:?]
	at cpw.mods.modlauncher.TransformingClassLoader.maybeTransformClassBytes(TransformingClassLoader.java:50) ~[modlauncher-10.0.9.jar:?]
	at cpw.mods.cl.ModuleClassLoader.readerToClass(ModuleClassLoader.java:113) ~[securejarhandler-2.1.10.jar:?]
	at cpw.mods.cl.ModuleClassLoader.lambda$findClass$15(ModuleClassLoader.java:219) ~[securejarhandler-2.1.10.jar:?]
	at cpw.mods.cl.ModuleClassLoader.loadFromModule(ModuleClassLoader.java:229) ~[securejarhandler-2.1.10.jar:?]
	at cpw.mods.cl.ModuleClassLoader.findClass(ModuleClassLoader.java:219) ~[securejarhandler-2.1.10.jar:?]
	at cpw.mods.cl.ModuleClassLoader.loadClass(ModuleClassLoader.java:135) ~[securejarhandler-2.1.10.jar:?]
	at java.lang.ClassLoader.loadClass(ClassLoader.java:525) ~[?:?]
	at gg.essential.mod.cosmetics.settings.CosmeticProperty$RequiresUnlockAction$Data._init_$_anonymous_(CosmeticProperty.kt:275) ~[?:?]
	at kotlin.SafePublicationLazyImpl.getValue(LazyJVM.kt:125) ~[?:?]
	at gg.essential.mod.cosmetics.settings.CosmeticProperty$RequiresUnlockAction$Data$Companion.get$cachedSerializer(CosmeticProperty.kt:275) ~[?:?]
	at gg.essential.mod.cosmetics.settings.CosmeticProperty$RequiresUnlockAction$Data$Companion.serializer(CosmeticProperty.kt:275) ~[?:?]
	at gg.essential.mod.cosmetics.settings.CosmeticProperty$RequiresUnlockAction._childSerializers$_anonymous_(CosmeticProperty.kt) ~[?:?]
	at kotlin.SafePublicationLazyImpl.getValue(LazyJVM.kt:125) ~[?:?]
	at gg.essential.mod.cosmetics.settings.CosmeticProperty$RequiresUnlockAction$$serializer.deserialize(CosmeticProperty.kt:262) ~[?:?]
	at gg.essential.mod.cosmetics.settings.CosmeticProperty$RequiresUnlockAction$$serializer.deserialize(CosmeticProperty.kt:262) ~[?:?]
	at kotlinx.serialization.json.internal.AbstractJsonTreeDecoder.decodeSerializableValue(TreeJsonDecoder.kt:351) ~[?:?]
	at kotlinx.serialization.json.internal.TreeJsonDecoderKt.readPolymorphicJson(TreeJsonDecoder.kt:33) ~[?:?]
	at kotlinx.serialization.json.internal.AbstractJsonTreeDecoder.decodeSerializableValue(TreeJsonDecoder.kt:372) ~[?:?]
	at kotlinx.serialization.json.internal.TreeJsonDecoderKt.readJson(TreeJsonDecoder.kt:25) ~[?:?]
	at kotlinx.serialization.json.Json.decodeFromJsonElement(Json.kt:170) ~[?:?]
	at kotlinx.serialization.json.JsonTransformingSerializer.deserialize(JsonTransformingSerializer.kt:78) ~[?:?]
	at kotlinx.serialization.json.internal.StreamingJsonDecoder.decodeSerializableValue(StreamingJsonDecoder.kt:69) ~[?:?]
	at kotlinx.serialization.encoding.AbstractDecoder.decodeSerializableValue(AbstractDecoder.kt:43) ~[?:?]
	at kotlinx.serialization.encoding.AbstractDecoder.decodeSerializableElement(AbstractDecoder.kt:70) ~[?:?]
	at kotlinx.serialization.json.internal.StreamingJsonDecoder.decodeSerializableElement(StreamingJsonDecoder.kt:168) ~[?:?]
	at kotlinx.serialization.encoding.CompositeDecoder.decodeSerializableElement$default(Decoding.kt:539) ~[?:?]
	at kotlinx.serialization.internal.CollectionLikeSerializer.readElement(CollectionSerializers.kt:80) ~[?:?]
	at kotlinx.serialization.internal.AbstractCollectionSerializer.readElement$default(CollectionSerializers.kt:51) ~[?:?]
	at kotlinx.serialization.internal.AbstractCollectionSerializer.merge(CollectionSerializers.kt:36) ~[?:?]
	at kotlinx.serialization.internal.AbstractCollectionSerializer.deserialize(CollectionSerializers.kt:43) ~[?:?]
	at kotlinx.serialization.json.internal.StreamingJsonDecoder.decodeSerializableValue(StreamingJsonDecoder.kt:69) ~[?:?]
	at kotlinx.serialization.json.Json.decodeFromString(Json.kt:149) ~[?:?]
	at gg.essential.mod.cosmetics.settings.CosmeticProperty$Companion.fromJsonArray(CosmeticProperty.kt:496) ~[?:?]
	at gg.essential.network.connectionmanager.cosmetics.InfraCosmeticsData.addCosmetic$lambda$1(InfraCosmeticsData.kt:127) ~[?:?]
	at gg.essential.network.connectionmanager.cosmetics.InfraCosmeticsData.addCosmetic$lambda$2(InfraCosmeticsData.kt:127) ~[?:?]
	at java.util.concurrent.CompletableFuture$UniApply.tryFire(CompletableFuture.java:646) ~[?:?]
	at java.util.concurrent.CompletableFuture$Completion.exec(CompletableFuture.java:483) ~[?:?]
	at java.util.concurrent.ForkJoinTask.doExec(ForkJoinTask.java:373) ~[?:?]
	at java.util.concurrent.ForkJoinPool$WorkQueue.topLevelExec(ForkJoinPool.java:1182) ~[?:?]
	at java.util.concurrent.ForkJoinPool.scan(ForkJoinPool.java:1655) ~[?:?]
	at java.util.concurrent.ForkJoinPool.runWorker(ForkJoinPool.java:1622) ~[?:?]
	at java.util.concurrent.ForkJoinWorkerThread.run(ForkJoinWorkerThread.java:165) ~[?:?]
[04:38:40] [ForkJoinPool.commonPool-worker-1/ERROR]: Could not find parent gg/essential/mod/cosmetics/settings/CosmeticProperty$RequiresUnlockAction$Data for class gg/essential/mod/cosmetics/settings/CosmeticProperty$RequiresUnlockAction$Data$JoinSps in classloader jdk.internal.loader.ClassLoaders$AppClassLoader@60f82f98 on thread Thread[ForkJoinPool.commonPool-worker-1,5,main]
[04:38:40] [ForkJoinPool.commonPool-worker-1/ERROR]: An error occurred building event handler
java.lang.ClassNotFoundException: gg.essential.mod.cosmetics.settings.CosmeticProperty$RequiresUnlockAction$Data
	at jdk.internal.loader.BuiltinClassLoader.loadClass(BuiltinClassLoader.java:641) ~[?:?]
	at jdk.internal.loader.ClassLoaders$AppClassLoader.loadClass(ClassLoaders.java:188) ~[?:?]
	at java.lang.ClassLoader.loadClass(ClassLoader.java:525) ~[?:?]
	at net.minecraftforge.eventbus.EventSubclassTransformer.buildEvents(EventSubclassTransformer.java:97) ~[eventbus-6.0.5.jar:?]
	at net.minecraftforge.eventbus.EventSubclassTransformer.transform(EventSubclassTransformer.java:48) ~[eventbus-6.0.5.jar:?]
	at net.minecraftforge.eventbus.EventBusEngine.processClass(EventBusEngine.java:26) ~[eventbus-6.0.5.jar:?]
	at net.minecraftforge.eventbus.service.ModLauncherService.processClassWithFlags(ModLauncherService.java:32) ~[eventbus-6.0.5.jar:6.0.5+6.0.5+master.eb8e549b]
	at cpw.mods.modlauncher.LaunchPluginHandler.offerClassNodeToPlugins(LaunchPluginHandler.java:88) ~[modlauncher-10.0.9.jar:?]
	at cpw.mods.modlauncher.ClassTransformer.transform(ClassTransformer.java:120) ~[modlauncher-10.0.9.jar:?]
	at cpw.mods.modlauncher.TransformingClassLoader.maybeTransformClassBytes(TransformingClassLoader.java:50) ~[modlauncher-10.0.9.jar:?]
	at cpw.mods.cl.ModuleClassLoader.readerToClass(ModuleClassLoader.java:113) ~[securejarhandler-2.1.10.jar:?]
	at cpw.mods.cl.ModuleClassLoader.lambda$findClass$15(ModuleClassLoader.java:219) ~[securejarhandler-2.1.10.jar:?]
	at cpw.mods.cl.ModuleClassLoader.loadFromModule(ModuleClassLoader.java:229) ~[securejarhandler-2.1.10.jar:?]
	at cpw.mods.cl.ModuleClassLoader.findClass(ModuleClassLoader.java:219) ~[securejarhandler-2.1.10.jar:?]
	at cpw.mods.cl.ModuleClassLoader.loadClass(ModuleClassLoader.java:135) ~[securejarhandler-2.1.10.jar:?]
	at java.lang.ClassLoader.loadClass(ClassLoader.java:525) ~[?:?]
	at gg.essential.mod.cosmetics.settings.CosmeticProperty$RequiresUnlockAction$Data._init_$_anonymous_(CosmeticProperty.kt:275) ~[?:?]
	at kotlin.SafePublicationLazyImpl.getValue(LazyJVM.kt:125) ~[?:?]
	at gg.essential.mod.cosmetics.settings.CosmeticProperty$RequiresUnlockAction$Data$Companion.get$cachedSerializer(CosmeticProperty.kt:275) ~[?:?]
	at gg.essential.mod.cosmetics.settings.CosmeticProperty$RequiresUnlockAction$Data$Companion.serializer(CosmeticProperty.kt:275) ~[?:?]
	at gg.essential.mod.cosmetics.settings.CosmeticProperty$RequiresUnlockAction._childSerializers$_anonymous_(CosmeticProperty.kt) ~[?:?]
	at kotlin.SafePublicationLazyImpl.getValue(LazyJVM.kt:125) ~[?:?]
	at gg.essential.mod.cosmetics.settings.CosmeticProperty$RequiresUnlockAction$$serializer.deserialize(CosmeticProperty.kt:262) ~[?:?]
	at gg.essential.mod.cosmetics.settings.CosmeticProperty$RequiresUnlockAction$$serializer.deserialize(CosmeticProperty.kt:262) ~[?:?]
	at kotlinx.serialization.json.internal.AbstractJsonTreeDecoder.decodeSerializableValue(TreeJsonDecoder.kt:351) ~[?:?]
	at kotlinx.serialization.json.internal.TreeJsonDecoderKt.readPolymorphicJson(TreeJsonDecoder.kt:33) ~[?:?]
	at kotlinx.serialization.json.internal.AbstractJsonTreeDecoder.decodeSerializableValue(TreeJsonDecoder.kt:372) ~[?:?]
	at kotlinx.serialization.json.internal.TreeJsonDecoderKt.readJson(TreeJsonDecoder.kt:25) ~[?:?]
	at kotlinx.serialization.json.Json.decodeFromJsonElement(Json.kt:170) ~[?:?]
	at kotlinx.serialization.json.JsonTransformingSerializer.deserialize(JsonTransformingSerializer.kt:78) ~[?:?]
	at kotlinx.serialization.json.internal.StreamingJsonDecoder.decodeSerializableValue(StreamingJsonDecoder.kt:69) ~[?:?]
	at kotlinx.serialization.encoding.AbstractDecoder.decodeSerializableValue(AbstractDecoder.kt:43) ~[?:?]
	at kotlinx.serialization.encoding.AbstractDecoder.decodeSerializableElement(AbstractDecoder.kt:70) ~[?:?]
	at kotlinx.serialization.json.internal.StreamingJsonDecoder.decodeSerializableElement(StreamingJsonDecoder.kt:168) ~[?:?]
	at kotlinx.serialization.encoding.CompositeDecoder.decodeSerializableElement$default(Decoding.kt:539) ~[?:?]
	at kotlinx.serialization.internal.CollectionLikeSerializer.readElement(CollectionSerializers.kt:80) ~[?:?]
	at kotlinx.serialization.internal.AbstractCollectionSerializer.readElement$default(CollectionSerializers.kt:51) ~[?:?]
	at kotlinx.serialization.internal.AbstractCollectionSerializer.merge(CollectionSerializers.kt:36) ~[?:?]
	at kotlinx.serialization.internal.AbstractCollectionSerializer.deserialize(CollectionSerializers.kt:43) ~[?:?]
	at kotlinx.serialization.json.internal.StreamingJsonDecoder.decodeSerializableValue(StreamingJsonDecoder.kt:69) ~[?:?]
	at kotlinx.serialization.json.Json.decodeFromString(Json.kt:149) ~[?:?]
	at gg.essential.mod.cosmetics.settings.CosmeticProperty$Companion.fromJsonArray(CosmeticProperty.kt:496) ~[?:?]
	at gg.essential.network.connectionmanager.cosmetics.InfraCosmeticsData.addCosmetic$lambda$1(InfraCosmeticsData.kt:127) ~[?:?]
	at gg.essential.network.connectionmanager.cosmetics.InfraCosmeticsData.addCosmetic$lambda$2(InfraCosmeticsData.kt:127) ~[?:?]
	at java.util.concurrent.CompletableFuture$UniApply.tryFire(CompletableFuture.java:646) ~[?:?]
	at java.util.concurrent.CompletableFuture$Completion.exec(CompletableFuture.java:483) ~[?:?]
	at java.util.concurrent.ForkJoinTask.doExec(ForkJoinTask.java:373) ~[?:?]
	at java.util.concurrent.ForkJoinPool$WorkQueue.topLevelExec(ForkJoinPool.java:1182) ~[?:?]
	at java.util.concurrent.ForkJoinPool.scan(ForkJoinPool.java:1655) ~[?:?]
	at java.util.concurrent.ForkJoinPool.runWorker(ForkJoinPool.java:1622) ~[?:?]
	at java.util.concurrent.ForkJoinWorkerThread.run(ForkJoinWorkerThread.java:165) ~[?:?]
[04:38:40] [ForkJoinPool.commonPool-worker-1/ERROR]: Could not find parent gg/essential/mod/cosmetics/settings/CosmeticProperty$RequiresUnlockAction$Data for class gg/essential/mod/cosmetics/settings/CosmeticProperty$RequiresUnlockAction$Data$OpenLink in classloader jdk.internal.loader.ClassLoaders$AppClassLoader@60f82f98 on thread Thread[ForkJoinPool.commonPool-worker-1,5,main]
[04:38:40] [ForkJoinPool.commonPool-worker-1/ERROR]: An error occurred building event handler
java.lang.ClassNotFoundException: gg.essential.mod.cosmetics.settings.CosmeticProperty$RequiresUnlockAction$Data
	at jdk.internal.loader.BuiltinClassLoader.loadClass(BuiltinClassLoader.java:641) ~[?:?]
	at jdk.internal.loader.ClassLoaders$AppClassLoader.loadClass(ClassLoaders.java:188) ~[?:?]
	at java.lang.ClassLoader.loadClass(ClassLoader.java:525) ~[?:?]
	at net.minecraftforge.eventbus.EventSubclassTransformer.buildEvents(EventSubclassTransformer.java:97) ~[eventbus-6.0.5.jar:?]
	at net.minecraftforge.eventbus.EventSubclassTransformer.transform(EventSubclassTransformer.java:48) ~[eventbus-6.0.5.jar:?]
	at net.minecraftforge.eventbus.EventBusEngine.processClass(EventBusEngine.java:26) ~[eventbus-6.0.5.jar:?]
	at net.minecraftforge.eventbus.service.ModLauncherService.processClassWithFlags(ModLauncherService.java:32) ~[eventbus-6.0.5.jar:6.0.5+6.0.5+master.eb8e549b]
	at cpw.mods.modlauncher.LaunchPluginHandler.offerClassNodeToPlugins(LaunchPluginHandler.java:88) ~[modlauncher-10.0.9.jar:?]
	at cpw.mods.modlauncher.ClassTransformer.transform(ClassTransformer.java:120) ~[modlauncher-10.0.9.jar:?]
	at cpw.mods.modlauncher.TransformingClassLoader.maybeTransformClassBytes(TransformingClassLoader.java:50) ~[modlauncher-10.0.9.jar:?]
	at cpw.mods.cl.ModuleClassLoader.readerToClass(ModuleClassLoader.java:113) ~[securejarhandler-2.1.10.jar:?]
	at cpw.mods.cl.ModuleClassLoader.lambda$findClass$15(ModuleClassLoader.java:219) ~[securejarhandler-2.1.10.jar:?]
	at cpw.mods.cl.ModuleClassLoader.loadFromModule(ModuleClassLoader.java:229) ~[securejarhandler-2.1.10.jar:?]
	at cpw.mods.cl.ModuleClassLoader.findClass(ModuleClassLoader.java:219) ~[securejarhandler-2.1.10.jar:?]
	at cpw.mods.cl.ModuleClassLoader.loadClass(ModuleClassLoader.java:135) ~[securejarhandler-2.1.10.jar:?]
	at java.lang.ClassLoader.loadClass(ClassLoader.java:525) ~[?:?]
	at gg.essential.mod.cosmetics.settings.CosmeticProperty$RequiresUnlockAction$Data._init_$_anonymous_(CosmeticProperty.kt:275) ~[?:?]
	at kotlin.SafePublicationLazyImpl.getValue(LazyJVM.kt:125) ~[?:?]
	at gg.essential.mod.cosmetics.settings.CosmeticProperty$RequiresUnlockAction$Data$Companion.get$cachedSerializer(CosmeticProperty.kt:275) ~[?:?]
	at gg.essential.mod.cosmetics.settings.CosmeticProperty$RequiresUnlockAction$Data$Companion.serializer(CosmeticProperty.kt:275) ~[?:?]
	at gg.essential.mod.cosmetics.settings.CosmeticProperty$RequiresUnlockAction._childSerializers$_anonymous_(CosmeticProperty.kt) ~[?:?]
	at kotlin.SafePublicationLazyImpl.getValue(LazyJVM.kt:125) ~[?:?]
	at gg.essential.mod.cosmetics.settings.CosmeticProperty$RequiresUnlockAction$$serializer.deserialize(CosmeticProperty.kt:262) ~[?:?]
	at gg.essential.mod.cosmetics.settings.CosmeticProperty$RequiresUnlockAction$$serializer.deserialize(CosmeticProperty.kt:262) ~[?:?]
	at kotlinx.serialization.json.internal.AbstractJsonTreeDecoder.decodeSerializableValue(TreeJsonDecoder.kt:351) ~[?:?]
	at kotlinx.serialization.json.internal.TreeJsonDecoderKt.readPolymorphicJson(TreeJsonDecoder.kt:33) ~[?:?]
	at kotlinx.serialization.json.internal.AbstractJsonTreeDecoder.decodeSerializableValue(TreeJsonDecoder.kt:372) ~[?:?]
	at kotlinx.serialization.json.internal.TreeJsonDecoderKt.readJson(TreeJsonDecoder.kt:25) ~[?:?]
	at kotlinx.serialization.json.Json.decodeFromJsonElement(Json.kt:170) ~[?:?]
	at kotlinx.serialization.json.JsonTransformingSerializer.deserialize(JsonTransformingSerializer.kt:78) ~[?:?]
	at kotlinx.serialization.json.internal.StreamingJsonDecoder.decodeSerializableValue(StreamingJsonDecoder.kt:69) ~[?:?]
	at kotlinx.serialization.encoding.AbstractDecoder.decodeSerializableValue(AbstractDecoder.kt:43) ~[?:?]
	at kotlinx.serialization.encoding.AbstractDecoder.decodeSerializableElement(AbstractDecoder.kt:70) ~[?:?]
	at kotlinx.serialization.json.internal.StreamingJsonDecoder.decodeSerializableElement(StreamingJsonDecoder.kt:168) ~[?:?]
	at kotlinx.serialization.encoding.CompositeDecoder.decodeSerializableElement$default(Decoding.kt:539) ~[?:?]
	at kotlinx.serialization.internal.CollectionLikeSerializer.readElement(CollectionSerializers.kt:80) ~[?:?]
	at kotlinx.serialization.internal.AbstractCollectionSerializer.readElement$default(CollectionSerializers.kt:51) ~[?:?]
	at kotlinx.serialization.internal.AbstractCollectionSerializer.merge(CollectionSerializers.kt:36) ~[?:?]
	at kotlinx.serialization.internal.AbstractCollectionSerializer.deserialize(CollectionSerializers.kt:43) ~[?:?]
	at kotlinx.serialization.json.internal.StreamingJsonDecoder.decodeSerializableValue(StreamingJsonDecoder.kt:69) ~[?:?]
	at kotlinx.serialization.json.Json.decodeFromString(Json.kt:149) ~[?:?]
	at gg.essential.mod.cosmetics.settings.CosmeticProperty$Companion.fromJsonArray(CosmeticProperty.kt:496) ~[?:?]
	at gg.essential.network.connectionmanager.cosmetics.InfraCosmeticsData.addCosmetic$lambda$1(InfraCosmeticsData.kt:127) ~[?:?]
	at gg.essential.network.connectionmanager.cosmetics.InfraCosmeticsData.addCosmetic$lambda$2(InfraCosmeticsData.kt:127) ~[?:?]
	at java.util.concurrent.CompletableFuture$UniApply.tryFire(CompletableFuture.java:646) ~[?:?]
	at java.util.concurrent.CompletableFuture$Completion.exec(CompletableFuture.java:483) ~[?:?]
	at java.util.concurrent.ForkJoinTask.doExec(ForkJoinTask.java:373) ~[?:?]
	at java.util.concurrent.ForkJoinPool$WorkQueue.topLevelExec(ForkJoinPool.java:1182) ~[?:?]
	at java.util.concurrent.ForkJoinPool.scan(ForkJoinPool.java:1655) ~[?:?]
	at java.util.concurrent.ForkJoinPool.runWorker(ForkJoinPool.java:1622) ~[?:?]
	at java.util.concurrent.ForkJoinWorkerThread.run(ForkJoinWorkerThread.java:165) ~[?:?]
[04:38:40] [ForkJoinPool.commonPool-worker-9/ERROR]: Could not find parent kotlinx/serialization/json/JsonContentPolymorphicSerializer for class gg/essential/model/file/UvsSerializer in classloader jdk.internal.loader.ClassLoaders$AppClassLoader@60f82f98 on thread Thread[ForkJoinPool.commonPool-worker-9,5,main]
[04:38:40] [ForkJoinPool.commonPool-worker-12/ERROR]: Could not find parent kotlinx/serialization/json/JsonTransformingSerializer for class gg/essential/model/file/KeyframesSerializer$InnerSerializer in classloader jdk.internal.loader.ClassLoaders$AppClassLoader@60f82f98 on thread Thread[ForkJoinPool.commonPool-worker-12,5,main]
[04:38:40] [ForkJoinPool.commonPool-worker-5/ERROR]: Could not find parent gg/essential/mod/cosmetics/featured/FeaturedItem for class gg/essential/mod/cosmetics/featured/FeaturedItem$Bundle in classloader jdk.internal.loader.ClassLoaders$AppClassLoader@60f82f98 on thread Thread[ForkJoinPool.commonPool-worker-5,5,main]
[04:38:40] [ForkJoinPool.commonPool-worker-13/ERROR]: Could not find parent kotlinx/serialization/json/JsonTransformingSerializer for class gg/essential/model/file/SoundDefinitionsFile$SoundObjectOrNameSerializer in classloader jdk.internal.loader.ClassLoaders$AppClassLoader@60f82f98 on thread Thread[ForkJoinPool.commonPool-worker-13,5,main]
[04:38:40] [ForkJoinPool.commonPool-worker-5/ERROR]: An error occurred building event handler
java.lang.ClassNotFoundException: gg.essential.mod.cosmetics.featured.FeaturedItem
	at jdk.internal.loader.BuiltinClassLoader.loadClass(BuiltinClassLoader.java:641) ~[?:?]
	at jdk.internal.loader.ClassLoaders$AppClassLoader.loadClass(ClassLoaders.java:188) ~[?:?]
	at java.lang.ClassLoader.loadClass(ClassLoader.java:525) ~[?:?]
	at net.minecraftforge.eventbus.EventSubclassTransformer.buildEvents(EventSubclassTransformer.java:97) ~[eventbus-6.0.5.jar:?]
	at net.minecraftforge.eventbus.EventSubclassTransformer.transform(EventSubclassTransformer.java:48) ~[eventbus-6.0.5.jar:?]
	at net.minecraftforge.eventbus.EventBusEngine.processClass(EventBusEngine.java:26) ~[eventbus-6.0.5.jar:?]
	at net.minecraftforge.eventbus.service.ModLauncherService.processClassWithFlags(ModLauncherService.java:32) ~[eventbus-6.0.5.jar:6.0.5+6.0.5+master.eb8e549b]
	at cpw.mods.modlauncher.LaunchPluginHandler.offerClassNodeToPlugins(LaunchPluginHandler.java:88) ~[modlauncher-10.0.9.jar:?]
	at cpw.mods.modlauncher.ClassTransformer.transform(ClassTransformer.java:120) ~[modlauncher-10.0.9.jar:?]
	at cpw.mods.modlauncher.TransformingClassLoader.maybeTransformClassBytes(TransformingClassLoader.java:50) ~[modlauncher-10.0.9.jar:?]
	at cpw.mods.cl.ModuleClassLoader.readerToClass(ModuleClassLoader.java:113) ~[securejarhandler-2.1.10.jar:?]
	at cpw.mods.cl.ModuleClassLoader.lambda$findClass$15(ModuleClassLoader.java:219) ~[securejarhandler-2.1.10.jar:?]
	at cpw.mods.cl.ModuleClassLoader.loadFromModule(ModuleClassLoader.java:229) ~[securejarhandler-2.1.10.jar:?]
	at cpw.mods.cl.ModuleClassLoader.findClass(ModuleClassLoader.java:219) ~[securejarhandler-2.1.10.jar:?]
	at cpw.mods.cl.ModuleClassLoader.loadClass(ModuleClassLoader.java:135) ~[securejarhandler-2.1.10.jar:?]
	at java.lang.ClassLoader.loadClass(ClassLoader.java:525) ~[?:?]
	at gg.essential.mod.cosmetics.featured.FeaturedItem._init_$_anonymous_(FeaturedItem.kt:23) ~[?:?]
	at kotlin.SafePublicationLazyImpl.getValue(LazyJVM.kt:125) ~[?:?]
	at gg.essential.mod.cosmetics.featured.FeaturedItem$Companion.get$cachedSerializer(FeaturedItem.kt:23) ~[?:?]
	at gg.essential.mod.cosmetics.featured.FeaturedItem$Companion.serializer(FeaturedItem.kt:23) ~[?:?]
	at gg.essential.mod.cosmetics.featured.FeaturedPageRaw._childSerializers$_anonymous_(featuredPage.kt) ~[?:?]
	at kotlin.SafePublicationLazyImpl.getValue(LazyJVM.kt:125) ~[?:?]
	at gg.essential.mod.cosmetics.featured.FeaturedPageRaw$$serializer.childSerializers(featuredPage.kt:25) ~[?:?]
	at kotlinx.serialization.internal.PluginGeneratedSerialDescriptor.childSerializers_delegate$lambda$0(PluginGeneratedSerialDescriptor.kt:36) ~[?:?]
	at kotlin.SafePublicationLazyImpl.getValue(LazyJVM.kt:125) ~[?:?]
	at kotlinx.serialization.internal.PluginGeneratedSerialDescriptor.getChildSerializers(PluginGeneratedSerialDescriptor.kt:36) ~[?:?]
	at kotlinx.serialization.internal.PluginGeneratedSerialDescriptor.getElementDescriptor(PluginGeneratedSerialDescriptor.kt:76) ~[?:?]
	at kotlinx.serialization.json.internal.StreamingJsonDecoder.coerceInputValue(StreamingJsonDecoder.kt:423) ~[?:?]
	at kotlinx.serialization.json.internal.StreamingJsonDecoder.decodeObjectIndex(StreamingJsonDecoder.kt:231) ~[?:?]
	at kotlinx.serialization.json.internal.StreamingJsonDecoder.decodeElementIndex(StreamingJsonDecoder.kt:178) ~[?:?]
	at gg.essential.mod.cosmetics.featured.FeaturedPageRaw$$serializer.deserialize(featuredPage.kt:25) ~[?:?]
	at gg.essential.mod.cosmetics.featured.FeaturedPageRaw$$serializer.deserialize(featuredPage.kt:25) ~[?:?]
	at gg.essential.mod.cosmetics.featured.FeaturedPageSerializer.deserialize(featuredPage.kt:51) ~[?:?]
	at gg.essential.mod.cosmetics.featured.FeaturedPageSerializer.deserialize(featuredPage.kt:46) ~[?:?]
	at kotlinx.serialization.json.internal.StreamingJsonDecoder.decodeSerializableValue(StreamingJsonDecoder.kt:69) ~[?:?]
	at kotlinx.serialization.encoding.AbstractDecoder.decodeSerializableValue(AbstractDecoder.kt:43) ~[?:?]
	at kotlinx.serialization.encoding.AbstractDecoder.decodeSerializableElement(AbstractDecoder.kt:70) ~[?:?]
	at kotlinx.serialization.json.internal.StreamingJsonDecoder.decodeSerializableElement(StreamingJsonDecoder.kt:168) ~[?:?]
	at kotlinx.serialization.encoding.CompositeDecoder.decodeSerializableElement$default(Decoding.kt:539) ~[?:?]
	at kotlinx.serialization.internal.MapLikeSerializer.readElement(CollectionSerializers.kt:111) ~[?:?]
	at kotlinx.serialization.internal.MapLikeSerializer.readElement(CollectionSerializers.kt:84) ~[?:?]
	at kotlinx.serialization.internal.AbstractCollectionSerializer.readElement$default(CollectionSerializers.kt:51) ~[?:?]
	at kotlinx.serialization.internal.AbstractCollectionSerializer.merge(CollectionSerializers.kt:36) ~[?:?]
	at kotlinx.serialization.internal.AbstractCollectionSerializer.deserialize(CollectionSerializers.kt:43) ~[?:?]
	at kotlinx.serialization.json.internal.StreamingJsonDecoder.decodeSerializableValue(StreamingJsonDecoder.kt:69) ~[?:?]
	at kotlinx.serialization.encoding.AbstractDecoder.decodeSerializableValue(AbstractDecoder.kt:43) ~[?:?]
	at kotlinx.serialization.encoding.AbstractDecoder.decodeSerializableElement(AbstractDecoder.kt:70) ~[?:?]
	at kotlinx.serialization.json.internal.StreamingJsonDecoder.decodeSerializableElement(StreamingJsonDecoder.kt:168) ~[?:?]
	at gg.essential.mod.cosmetics.featured.FeaturedPageCollection$$serializer.deserialize(FeaturedPageCollection.kt:24) ~[?:?]
	at gg.essential.mod.cosmetics.featured.FeaturedPageCollection$$serializer.deserialize(FeaturedPageCollection.kt:24) ~[?:?]
	at kotlinx.serialization.json.internal.StreamingJsonDecoder.decodeSerializableValue(StreamingJsonDecoder.kt:69) ~[?:?]
	at kotlinx.serialization.json.Json.decodeFromString(Json.kt:149) ~[?:?]
	at gg.essential.network.connectionmanager.cosmetics.AssetLoader$JsonAssetType._init_$lambda$2(AssetLoader.kt:353) ~[?:?]
	at gg.essential.network.connectionmanager.cosmetics.AssetLoader.getAsset$lambda$2$0(AssetLoader.kt:86) ~[?:?]
	at gg.essential.network.connectionmanager.cosmetics.AssetLoader.getAsset$lambda$2$1(AssetLoader.kt:84) ~[?:?]
	at java.util.concurrent.CompletableFuture$UniApply.tryFire(CompletableFuture.java:646) ~[?:?]
	at java.util.concurrent.CompletableFuture$Completion.exec(CompletableFuture.java:483) ~[?:?]
	at java.util.concurrent.ForkJoinTask.doExec(ForkJoinTask.java:373) ~[?:?]
	at java.util.concurrent.ForkJoinPool$WorkQueue.topLevelExec(ForkJoinPool.java:1182) ~[?:?]
	at java.util.concurrent.ForkJoinPool.scan(ForkJoinPool.java:1655) ~[?:?]
	at java.util.concurrent.ForkJoinPool.runWorker(ForkJoinPool.java:1622) ~[?:?]
	at java.util.concurrent.ForkJoinWorkerThread.run(ForkJoinWorkerThread.java:165) ~[?:?]
[04:38:40] [ForkJoinPool.commonPool-worker-9/ERROR]: An error occurred building event handler
java.lang.ClassNotFoundException: kotlinx.serialization.json.JsonContentPolymorphicSerializer
	at jdk.internal.loader.BuiltinClassLoader.loadClass(BuiltinClassLoader.java:641) ~[?:?]
	at jdk.internal.loader.ClassLoaders$AppClassLoader.loadClass(ClassLoaders.java:188) ~[?:?]
	at java.lang.ClassLoader.loadClass(ClassLoader.java:525) ~[?:?]
	at net.minecraftforge.eventbus.EventSubclassTransformer.buildEvents(EventSubclassTransformer.java:97) ~[eventbus-6.0.5.jar:?]
	at net.minecraftforge.eventbus.EventSubclassTransformer.transform(EventSubclassTransformer.java:48) ~[eventbus-6.0.5.jar:?]
	at net.minecraftforge.eventbus.EventBusEngine.processClass(EventBusEngine.java:26) ~[eventbus-6.0.5.jar:?]
	at net.minecraftforge.eventbus.service.ModLauncherService.processClassWithFlags(ModLauncherService.java:32) ~[eventbus-6.0.5.jar:6.0.5+6.0.5+master.eb8e549b]
	at cpw.mods.modlauncher.LaunchPluginHandler.offerClassNodeToPlugins(LaunchPluginHandler.java:88) ~[modlauncher-10.0.9.jar:?]
	at cpw.mods.modlauncher.ClassTransformer.transform(ClassTransformer.java:120) ~[modlauncher-10.0.9.jar:?]
	at cpw.mods.modlauncher.TransformingClassLoader.maybeTransformClassBytes(TransformingClassLoader.java:50) ~[modlauncher-10.0.9.jar:?]
	at cpw.mods.cl.ModuleClassLoader.readerToClass(ModuleClassLoader.java:113) ~[securejarhandler-2.1.10.jar:?]
	at cpw.mods.cl.ModuleClassLoader.lambda$findClass$15(ModuleClassLoader.java:219) ~[securejarhandler-2.1.10.jar:?]
	at cpw.mods.cl.ModuleClassLoader.loadFromModule(ModuleClassLoader.java:229) ~[securejarhandler-2.1.10.jar:?]
	at cpw.mods.cl.ModuleClassLoader.findClass(ModuleClassLoader.java:219) ~[securejarhandler-2.1.10.jar:?]
	at cpw.mods.cl.ModuleClassLoader.loadClass(ModuleClassLoader.java:135) ~[securejarhandler-2.1.10.jar:?]
	at java.lang.ClassLoader.loadClass(ClassLoader.java:525) ~[?:?]
	at gg.essential.model.file.ModelFile$Uvs$Companion.serializer(ModelFile.kt:77) ~[?:?]
	at gg.essential.model.file.ModelFile$Cube._childSerializers$_anonymous_$1(ModelFile.kt) ~[?:?]
	at kotlin.SafePublicationLazyImpl.getValue(LazyJVM.kt:125) ~[?:?]
	at gg.essential.model.file.ModelFile$Cube$$serializer.childSerializers(ModelFile.kt:68) ~[?:?]
	at kotlinx.serialization.internal.PluginGeneratedSerialDescriptor.childSerializers_delegate$lambda$0(PluginGeneratedSerialDescriptor.kt:36) ~[?:?]
	at kotlin.SafePublicationLazyImpl.getValue(LazyJVM.kt:125) ~[?:?]
	at kotlinx.serialization.internal.PluginGeneratedSerialDescriptor.getChildSerializers(PluginGeneratedSerialDescriptor.kt:36) ~[?:?]
	at kotlinx.serialization.internal.PluginGeneratedSerialDescriptor.getElementDescriptor(PluginGeneratedSerialDescriptor.kt:76) ~[?:?]
	at kotlinx.serialization.json.internal.StreamingJsonDecoder.coerceInputValue(StreamingJsonDecoder.kt:423) ~[?:?]
	at kotlinx.serialization.json.internal.StreamingJsonDecoder.decodeObjectIndex(StreamingJsonDecoder.kt:231) ~[?:?]
	at kotlinx.serialization.json.internal.StreamingJsonDecoder.decodeElementIndex(StreamingJsonDecoder.kt:178) ~[?:?]
	at gg.essential.model.file.ModelFile$Cube$$serializer.deserialize(ModelFile.kt:68) ~[?:?]
	at gg.essential.model.file.ModelFile$Cube$$serializer.deserialize(ModelFile.kt:68) ~[?:?]
	at kotlinx.serialization.json.internal.StreamingJsonDecoder.decodeSerializableValue(StreamingJsonDecoder.kt:69) ~[?:?]
	at kotlinx.serialization.encoding.AbstractDecoder.decodeSerializableValue(AbstractDecoder.kt:43) ~[?:?]
	at kotlinx.serialization.encoding.AbstractDecoder.decodeSerializableElement(AbstractDecoder.kt:70) ~[?:?]
	at kotlinx.serialization.json.internal.StreamingJsonDecoder.decodeSerializableElement(StreamingJsonDecoder.kt:168) ~[?:?]
	at kotlinx.serialization.encoding.CompositeDecoder.decodeSerializableElement$default(Decoding.kt:539) ~[?:?]
	at kotlinx.serialization.internal.CollectionLikeSerializer.readElement(CollectionSerializers.kt:80) ~[?:?]
	at kotlinx.serialization.internal.AbstractCollectionSerializer.readElement$default(CollectionSerializers.kt:51) ~[?:?]
	at kotlinx.serialization.internal.AbstractCollectionSerializer.merge(CollectionSerializers.kt:36) ~[?:?]
	at kotlinx.serialization.internal.AbstractCollectionSerializer.deserialize(CollectionSerializers.kt:43) ~[?:?]
	at kotlinx.serialization.json.internal.StreamingJsonDecoder.decodeSerializableValue(StreamingJsonDecoder.kt:69) ~[?:?]
	at kotlinx.serialization.encoding.AbstractDecoder.decodeSerializableValue(AbstractDecoder.kt:43) ~[?:?]
	at kotlinx.serialization.encoding.AbstractDecoder.decodeSerializableElement(AbstractDecoder.kt:70) ~[?:?]
	at kotlinx.serialization.json.internal.StreamingJsonDecoder.decodeSerializableElement(StreamingJsonDecoder.kt:168) ~[?:?]
	at gg.essential.model.file.ModelFile$Bone$$serializer.deserialize(ModelFile.kt:56) ~[?:?]
	at gg.essential.model.file.ModelFile$Bone$$serializer.deserialize(ModelFile.kt:56) ~[?:?]
	at kotlinx.serialization.json.internal.StreamingJsonDecoder.decodeSerializableValue(StreamingJsonDecoder.kt:69) ~[?:?]
	at kotlinx.serialization.encoding.AbstractDecoder.decodeSerializableValue(AbstractDecoder.kt:43) ~[?:?]
	at kotlinx.serialization.encoding.AbstractDecoder.decodeSerializableElement(AbstractDecoder.kt:70) ~[?:?]
	at kotlinx.serialization.json.internal.StreamingJsonDecoder.decodeSerializableElement(StreamingJsonDecoder.kt:168) ~[?:?]
	at kotlinx.serialization.encoding.CompositeDecoder.decodeSerializableElement$default(Decoding.kt:539) ~[?:?]
	at kotlinx.serialization.internal.CollectionLikeSerializer.readElement(CollectionSerializers.kt:80) ~[?:?]
	at kotlinx.serialization.internal.AbstractCollectionSerializer.readElement$default(CollectionSerializers.kt:51) ~[?:?]
	at kotlinx.serialization.internal.AbstractCollectionSerializer.merge(CollectionSerializers.kt:36) ~[?:?]
	at kotlinx.serialization.internal.AbstractCollectionSerializer.deserialize(CollectionSerializers.kt:43) ~[?:?]
	at kotlinx.serialization.json.internal.StreamingJsonDecoder.decodeSerializableValue(StreamingJsonDecoder.kt:69) ~[?:?]
	at kotlinx.serialization.encoding.AbstractDecoder.decodeSerializableValue(AbstractDecoder.kt:43) ~[?:?]
	at kotlinx.serialization.encoding.AbstractDecoder.decodeSerializableElement(AbstractDecoder.kt:70) ~[?:?]
	at kotlinx.serialization.json.internal.StreamingJsonDecoder.decodeSerializableElement(StreamingJsonDecoder.kt:168) ~[?:?]
	at gg.essential.model.file.ModelFile$Geometry$$serializer.deserialize(ModelFile.kt:39) ~[?:?]
	at gg.essential.model.file.ModelFile$Geometry$$serializer.deserialize(ModelFile.kt:39) ~[?:?]
	at kotlinx.serialization.json.internal.StreamingJsonDecoder.decodeSerializableValue(StreamingJsonDecoder.kt:69) ~[?:?]
	at kotlinx.serialization.encoding.AbstractDecoder.decodeSerializableValue(AbstractDecoder.kt:43) ~[?:?]
	at kotlinx.serialization.encoding.AbstractDecoder.decodeSerializableElement(AbstractDecoder.kt:70) ~[?:?]
	at kotlinx.serialization.json.internal.StreamingJsonDecoder.decodeSerializableElement(StreamingJsonDecoder.kt:168) ~[?:?]
	at kotlinx.serialization.encoding.CompositeDecoder.decodeSerializableElement$default(Decoding.kt:539) ~[?:?]
	at kotlinx.serialization.internal.CollectionLikeSerializer.readElement(CollectionSerializers.kt:80) ~[?:?]
	at kotlinx.serialization.internal.AbstractCollectionSerializer.readElement$default(CollectionSerializers.kt:51) ~[?:?]
	at kotlinx.serialization.internal.AbstractCollectionSerializer.merge(CollectionSerializers.kt:36) ~[?:?]
	at kotlinx.serialization.internal.AbstractCollectionSerializer.deserialize(CollectionSerializers.kt:43) ~[?:?]
	at kotlinx.serialization.json.internal.StreamingJsonDecoder.decodeSerializableValue(StreamingJsonDecoder.kt:69) ~[?:?]
	at kotlinx.serialization.encoding.AbstractDecoder.decodeSerializableValue(AbstractDecoder.kt:43) ~[?:?]
	at kotlinx.serialization.encoding.AbstractDecoder.decodeSerializableElement(AbstractDecoder.kt:70) ~[?:?]
	at kotlinx.serialization.json.internal.StreamingJsonDecoder.decodeSerializableElement(StreamingJsonDecoder.kt:168) ~[?:?]
	at gg.essential.model.file.ModelFile$$serializer.deserialize(ModelFile.kt:32) ~[?:?]
	at gg.essential.model.file.ModelFile$$serializer.deserialize(ModelFile.kt:32) ~[?:?]
	at kotlinx.serialization.json.internal.StreamingJsonDecoder.decodeSerializableValue(StreamingJsonDecoder.kt:69) ~[?:?]
	at kotlinx.serialization.json.Json.decodeFromString(Json.kt:149) ~[?:?]
	at gg.essential.network.connectionmanager.cosmetics.AssetLoader$JsonAssetType._init_$lambda$2(AssetLoader.kt:353) ~[?:?]
	at gg.essential.network.connectionmanager.cosmetics.AssetLoader.getAsset$lambda$2$0(AssetLoader.kt:86) ~[?:?]
	at gg.essential.network.connectionmanager.cosmetics.AssetLoader.getAsset$lambda$2$1(AssetLoader.kt:84) ~[?:?]
	at java.util.concurrent.CompletableFuture$UniApply.tryFire(CompletableFuture.java:646) ~[?:?]
	at java.util.concurrent.CompletableFuture$Completion.exec(CompletableFuture.java:483) ~[?:?]
	at java.util.concurrent.ForkJoinTask.doExec(ForkJoinTask.java:373) ~[?:?]
	at java.util.concurrent.ForkJoinPool$WorkQueue.topLevelExec(ForkJoinPool.java:1182) ~[?:?]
	at java.util.concurrent.ForkJoinPool.scan(ForkJoinPool.java:1655) ~[?:?]
	at java.util.concurrent.ForkJoinPool.runWorker(ForkJoinPool.java:1622) ~[?:?]
	at java.util.concurrent.ForkJoinWorkerThread.run(ForkJoinWorkerThread.java:165) ~[?:?]
[04:38:40] [ForkJoinPool.commonPool-worker-13/ERROR]: An error occurred building event handler
java.lang.ClassNotFoundException: kotlinx.serialization.json.JsonTransformingSerializer
	at jdk.internal.loader.BuiltinClassLoader.loadClass(BuiltinClassLoader.java:641) ~[?:?]
	at jdk.internal.loader.ClassLoaders$AppClassLoader.loadClass(ClassLoaders.java:188) ~[?:?]
	at java.lang.ClassLoader.loadClass(ClassLoader.java:525) ~[?:?]
	at net.minecraftforge.eventbus.EventSubclassTransformer.buildEvents(EventSubclassTransformer.java:97) ~[eventbus-6.0.5.jar:?]
	at net.minecraftforge.eventbus.EventSubclassTransformer.transform(EventSubclassTransformer.java:48) ~[eventbus-6.0.5.jar:?]
	at net.minecraftforge.eventbus.EventBusEngine.processClass(EventBusEngine.java:26) ~[eventbus-6.0.5.jar:?]
	at net.minecraftforge.eventbus.service.ModLauncherService.processClassWithFlags(ModLauncherService.java:32) ~[eventbus-6.0.5.jar:6.0.5+6.0.5+master.eb8e549b]
	at cpw.mods.modlauncher.LaunchPluginHandler.offerClassNodeToPlugins(LaunchPluginHandler.java:88) ~[modlauncher-10.0.9.jar:?]
	at cpw.mods.modlauncher.ClassTransformer.transform(ClassTransformer.java:120) ~[modlauncher-10.0.9.jar:?]
	at cpw.mods.modlauncher.TransformingClassLoader.maybeTransformClassBytes(TransformingClassLoader.java:50) ~[modlauncher-10.0.9.jar:?]
	at cpw.mods.cl.ModuleClassLoader.readerToClass(ModuleClassLoader.java:113) ~[securejarhandler-2.1.10.jar:?]
	at cpw.mods.cl.ModuleClassLoader.lambda$findClass$15(ModuleClassLoader.java:219) ~[securejarhandler-2.1.10.jar:?]
	at cpw.mods.cl.ModuleClassLoader.loadFromModule(ModuleClassLoader.java:229) ~[securejarhandler-2.1.10.jar:?]
	at cpw.mods.cl.ModuleClassLoader.findClass(ModuleClassLoader.java:219) ~[securejarhandler-2.1.10.jar:?]
	at cpw.mods.cl.ModuleClassLoader.loadClass(ModuleClassLoader.java:135) ~[securejarhandler-2.1.10.jar:?]
	at java.lang.ClassLoader.loadClass(ClassLoader.java:525) ~[?:?]
	at gg.essential.model.file.SoundDefinitionsFile$Definition._childSerializers$_anonymous_$0(SoundDefinitionsFile.kt) ~[?:?]
	at kotlin.SafePublicationLazyImpl.getValue(LazyJVM.kt:125) ~[?:?]
	at gg.essential.model.file.SoundDefinitionsFile$Definition$$serializer.childSerializers(SoundDefinitionsFile.kt:28) ~[?:?]
	at kotlinx.serialization.internal.PluginGeneratedSerialDescriptor.childSerializers_delegate$lambda$0(PluginGeneratedSerialDescriptor.kt:36) ~[?:?]
	at kotlin.SafePublicationLazyImpl.getValue(LazyJVM.kt:125) ~[?:?]
	at kotlinx.serialization.internal.PluginGeneratedSerialDescriptor.getChildSerializers(PluginGeneratedSerialDescriptor.kt:36) ~[?:?]
	at kotlinx.serialization.internal.PluginGeneratedSerialDescriptor.getElementDescriptor(PluginGeneratedSerialDescriptor.kt:76) ~[?:?]
	at kotlinx.serialization.json.internal.StreamingJsonDecoder.coerceInputValue(StreamingJsonDecoder.kt:423) ~[?:?]
	at kotlinx.serialization.json.internal.StreamingJsonDecoder.decodeObjectIndex(StreamingJsonDecoder.kt:231) ~[?:?]
	at kotlinx.serialization.json.internal.StreamingJsonDecoder.decodeElementIndex(StreamingJsonDecoder.kt:178) ~[?:?]
	at gg.essential.model.file.SoundDefinitionsFile$Definition$$serializer.deserialize(SoundDefinitionsFile.kt:28) ~[?:?]
	at gg.essential.model.file.SoundDefinitionsFile$Definition$$serializer.deserialize(SoundDefinitionsFile.kt:28) ~[?:?]
	at kotlinx.serialization.json.internal.StreamingJsonDecoder.decodeSerializableValue(StreamingJsonDecoder.kt:69) ~[?:?]
	at kotlinx.serialization.encoding.AbstractDecoder.decodeSerializableValue(AbstractDecoder.kt:43) ~[?:?]
	at kotlinx.serialization.encoding.AbstractDecoder.decodeSerializableElement(AbstractDecoder.kt:70) ~[?:?]
	at kotlinx.serialization.json.internal.StreamingJsonDecoder.decodeSerializableElement(StreamingJsonDecoder.kt:168) ~[?:?]
	at kotlinx.serialization.encoding.CompositeDecoder.decodeSerializableElement$default(Decoding.kt:539) ~[?:?]
	at kotlinx.serialization.internal.MapLikeSerializer.readElement(CollectionSerializers.kt:111) ~[?:?]
	at kotlinx.serialization.internal.MapLikeSerializer.readElement(CollectionSerializers.kt:84) ~[?:?]
	at kotlinx.serialization.internal.AbstractCollectionSerializer.readElement$default(CollectionSerializers.kt:51) ~[?:?]
	at kotlinx.serialization.internal.AbstractCollectionSerializer.merge(CollectionSerializers.kt:36) ~[?:?]
	at kotlinx.serialization.internal.AbstractCollectionSerializer.deserialize(CollectionSerializers.kt:43) ~[?:?]
	at kotlinx.serialization.json.internal.StreamingJsonDecoder.decodeSerializableValue(StreamingJsonDecoder.kt:69) ~[?:?]
	at kotlinx.serialization.encoding.AbstractDecoder.decodeSerializableValue(AbstractDecoder.kt:43) ~[?:?]
	at kotlinx.serialization.encoding.AbstractDecoder.decodeSerializableElement(AbstractDecoder.kt:70) ~[?:?]
	at kotlinx.serialization.json.internal.StreamingJsonDecoder.decodeSerializableElement(StreamingJsonDecoder.kt:168) ~[?:?]
	at gg.essential.model.file.SoundDefinitionsFile$$serializer.deserialize(SoundDefinitionsFile.kt:23) ~[?:?]
	at gg.essential.model.file.SoundDefinitionsFile$$serializer.deserialize(SoundDefinitionsFile.kt:23) ~[?:?]
	at kotlinx.serialization.json.internal.StreamingJsonDecoder.decodeSerializableValue(StreamingJsonDecoder.kt:69) ~[?:?]
	at kotlinx.serialization.json.Json.decodeFromString(Json.kt:149) ~[?:?]
	at gg.essential.network.connectionmanager.cosmetics.AssetLoader$JsonAssetType._init_$lambda$2(AssetLoader.kt:353) ~[?:?]
	at gg.essential.network.connectionmanager.cosmetics.AssetLoader.getAsset$lambda$2$0(AssetLoader.kt:86) ~[?:?]
	at gg.essential.network.connectionmanager.cosmetics.AssetLoader.getAsset$lambda$2$1(AssetLoader.kt:84) ~[?:?]
	at java.util.concurrent.CompletableFuture$UniApply.tryFire(CompletableFuture.java:646) ~[?:?]
	at java.util.concurrent.CompletableFuture$Completion.exec(CompletableFuture.java:483) ~[?:?]
	at java.util.concurrent.ForkJoinTask.doExec(ForkJoinTask.java:373) ~[?:?]
	at java.util.concurrent.ForkJoinPool$WorkQueue.topLevelExec(ForkJoinPool.java:1182) ~[?:?]
	at java.util.concurrent.ForkJoinPool.scan(ForkJoinPool.java:1655) ~[?:?]
	at java.util.concurrent.ForkJoinPool.runWorker(ForkJoinPool.java:1622) ~[?:?]
	at java.util.concurrent.ForkJoinWorkerThread.run(ForkJoinWorkerThread.java:165) ~[?:?]
[04:38:40] [ForkJoinPool.commonPool-worker-12/ERROR]: An error occurred building event handler
java.lang.ClassNotFoundException: kotlinx.serialization.json.JsonTransformingSerializer
	at jdk.internal.loader.BuiltinClassLoader.loadClass(BuiltinClassLoader.java:641) ~[?:?]
	at jdk.internal.loader.ClassLoaders$AppClassLoader.loadClass(ClassLoaders.java:188) ~[?:?]
	at java.lang.ClassLoader.loadClass(ClassLoader.java:525) ~[?:?]
	at net.minecraftforge.eventbus.EventSubclassTransformer.buildEvents(EventSubclassTransformer.java:97) ~[eventbus-6.0.5.jar:?]
	at net.minecraftforge.eventbus.EventSubclassTransformer.transform(EventSubclassTransformer.java:48) ~[eventbus-6.0.5.jar:?]
	at net.minecraftforge.eventbus.EventBusEngine.processClass(EventBusEngine.java:26) ~[eventbus-6.0.5.jar:?]
	at net.minecraftforge.eventbus.service.ModLauncherService.processClassWithFlags(ModLauncherService.java:32) ~[eventbus-6.0.5.jar:6.0.5+6.0.5+master.eb8e549b]
	at cpw.mods.modlauncher.LaunchPluginHandler.offerClassNodeToPlugins(LaunchPluginHandler.java:88) ~[modlauncher-10.0.9.jar:?]
	at cpw.mods.modlauncher.ClassTransformer.transform(ClassTransformer.java:120) ~[modlauncher-10.0.9.jar:?]
	at cpw.mods.modlauncher.TransformingClassLoader.maybeTransformClassBytes(TransformingClassLoader.java:50) ~[modlauncher-10.0.9.jar:?]
	at cpw.mods.cl.ModuleClassLoader.readerToClass(ModuleClassLoader.java:113) ~[securejarhandler-2.1.10.jar:?]
	at cpw.mods.cl.ModuleClassLoader.lambda$findClass$15(ModuleClassLoader.java:219) ~[securejarhandler-2.1.10.jar:?]
	at cpw.mods.cl.ModuleClassLoader.loadFromModule(ModuleClassLoader.java:229) ~[securejarhandler-2.1.10.jar:?]
	at cpw.mods.cl.ModuleClassLoader.findClass(ModuleClassLoader.java:219) ~[securejarhandler-2.1.10.jar:?]
	at cpw.mods.cl.ModuleClassLoader.loadClass(ModuleClassLoader.java:135) ~[securejarhandler-2.1.10.jar:?]
	at java.lang.ClassLoader.loadClass(ClassLoader.java:525) ~[?:?]
	at gg.essential.model.file.KeyframesSerializer.<init>(AnimationFile.kt:104) ~[?:?]
	at gg.essential.model.Keyframes$Companion.serializer(Animation.kt:387) ~[?:?]
	at gg.essential.model.Channels._childSerializers$_anonymous_(Animation.kt) ~[?:?]
	at kotlin.SafePublicationLazyImpl.getValue(LazyJVM.kt:125) ~[?:?]
	at gg.essential.model.Channels$$serializer.childSerializers(Animation.kt:373) ~[?:?]
	at kotlinx.serialization.internal.PluginGeneratedSerialDescriptor.childSerializers_delegate$lambda$0(PluginGeneratedSerialDescriptor.kt:36) ~[?:?]
	at kotlin.SafePublicationLazyImpl.getValue(LazyJVM.kt:125) ~[?:?]
	at kotlinx.serialization.internal.PluginGeneratedSerialDescriptor.getChildSerializers(PluginGeneratedSerialDescriptor.kt:36) ~[?:?]
	at kotlinx.serialization.internal.PluginGeneratedSerialDescriptor.getElementDescriptor(PluginGeneratedSerialDescriptor.kt:76) ~[?:?]
	at kotlinx.serialization.json.internal.StreamingJsonDecoder.coerceInputValue(StreamingJsonDecoder.kt:423) ~[?:?]
	at kotlinx.serialization.json.internal.StreamingJsonDecoder.decodeObjectIndex(StreamingJsonDecoder.kt:231) ~[?:?]
	at kotlinx.serialization.json.internal.StreamingJsonDecoder.decodeElementIndex(StreamingJsonDecoder.kt:178) ~[?:?]
	at gg.essential.model.Channels$$serializer.deserialize(Animation.kt:373) ~[?:?]
	at gg.essential.model.Channels$$serializer.deserialize(Animation.kt:373) ~[?:?]
	at kotlinx.serialization.json.internal.StreamingJsonDecoder.decodeSerializableValue(StreamingJsonDecoder.kt:69) ~[?:?]
	at kotlinx.serialization.encoding.AbstractDecoder.decodeSerializableValue(AbstractDecoder.kt:43) ~[?:?]
	at kotlinx.serialization.encoding.AbstractDecoder.decodeSerializableElement(AbstractDecoder.kt:70) ~[?:?]
	at kotlinx.serialization.json.internal.StreamingJsonDecoder.decodeSerializableElement(StreamingJsonDecoder.kt:168) ~[?:?]
	at kotlinx.serialization.encoding.CompositeDecoder.decodeSerializableElement$default(Decoding.kt:539) ~[?:?]
	at kotlinx.serialization.internal.MapLikeSerializer.readElement(CollectionSerializers.kt:111) ~[?:?]
	at kotlinx.serialization.internal.MapLikeSerializer.readElement(CollectionSerializers.kt:84) ~[?:?]
	at kotlinx.serialization.internal.AbstractCollectionSerializer.readElement$default(CollectionSerializers.kt:51) ~[?:?]
	at kotlinx.serialization.internal.AbstractCollectionSerializer.merge(CollectionSerializers.kt:36) ~[?:?]
	at kotlinx.serialization.internal.AbstractCollectionSerializer.deserialize(CollectionSerializers.kt:43) ~[?:?]
	at kotlinx.serialization.json.internal.StreamingJsonDecoder.decodeSerializableValue(StreamingJsonDecoder.kt:69) ~[?:?]
	at kotlinx.serialization.encoding.AbstractDecoder.decodeSerializableValue(AbstractDecoder.kt:43) ~[?:?]
	at kotlinx.serialization.encoding.AbstractDecoder.decodeSerializableElement(AbstractDecoder.kt:70) ~[?:?]
	at kotlinx.serialization.json.internal.StreamingJsonDecoder.decodeSerializableElement(StreamingJsonDecoder.kt:168) ~[?:?]
	at gg.essential.model.file.AnimationFile$Animation$$serializer.deserialize(AnimationFile.kt:48) ~[?:?]
	at gg.essential.model.file.AnimationFile$Animation$$serializer.deserialize(AnimationFile.kt:48) ~[?:?]
	at kotlinx.serialization.json.internal.StreamingJsonDecoder.decodeSerializableValue(StreamingJsonDecoder.kt:69) ~[?:?]
	at kotlinx.serialization.encoding.AbstractDecoder.decodeSerializableValue(AbstractDecoder.kt:43) ~[?:?]
	at kotlinx.serialization.encoding.AbstractDecoder.decodeSerializableElement(AbstractDecoder.kt:70) ~[?:?]
	at kotlinx.serialization.json.internal.StreamingJsonDecoder.decodeSerializableElement(StreamingJsonDecoder.kt:168) ~[?:?]
	at kotlinx.serialization.encoding.CompositeDecoder.decodeSerializableElement$default(Decoding.kt:539) ~[?:?]
	at kotlinx.serialization.internal.MapLikeSerializer.readElement(CollectionSerializers.kt:111) ~[?:?]
	at kotlinx.serialization.internal.MapLikeSerializer.readElement(CollectionSerializers.kt:84) ~[?:?]
	at kotlinx.serialization.internal.AbstractCollectionSerializer.readElement$default(CollectionSerializers.kt:51) ~[?:?]
	at kotlinx.serialization.internal.AbstractCollectionSerializer.merge(CollectionSerializers.kt:36) ~[?:?]
	at kotlinx.serialization.internal.AbstractCollectionSerializer.deserialize(CollectionSerializers.kt:43) ~[?:?]
	at kotlinx.serialization.json.internal.StreamingJsonDecoder.decodeSerializableValue(StreamingJsonDecoder.kt:69) ~[?:?]
	at kotlinx.serialization.encoding.AbstractDecoder.decodeSerializableValue(AbstractDecoder.kt:43) ~[?:?]
	at kotlinx.serialization.encoding.AbstractDecoder.decodeSerializableElement(AbstractDecoder.kt:70) ~[?:?]
	at kotlinx.serialization.json.internal.StreamingJsonDecoder.decodeSerializableElement(StreamingJsonDecoder.kt:168) ~[?:?]
	at gg.essential.model.file.AnimationFile$$serializer.deserialize(AnimationFile.kt:41) ~[?:?]
	at gg.essential.model.file.AnimationFile$$serializer.deserialize(AnimationFile.kt:41) ~[?:?]
	at kotlinx.serialization.json.internal.StreamingJsonDecoder.decodeSerializableValue(StreamingJsonDecoder.kt:69) ~[?:?]
	at kotlinx.serialization.json.Json.decodeFromString(Json.kt:149) ~[?:?]
	at gg.essential.network.connectionmanager.cosmetics.AssetLoader$JsonAssetType._init_$lambda$2(AssetLoader.kt:353) ~[?:?]
	at gg.essential.network.connectionmanager.cosmetics.AssetLoader.getAsset$lambda$2$0(AssetLoader.kt:86) ~[?:?]
	at gg.essential.network.connectionmanager.cosmetics.AssetLoader.getAsset$lambda$2$1(AssetLoader.kt:84) ~[?:?]
	at java.util.concurrent.CompletableFuture$UniApply.tryFire(CompletableFuture.java:646) ~[?:?]
	at java.util.concurrent.CompletableFuture$Completion.exec(CompletableFuture.java:483) ~[?:?]
	at java.util.concurrent.ForkJoinTask.doExec(ForkJoinTask.java:373) ~[?:?]
	at java.util.concurrent.ForkJoinPool$WorkQueue.topLevelExec(ForkJoinPool.java:1182) ~[?:?]
	at java.util.concurrent.ForkJoinPool.scan(ForkJoinPool.java:1655) ~[?:?]
	at java.util.concurrent.ForkJoinPool.runWorker(ForkJoinPool.java:1622) ~[?:?]
	at java.util.concurrent.ForkJoinWorkerThread.run(ForkJoinWorkerThread.java:165) ~[?:?]
[04:38:40] [ForkJoinPool.commonPool-worker-5/ERROR]: Could not find parent gg/essential/mod/cosmetics/featured/FeaturedItem for class gg/essential/mod/cosmetics/featured/FeaturedItem$Cosmetic in classloader jdk.internal.loader.ClassLoaders$AppClassLoader@60f82f98 on thread Thread[ForkJoinPool.commonPool-worker-5,5,main]
[04:38:40] [ForkJoinPool.commonPool-worker-15/ERROR]: Could not find parent gg/essential/model/file/ModelFile$Uvs for class gg/essential/model/file/ModelFile$Uvs$Box in classloader jdk.internal.loader.ClassLoaders$AppClassLoader@60f82f98 on thread Thread[ForkJoinPool.commonPool-worker-15,5,main]
[04:38:40] [ForkJoinPool.commonPool-worker-7/ERROR]: Could not find parent gg/essential/model/file/ModelFile$Uvs for class gg/essential/model/file/ModelFile$Uvs$PerFace in classloader jdk.internal.loader.ClassLoaders$AppClassLoader@60f82f98 on thread Thread[ForkJoinPool.commonPool-worker-7,5,main]
[04:38:40] [ForkJoinPool.commonPool-worker-5/ERROR]: An error occurred building event handler
java.lang.ClassNotFoundException: gg.essential.mod.cosmetics.featured.FeaturedItem
	at jdk.internal.loader.BuiltinClassLoader.loadClass(BuiltinClassLoader.java:641) ~[?:?]
	at jdk.internal.loader.ClassLoaders$AppClassLoader.loadClass(ClassLoaders.java:188) ~[?:?]
	at java.lang.ClassLoader.loadClass(ClassLoader.java:525) ~[?:?]
	at net.minecraftforge.eventbus.EventSubclassTransformer.buildEvents(EventSubclassTransformer.java:97) ~[eventbus-6.0.5.jar:?]
	at net.minecraftforge.eventbus.EventSubclassTransformer.transform(EventSubclassTransformer.java:48) ~[eventbus-6.0.5.jar:?]
	at net.minecraftforge.eventbus.EventBusEngine.processClass(EventBusEngine.java:26) ~[eventbus-6.0.5.jar:?]
	at net.minecraftforge.eventbus.service.ModLauncherService.processClassWithFlags(ModLauncherService.java:32) ~[eventbus-6.0.5.jar:6.0.5+6.0.5+master.eb8e549b]
	at cpw.mods.modlauncher.LaunchPluginHandler.offerClassNodeToPlugins(LaunchPluginHandler.java:88) ~[modlauncher-10.0.9.jar:?]
	at cpw.mods.modlauncher.ClassTransformer.transform(ClassTransformer.java:120) ~[modlauncher-10.0.9.jar:?]
	at cpw.mods.modlauncher.TransformingClassLoader.maybeTransformClassBytes(TransformingClassLoader.java:50) ~[modlauncher-10.0.9.jar:?]
	at cpw.mods.cl.ModuleClassLoader.readerToClass(ModuleClassLoader.java:113) ~[securejarhandler-2.1.10.jar:?]
	at cpw.mods.cl.ModuleClassLoader.lambda$findClass$15(ModuleClassLoader.java:219) ~[securejarhandler-2.1.10.jar:?]
	at cpw.mods.cl.ModuleClassLoader.loadFromModule(ModuleClassLoader.java:229) ~[securejarhandler-2.1.10.jar:?]
	at cpw.mods.cl.ModuleClassLoader.findClass(ModuleClassLoader.java:219) ~[securejarhandler-2.1.10.jar:?]
	at cpw.mods.cl.ModuleClassLoader.loadClass(ModuleClassLoader.java:135) ~[securejarhandler-2.1.10.jar:?]
	at java.lang.ClassLoader.loadClass(ClassLoader.java:525) ~[?:?]
	at gg.essential.mod.cosmetics.featured.FeaturedItem._init_$_anonymous_(FeaturedItem.kt:23) ~[?:?]
	at kotlin.SafePublicationLazyImpl.getValue(LazyJVM.kt:125) ~[?:?]
	at gg.essential.mod.cosmetics.featured.FeaturedItem$Companion.get$cachedSerializer(FeaturedItem.kt:23) ~[?:?]
	at gg.essential.mod.cosmetics.featured.FeaturedItem$Companion.serializer(FeaturedItem.kt:23) ~[?:?]
	at gg.essential.mod.cosmetics.featured.FeaturedPageRaw._childSerializers$_anonymous_(featuredPage.kt) ~[?:?]
	at kotlin.SafePublicationLazyImpl.getValue(LazyJVM.kt:125) ~[?:?]
	at gg.essential.mod.cosmetics.featured.FeaturedPageRaw$$serializer.childSerializers(featuredPage.kt:25) ~[?:?]
	at kotlinx.serialization.internal.PluginGeneratedSerialDescriptor.childSerializers_delegate$lambda$0(PluginGeneratedSerialDescriptor.kt:36) ~[?:?]
	at kotlin.SafePublicationLazyImpl.getValue(LazyJVM.kt:125) ~[?:?]
	at kotlinx.serialization.internal.PluginGeneratedSerialDescriptor.getChildSerializers(PluginGeneratedSerialDescriptor.kt:36) ~[?:?]
	at kotlinx.serialization.internal.PluginGeneratedSerialDescriptor.getElementDescriptor(PluginGeneratedSerialDescriptor.kt:76) ~[?:?]
	at kotlinx.serialization.json.internal.StreamingJsonDecoder.coerceInputValue(StreamingJsonDecoder.kt:423) ~[?:?]
	at kotlinx.serialization.json.internal.StreamingJsonDecoder.decodeObjectIndex(StreamingJsonDecoder.kt:231) ~[?:?]
	at kotlinx.serialization.json.internal.StreamingJsonDecoder.decodeElementIndex(StreamingJsonDecoder.kt:178) ~[?:?]
	at gg.essential.mod.cosmetics.featured.FeaturedPageRaw$$serializer.deserialize(featuredPage.kt:25) ~[?:?]
	at gg.essential.mod.cosmetics.featured.FeaturedPageRaw$$serializer.deserialize(featuredPage.kt:25) ~[?:?]
	at gg.essential.mod.cosmetics.featured.FeaturedPageSerializer.deserialize(featuredPage.kt:51) ~[?:?]
	at gg.essential.mod.cosmetics.featured.FeaturedPageSerializer.deserialize(featuredPage.kt:46) ~[?:?]
	at kotlinx.serialization.json.internal.StreamingJsonDecoder.decodeSerializableValue(StreamingJsonDecoder.kt:69) ~[?:?]
	at kotlinx.serialization.encoding.AbstractDecoder.decodeSerializableValue(AbstractDecoder.kt:43) ~[?:?]
	at kotlinx.serialization.encoding.AbstractDecoder.decodeSerializableElement(AbstractDecoder.kt:70) ~[?:?]
	at kotlinx.serialization.json.internal.StreamingJsonDecoder.decodeSerializableElement(StreamingJsonDecoder.kt:168) ~[?:?]
	at kotlinx.serialization.encoding.CompositeDecoder.decodeSerializableElement$default(Decoding.kt:539) ~[?:?]
	at kotlinx.serialization.internal.MapLikeSerializer.readElement(CollectionSerializers.kt:111) ~[?:?]
	at kotlinx.serialization.internal.MapLikeSerializer.readElement(CollectionSerializers.kt:84) ~[?:?]
	at kotlinx.serialization.internal.AbstractCollectionSerializer.readElement$default(CollectionSerializers.kt:51) ~[?:?]
	at kotlinx.serialization.internal.AbstractCollectionSerializer.merge(CollectionSerializers.kt:36) ~[?:?]
	at kotlinx.serialization.internal.AbstractCollectionSerializer.deserialize(CollectionSerializers.kt:43) ~[?:?]
	at kotlinx.serialization.json.internal.StreamingJsonDecoder.decodeSerializableValue(StreamingJsonDecoder.kt:69) ~[?:?]
	at kotlinx.serialization.encoding.AbstractDecoder.decodeSerializableValue(AbstractDecoder.kt:43) ~[?:?]
	at kotlinx.serialization.encoding.AbstractDecoder.decodeSerializableElement(AbstractDecoder.kt:70) ~[?:?]
	at kotlinx.serialization.json.internal.StreamingJsonDecoder.decodeSerializableElement(StreamingJsonDecoder.kt:168) ~[?:?]
	at gg.essential.mod.cosmetics.featured.FeaturedPageCollection$$serializer.deserialize(FeaturedPageCollection.kt:24) ~[?:?]
	at gg.essential.mod.cosmetics.featured.FeaturedPageCollection$$serializer.deserialize(FeaturedPageCollection.kt:24) ~[?:?]
	at kotlinx.serialization.json.internal.StreamingJsonDecoder.decodeSerializableValue(StreamingJsonDecoder.kt:69) ~[?:?]
	at kotlinx.serialization.json.Json.decodeFromString(Json.kt:149) ~[?:?]
	at gg.essential.network.connectionmanager.cosmetics.AssetLoader$JsonAssetType._init_$lambda$2(AssetLoader.kt:353) ~[?:?]
	at gg.essential.network.connectionmanager.cosmetics.AssetLoader.getAsset$lambda$2$0(AssetLoader.kt:86) ~[?:?]
	at gg.essential.network.connectionmanager.cosmetics.AssetLoader.getAsset$lambda$2$1(AssetLoader.kt:84) ~[?:?]
	at java.util.concurrent.CompletableFuture$UniApply.tryFire(CompletableFuture.java:646) ~[?:?]
	at java.util.concurrent.CompletableFuture$Completion.exec(CompletableFuture.java:483) ~[?:?]
	at java.util.concurrent.ForkJoinTask.doExec(ForkJoinTask.java:373) ~[?:?]
	at java.util.concurrent.ForkJoinPool$WorkQueue.topLevelExec(ForkJoinPool.java:1182) ~[?:?]
	at java.util.concurrent.ForkJoinPool.scan(ForkJoinPool.java:1655) ~[?:?]
	at java.util.concurrent.ForkJoinPool.runWorker(ForkJoinPool.java:1622) ~[?:?]
	at java.util.concurrent.ForkJoinWorkerThread.run(ForkJoinWorkerThread.java:165) ~[?:?]
[04:38:40] [ForkJoinPool.commonPool-worker-5/ERROR]: Could not find parent gg/essential/mod/cosmetics/featured/FeaturedItem for class gg/essential/mod/cosmetics/featured/FeaturedItem$Empty in classloader jdk.internal.loader.ClassLoaders$AppClassLoader@60f82f98 on thread Thread[ForkJoinPool.commonPool-worker-5,5,main]
[04:38:40] [ForkJoinPool.commonPool-worker-15/ERROR]: An error occurred building event handler
java.lang.ClassNotFoundException: gg.essential.model.file.ModelFile$Uvs
	at jdk.internal.loader.BuiltinClassLoader.loadClass(BuiltinClassLoader.java:641) ~[?:?]
	at jdk.internal.loader.ClassLoaders$AppClassLoader.loadClass(ClassLoaders.java:188) ~[?:?]
	at java.lang.ClassLoader.loadClass(ClassLoader.java:525) ~[?:?]
	at net.minecraftforge.eventbus.EventSubclassTransformer.buildEvents(EventSubclassTransformer.java:97) ~[eventbus-6.0.5.jar:?]
	at net.minecraftforge.eventbus.EventSubclassTransformer.transform(EventSubclassTransformer.java:48) ~[eventbus-6.0.5.jar:?]
	at net.minecraftforge.eventbus.EventBusEngine.processClass(EventBusEngine.java:26) ~[eventbus-6.0.5.jar:?]
	at net.minecraftforge.eventbus.service.ModLauncherService.processClassWithFlags(ModLauncherService.java:32) ~[eventbus-6.0.5.jar:6.0.5+6.0.5+master.eb8e549b]
	at cpw.mods.modlauncher.LaunchPluginHandler.offerClassNodeToPlugins(LaunchPluginHandler.java:88) ~[modlauncher-10.0.9.jar:?]
	at cpw.mods.modlauncher.ClassTransformer.transform(ClassTransformer.java:120) ~[modlauncher-10.0.9.jar:?]
	at cpw.mods.modlauncher.TransformingClassLoader.maybeTransformClassBytes(TransformingClassLoader.java:50) ~[modlauncher-10.0.9.jar:?]
	at cpw.mods.cl.ModuleClassLoader.readerToClass(ModuleClassLoader.java:113) ~[securejarhandler-2.1.10.jar:?]
	at cpw.mods.cl.ModuleClassLoader.lambda$findClass$15(ModuleClassLoader.java:219) ~[securejarhandler-2.1.10.jar:?]
	at cpw.mods.cl.ModuleClassLoader.loadFromModule(ModuleClassLoader.java:229) ~[securejarhandler-2.1.10.jar:?]
	at cpw.mods.cl.ModuleClassLoader.findClass(ModuleClassLoader.java:219) ~[securejarhandler-2.1.10.jar:?]
	at cpw.mods.cl.ModuleClassLoader.loadClass(ModuleClassLoader.java:135) ~[securejarhandler-2.1.10.jar:?]
	at java.lang.ClassLoader.loadClass(ClassLoader.java:525) ~[?:?]
	at gg.essential.model.file.UvsSerializer.selectDeserializer(ModelFile.kt:114) ~[?:?]
	at kotlinx.serialization.json.JsonContentPolymorphicSerializer.deserialize(JsonContentPolymorphicSerializer.kt:93) ~[?:?]
	at kotlinx.serialization.json.internal.StreamingJsonDecoder.decodeSerializableValue(StreamingJsonDecoder.kt:69) ~[?:?]
	at kotlinx.serialization.encoding.AbstractDecoder.decodeSerializableValue(AbstractDecoder.kt:43) ~[?:?]
	at kotlinx.serialization.encoding.AbstractDecoder.decodeSerializableElement(AbstractDecoder.kt:70) ~[?:?]
	at kotlinx.serialization.json.internal.StreamingJsonDecoder.decodeSerializableElement(StreamingJsonDecoder.kt:168) ~[?:?]
	at gg.essential.model.file.ModelFile$Cube$$serializer.deserialize(ModelFile.kt:68) ~[?:?]
	at gg.essential.model.file.ModelFile$Cube$$serializer.deserialize(ModelFile.kt:68) ~[?:?]
	at kotlinx.serialization.json.internal.StreamingJsonDecoder.decodeSerializableValue(StreamingJsonDecoder.kt:69) ~[?:?]
	at kotlinx.serialization.encoding.AbstractDecoder.decodeSerializableValue(AbstractDecoder.kt:43) ~[?:?]
	at kotlinx.serialization.encoding.AbstractDecoder.decodeSerializableElement(AbstractDecoder.kt:70) ~[?:?]
	at kotlinx.serialization.json.internal.StreamingJsonDecoder.decodeSerializableElement(StreamingJsonDecoder.kt:168) ~[?:?]
	at kotlinx.serialization.encoding.CompositeDecoder.decodeSerializableElement$default(Decoding.kt:539) ~[?:?]
	at kotlinx.serialization.internal.CollectionLikeSerializer.readElement(CollectionSerializers.kt:80) ~[?:?]
	at kotlinx.serialization.internal.AbstractCollectionSerializer.readElement$default(CollectionSerializers.kt:51) ~[?:?]
	at kotlinx.serialization.internal.AbstractCollectionSerializer.merge(CollectionSerializers.kt:36) ~[?:?]
	at kotlinx.serialization.internal.AbstractCollectionSerializer.deserialize(CollectionSerializers.kt:43) ~[?:?]
	at kotlinx.serialization.json.internal.StreamingJsonDecoder.decodeSerializableValue(StreamingJsonDecoder.kt:69) ~[?:?]
	at kotlinx.serialization.encoding.AbstractDecoder.decodeSerializableValue(AbstractDecoder.kt:43) ~[?:?]
	at kotlinx.serialization.encoding.AbstractDecoder.decodeSerializableElement(AbstractDecoder.kt:70) ~[?:?]
	at kotlinx.serialization.json.internal.StreamingJsonDecoder.decodeSerializableElement(StreamingJsonDecoder.kt:168) ~[?:?]
	at gg.essential.model.file.ModelFile$Bone$$serializer.deserialize(ModelFile.kt:56) ~[?:?]
	at gg.essential.model.file.ModelFile$Bone$$serializer.deserialize(ModelFile.kt:56) ~[?:?]
	at kotlinx.serialization.json.internal.StreamingJsonDecoder.decodeSerializableValue(StreamingJsonDecoder.kt:69) ~[?:?]
	at kotlinx.serialization.encoding.AbstractDecoder.decodeSerializableValue(AbstractDecoder.kt:43) ~[?:?]
	at kotlinx.serialization.encoding.AbstractDecoder.decodeSerializableElement(AbstractDecoder.kt:70) ~[?:?]
	at kotlinx.serialization.json.internal.StreamingJsonDecoder.decodeSerializableElement(StreamingJsonDecoder.kt:168) ~[?:?]
	at kotlinx.serialization.encoding.CompositeDecoder.decodeSerializableElement$default(Decoding.kt:539) ~[?:?]
	at kotlinx.serialization.internal.CollectionLikeSerializer.readElement(CollectionSerializers.kt:80) ~[?:?]
	at kotlinx.serialization.internal.AbstractCollectionSerializer.readElement$default(CollectionSerializers.kt:51) ~[?:?]
	at kotlinx.serialization.internal.AbstractCollectionSerializer.merge(CollectionSerializers.kt:36) ~[?:?]
	at kotlinx.serialization.internal.AbstractCollectionSerializer.deserialize(CollectionSerializers.kt:43) ~[?:?]
	at kotlinx.serialization.json.internal.StreamingJsonDecoder.decodeSerializableValue(StreamingJsonDecoder.kt:69) ~[?:?]
	at kotlinx.serialization.encoding.AbstractDecoder.decodeSerializableValue(AbstractDecoder.kt:43) ~[?:?]
	at kotlinx.serialization.encoding.AbstractDecoder.decodeSerializableElement(AbstractDecoder.kt:70) ~[?:?]
	at kotlinx.serialization.json.internal.StreamingJsonDecoder.decodeSerializableElement(StreamingJsonDecoder.kt:168) ~[?:?]
	at gg.essential.model.file.ModelFile$Geometry$$serializer.deserialize(ModelFile.kt:39) ~[?:?]
	at gg.essential.model.file.ModelFile$Geometry$$serializer.deserialize(ModelFile.kt:39) ~[?:?]
	at kotlinx.serialization.json.internal.StreamingJsonDecoder.decodeSerializableValue(StreamingJsonDecoder.kt:69) ~[?:?]
	at kotlinx.serialization.encoding.AbstractDecoder.decodeSerializableValue(AbstractDecoder.kt:43) ~[?:?]
	at kotlinx.serialization.encoding.AbstractDecoder.decodeSerializableElement(AbstractDecoder.kt:70) ~[?:?]
	at kotlinx.serialization.json.internal.StreamingJsonDecoder.decodeSerializableElement(StreamingJsonDecoder.kt:168) ~[?:?]
	at kotlinx.serialization.encoding.CompositeDecoder.decodeSerializableElement$default(Decoding.kt:539) ~[?:?]
	at kotlinx.serialization.internal.CollectionLikeSerializer.readElement(CollectionSerializers.kt:80) ~[?:?]
	at kotlinx.serialization.internal.AbstractCollectionSerializer.readElement$default(CollectionSerializers.kt:51) ~[?:?]
	at kotlinx.serialization.internal.AbstractCollectionSerializer.merge(CollectionSerializers.kt:36) ~[?:?]
	at kotlinx.serialization.internal.AbstractCollectionSerializer.deserialize(CollectionSerializers.kt:43) ~[?:?]
	at kotlinx.serialization.json.internal.StreamingJsonDecoder.decodeSerializableValue(StreamingJsonDecoder.kt:69) ~[?:?]
	at kotlinx.serialization.encoding.AbstractDecoder.decodeSerializableValue(AbstractDecoder.kt:43) ~[?:?]
	at kotlinx.serialization.encoding.AbstractDecoder.decodeSerializableElement(AbstractDecoder.kt:70) ~[?:?]
	at kotlinx.serialization.json.internal.StreamingJsonDecoder.decodeSerializableElement(StreamingJsonDecoder.kt:168) ~[?:?]
	at gg.essential.model.file.ModelFile$$serializer.deserialize(ModelFile.kt:32) ~[?:?]
	at gg.essential.model.file.ModelFile$$serializer.deserialize(ModelFile.kt:32) ~[?:?]
	at kotlinx.serialization.json.internal.StreamingJsonDecoder.decodeSerializableValue(StreamingJsonDecoder.kt:69) ~[?:?]
	at kotlinx.serialization.json.Json.decodeFromString(Json.kt:149) ~[?:?]
	at gg.essential.network.connectionmanager.cosmetics.AssetLoader$JsonAssetType._init_$lambda$2(AssetLoader.kt:353) ~[?:?]
	at gg.essential.network.connectionmanager.cosmetics.AssetLoader.getAsset$lambda$2$0(AssetLoader.kt:86) ~[?:?]
	at gg.essential.network.connectionmanager.cosmetics.AssetLoader.getAsset$lambda$2$1(AssetLoader.kt:84) ~[?:?]
	at java.util.concurrent.CompletableFuture$UniApply.tryFire(CompletableFuture.java:646) ~[?:?]
	at java.util.concurrent.CompletableFuture$Completion.exec(CompletableFuture.java:483) ~[?:?]
	at java.util.concurrent.ForkJoinTask.doExec(ForkJoinTask.java:373) ~[?:?]
	at java.util.concurrent.ForkJoinPool$WorkQueue.topLevelExec(ForkJoinPool.java:1182) ~[?:?]
	at java.util.concurrent.ForkJoinPool.scan(ForkJoinPool.java:1655) ~[?:?]
	at java.util.concurrent.ForkJoinPool.runWorker(ForkJoinPool.java:1622) ~[?:?]
	at java.util.concurrent.ForkJoinWorkerThread.run(ForkJoinWorkerThread.java:165) ~[?:?]
[04:38:40] [ForkJoinPool.commonPool-worker-7/ERROR]: An error occurred building event handler
java.lang.ClassNotFoundException: gg.essential.model.file.ModelFile$Uvs
	at jdk.internal.loader.BuiltinClassLoader.loadClass(BuiltinClassLoader.java:641) ~[?:?]
	at jdk.internal.loader.ClassLoaders$AppClassLoader.loadClass(ClassLoaders.java:188) ~[?:?]
	at java.lang.ClassLoader.loadClass(ClassLoader.java:525) ~[?:?]
	at net.minecraftforge.eventbus.EventSubclassTransformer.buildEvents(EventSubclassTransformer.java:97) ~[eventbus-6.0.5.jar:?]
	at net.minecraftforge.eventbus.EventSubclassTransformer.transform(EventSubclassTransformer.java:48) ~[eventbus-6.0.5.jar:?]
	at net.minecraftforge.eventbus.EventBusEngine.processClass(EventBusEngine.java:26) ~[eventbus-6.0.5.jar:?]
	at net.minecraftforge.eventbus.service.ModLauncherService.processClassWithFlags(ModLauncherService.java:32) ~[eventbus-6.0.5.jar:6.0.5+6.0.5+master.eb8e549b]
	at cpw.mods.modlauncher.LaunchPluginHandler.offerClassNodeToPlugins(LaunchPluginHandler.java:88) ~[modlauncher-10.0.9.jar:?]
	at cpw.mods.modlauncher.ClassTransformer.transform(ClassTransformer.java:120) ~[modlauncher-10.0.9.jar:?]
	at cpw.mods.modlauncher.TransformingClassLoader.maybeTransformClassBytes(TransformingClassLoader.java:50) ~[modlauncher-10.0.9.jar:?]
	at cpw.mods.cl.ModuleClassLoader.readerToClass(ModuleClassLoader.java:113) ~[securejarhandler-2.1.10.jar:?]
	at cpw.mods.cl.ModuleClassLoader.lambda$findClass$15(ModuleClassLoader.java:219) ~[securejarhandler-2.1.10.jar:?]
	at cpw.mods.cl.ModuleClassLoader.loadFromModule(ModuleClassLoader.java:229) ~[securejarhandler-2.1.10.jar:?]
	at cpw.mods.cl.ModuleClassLoader.findClass(ModuleClassLoader.java:219) ~[securejarhandler-2.1.10.jar:?]
	at cpw.mods.cl.ModuleClassLoader.loadClass(ModuleClassLoader.java:135) ~[securejarhandler-2.1.10.jar:?]
	at java.lang.ClassLoader.loadClass(ClassLoader.java:525) ~[?:?]
	at gg.essential.model.file.UvsSerializer.selectDeserializer(ModelFile.kt:113) ~[?:?]
	at kotlinx.serialization.json.JsonContentPolymorphicSerializer.deserialize(JsonContentPolymorphicSerializer.kt:93) ~[?:?]
	at kotlinx.serialization.json.internal.StreamingJsonDecoder.decodeSerializableValue(StreamingJsonDecoder.kt:69) ~[?:?]
	at kotlinx.serialization.encoding.AbstractDecoder.decodeSerializableValue(AbstractDecoder.kt:43) ~[?:?]
	at kotlinx.serialization.encoding.AbstractDecoder.decodeSerializableElement(AbstractDecoder.kt:70) ~[?:?]
	at kotlinx.serialization.json.internal.StreamingJsonDecoder.decodeSerializableElement(StreamingJsonDecoder.kt:168) ~[?:?]
	at gg.essential.model.file.ModelFile$Cube$$serializer.deserialize(ModelFile.kt:68) ~[?:?]
	at gg.essential.model.file.ModelFile$Cube$$serializer.deserialize(ModelFile.kt:68) ~[?:?]
	at kotlinx.serialization.json.internal.StreamingJsonDecoder.decodeSerializableValue(StreamingJsonDecoder.kt:69) ~[?:?]
	at kotlinx.serialization.encoding.AbstractDecoder.decodeSerializableValue(AbstractDecoder.kt:43) ~[?:?]
	at kotlinx.serialization.encoding.AbstractDecoder.decodeSerializableElement(AbstractDecoder.kt:70) ~[?:?]
	at kotlinx.serialization.json.internal.StreamingJsonDecoder.decodeSerializableElement(StreamingJsonDecoder.kt:168) ~[?:?]
	at kotlinx.serialization.encoding.CompositeDecoder.decodeSerializableElement$default(Decoding.kt:539) ~[?:?]
	at kotlinx.serialization.internal.CollectionLikeSerializer.readElement(CollectionSerializers.kt:80) ~[?:?]
	at kotlinx.serialization.internal.AbstractCollectionSerializer.readElement$default(CollectionSerializers.kt:51) ~[?:?]
	at kotlinx.serialization.internal.AbstractCollectionSerializer.merge(CollectionSerializers.kt:36) ~[?:?]
	at kotlinx.serialization.internal.AbstractCollectionSerializer.deserialize(CollectionSerializers.kt:43) ~[?:?]
	at kotlinx.serialization.json.internal.StreamingJsonDecoder.decodeSerializableValue(StreamingJsonDecoder.kt:69) ~[?:?]
	at kotlinx.serialization.encoding.AbstractDecoder.decodeSerializableValue(AbstractDecoder.kt:43) ~[?:?]
	at kotlinx.serialization.encoding.AbstractDecoder.decodeSerializableElement(AbstractDecoder.kt:70) ~[?:?]
	at kotlinx.serialization.json.internal.StreamingJsonDecoder.decodeSerializableElement(StreamingJsonDecoder.kt:168) ~[?:?]
	at gg.essential.model.file.ModelFile$Bone$$serializer.deserialize(ModelFile.kt:56) ~[?:?]
	at gg.essential.model.file.ModelFile$Bone$$serializer.deserialize(ModelFile.kt:56) ~[?:?]
	at kotlinx.serialization.json.internal.StreamingJsonDecoder.decodeSerializableValue(StreamingJsonDecoder.kt:69) ~[?:?]
	at kotlinx.serialization.encoding.AbstractDecoder.decodeSerializableValue(AbstractDecoder.kt:43) ~[?:?]
	at kotlinx.serialization.encoding.AbstractDecoder.decodeSerializableElement(AbstractDecoder.kt:70) ~[?:?]
	at kotlinx.serialization.json.internal.StreamingJsonDecoder.decodeSerializableElement(StreamingJsonDecoder.kt:168) ~[?:?]
	at kotlinx.serialization.encoding.CompositeDecoder.decodeSerializableElement$default(Decoding.kt:539) ~[?:?]
	at kotlinx.serialization.internal.CollectionLikeSerializer.readElement(CollectionSerializers.kt:80) ~[?:?]
	at kotlinx.serialization.internal.AbstractCollectionSerializer.readElement$default(CollectionSerializers.kt:51) ~[?:?]
	at kotlinx.serialization.internal.AbstractCollectionSerializer.merge(CollectionSerializers.kt:36) ~[?:?]
	at kotlinx.serialization.internal.AbstractCollectionSerializer.deserialize(CollectionSerializers.kt:43) ~[?:?]
	at kotlinx.serialization.json.internal.StreamingJsonDecoder.decodeSerializableValue(StreamingJsonDecoder.kt:69) ~[?:?]
	at kotlinx.serialization.encoding.AbstractDecoder.decodeSerializableValue(AbstractDecoder.kt:43) ~[?:?]
	at kotlinx.serialization.encoding.AbstractDecoder.decodeSerializableElement(AbstractDecoder.kt:70) ~[?:?]
	at kotlinx.serialization.json.internal.StreamingJsonDecoder.decodeSerializableElement(StreamingJsonDecoder.kt:168) ~[?:?]
	at gg.essential.model.file.ModelFile$Geometry$$serializer.deserialize(ModelFile.kt:39) ~[?:?]
	at gg.essential.model.file.ModelFile$Geometry$$serializer.deserialize(ModelFile.kt:39) ~[?:?]
	at kotlinx.serialization.json.internal.StreamingJsonDecoder.decodeSerializableValue(StreamingJsonDecoder.kt:69) ~[?:?]
	at kotlinx.serialization.encoding.AbstractDecoder.decodeSerializableValue(AbstractDecoder.kt:43) ~[?:?]
	at kotlinx.serialization.encoding.AbstractDecoder.decodeSerializableElement(AbstractDecoder.kt:70) ~[?:?]
	at kotlinx.serialization.json.internal.StreamingJsonDecoder.decodeSerializableElement(StreamingJsonDecoder.kt:168) ~[?:?]
	at kotlinx.serialization.encoding.CompositeDecoder.decodeSerializableElement$default(Decoding.kt:539) ~[?:?]
	at kotlinx.serialization.internal.CollectionLikeSerializer.readElement(CollectionSerializers.kt:80) ~[?:?]
	at kotlinx.serialization.internal.AbstractCollectionSerializer.readElement$default(CollectionSerializers.kt:51) ~[?:?]
	at kotlinx.serialization.internal.AbstractCollectionSerializer.merge(CollectionSerializers.kt:36) ~[?:?]
	at kotlinx.serialization.internal.AbstractCollectionSerializer.deserialize(CollectionSerializers.kt:43) ~[?:?]
	at kotlinx.serialization.json.internal.StreamingJsonDecoder.decodeSerializableValue(StreamingJsonDecoder.kt:69) ~[?:?]
	at kotlinx.serialization.encoding.AbstractDecoder.decodeSerializableValue(AbstractDecoder.kt:43) ~[?:?]
	at kotlinx.serialization.encoding.AbstractDecoder.decodeSerializableElement(AbstractDecoder.kt:70) ~[?:?]
	at kotlinx.serialization.json.internal.StreamingJsonDecoder.decodeSerializableElement(StreamingJsonDecoder.kt:168) ~[?:?]
	at gg.essential.model.file.ModelFile$$serializer.deserialize(ModelFile.kt:32) ~[?:?]
	at gg.essential.model.file.ModelFile$$serializer.deserialize(ModelFile.kt:32) ~[?:?]
	at kotlinx.serialization.json.internal.StreamingJsonDecoder.decodeSerializableValue(StreamingJsonDecoder.kt:69) ~[?:?]
	at kotlinx.serialization.json.Json.decodeFromString(Json.kt:149) ~[?:?]
	at gg.essential.network.connectionmanager.cosmetics.AssetLoader$JsonAssetType._init_$lambda$2(AssetLoader.kt:353) ~[?:?]
	at gg.essential.network.connectionmanager.cosmetics.AssetLoader.getAsset$lambda$2$0(AssetLoader.kt:86) ~[?:?]
	at gg.essential.network.connectionmanager.cosmetics.AssetLoader.getAsset$lambda$2$1(AssetLoader.kt:84) ~[?:?]
	at java.util.concurrent.CompletableFuture$UniApply.tryFire(CompletableFuture.java:646) ~[?:?]
	at java.util.concurrent.CompletableFuture$Completion.exec(CompletableFuture.java:483) ~[?:?]
	at java.util.concurrent.ForkJoinTask.doExec(ForkJoinTask.java:373) ~[?:?]
	at java.util.concurrent.ForkJoinPool$WorkQueue.topLevelExec(ForkJoinPool.java:1182) ~[?:?]
	at java.util.concurrent.ForkJoinPool.scan(ForkJoinPool.java:1655) ~[?:?]
	at java.util.concurrent.ForkJoinPool.runWorker(ForkJoinPool.java:1622) ~[?:?]
	at java.util.concurrent.ForkJoinWorkerThread.run(ForkJoinWorkerThread.java:165) ~[?:?]
[04:38:40] [ForkJoinPool.commonPool-worker-5/ERROR]: An error occurred building event handler
java.lang.ClassNotFoundException: gg.essential.mod.cosmetics.featured.FeaturedItem
	at jdk.internal.loader.BuiltinClassLoader.loadClass(BuiltinClassLoader.java:641) ~[?:?]
	at jdk.internal.loader.ClassLoaders$AppClassLoader.loadClass(ClassLoaders.java:188) ~[?:?]
	at java.lang.ClassLoader.loadClass(ClassLoader.java:525) ~[?:?]
	at net.minecraftforge.eventbus.EventSubclassTransformer.buildEvents(EventSubclassTransformer.java:97) ~[eventbus-6.0.5.jar:?]
	at net.minecraftforge.eventbus.EventSubclassTransformer.transform(EventSubclassTransformer.java:48) ~[eventbus-6.0.5.jar:?]
	at net.minecraftforge.eventbus.EventBusEngine.processClass(EventBusEngine.java:26) ~[eventbus-6.0.5.jar:?]
	at net.minecraftforge.eventbus.service.ModLauncherService.processClassWithFlags(ModLauncherService.java:32) ~[eventbus-6.0.5.jar:6.0.5+6.0.5+master.eb8e549b]
	at cpw.mods.modlauncher.LaunchPluginHandler.offerClassNodeToPlugins(LaunchPluginHandler.java:88) ~[modlauncher-10.0.9.jar:?]
	at cpw.mods.modlauncher.ClassTransformer.transform(ClassTransformer.java:120) ~[modlauncher-10.0.9.jar:?]
	at cpw.mods.modlauncher.TransformingClassLoader.maybeTransformClassBytes(TransformingClassLoader.java:50) ~[modlauncher-10.0.9.jar:?]
	at cpw.mods.cl.ModuleClassLoader.readerToClass(ModuleClassLoader.java:113) ~[securejarhandler-2.1.10.jar:?]
	at cpw.mods.cl.ModuleClassLoader.lambda$findClass$15(ModuleClassLoader.java:219) ~[securejarhandler-2.1.10.jar:?]
	at cpw.mods.cl.ModuleClassLoader.loadFromModule(ModuleClassLoader.java:229) ~[securejarhandler-2.1.10.jar:?]
	at cpw.mods.cl.ModuleClassLoader.findClass(ModuleClassLoader.java:219) ~[securejarhandler-2.1.10.jar:?]
	at cpw.mods.cl.ModuleClassLoader.loadClass(ModuleClassLoader.java:135) ~[securejarhandler-2.1.10.jar:?]
	at java.lang.ClassLoader.loadClass(ClassLoader.java:525) ~[?:?]
	at gg.essential.mod.cosmetics.featured.FeaturedItem._init_$_anonymous_(FeaturedItem.kt:23) ~[?:?]
	at kotlin.SafePublicationLazyImpl.getValue(LazyJVM.kt:125) ~[?:?]
	at gg.essential.mod.cosmetics.featured.FeaturedItem$Companion.get$cachedSerializer(FeaturedItem.kt:23) ~[?:?]
	at gg.essential.mod.cosmetics.featured.FeaturedItem$Companion.serializer(FeaturedItem.kt:23) ~[?:?]
	at gg.essential.mod.cosmetics.featured.FeaturedPageRaw._childSerializers$_anonymous_(featuredPage.kt) ~[?:?]
	at kotlin.SafePublicationLazyImpl.getValue(LazyJVM.kt:125) ~[?:?]
	at gg.essential.mod.cosmetics.featured.FeaturedPageRaw$$serializer.childSerializers(featuredPage.kt:25) ~[?:?]
	at kotlinx.serialization.internal.PluginGeneratedSerialDescriptor.childSerializers_delegate$lambda$0(PluginGeneratedSerialDescriptor.kt:36) ~[?:?]
	at kotlin.SafePublicationLazyImpl.getValue(LazyJVM.kt:125) ~[?:?]
	at kotlinx.serialization.internal.PluginGeneratedSerialDescriptor.getChildSerializers(PluginGeneratedSerialDescriptor.kt:36) ~[?:?]
	at kotlinx.serialization.internal.PluginGeneratedSerialDescriptor.getElementDescriptor(PluginGeneratedSerialDescriptor.kt:76) ~[?:?]
	at kotlinx.serialization.json.internal.StreamingJsonDecoder.coerceInputValue(StreamingJsonDecoder.kt:423) ~[?:?]
	at kotlinx.serialization.json.internal.StreamingJsonDecoder.decodeObjectIndex(StreamingJsonDecoder.kt:231) ~[?:?]
	at kotlinx.serialization.json.internal.StreamingJsonDecoder.decodeElementIndex(StreamingJsonDecoder.kt:178) ~[?:?]
	at gg.essential.mod.cosmetics.featured.FeaturedPageRaw$$serializer.deserialize(featuredPage.kt:25) ~[?:?]
	at gg.essential.mod.cosmetics.featured.FeaturedPageRaw$$serializer.deserialize(featuredPage.kt:25) ~[?:?]
	at gg.essential.mod.cosmetics.featured.FeaturedPageSerializer.deserialize(featuredPage.kt:51) ~[?:?]
	at gg.essential.mod.cosmetics.featured.FeaturedPageSerializer.deserialize(featuredPage.kt:46) ~[?:?]
	at kotlinx.serialization.json.internal.StreamingJsonDecoder.decodeSerializableValue(StreamingJsonDecoder.kt:69) ~[?:?]
	at kotlinx.serialization.encoding.AbstractDecoder.decodeSerializableValue(AbstractDecoder.kt:43) ~[?:?]
	at kotlinx.serialization.encoding.AbstractDecoder.decodeSerializableElement(AbstractDecoder.kt:70) ~[?:?]
	at kotlinx.serialization.json.internal.StreamingJsonDecoder.decodeSerializableElement(StreamingJsonDecoder.kt:168) ~[?:?]
	at kotlinx.serialization.encoding.CompositeDecoder.decodeSerializableElement$default(Decoding.kt:539) ~[?:?]
	at kotlinx.serialization.internal.MapLikeSerializer.readElement(CollectionSerializers.kt:111) ~[?:?]
	at kotlinx.serialization.internal.MapLikeSerializer.readElement(CollectionSerializers.kt:84) ~[?:?]
	at kotlinx.serialization.internal.AbstractCollectionSerializer.readElement$default(CollectionSerializers.kt:51) ~[?:?]
	at kotlinx.serialization.internal.AbstractCollectionSerializer.merge(CollectionSerializers.kt:36) ~[?:?]
	at kotlinx.serialization.internal.AbstractCollectionSerializer.deserialize(CollectionSerializers.kt:43) ~[?:?]
	at kotlinx.serialization.json.internal.StreamingJsonDecoder.decodeSerializableValue(StreamingJsonDecoder.kt:69) ~[?:?]
	at kotlinx.serialization.encoding.AbstractDecoder.decodeSerializableValue(AbstractDecoder.kt:43) ~[?:?]
	at kotlinx.serialization.encoding.AbstractDecoder.decodeSerializableElement(AbstractDecoder.kt:70) ~[?:?]
	at kotlinx.serialization.json.internal.StreamingJsonDecoder.decodeSerializableElement(StreamingJsonDecoder.kt:168) ~[?:?]
	at gg.essential.mod.cosmetics.featured.FeaturedPageCollection$$serializer.deserialize(FeaturedPageCollection.kt:24) ~[?:?]
	at gg.essential.mod.cosmetics.featured.FeaturedPageCollection$$serializer.deserialize(FeaturedPageCollection.kt:24) ~[?:?]
	at kotlinx.serialization.json.internal.StreamingJsonDecoder.decodeSerializableValue(StreamingJsonDecoder.kt:69) ~[?:?]
	at kotlinx.serialization.json.Json.decodeFromString(Json.kt:149) ~[?:?]
	at gg.essential.network.connectionmanager.cosmetics.AssetLoader$JsonAssetType._init_$lambda$2(AssetLoader.kt:353) ~[?:?]
	at gg.essential.network.connectionmanager.cosmetics.AssetLoader.getAsset$lambda$2$0(AssetLoader.kt:86) ~[?:?]
	at gg.essential.network.connectionmanager.cosmetics.AssetLoader.getAsset$lambda$2$1(AssetLoader.kt:84) ~[?:?]
	at java.util.concurrent.CompletableFuture$UniApply.tryFire(CompletableFuture.java:646) ~[?:?]
	at java.util.concurrent.CompletableFuture$Completion.exec(CompletableFuture.java:483) ~[?:?]
	at java.util.concurrent.ForkJoinTask.doExec(ForkJoinTask.java:373) ~[?:?]
	at java.util.concurrent.ForkJoinPool$WorkQueue.topLevelExec(ForkJoinPool.java:1182) ~[?:?]
	at java.util.concurrent.ForkJoinPool.scan(ForkJoinPool.java:1655) ~[?:?]
	at java.util.concurrent.ForkJoinPool.runWorker(ForkJoinPool.java:1622) ~[?:?]
	at java.util.concurrent.ForkJoinWorkerThread.run(ForkJoinWorkerThread.java:165) ~[?:?]
[04:38:40] [ForkJoinPool.commonPool-worker-14/ERROR]: Could not find parent kotlinx/serialization/json/JsonContentPolymorphicSerializer for class gg/essential/model/file/ParticleEffectComponents$Direction$Serializer in classloader jdk.internal.loader.ClassLoaders$AppClassLoader@60f82f98 on thread Thread[ForkJoinPool.commonPool-worker-14,5,main]
[04:38:40] [ForkJoinPool.commonPool-worker-14/ERROR]: An error occurred building event handler
java.lang.ClassNotFoundException: kotlinx.serialization.json.JsonContentPolymorphicSerializer
	at jdk.internal.loader.BuiltinClassLoader.loadClass(BuiltinClassLoader.java:641) ~[?:?]
	at jdk.internal.loader.ClassLoaders$AppClassLoader.loadClass(ClassLoaders.java:188) ~[?:?]
	at java.lang.ClassLoader.loadClass(ClassLoader.java:525) ~[?:?]
	at net.minecraftforge.eventbus.EventSubclassTransformer.buildEvents(EventSubclassTransformer.java:97) ~[eventbus-6.0.5.jar:?]
	at net.minecraftforge.eventbus.EventSubclassTransformer.transform(EventSubclassTransformer.java:48) ~[eventbus-6.0.5.jar:?]
	at net.minecraftforge.eventbus.EventBusEngine.processClass(EventBusEngine.java:26) ~[eventbus-6.0.5.jar:?]
	at net.minecraftforge.eventbus.service.ModLauncherService.processClassWithFlags(ModLauncherService.java:32) ~[eventbus-6.0.5.jar:6.0.5+6.0.5+master.eb8e549b]
	at cpw.mods.modlauncher.LaunchPluginHandler.offerClassNodeToPlugins(LaunchPluginHandler.java:88) ~[modlauncher-10.0.9.jar:?]
	at cpw.mods.modlauncher.ClassTransformer.transform(ClassTransformer.java:120) ~[modlauncher-10.0.9.jar:?]
	at cpw.mods.modlauncher.TransformingClassLoader.maybeTransformClassBytes(TransformingClassLoader.java:50) ~[modlauncher-10.0.9.jar:?]
	at cpw.mods.cl.ModuleClassLoader.readerToClass(ModuleClassLoader.java:113) ~[securejarhandler-2.1.10.jar:?]
	at cpw.mods.cl.ModuleClassLoader.lambda$findClass$15(ModuleClassLoader.java:219) ~[securejarhandler-2.1.10.jar:?]
	at cpw.mods.cl.ModuleClassLoader.loadFromModule(ModuleClassLoader.java:229) ~[securejarhandler-2.1.10.jar:?]
	at cpw.mods.cl.ModuleClassLoader.findClass(ModuleClassLoader.java:219) ~[securejarhandler-2.1.10.jar:?]
	at cpw.mods.cl.ModuleClassLoader.loadClass(ModuleClassLoader.java:135) ~[securejarhandler-2.1.10.jar:?]
	at java.lang.ClassLoader.loadClass(ClassLoader.java:525) ~[?:?]
	at gg.essential.model.file.ParticleEffectComponents$EmitterShapeBox$$serializer.childSerializers(ParticlesFile.kt:378) ~[?:?]
	at kotlinx.serialization.internal.PluginGeneratedSerialDescriptor.childSerializers_delegate$lambda$0(PluginGeneratedSerialDescriptor.kt:36) ~[?:?]
	at kotlin.SafePublicationLazyImpl.getValue(LazyJVM.kt:125) ~[?:?]
	at kotlinx.serialization.internal.PluginGeneratedSerialDescriptor.getChildSerializers(PluginGeneratedSerialDescriptor.kt:36) ~[?:?]
	at kotlinx.serialization.internal.PluginGeneratedSerialDescriptor.getElementDescriptor(PluginGeneratedSerialDescriptor.kt:76) ~[?:?]
	at kotlinx.serialization.json.internal.StreamingJsonDecoder.coerceInputValue(StreamingJsonDecoder.kt:423) ~[?:?]
	at kotlinx.serialization.json.internal.StreamingJsonDecoder.decodeObjectIndex(StreamingJsonDecoder.kt:231) ~[?:?]
	at kotlinx.serialization.json.internal.StreamingJsonDecoder.decodeElementIndex(StreamingJsonDecoder.kt:178) ~[?:?]
	at gg.essential.model.file.ParticleEffectComponents$EmitterShapeBox$$serializer.deserialize(ParticlesFile.kt:378) ~[?:?]
	at gg.essential.model.file.ParticleEffectComponents$EmitterShapeBox$$serializer.deserialize(ParticlesFile.kt:378) ~[?:?]
	at kotlinx.serialization.json.internal.StreamingJsonDecoder.decodeSerializableValue(StreamingJsonDecoder.kt:69) ~[?:?]
	at kotlinx.serialization.encoding.AbstractDecoder.decodeSerializableValue(AbstractDecoder.kt:43) ~[?:?]
	at kotlinx.serialization.encoding.AbstractDecoder.decodeNullableSerializableElement(AbstractDecoder.kt:78) ~[?:?]
	at gg.essential.model.file.ParticleEffectComponents$$serializer.deserialize(ParticlesFile.kt:178) ~[?:?]
	at gg.essential.model.file.ParticleEffectComponents$$serializer.deserialize(ParticlesFile.kt:178) ~[?:?]
	at kotlinx.serialization.json.internal.StreamingJsonDecoder.decodeSerializableValue(StreamingJsonDecoder.kt:69) ~[?:?]
	at kotlinx.serialization.encoding.AbstractDecoder.decodeSerializableValue(AbstractDecoder.kt:43) ~[?:?]
	at kotlinx.serialization.encoding.AbstractDecoder.decodeSerializableElement(AbstractDecoder.kt:70) ~[?:?]
	at kotlinx.serialization.json.internal.StreamingJsonDecoder.decodeSerializableElement(StreamingJsonDecoder.kt:168) ~[?:?]
	at gg.essential.model.file.ParticlesFile$ParticleEffect$$serializer.deserialize(ParticlesFile.kt:59) ~[?:?]
	at gg.essential.model.file.ParticlesFile$ParticleEffect$$serializer.deserialize(ParticlesFile.kt:59) ~[?:?]
	at kotlinx.serialization.json.internal.StreamingJsonDecoder.decodeSerializableValue(StreamingJsonDecoder.kt:69) ~[?:?]
	at kotlinx.serialization.encoding.AbstractDecoder.decodeSerializableValue(AbstractDecoder.kt:43) ~[?:?]
	at kotlinx.serialization.encoding.AbstractDecoder.decodeSerializableElement(AbstractDecoder.kt:70) ~[?:?]
	at kotlinx.serialization.json.internal.StreamingJsonDecoder.decodeSerializableElement(StreamingJsonDecoder.kt:168) ~[?:?]
	at gg.essential.model.file.ParticlesFile$$serializer.deserialize(ParticlesFile.kt:52) ~[?:?]
	at gg.essential.model.file.ParticlesFile$$serializer.deserialize(ParticlesFile.kt:52) ~[?:?]
	at kotlinx.serialization.json.internal.StreamingJsonDecoder.decodeSerializableValue(StreamingJsonDecoder.kt:69) ~[?:?]
	at kotlinx.serialization.json.Json.decodeFromString(Json.kt:149) ~[?:?]
	at gg.essential.network.connectionmanager.cosmetics.AssetLoader$JsonAssetType._init_$lambda$2(AssetLoader.kt:353) ~[?:?]
	at gg.essential.network.connectionmanager.cosmetics.AssetLoader.getAsset$lambda$2$0(AssetLoader.kt:86) ~[?:?]
	at gg.essential.network.connectionmanager.cosmetics.AssetLoader.getAsset$lambda$2$1(AssetLoader.kt:84) ~[?:?]
	at java.util.concurrent.CompletableFuture$UniApply.tryFire(CompletableFuture.java:646) ~[?:?]
	at java.util.concurrent.CompletableFuture$Completion.exec(CompletableFuture.java:483) ~[?:?]
	at java.util.concurrent.ForkJoinTask.doExec(ForkJoinTask.java:373) ~[?:?]
	at java.util.concurrent.ForkJoinPool$WorkQueue.topLevelExec(ForkJoinPool.java:1182) ~[?:?]
	at java.util.concurrent.ForkJoinPool.scan(ForkJoinPool.java:1655) ~[?:?]
	at java.util.concurrent.ForkJoinPool.runWorker(ForkJoinPool.java:1622) ~[?:?]
	at java.util.concurrent.ForkJoinWorkerThread.run(ForkJoinWorkerThread.java:165) ~[?:?]
[04:38:40] [ForkJoinPool.commonPool-worker-3/ERROR]: Could not find parent gg/essential/model/file/ParticleEffectComponents$Direction for class gg/essential/model/file/ParticleEffectComponents$Direction$Inwards in classloader jdk.internal.loader.ClassLoaders$AppClassLoader@60f82f98 on thread Thread[ForkJoinPool.commonPool-worker-3,5,main]
[04:38:40] [ForkJoinPool.commonPool-worker-11/ERROR]: Could not find parent gg/essential/model/file/ParticleEffectComponents$Direction for class gg/essential/model/file/ParticleEffectComponents$Direction$Custom in classloader jdk.internal.loader.ClassLoaders$AppClassLoader@60f82f98 on thread Thread[ForkJoinPool.commonPool-worker-11,5,main]
[04:38:40] [ForkJoinPool.commonPool-worker-9/ERROR]: Could not find parent gg/essential/model/molang/QueryExpr for class gg/essential/model/molang/QueryExpr$ModifiedDistanceMoved in classloader jdk.internal.loader.ClassLoaders$AppClassLoader@60f82f98 on thread Thread[ForkJoinPool.commonPool-worker-9,5,main]
[04:38:40] [ForkJoinPool.commonPool-worker-3/ERROR]: An error occurred building event handler
java.lang.ClassNotFoundException: gg.essential.model.file.ParticleEffectComponents$Direction
	at jdk.internal.loader.BuiltinClassLoader.loadClass(BuiltinClassLoader.java:641) ~[?:?]
	at jdk.internal.loader.ClassLoaders$AppClassLoader.loadClass(ClassLoaders.java:188) ~[?:?]
	at java.lang.ClassLoader.loadClass(ClassLoader.java:525) ~[?:?]
	at net.minecraftforge.eventbus.EventSubclassTransformer.buildEvents(EventSubclassTransformer.java:97) ~[eventbus-6.0.5.jar:?]
	at net.minecraftforge.eventbus.EventSubclassTransformer.transform(EventSubclassTransformer.java:48) ~[eventbus-6.0.5.jar:?]
	at net.minecraftforge.eventbus.EventBusEngine.processClass(EventBusEngine.java:26) ~[eventbus-6.0.5.jar:?]
	at net.minecraftforge.eventbus.service.ModLauncherService.processClassWithFlags(ModLauncherService.java:32) ~[eventbus-6.0.5.jar:6.0.5+6.0.5+master.eb8e549b]
	at cpw.mods.modlauncher.LaunchPluginHandler.offerClassNodeToPlugins(LaunchPluginHandler.java:88) ~[modlauncher-10.0.9.jar:?]
	at cpw.mods.modlauncher.ClassTransformer.transform(ClassTransformer.java:120) ~[modlauncher-10.0.9.jar:?]
	at cpw.mods.modlauncher.TransformingClassLoader.maybeTransformClassBytes(TransformingClassLoader.java:50) ~[modlauncher-10.0.9.jar:?]
	at cpw.mods.cl.ModuleClassLoader.readerToClass(ModuleClassLoader.java:113) ~[securejarhandler-2.1.10.jar:?]
	at cpw.mods.cl.ModuleClassLoader.lambda$findClass$15(ModuleClassLoader.java:219) ~[securejarhandler-2.1.10.jar:?]
	at cpw.mods.cl.ModuleClassLoader.loadFromModule(ModuleClassLoader.java:229) ~[securejarhandler-2.1.10.jar:?]
	at cpw.mods.cl.ModuleClassLoader.findClass(ModuleClassLoader.java:219) ~[securejarhandler-2.1.10.jar:?]
	at cpw.mods.cl.ModuleClassLoader.loadClass(ModuleClassLoader.java:135) ~[securejarhandler-2.1.10.jar:?]
	at java.lang.ClassLoader.loadClass(ClassLoader.java:525) ~[?:?]
	at gg.essential.model.file.ParticleEffectComponents$Direction$Serializer.selectDeserializer(ParticlesFile.kt:354) ~[?:?]
	at kotlinx.serialization.json.JsonContentPolymorphicSerializer.deserialize(JsonContentPolymorphicSerializer.kt:93) ~[?:?]
	at kotlinx.serialization.json.internal.StreamingJsonDecoder.decodeSerializableValue(StreamingJsonDecoder.kt:69) ~[?:?]
	at kotlinx.serialization.encoding.AbstractDecoder.decodeSerializableValue(AbstractDecoder.kt:43) ~[?:?]
	at kotlinx.serialization.encoding.AbstractDecoder.decodeSerializableElement(AbstractDecoder.kt:70) ~[?:?]
	at kotlinx.serialization.json.internal.StreamingJsonDecoder.decodeSerializableElement(StreamingJsonDecoder.kt:168) ~[?:?]
	at gg.essential.model.file.ParticleEffectComponents$EmitterShapeBox$$serializer.deserialize(ParticlesFile.kt:378) ~[?:?]
	at gg.essential.model.file.ParticleEffectComponents$EmitterShapeBox$$serializer.deserialize(ParticlesFile.kt:378) ~[?:?]
	at kotlinx.serialization.json.internal.StreamingJsonDecoder.decodeSerializableValue(StreamingJsonDecoder.kt:69) ~[?:?]
	at kotlinx.serialization.encoding.AbstractDecoder.decodeSerializableValue(AbstractDecoder.kt:43) ~[?:?]
	at kotlinx.serialization.encoding.AbstractDecoder.decodeNullableSerializableElement(AbstractDecoder.kt:78) ~[?:?]
	at gg.essential.model.file.ParticleEffectComponents$$serializer.deserialize(ParticlesFile.kt:178) ~[?:?]
	at gg.essential.model.file.ParticleEffectComponents$$serializer.deserialize(ParticlesFile.kt:178) ~[?:?]
	at kotlinx.serialization.json.internal.StreamingJsonDecoder.decodeSerializableValue(StreamingJsonDecoder.kt:69) ~[?:?]
	at kotlinx.serialization.encoding.AbstractDecoder.decodeSerializableValue(AbstractDecoder.kt:43) ~[?:?]
	at kotlinx.serialization.encoding.AbstractDecoder.decodeSerializableElement(AbstractDecoder.kt:70) ~[?:?]
	at kotlinx.serialization.json.internal.StreamingJsonDecoder.decodeSerializableElement(StreamingJsonDecoder.kt:168) ~[?:?]
	at gg.essential.model.file.ParticlesFile$ParticleEffect$$serializer.deserialize(ParticlesFile.kt:59) ~[?:?]
	at gg.essential.model.file.ParticlesFile$ParticleEffect$$serializer.deserialize(ParticlesFile.kt:59) ~[?:?]
	at kotlinx.serialization.json.internal.StreamingJsonDecoder.decodeSerializableValue(StreamingJsonDecoder.kt:69) ~[?:?]
	at kotlinx.serialization.encoding.AbstractDecoder.decodeSerializableValue(AbstractDecoder.kt:43) ~[?:?]
	at kotlinx.serialization.encoding.AbstractDecoder.decodeSerializableElement(AbstractDecoder.kt:70) ~[?:?]
	at kotlinx.serialization.json.internal.StreamingJsonDecoder.decodeSerializableElement(StreamingJsonDecoder.kt:168) ~[?:?]
	at gg.essential.model.file.ParticlesFile$$serializer.deserialize(ParticlesFile.kt:52) ~[?:?]
	at gg.essential.model.file.ParticlesFile$$serializer.deserialize(ParticlesFile.kt:52) ~[?:?]
	at kotlinx.serialization.json.internal.StreamingJsonDecoder.decodeSerializableValue(StreamingJsonDecoder.kt:69) ~[?:?]
	at kotlinx.serialization.json.Json.decodeFromString(Json.kt:149) ~[?:?]
	at gg.essential.network.connectionmanager.cosmetics.AssetLoader$JsonAssetType._init_$lambda$2(AssetLoader.kt:353) ~[?:?]
	at gg.essential.network.connectionmanager.cosmetics.AssetLoader.getAsset$lambda$2$0(AssetLoader.kt:86) ~[?:?]
	at gg.essential.network.connectionmanager.cosmetics.AssetLoader.getAsset$lambda$2$1(AssetLoader.kt:84) ~[?:?]
	at java.util.concurrent.CompletableFuture$UniApply.tryFire(CompletableFuture.java:646) ~[?:?]
	at java.util.concurrent.CompletableFuture$Completion.exec(CompletableFuture.java:483) ~[?:?]
	at java.util.concurrent.ForkJoinTask.doExec(ForkJoinTask.java:373) ~[?:?]
	at java.util.concurrent.ForkJoinPool$WorkQueue.topLevelExec(ForkJoinPool.java:1182) ~[?:?]
	at java.util.concurrent.ForkJoinPool.scan(ForkJoinPool.java:1655) ~[?:?]
	at java.util.concurrent.ForkJoinPool.runWorker(ForkJoinPool.java:1622) ~[?:?]
	at java.util.concurrent.ForkJoinWorkerThread.run(ForkJoinWorkerThread.java:165) ~[?:?]
[04:38:40] [ForkJoinPool.commonPool-worker-11/ERROR]: An error occurred building event handler
java.lang.ClassNotFoundException: gg.essential.model.file.ParticleEffectComponents$Direction
	at jdk.internal.loader.BuiltinClassLoader.loadClass(BuiltinClassLoader.java:641) ~[?:?]
	at jdk.internal.loader.ClassLoaders$AppClassLoader.loadClass(ClassLoaders.java:188) ~[?:?]
	at java.lang.ClassLoader.loadClass(ClassLoader.java:525) ~[?:?]
	at net.minecraftforge.eventbus.EventSubclassTransformer.buildEvents(EventSubclassTransformer.java:97) ~[eventbus-6.0.5.jar:?]
	at net.minecraftforge.eventbus.EventSubclassTransformer.transform(EventSubclassTransformer.java:48) ~[eventbus-6.0.5.jar:?]
	at net.minecraftforge.eventbus.EventBusEngine.processClass(EventBusEngine.java:26) ~[eventbus-6.0.5.jar:?]
	at net.minecraftforge.eventbus.service.ModLauncherService.processClassWithFlags(ModLauncherService.java:32) ~[eventbus-6.0.5.jar:6.0.5+6.0.5+master.eb8e549b]
	at cpw.mods.modlauncher.LaunchPluginHandler.offerClassNodeToPlugins(LaunchPluginHandler.java:88) ~[modlauncher-10.0.9.jar:?]
	at cpw.mods.modlauncher.ClassTransformer.transform(ClassTransformer.java:120) ~[modlauncher-10.0.9.jar:?]
	at cpw.mods.modlauncher.TransformingClassLoader.maybeTransformClassBytes(TransformingClassLoader.java:50) ~[modlauncher-10.0.9.jar:?]
	at cpw.mods.cl.ModuleClassLoader.readerToClass(ModuleClassLoader.java:113) ~[securejarhandler-2.1.10.jar:?]
	at cpw.mods.cl.ModuleClassLoader.lambda$findClass$15(ModuleClassLoader.java:219) ~[securejarhandler-2.1.10.jar:?]
	at cpw.mods.cl.ModuleClassLoader.loadFromModule(ModuleClassLoader.java:229) ~[securejarhandler-2.1.10.jar:?]
	at cpw.mods.cl.ModuleClassLoader.findClass(ModuleClassLoader.java:219) ~[securejarhandler-2.1.10.jar:?]
	at cpw.mods.cl.ModuleClassLoader.loadClass(ModuleClassLoader.java:135) ~[securejarhandler-2.1.10.jar:?]
	at java.lang.ClassLoader.loadClass(ClassLoader.java:525) ~[?:?]
	at gg.essential.model.file.ParticleEffectComponents$Direction$Serializer.selectDeserializer(ParticlesFile.kt:356) ~[?:?]
	at kotlinx.serialization.json.JsonContentPolymorphicSerializer.deserialize(JsonContentPolymorphicSerializer.kt:93) ~[?:?]
	at kotlinx.serialization.json.internal.StreamingJsonDecoder.decodeSerializableValue(StreamingJsonDecoder.kt:69) ~[?:?]
	at kotlinx.serialization.encoding.AbstractDecoder.decodeSerializableValue(AbstractDecoder.kt:43) ~[?:?]
	at kotlinx.serialization.encoding.AbstractDecoder.decodeSerializableElement(AbstractDecoder.kt:70) ~[?:?]
	at kotlinx.serialization.json.internal.StreamingJsonDecoder.decodeSerializableElement(StreamingJsonDecoder.kt:168) ~[?:?]
	at gg.essential.model.file.ParticleEffectComponents$EmitterShapeBox$$serializer.deserialize(ParticlesFile.kt:378) ~[?:?]
	at gg.essential.model.file.ParticleEffectComponents$EmitterShapeBox$$serializer.deserialize(ParticlesFile.kt:378) ~[?:?]
	at kotlinx.serialization.json.internal.StreamingJsonDecoder.decodeSerializableValue(StreamingJsonDecoder.kt:69) ~[?:?]
	at kotlinx.serialization.encoding.AbstractDecoder.decodeSerializableValue(AbstractDecoder.kt:43) ~[?:?]
	at kotlinx.serialization.encoding.AbstractDecoder.decodeNullableSerializableElement(AbstractDecoder.kt:78) ~[?:?]
	at gg.essential.model.file.ParticleEffectComponents$$serializer.deserialize(ParticlesFile.kt:178) ~[?:?]
	at gg.essential.model.file.ParticleEffectComponents$$serializer.deserialize(ParticlesFile.kt:178) ~[?:?]
	at kotlinx.serialization.json.internal.StreamingJsonDecoder.decodeSerializableValue(StreamingJsonDecoder.kt:69) ~[?:?]
	at kotlinx.serialization.encoding.AbstractDecoder.decodeSerializableValue(AbstractDecoder.kt:43) ~[?:?]
	at kotlinx.serialization.encoding.AbstractDecoder.decodeSerializableElement(AbstractDecoder.kt:70) ~[?:?]
	at kotlinx.serialization.json.internal.StreamingJsonDecoder.decodeSerializableElement(StreamingJsonDecoder.kt:168) ~[?:?]
	at gg.essential.model.file.ParticlesFile$ParticleEffect$$serializer.deserialize(ParticlesFile.kt:59) ~[?:?]
	at gg.essential.model.file.ParticlesFile$ParticleEffect$$serializer.deserialize(ParticlesFile.kt:59) ~[?:?]
	at kotlinx.serialization.json.internal.StreamingJsonDecoder.decodeSerializableValue(StreamingJsonDecoder.kt:69) ~[?:?]
	at kotlinx.serialization.encoding.AbstractDecoder.decodeSerializableValue(AbstractDecoder.kt:43) ~[?:?]
	at kotlinx.serialization.encoding.AbstractDecoder.decodeSerializableElement(AbstractDecoder.kt:70) ~[?:?]
	at kotlinx.serialization.json.internal.StreamingJsonDecoder.decodeSerializableElement(StreamingJsonDecoder.kt:168) ~[?:?]
	at gg.essential.model.file.ParticlesFile$$serializer.deserialize(ParticlesFile.kt:52) ~[?:?]
	at gg.essential.model.file.ParticlesFile$$serializer.deserialize(ParticlesFile.kt:52) ~[?:?]
	at kotlinx.serialization.json.internal.StreamingJsonDecoder.decodeSerializableValue(StreamingJsonDecoder.kt:69) ~[?:?]
	at kotlinx.serialization.json.Json.decodeFromString(Json.kt:149) ~[?:?]
	at gg.essential.network.connectionmanager.cosmetics.AssetLoader$JsonAssetType._init_$lambda$2(AssetLoader.kt:353) ~[?:?]
	at gg.essential.network.connectionmanager.cosmetics.AssetLoader.getAsset$lambda$2$0(AssetLoader.kt:86) ~[?:?]
	at gg.essential.network.connectionmanager.cosmetics.AssetLoader.getAsset$lambda$2$1(AssetLoader.kt:84) ~[?:?]
	at java.util.concurrent.CompletableFuture$UniApply.tryFire(CompletableFuture.java:646) ~[?:?]
	at java.util.concurrent.CompletableFuture$Completion.exec(CompletableFuture.java:483) ~[?:?]
	at java.util.concurrent.ForkJoinTask.doExec(ForkJoinTask.java:373) ~[?:?]
	at java.util.concurrent.ForkJoinPool$WorkQueue.topLevelExec(ForkJoinPool.java:1182) ~[?:?]
	at java.util.concurrent.ForkJoinPool.scan(ForkJoinPool.java:1655) ~[?:?]
	at java.util.concurrent.ForkJoinPool.runWorker(ForkJoinPool.java:1622) ~[?:?]
	at java.util.concurrent.ForkJoinWorkerThread.run(ForkJoinWorkerThread.java:165) ~[?:?]
[04:38:40] [ForkJoinPool.commonPool-worker-12/ERROR]: Could not find parent gg/essential/model/molang/QueryExpr for class gg/essential/model/molang/QueryExpr$AnimTime in classloader jdk.internal.loader.ClassLoaders$AppClassLoader@60f82f98 on thread Thread[ForkJoinPool.commonPool-worker-12,5,main]
[04:38:40] [ForkJoinPool.commonPool-worker-3/ERROR]: Could not find parent gg/essential/model/file/ParticleEffectComponents$Direction$ObjectAsString for class gg/essential/model/file/ParticleEffectComponents$Direction$InwardsSerializer in classloader jdk.internal.loader.ClassLoaders$AppClassLoader@60f82f98 on thread Thread[ForkJoinPool.commonPool-worker-3,5,main]
[04:38:40] [ForkJoinPool.commonPool-worker-14/ERROR]: Could not find parent gg/essential/model/file/ParticleEffectComponents$Direction for class gg/essential/model/file/ParticleEffectComponents$Direction$Outwards in classloader jdk.internal.loader.ClassLoaders$AppClassLoader@60f82f98 on thread Thread[ForkJoinPool.commonPool-worker-14,5,main]
[04:38:40] [ForkJoinPool.commonPool-worker-14/ERROR]: An error occurred building event handler
java.lang.ClassNotFoundException: gg.essential.model.file.ParticleEffectComponents$Direction
	at jdk.internal.loader.BuiltinClassLoader.loadClass(BuiltinClassLoader.java:641) ~[?:?]
	at jdk.internal.loader.ClassLoaders$AppClassLoader.loadClass(ClassLoaders.java:188) ~[?:?]
	at java.lang.ClassLoader.loadClass(ClassLoader.java:525) ~[?:?]
	at net.minecraftforge.eventbus.EventSubclassTransformer.buildEvents(EventSubclassTransformer.java:97) ~[eventbus-6.0.5.jar:?]
	at net.minecraftforge.eventbus.EventSubclassTransformer.transform(EventSubclassTransformer.java:48) ~[eventbus-6.0.5.jar:?]
	at net.minecraftforge.eventbus.EventBusEngine.processClass(EventBusEngine.java:26) ~[eventbus-6.0.5.jar:?]
	at net.minecraftforge.eventbus.service.ModLauncherService.processClassWithFlags(ModLauncherService.java:32) ~[eventbus-6.0.5.jar:6.0.5+6.0.5+master.eb8e549b]
	at cpw.mods.modlauncher.LaunchPluginHandler.offerClassNodeToPlugins(LaunchPluginHandler.java:88) ~[modlauncher-10.0.9.jar:?]
	at cpw.mods.modlauncher.ClassTransformer.transform(ClassTransformer.java:120) ~[modlauncher-10.0.9.jar:?]
	at cpw.mods.modlauncher.TransformingClassLoader.maybeTransformClassBytes(TransformingClassLoader.java:50) ~[modlauncher-10.0.9.jar:?]
	at cpw.mods.cl.ModuleClassLoader.readerToClass(ModuleClassLoader.java:113) ~[securejarhandler-2.1.10.jar:?]
	at cpw.mods.cl.ModuleClassLoader.lambda$findClass$15(ModuleClassLoader.java:219) ~[securejarhandler-2.1.10.jar:?]
	at cpw.mods.cl.ModuleClassLoader.loadFromModule(ModuleClassLoader.java:229) ~[securejarhandler-2.1.10.jar:?]
	at cpw.mods.cl.ModuleClassLoader.findClass(ModuleClassLoader.java:219) ~[securejarhandler-2.1.10.jar:?]
	at cpw.mods.cl.ModuleClassLoader.loadClass(ModuleClassLoader.java:135) ~[securejarhandler-2.1.10.jar:?]
	at java.lang.ClassLoader.loadClass(ClassLoader.java:525) ~[?:?]
	at gg.essential.model.file.ParticleEffectComponents$EmitterShapeBox.<init>(ParticlesFile.kt:389) ~[?:?]
	at gg.essential.model.file.ParticleEffectComponents$EmitterShapeBox$$serializer.deserialize(ParticlesFile.kt:378) ~[?:?]
	at gg.essential.model.file.ParticleEffectComponents$EmitterShapeBox$$serializer.deserialize(ParticlesFile.kt:378) ~[?:?]
	at kotlinx.serialization.json.internal.StreamingJsonDecoder.decodeSerializableValue(StreamingJsonDecoder.kt:69) ~[?:?]
	at kotlinx.serialization.encoding.AbstractDecoder.decodeSerializableValue(AbstractDecoder.kt:43) ~[?:?]
	at kotlinx.serialization.encoding.AbstractDecoder.decodeNullableSerializableElement(AbstractDecoder.kt:78) ~[?:?]
	at gg.essential.model.file.ParticleEffectComponents$$serializer.deserialize(ParticlesFile.kt:178) ~[?:?]
	at gg.essential.model.file.ParticleEffectComponents$$serializer.deserialize(ParticlesFile.kt:178) ~[?:?]
	at kotlinx.serialization.json.internal.StreamingJsonDecoder.decodeSerializableValue(StreamingJsonDecoder.kt:69) ~[?:?]
	at kotlinx.serialization.encoding.AbstractDecoder.decodeSerializableValue(AbstractDecoder.kt:43) ~[?:?]
	at kotlinx.serialization.encoding.AbstractDecoder.decodeSerializableElement(AbstractDecoder.kt:70) ~[?:?]
	at kotlinx.serialization.json.internal.StreamingJsonDecoder.decodeSerializableElement(StreamingJsonDecoder.kt:168) ~[?:?]
	at gg.essential.model.file.ParticlesFile$ParticleEffect$$serializer.deserialize(ParticlesFile.kt:59) ~[?:?]
	at gg.essential.model.file.ParticlesFile$ParticleEffect$$serializer.deserialize(ParticlesFile.kt:59) ~[?:?]
	at kotlinx.serialization.json.internal.StreamingJsonDecoder.decodeSerializableValue(StreamingJsonDecoder.kt:69) ~[?:?]
	at kotlinx.serialization.encoding.AbstractDecoder.decodeSerializableValue(AbstractDecoder.kt:43) ~[?:?]
	at kotlinx.serialization.encoding.AbstractDecoder.decodeSerializableElement(AbstractDecoder.kt:70) ~[?:?]
	at kotlinx.serialization.json.internal.StreamingJsonDecoder.decodeSerializableElement(StreamingJsonDecoder.kt:168) ~[?:?]
	at gg.essential.model.file.ParticlesFile$$serializer.deserialize(ParticlesFile.kt:52) ~[?:?]
	at gg.essential.model.file.ParticlesFile$$serializer.deserialize(ParticlesFile.kt:52) ~[?:?]
	at kotlinx.serialization.json.internal.StreamingJsonDecoder.decodeSerializableValue(StreamingJsonDecoder.kt:69) ~[?:?]
	at kotlinx.serialization.json.Json.decodeFromString(Json.kt:149) ~[?:?]
	at gg.essential.network.connectionmanager.cosmetics.AssetLoader$JsonAssetType._init_$lambda$2(AssetLoader.kt:353) ~[?:?]
	at gg.essential.network.connectionmanager.cosmetics.AssetLoader.getAsset$lambda$2$0(AssetLoader.kt:86) ~[?:?]
	at gg.essential.network.connectionmanager.cosmetics.AssetLoader.getAsset$lambda$2$1(AssetLoader.kt:84) ~[?:?]
	at java.util.concurrent.CompletableFuture$UniApply.tryFire(CompletableFuture.java:646) ~[?:?]
	at java.util.concurrent.CompletableFuture$Completion.exec(CompletableFuture.java:483) ~[?:?]
	at java.util.concurrent.ForkJoinTask.doExec(ForkJoinTask.java:373) ~[?:?]
	at java.util.concurrent.ForkJoinPool$WorkQueue.topLevelExec(ForkJoinPool.java:1182) ~[?:?]
	at java.util.concurrent.ForkJoinPool.scan(ForkJoinPool.java:1655) ~[?:?]
	at java.util.concurrent.ForkJoinPool.runWorker(ForkJoinPool.java:1622) ~[?:?]
	at java.util.concurrent.ForkJoinWorkerThread.run(ForkJoinWorkerThread.java:165) ~[?:?]
[04:38:40] [ForkJoinPool.commonPool-worker-3/ERROR]: An error occurred building event handler
java.lang.ClassNotFoundException: gg.essential.model.file.ParticleEffectComponents$Direction$ObjectAsString
	at jdk.internal.loader.BuiltinClassLoader.loadClass(BuiltinClassLoader.java:641) ~[?:?]
	at jdk.internal.loader.ClassLoaders$AppClassLoader.loadClass(ClassLoaders.java:188) ~[?:?]
	at java.lang.ClassLoader.loadClass(ClassLoader.java:525) ~[?:?]
	at net.minecraftforge.eventbus.EventSubclassTransformer.buildEvents(EventSubclassTransformer.java:97) ~[eventbus-6.0.5.jar:?]
	at net.minecraftforge.eventbus.EventSubclassTransformer.transform(EventSubclassTransformer.java:48) ~[eventbus-6.0.5.jar:?]
	at net.minecraftforge.eventbus.EventBusEngine.processClass(EventBusEngine.java:26) ~[eventbus-6.0.5.jar:?]
	at net.minecraftforge.eventbus.service.ModLauncherService.processClassWithFlags(ModLauncherService.java:32) ~[eventbus-6.0.5.jar:6.0.5+6.0.5+master.eb8e549b]
	at cpw.mods.modlauncher.LaunchPluginHandler.offerClassNodeToPlugins(LaunchPluginHandler.java:88) ~[modlauncher-10.0.9.jar:?]
	at cpw.mods.modlauncher.ClassTransformer.transform(ClassTransformer.java:120) ~[modlauncher-10.0.9.jar:?]
	at cpw.mods.modlauncher.TransformingClassLoader.maybeTransformClassBytes(TransformingClassLoader.java:50) ~[modlauncher-10.0.9.jar:?]
	at cpw.mods.cl.ModuleClassLoader.readerToClass(ModuleClassLoader.java:113) ~[securejarhandler-2.1.10.jar:?]
	at cpw.mods.cl.ModuleClassLoader.lambda$findClass$15(ModuleClassLoader.java:219) ~[securejarhandler-2.1.10.jar:?]
	at cpw.mods.cl.ModuleClassLoader.loadFromModule(ModuleClassLoader.java:229) ~[securejarhandler-2.1.10.jar:?]
	at cpw.mods.cl.ModuleClassLoader.findClass(ModuleClassLoader.java:219) ~[securejarhandler-2.1.10.jar:?]
	at cpw.mods.cl.ModuleClassLoader.loadClass(ModuleClassLoader.java:135) ~[securejarhandler-2.1.10.jar:?]
	at java.lang.ClassLoader.loadClass(ClassLoader.java:525) ~[?:?]
	at gg.essential.model.file.ParticleEffectComponents$Direction$Inwards.serializer(ParticlesFile.kt:343) ~[?:?]
	at gg.essential.model.file.ParticleEffectComponents$Direction$Serializer.selectDeserializer(ParticlesFile.kt:354) ~[?:?]
	at kotlinx.serialization.json.JsonContentPolymorphicSerializer.deserialize(JsonContentPolymorphicSerializer.kt:93) ~[?:?]
	at kotlinx.serialization.json.internal.StreamingJsonDecoder.decodeSerializableValue(StreamingJsonDecoder.kt:69) ~[?:?]
	at kotlinx.serialization.encoding.AbstractDecoder.decodeSerializableValue(AbstractDecoder.kt:43) ~[?:?]
	at kotlinx.serialization.encoding.AbstractDecoder.decodeSerializableElement(AbstractDecoder.kt:70) ~[?:?]
	at kotlinx.serialization.json.internal.StreamingJsonDecoder.decodeSerializableElement(StreamingJsonDecoder.kt:168) ~[?:?]
	at gg.essential.model.file.ParticleEffectComponents$EmitterShapeBox$$serializer.deserialize(ParticlesFile.kt:378) ~[?:?]
	at gg.essential.model.file.ParticleEffectComponents$EmitterShapeBox$$serializer.deserialize(ParticlesFile.kt:378) ~[?:?]
	at kotlinx.serialization.json.internal.StreamingJsonDecoder.decodeSerializableValue(StreamingJsonDecoder.kt:69) ~[?:?]
	at kotlinx.serialization.encoding.AbstractDecoder.decodeSerializableValue(AbstractDecoder.kt:43) ~[?:?]
	at kotlinx.serialization.encoding.AbstractDecoder.decodeNullableSerializableElement(AbstractDecoder.kt:78) ~[?:?]
	at gg.essential.model.file.ParticleEffectComponents$$serializer.deserialize(ParticlesFile.kt:178) ~[?:?]
	at gg.essential.model.file.ParticleEffectComponents$$serializer.deserialize(ParticlesFile.kt:178) ~[?:?]
	at kotlinx.serialization.json.internal.StreamingJsonDecoder.decodeSerializableValue(StreamingJsonDecoder.kt:69) ~[?:?]
	at kotlinx.serialization.encoding.AbstractDecoder.decodeSerializableValue(AbstractDecoder.kt:43) ~[?:?]
	at kotlinx.serialization.encoding.AbstractDecoder.decodeSerializableElement(AbstractDecoder.kt:70) ~[?:?]
	at kotlinx.serialization.json.internal.StreamingJsonDecoder.decodeSerializableElement(StreamingJsonDecoder.kt:168) ~[?:?]
	at gg.essential.model.file.ParticlesFile$ParticleEffect$$serializer.deserialize(ParticlesFile.kt:59) ~[?:?]
	at gg.essential.model.file.ParticlesFile$ParticleEffect$$serializer.deserialize(ParticlesFile.kt:59) ~[?:?]
	at kotlinx.serialization.json.internal.StreamingJsonDecoder.decodeSerializableValue(StreamingJsonDecoder.kt:69) ~[?:?]
	at kotlinx.serialization.encoding.AbstractDecoder.decodeSerializableValue(AbstractDecoder.kt:43) ~[?:?]
	at kotlinx.serialization.encoding.AbstractDecoder.decodeSerializableElement(AbstractDecoder.kt:70) ~[?:?]
	at kotlinx.serialization.json.internal.StreamingJsonDecoder.decodeSerializableElement(StreamingJsonDecoder.kt:168) ~[?:?]
	at gg.essential.model.file.ParticlesFile$$serializer.deserialize(ParticlesFile.kt:52) ~[?:?]
	at gg.essential.model.file.ParticlesFile$$serializer.deserialize(ParticlesFile.kt:52) ~[?:?]
	at kotlinx.serialization.json.internal.StreamingJsonDecoder.decodeSerializableValue(StreamingJsonDecoder.kt:69) ~[?:?]
	at kotlinx.serialization.json.Json.decodeFromString(Json.kt:149) ~[?:?]
	at gg.essential.network.connectionmanager.cosmetics.AssetLoader$JsonAssetType._init_$lambda$2(AssetLoader.kt:353) ~[?:?]
	at gg.essential.network.connectionmanager.cosmetics.AssetLoader.getAsset$lambda$2$0(AssetLoader.kt:86) ~[?:?]
	at gg.essential.network.connectionmanager.cosmetics.AssetLoader.getAsset$lambda$2$1(AssetLoader.kt:84) ~[?:?]
	at java.util.concurrent.CompletableFuture$UniApply.tryFire(CompletableFuture.java:646) ~[?:?]
	at java.util.concurrent.CompletableFuture$Completion.exec(CompletableFuture.java:483) ~[?:?]
	at java.util.concurrent.ForkJoinTask.doExec(ForkJoinTask.java:373) ~[?:?]
	at java.util.concurrent.ForkJoinPool$WorkQueue.topLevelExec(ForkJoinPool.java:1182) ~[?:?]
	at java.util.concurrent.ForkJoinPool.scan(ForkJoinPool.java:1655) ~[?:?]
	at java.util.concurrent.ForkJoinPool.runWorker(ForkJoinPool.java:1622) ~[?:?]
	at java.util.concurrent.ForkJoinWorkerThread.run(ForkJoinWorkerThread.java:165) ~[?:?]
[04:38:40] [ForkJoinPool.commonPool-worker-5/ERROR]: Could not find parent gg/essential/mod/cosmetics/featured/BaseDivider for class gg/essential/mod/cosmetics/featured/TextDivider in classloader jdk.internal.loader.ClassLoaders$AppClassLoader@60f82f98 on thread Thread[ForkJoinPool.commonPool-worker-5,5,main]
[04:38:40] [ForkJoinPool.commonPool-worker-3/ERROR]: Could not find parent kotlinx/serialization/json/JsonTransformingSerializer for class gg/essential/model/util/PairAsListSerializer in classloader jdk.internal.loader.ClassLoaders$AppClassLoader@60f82f98 on thread Thread[ForkJoinPool.commonPool-worker-3,5,main]
[04:38:40] [ForkJoinPool.commonPool-worker-5/ERROR]: An error occurred building event handler
java.lang.ClassNotFoundException: gg.essential.mod.cosmetics.featured.BaseDivider
	at jdk.internal.loader.BuiltinClassLoader.loadClass(BuiltinClassLoader.java:641) ~[?:?]
	at jdk.internal.loader.ClassLoaders$AppClassLoader.loadClass(ClassLoaders.java:188) ~[?:?]
	at java.lang.ClassLoader.loadClass(ClassLoader.java:525) ~[?:?]
	at net.minecraftforge.eventbus.EventSubclassTransformer.buildEvents(EventSubclassTransformer.java:97) ~[eventbus-6.0.5.jar:?]
	at net.minecraftforge.eventbus.EventSubclassTransformer.transform(EventSubclassTransformer.java:48) ~[eventbus-6.0.5.jar:?]
	at net.minecraftforge.eventbus.EventBusEngine.processClass(EventBusEngine.java:26) ~[eventbus-6.0.5.jar:?]
	at net.minecraftforge.eventbus.service.ModLauncherService.processClassWithFlags(ModLauncherService.java:32) ~[eventbus-6.0.5.jar:6.0.5+6.0.5+master.eb8e549b]
	at cpw.mods.modlauncher.LaunchPluginHandler.offerClassNodeToPlugins(LaunchPluginHandler.java:88) ~[modlauncher-10.0.9.jar:?]
	at cpw.mods.modlauncher.ClassTransformer.transform(ClassTransformer.java:120) ~[modlauncher-10.0.9.jar:?]
	at cpw.mods.modlauncher.TransformingClassLoader.maybeTransformClassBytes(TransformingClassLoader.java:50) ~[modlauncher-10.0.9.jar:?]
	at cpw.mods.cl.ModuleClassLoader.readerToClass(ModuleClassLoader.java:113) ~[securejarhandler-2.1.10.jar:?]
	at cpw.mods.cl.ModuleClassLoader.lambda$findClass$15(ModuleClassLoader.java:219) ~[securejarhandler-2.1.10.jar:?]
	at cpw.mods.cl.ModuleClassLoader.loadFromModule(ModuleClassLoader.java:229) ~[securejarhandler-2.1.10.jar:?]
	at cpw.mods.cl.ModuleClassLoader.findClass(ModuleClassLoader.java:219) ~[securejarhandler-2.1.10.jar:?]
	at cpw.mods.cl.ModuleClassLoader.loadClass(ModuleClassLoader.java:135) ~[securejarhandler-2.1.10.jar:?]
	at java.lang.ClassLoader.loadClass(ClassLoader.java:525) ~[?:?]
	at gg.essential.mod.cosmetics.featured.FeaturedPageSerializer.deserialize$convertToDividerList(featuredPage.kt:57) ~[?:?]
	at gg.essential.mod.cosmetics.featured.FeaturedPageSerializer.deserialize(featuredPage.kt:61) ~[?:?]
	at gg.essential.mod.cosmetics.featured.FeaturedPageSerializer.deserialize(featuredPage.kt:46) ~[?:?]
	at kotlinx.serialization.json.internal.StreamingJsonDecoder.decodeSerializableValue(StreamingJsonDecoder.kt:69) ~[?:?]
	at kotlinx.serialization.encoding.AbstractDecoder.decodeSerializableValue(AbstractDecoder.kt:43) ~[?:?]
	at kotlinx.serialization.encoding.AbstractDecoder.decodeSerializableElement(AbstractDecoder.kt:70) ~[?:?]
	at kotlinx.serialization.json.internal.StreamingJsonDecoder.decodeSerializableElement(StreamingJsonDecoder.kt:168) ~[?:?]
	at kotlinx.serialization.encoding.CompositeDecoder.decodeSerializableElement$default(Decoding.kt:539) ~[?:?]
	at kotlinx.serialization.internal.MapLikeSerializer.readElement(CollectionSerializers.kt:111) ~[?:?]
	at kotlinx.serialization.internal.MapLikeSerializer.readElement(CollectionSerializers.kt:84) ~[?:?]
	at kotlinx.serialization.internal.AbstractCollectionSerializer.readElement$default(CollectionSerializers.kt:51) ~[?:?]
	at kotlinx.serialization.internal.AbstractCollectionSerializer.merge(CollectionSerializers.kt:36) ~[?:?]
	at kotlinx.serialization.internal.AbstractCollectionSerializer.deserialize(CollectionSerializers.kt:43) ~[?:?]
	at kotlinx.serialization.json.internal.StreamingJsonDecoder.decodeSerializableValue(StreamingJsonDecoder.kt:69) ~[?:?]
	at kotlinx.serialization.encoding.AbstractDecoder.decodeSerializableValue(AbstractDecoder.kt:43) ~[?:?]
	at kotlinx.serialization.encoding.AbstractDecoder.decodeSerializableElement(AbstractDecoder.kt:70) ~[?:?]
	at kotlinx.serialization.json.internal.StreamingJsonDecoder.decodeSerializableElement(StreamingJsonDecoder.kt:168) ~[?:?]
	at gg.essential.mod.cosmetics.featured.FeaturedPageCollection$$serializer.deserialize(FeaturedPageCollection.kt:24) ~[?:?]
	at gg.essential.mod.cosmetics.featured.FeaturedPageCollection$$serializer.deserialize(FeaturedPageCollection.kt:24) ~[?:?]
	at kotlinx.serialization.json.internal.StreamingJsonDecoder.decodeSerializableValue(StreamingJsonDecoder.kt:69) ~[?:?]
	at kotlinx.serialization.json.Json.decodeFromString(Json.kt:149) ~[?:?]
	at gg.essential.network.connectionmanager.cosmetics.AssetLoader$JsonAssetType._init_$lambda$2(AssetLoader.kt:353) ~[?:?]
	at gg.essential.network.connectionmanager.cosmetics.AssetLoader.getAsset$lambda$2$0(AssetLoader.kt:86) ~[?:?]
	at gg.essential.network.connectionmanager.cosmetics.AssetLoader.getAsset$lambda$2$1(AssetLoader.kt:84) ~[?:?]
	at java.util.concurrent.CompletableFuture$UniApply.tryFire(CompletableFuture.java:646) ~[?:?]
	at java.util.concurrent.CompletableFuture$Completion.exec(CompletableFuture.java:483) ~[?:?]
	at java.util.concurrent.ForkJoinTask.doExec(ForkJoinTask.java:373) ~[?:?]
	at java.util.concurrent.ForkJoinPool$WorkQueue.topLevelExec(ForkJoinPool.java:1182) ~[?:?]
	at java.util.concurrent.ForkJoinPool.scan(ForkJoinPool.java:1655) ~[?:?]
	at java.util.concurrent.ForkJoinPool.runWorker(ForkJoinPool.java:1622) ~[?:?]
	at java.util.concurrent.ForkJoinWorkerThread.run(ForkJoinWorkerThread.java:165) ~[?:?]
[04:38:40] [ForkJoinPool.commonPool-worker-9/ERROR]: An error occurred building event handler
java.lang.ClassNotFoundException: gg.essential.model.molang.QueryExpr
	at jdk.internal.loader.BuiltinClassLoader.loadClass(BuiltinClassLoader.java:641) ~[?:?]
	at jdk.internal.loader.ClassLoaders$AppClassLoader.loadClass(ClassLoaders.java:188) ~[?:?]
	at java.lang.ClassLoader.loadClass(ClassLoader.java:525) ~[?:?]
	at net.minecraftforge.eventbus.EventSubclassTransformer.buildEvents(EventSubclassTransformer.java:97) ~[eventbus-6.0.5.jar:?]
	at net.minecraftforge.eventbus.EventSubclassTransformer.transform(EventSubclassTransformer.java:48) ~[eventbus-6.0.5.jar:?]
	at net.minecraftforge.eventbus.EventBusEngine.processClass(EventBusEngine.java:26) ~[eventbus-6.0.5.jar:?]
	at net.minecraftforge.eventbus.service.ModLauncherService.processClassWithFlags(ModLauncherService.java:32) ~[eventbus-6.0.5.jar:6.0.5+6.0.5+master.eb8e549b]
	at cpw.mods.modlauncher.LaunchPluginHandler.offerClassNodeToPlugins(LaunchPluginHandler.java:88) ~[modlauncher-10.0.9.jar:?]
	at cpw.mods.modlauncher.ClassTransformer.transform(ClassTransformer.java:120) ~[modlauncher-10.0.9.jar:?]
	at cpw.mods.modlauncher.TransformingClassLoader.maybeTransformClassBytes(TransformingClassLoader.java:50) ~[modlauncher-10.0.9.jar:?]
	at cpw.mods.cl.ModuleClassLoader.readerToClass(ModuleClassLoader.java:113) ~[securejarhandler-2.1.10.jar:?]
	at cpw.mods.cl.ModuleClassLoader.lambda$findClass$15(ModuleClassLoader.java:219) ~[securejarhandler-2.1.10.jar:?]
	at cpw.mods.cl.ModuleClassLoader.loadFromModule(ModuleClassLoader.java:229) ~[securejarhandler-2.1.10.jar:?]
	at cpw.mods.cl.ModuleClassLoader.findClass(ModuleClassLoader.java:219) ~[securejarhandler-2.1.10.jar:?]
	at cpw.mods.cl.ModuleClassLoader.loadClass(ModuleClassLoader.java:135) ~[securejarhandler-2.1.10.jar:?]
	at java.lang.ClassLoader.loadClass(ClassLoader.java:525) ~[?:?]
	at gg.essential.model.molang.Parser.parseSimpleExpression(MolangExpression.kt:387) ~[?:?]
	at gg.essential.model.molang.Parser.parseProduct(MolangExpression.kt:401) ~[?:?]
	at gg.essential.model.molang.Parser.parseSum(MolangExpression.kt:412) ~[?:?]
	at gg.essential.model.molang.Parser.parseComparisons(MolangExpression.kt:423) ~[?:?]
	at gg.essential.model.molang.Parser.parseEqualityChecks(MolangExpression.kt:434) ~[?:?]
	at gg.essential.model.molang.Parser.parseLogicalAnds(MolangExpression.kt:443) ~[?:?]
	at gg.essential.model.molang.Parser.parseLogicalOrs(MolangExpression.kt:453) ~[?:?]
	at gg.essential.model.molang.Parser.parseTernary(MolangExpression.kt:463) ~[?:?]
	at gg.essential.model.molang.Parser.parseNullCoalescing(MolangExpression.kt:475) ~[?:?]
	at gg.essential.model.molang.Parser.parseExpression(MolangExpression.kt:479) ~[?:?]
	at gg.essential.model.molang.Parser.parseSimpleExpression(MolangExpression.kt:339) ~[?:?]
	at gg.essential.model.molang.Parser.parseProduct(MolangExpression.kt:401) ~[?:?]
	at gg.essential.model.molang.Parser.parseSum(MolangExpression.kt:412) ~[?:?]
	at gg.essential.model.molang.Parser.parseComparisons(MolangExpression.kt:423) ~[?:?]
	at gg.essential.model.molang.Parser.parseEqualityChecks(MolangExpression.kt:434) ~[?:?]
	at gg.essential.model.molang.Parser.parseLogicalAnds(MolangExpression.kt:443) ~[?:?]
	at gg.essential.model.molang.Parser.parseLogicalOrs(MolangExpression.kt:453) ~[?:?]
	at gg.essential.model.molang.Parser.parseTernary(MolangExpression.kt:463) ~[?:?]
	at gg.essential.model.molang.Parser.parseNullCoalescing(MolangExpression.kt:475) ~[?:?]
	at gg.essential.model.molang.Parser.parseExpression(MolangExpression.kt:479) ~[?:?]
	at gg.essential.model.molang.Parser.parseSimpleExpression(MolangExpression.kt:339) ~[?:?]
	at gg.essential.model.molang.Parser.parseProduct(MolangExpression.kt:401) ~[?:?]
	at gg.essential.model.molang.Parser.parseSum(MolangExpression.kt:412) ~[?:?]
	at gg.essential.model.molang.Parser.parseComparisons(MolangExpression.kt:423) ~[?:?]
	at gg.essential.model.molang.Parser.parseEqualityChecks(MolangExpression.kt:434) ~[?:?]
	at gg.essential.model.molang.Parser.parseLogicalAnds(MolangExpression.kt:443) ~[?:?]
	at gg.essential.model.molang.Parser.parseLogicalOrs(MolangExpression.kt:453) ~[?:?]
	at gg.essential.model.molang.Parser.parseTernary(MolangExpression.kt:463) ~[?:?]
	at gg.essential.model.molang.Parser.parseNullCoalescing(MolangExpression.kt:475) ~[?:?]
	at gg.essential.model.molang.Parser.parseExpression(MolangExpression.kt:479) ~[?:?]
	at gg.essential.model.molang.Parser.parseAssignment(MolangExpression.kt:483) ~[?:?]
	at gg.essential.model.molang.Parser.parseStatement(MolangExpression.kt:497) ~[?:?]
	at gg.essential.model.molang.Parser.parseStatements(MolangExpression.kt:502) ~[?:?]
	at gg.essential.model.molang.Parser.parseSimpleExpression(MolangExpression.kt:340) ~[?:?]
	at gg.essential.model.molang.Parser.parseProduct(MolangExpression.kt:401) ~[?:?]
	at gg.essential.model.molang.Parser.parseSum(MolangExpression.kt:412) ~[?:?]
	at gg.essential.model.molang.Parser.parseComparisons(MolangExpression.kt:423) ~[?:?]
	at gg.essential.model.molang.Parser.parseEqualityChecks(MolangExpression.kt:434) ~[?:?]
	at gg.essential.model.molang.Parser.parseLogicalAnds(MolangExpression.kt:443) ~[?:?]
	at gg.essential.model.molang.Parser.parseLogicalOrs(MolangExpression.kt:453) ~[?:?]
	at gg.essential.model.molang.Parser.parseTernary(MolangExpression.kt:463) ~[?:?]
	at gg.essential.model.molang.Parser.parseNullCoalescing(MolangExpression.kt:475) ~[?:?]
	at gg.essential.model.molang.Parser.parseExpression(MolangExpression.kt:479) ~[?:?]
	at gg.essential.model.molang.Parser.parseSimpleExpression(MolangExpression.kt:339) ~[?:?]
	at gg.essential.model.molang.Parser.parseProduct(MolangExpression.kt:401) ~[?:?]
	at gg.essential.model.molang.Parser.parseSum(MolangExpression.kt:412) ~[?:?]
	at gg.essential.model.molang.Parser.parseComparisons(MolangExpression.kt:423) ~[?:?]
	at gg.essential.model.molang.Parser.parseEqualityChecks(MolangExpression.kt:434) ~[?:?]
	at gg.essential.model.molang.Parser.parseLogicalAnds(MolangExpression.kt:443) ~[?:?]
	at gg.essential.model.molang.Parser.parseLogicalOrs(MolangExpression.kt:453) ~[?:?]
	at gg.essential.model.molang.Parser.parseTernary(MolangExpression.kt:463) ~[?:?]
	at gg.essential.model.molang.Parser.parseNullCoalescing(MolangExpression.kt:475) ~[?:?]
	at gg.essential.model.molang.Parser.parseExpression(MolangExpression.kt:479) ~[?:?]
	at gg.essential.model.molang.Parser.parseAssignment(MolangExpression.kt:483) ~[?:?]
	at gg.essential.model.molang.Parser.parseStatement(MolangExpression.kt:497) ~[?:?]
	at gg.essential.model.molang.Parser.parseStatements(MolangExpression.kt:502) ~[?:?]
	at gg.essential.model.molang.Parser.parseMolang(MolangExpression.kt:516) ~[?:?]
	at gg.essential.model.molang.Parser.fullyParseMolang(MolangExpression.kt:520) ~[?:?]
	at gg.essential.model.molang.Parser.tryFullyParseMolang(MolangExpression.kt:528) ~[?:?]
	at gg.essential.model.molang.MolangExpressionKt.parseMolangExpression(MolangExpression.kt:536) ~[?:?]
	at gg.essential.model.molang.MolangSerializer.deserialize(MolangExpression.kt:545) ~[?:?]
	at gg.essential.model.molang.MolangSerializer.deserialize(MolangExpression.kt:538) ~[?:?]
	at kotlinx.serialization.json.internal.AbstractJsonTreeDecoder.decodeSerializableValue(TreeJsonDecoder.kt:351) ~[?:?]
	at kotlinx.serialization.internal.TaggedDecoder.decodeSerializableValue(Tagged.kt:207) ~[?:?]
	at kotlinx.serialization.internal.TaggedDecoder.decodeSerializableElement$lambda$1(Tagged.kt:279) ~[?:?]
	at kotlinx.serialization.internal.TaggedDecoder.tagBlock(Tagged.kt:294) ~[?:?]
	at kotlinx.serialization.internal.TaggedDecoder.decodeSerializableElement(Tagged.kt:279) ~[?:?]
	at kotlinx.serialization.encoding.CompositeDecoder.decodeSerializableElement$default(Decoding.kt:539) ~[?:?]
	at kotlinx.serialization.internal.CollectionLikeSerializer.readElement(CollectionSerializers.kt:80) ~[?:?]
	at kotlinx.serialization.internal.AbstractCollectionSerializer.readElement$default(CollectionSerializers.kt:51) ~[?:?]
	at kotlinx.serialization.internal.AbstractCollectionSerializer.merge(CollectionSerializers.kt:36) ~[?:?]
	at kotlinx.serialization.internal.AbstractCollectionSerializer.deserialize(CollectionSerializers.kt:43) ~[?:?]
	at kotlinx.serialization.json.internal.AbstractJsonTreeDecoder.decodeSerializableValue(TreeJsonDecoder.kt:351) ~[?:?]
	at kotlinx.serialization.json.internal.TreeJsonDecoderKt.readJson(TreeJsonDecoder.kt:25) ~[?:?]
	at kotlinx.serialization.json.Json.decodeFromJsonElement(Json.kt:170) ~[?:?]
	at gg.essential.model.molang.MolangVec3Serializer.deserialize(MolangVec3.kt:52) ~[?:?]
	at gg.essential.model.molang.MolangVec3Serializer.deserialize(MolangVec3.kt:45) ~[?:?]
	at kotlinx.serialization.json.internal.AbstractJsonTreeDecoder.decodeSerializableValue(TreeJsonDecoder.kt:351) ~[?:?]
	at kotlinx.serialization.json.internal.TreeJsonDecoderKt.readJson(TreeJsonDecoder.kt:25) ~[?:?]
	at kotlinx.serialization.json.Json.decodeFromJsonElement(Json.kt:170) ~[?:?]
	at gg.essential.model.file.KeyframeSerializer.deserialize(AnimationFile.kt:160) ~[?:?]
	at gg.essential.model.file.KeyframeSerializer.deserialize(AnimationFile.kt:117) ~[?:?]
	at kotlinx.serialization.json.internal.AbstractJsonTreeDecoder.decodeSerializableValue(TreeJsonDecoder.kt:351) ~[?:?]
	at kotlinx.serialization.internal.TaggedDecoder.decodeSerializableValue(Tagged.kt:207) ~[?:?]
	at kotlinx.serialization.internal.TaggedDecoder.decodeSerializableElement$lambda$1(Tagged.kt:279) ~[?:?]
	at kotlinx.serialization.internal.TaggedDecoder.tagBlock(Tagged.kt:294) ~[?:?]
	at kotlinx.serialization.internal.TaggedDecoder.decodeSerializableElement(Tagged.kt:279) ~[?:?]
	at kotlinx.serialization.encoding.CompositeDecoder.decodeSerializableElement$default(Decoding.kt:539) ~[?:?]
	at kotlinx.serialization.internal.MapLikeSerializer.readElement(CollectionSerializers.kt:111) ~[?:?]
	at kotlinx.serialization.internal.MapLikeSerializer.readElement(CollectionSerializers.kt:84) ~[?:?]
	at kotlinx.serialization.internal.AbstractCollectionSerializer.readElement$default(CollectionSerializers.kt:51) ~[?:?]
	at kotlinx.serialization.internal.AbstractCollectionSerializer.merge(CollectionSerializers.kt:36) ~[?:?]
	at kotlinx.serialization.internal.AbstractCollectionSerializer.deserialize(CollectionSerializers.kt:43) ~[?:?]
	at kotlinx.serialization.json.internal.AbstractJsonTreeDecoder.decodeSerializableValue(TreeJsonDecoder.kt:351) ~[?:?]
	at gg.essential.model.util.TreeMapSerializer.deserialize(TreeMap.kt:73) ~[?:?]
	at gg.essential.model.util.TreeMapSerializer.deserialize(TreeMap.kt:69) ~[?:?]
	at kotlinx.serialization.json.internal.AbstractJsonTreeDecoder.decodeSerializableValue(TreeJsonDecoder.kt:351) ~[?:?]
	at kotlinx.serialization.json.internal.TreeJsonDecoderKt.readJson(TreeJsonDecoder.kt:25) ~[?:?]
	at kotlinx.serialization.json.Json.decodeFromJsonElement(Json.kt:170) ~[?:?]
	at kotlinx.serialization.json.JsonTransformingSerializer.deserialize(JsonTransformingSerializer.kt:78) ~[?:?]
	at gg.essential.model.file.KeyframesSerializer.deserialize(AnimationFile.kt:105) ~[?:?]
	at gg.essential.model.file.KeyframesSerializer.deserialize(AnimationFile.kt:103) ~[?:?]
	at kotlinx.serialization.json.internal.StreamingJsonDecoder.decodeSerializableValue(StreamingJsonDecoder.kt:69) ~[?:?]
	at kotlinx.serialization.encoding.AbstractDecoder.decodeSerializableValue(AbstractDecoder.kt:43) ~[?:?]
	at kotlinx.serialization.encoding.AbstractDecoder.decodeNullableSerializableElement(AbstractDecoder.kt:78) ~[?:?]
	at gg.essential.model.Channels$$serializer.deserialize(Animation.kt:373) ~[?:?]
	at gg.essential.model.Channels$$serializer.deserialize(Animation.kt:373) ~[?:?]
	at kotlinx.serialization.json.internal.StreamingJsonDecoder.decodeSerializableValue(StreamingJsonDecoder.kt:69) ~[?:?]
	at kotlinx.serialization.encoding.AbstractDecoder.decodeSerializableValue(AbstractDecoder.kt:43) ~[?:?]
	at kotlinx.serialization.encoding.AbstractDecoder.decodeSerializableElement(AbstractDecoder.kt:70) ~[?:?]
	at kotlinx.serialization.json.internal.StreamingJsonDecoder.decodeSerializableElement(StreamingJsonDecoder.kt:168) ~[?:?]
	at kotlinx.serialization.encoding.CompositeDecoder.decodeSerializableElement$default(Decoding.kt:539) ~[?:?]
	at kotlinx.serialization.internal.MapLikeSerializer.readElement(CollectionSerializers.kt:111) ~[?:?]
	at kotlinx.serialization.internal.MapLikeSerializer.readElement(CollectionSerializers.kt:84) ~[?:?]
	at kotlinx.serialization.internal.AbstractCollectionSerializer.readElement$default(CollectionSerializers.kt:51) ~[?:?]
	at kotlinx.serialization.internal.AbstractCollectionSerializer.merge(CollectionSerializers.kt:36) ~[?:?]
	at kotlinx.serialization.internal.AbstractCollectionSerializer.deserialize(CollectionSerializers.kt:43) ~[?:?]
	at kotlinx.serialization.json.internal.StreamingJsonDecoder.decodeSerializableValue(StreamingJsonDecoder.kt:69) ~[?:?]
	at kotlinx.serialization.encoding.AbstractDecoder.decodeSerializableValue(AbstractDecoder.kt:43) ~[?:?]
	at kotlinx.serialization.encoding.AbstractDecoder.decodeSerializableElement(AbstractDecoder.kt:70) ~[?:?]
	at kotlinx.serialization.json.internal.StreamingJsonDecoder.decodeSerializableElement(StreamingJsonDecoder.kt:168) ~[?:?]
	at gg.essential.model.file.AnimationFile$Animation$$serializer.deserialize(AnimationFile.kt:48) ~[?:?]
	at gg.essential.model.file.AnimationFile$Animation$$serializer.deserialize(AnimationFile.kt:48) ~[?:?]
	at kotlinx.serialization.json.internal.StreamingJsonDecoder.decodeSerializableValue(StreamingJsonDecoder.kt:69) ~[?:?]
	at kotlinx.serialization.encoding.AbstractDecoder.decodeSerializableValue(AbstractDecoder.kt:43) ~[?:?]
	at kotlinx.serialization.encoding.AbstractDecoder.decodeSerializableElement(AbstractDecoder.kt:70) ~[?:?]
	at kotlinx.serialization.json.internal.StreamingJsonDecoder.decodeSerializableElement(StreamingJsonDecoder.kt:168) ~[?:?]
	at kotlinx.serialization.encoding.CompositeDecoder.decodeSerializableElement$default(Decoding.kt:539) ~[?:?]
	at kotlinx.serialization.internal.MapLikeSerializer.readElement(CollectionSerializers.kt:111) ~[?:?]
	at kotlinx.serialization.internal.MapLikeSerializer.readElement(CollectionSerializers.kt:84) ~[?:?]
	at kotlinx.serialization.internal.AbstractCollectionSerializer.readElement$default(CollectionSerializers.kt:51) ~[?:?]
	at kotlinx.serialization.internal.AbstractCollectionSerializer.merge(CollectionSerializers.kt:36) ~[?:?]
	at kotlinx.serialization.internal.AbstractCollectionSerializer.deserialize(CollectionSerializers.kt:43) ~[?:?]
	at kotlinx.serialization.json.internal.StreamingJsonDecoder.decodeSerializableValue(StreamingJsonDecoder.kt:69) ~[?:?]
	at kotlinx.serialization.encoding.AbstractDecoder.decodeSerializableValue(AbstractDecoder.kt:43) ~[?:?]
	at kotlinx.serialization.encoding.AbstractDecoder.decodeSerializableElement(AbstractDecoder.kt:70) ~[?:?]
	at kotlinx.serialization.json.internal.StreamingJsonDecoder.decodeSerializableElement(StreamingJsonDecoder.kt:168) ~[?:?]
	at gg.essential.model.file.AnimationFile$$serializer.deserialize(AnimationFile.kt:41) ~[?:?]
	at gg.essential.model.file.AnimationFile$$serializer.deserialize(AnimationFile.kt:41) ~[?:?]
	at kotlinx.serialization.json.internal.StreamingJsonDecoder.decodeSerializableValue(StreamingJsonDecoder.kt:69) ~[?:?]
	at kotlinx.serialization.json.Json.decodeFromString(Json.kt:149) ~[?:?]
	at gg.essential.network.connectionmanager.cosmetics.AssetLoader$JsonAssetType._init_$lambda$2(AssetLoader.kt:353) ~[?:?]
	at gg.essential.network.connectionmanager.cosmetics.AssetLoader.getAsset$lambda$2$0(AssetLoader.kt:86) ~[?:?]
	at gg.essential.network.connectionmanager.cosmetics.AssetLoader.getAsset$lambda$2$1(AssetLoader.kt:84) ~[?:?]
	at java.util.concurrent.CompletableFuture$UniApply.tryFire(CompletableFuture.java:646) ~[?:?]
	at java.util.concurrent.CompletableFuture$Completion.exec(CompletableFuture.java:483) ~[?:?]
	at java.util.concurrent.ForkJoinTask.doExec(ForkJoinTask.java:373) ~[?:?]
	at java.util.concurrent.ForkJoinPool$WorkQueue.topLevelExec(ForkJoinPool.java:1182) ~[?:?]
	at java.util.concurrent.ForkJoinPool.scan(ForkJoinPool.java:1655) ~[?:?]
	at java.util.concurrent.ForkJoinPool.runWorker(ForkJoinPool.java:1622) ~[?:?]
	at java.util.concurrent.ForkJoinWorkerThread.run(ForkJoinWorkerThread.java:165) ~[?:?]
[04:38:40] [ForkJoinPool.commonPool-worker-12/ERROR]: An error occurred building event handler
java.lang.ClassNotFoundException: gg.essential.model.molang.QueryExpr
	at jdk.internal.loader.BuiltinClassLoader.loadClass(BuiltinClassLoader.java:641) ~[?:?]
	at jdk.internal.loader.ClassLoaders$AppClassLoader.loadClass(ClassLoaders.java:188) ~[?:?]
	at java.lang.ClassLoader.loadClass(ClassLoader.java:525) ~[?:?]
	at net.minecraftforge.eventbus.EventSubclassTransformer.buildEvents(EventSubclassTransformer.java:97) ~[eventbus-6.0.5.jar:?]
	at net.minecraftforge.eventbus.EventSubclassTransformer.transform(EventSubclassTransformer.java:48) ~[eventbus-6.0.5.jar:?]
	at net.minecraftforge.eventbus.EventBusEngine.processClass(EventBusEngine.java:26) ~[eventbus-6.0.5.jar:?]
	at net.minecraftforge.eventbus.service.ModLauncherService.processClassWithFlags(ModLauncherService.java:32) ~[eventbus-6.0.5.jar:6.0.5+6.0.5+master.eb8e549b]
	at cpw.mods.modlauncher.LaunchPluginHandler.offerClassNodeToPlugins(LaunchPluginHandler.java:88) ~[modlauncher-10.0.9.jar:?]
	at cpw.mods.modlauncher.ClassTransformer.transform(ClassTransformer.java:120) ~[modlauncher-10.0.9.jar:?]
	at cpw.mods.modlauncher.TransformingClassLoader.maybeTransformClassBytes(TransformingClassLoader.java:50) ~[modlauncher-10.0.9.jar:?]
	at cpw.mods.cl.ModuleClassLoader.readerToClass(ModuleClassLoader.java:113) ~[securejarhandler-2.1.10.jar:?]
	at cpw.mods.cl.ModuleClassLoader.lambda$findClass$15(ModuleClassLoader.java:219) ~[securejarhandler-2.1.10.jar:?]
	at cpw.mods.cl.ModuleClassLoader.loadFromModule(ModuleClassLoader.java:229) ~[securejarhandler-2.1.10.jar:?]
	at cpw.mods.cl.ModuleClassLoader.findClass(ModuleClassLoader.java:219) ~[securejarhandler-2.1.10.jar:?]
	at cpw.mods.cl.ModuleClassLoader.loadClass(ModuleClassLoader.java:135) ~[securejarhandler-2.1.10.jar:?]
	at java.lang.ClassLoader.loadClass(ClassLoader.java:525) ~[?:?]
	at gg.essential.model.molang.Parser.parseSimpleExpression(MolangExpression.kt:384) ~[?:?]
	at gg.essential.model.molang.Parser.parseProduct(MolangExpression.kt:401) ~[?:?]
	at gg.essential.model.molang.Parser.parseSum(MolangExpression.kt:412) ~[?:?]
	at gg.essential.model.molang.Parser.parseComparisons(MolangExpression.kt:423) ~[?:?]
	at gg.essential.model.molang.Parser.parseEqualityChecks(MolangExpression.kt:434) ~[?:?]
	at gg.essential.model.molang.Parser.parseLogicalAnds(MolangExpression.kt:443) ~[?:?]
	at gg.essential.model.molang.Parser.parseLogicalOrs(MolangExpression.kt:453) ~[?:?]
	at gg.essential.model.molang.Parser.parseTernary(MolangExpression.kt:463) ~[?:?]
	at gg.essential.model.molang.Parser.parseNullCoalescing(MolangExpression.kt:475) ~[?:?]
	at gg.essential.model.molang.Parser.parseExpression(MolangExpression.kt:479) ~[?:?]
	at gg.essential.model.molang.Parser.parseSimpleExpression(MolangExpression.kt:339) ~[?:?]
	at gg.essential.model.molang.Parser.parseProduct(MolangExpression.kt:401) ~[?:?]
	at gg.essential.model.molang.Parser.parseSum(MolangExpression.kt:415) ~[?:?]
	at gg.essential.model.molang.Parser.parseComparisons(MolangExpression.kt:423) ~[?:?]
	at gg.essential.model.molang.Parser.parseEqualityChecks(MolangExpression.kt:434) ~[?:?]
	at gg.essential.model.molang.Parser.parseLogicalAnds(MolangExpression.kt:443) ~[?:?]
	at gg.essential.model.molang.Parser.parseLogicalOrs(MolangExpression.kt:453) ~[?:?]
	at gg.essential.model.molang.Parser.parseTernary(MolangExpression.kt:463) ~[?:?]
	at gg.essential.model.molang.Parser.parseNullCoalescing(MolangExpression.kt:475) ~[?:?]
	at gg.essential.model.molang.Parser.parseExpression(MolangExpression.kt:479) ~[?:?]
	at gg.essential.model.molang.Parser.parseSimpleExpression(MolangExpression.kt:339) ~[?:?]
	at gg.essential.model.molang.Parser.parseProduct(MolangExpression.kt:401) ~[?:?]
	at gg.essential.model.molang.Parser.parseSum(MolangExpression.kt:412) ~[?:?]
	at gg.essential.model.molang.Parser.parseComparisons(MolangExpression.kt:423) ~[?:?]
	at gg.essential.model.molang.Parser.parseEqualityChecks(MolangExpression.kt:434) ~[?:?]
	at gg.essential.model.molang.Parser.parseLogicalAnds(MolangExpression.kt:443) ~[?:?]
	at gg.essential.model.molang.Parser.parseLogicalOrs(MolangExpression.kt:453) ~[?:?]
	at gg.essential.model.molang.Parser.parseTernary(MolangExpression.kt:463) ~[?:?]
	at gg.essential.model.molang.Parser.parseNullCoalescing(MolangExpression.kt:475) ~[?:?]
	at gg.essential.model.molang.Parser.parseExpression(MolangExpression.kt:479) ~[?:?]
	at gg.essential.model.molang.Parser.parseSimpleExpression(MolangExpression.kt:357) ~[?:?]
	at gg.essential.model.molang.Parser.parseProduct(MolangExpression.kt:401) ~[?:?]
	at gg.essential.model.molang.Parser.parseSum(MolangExpression.kt:412) ~[?:?]
	at gg.essential.model.molang.Parser.parseComparisons(MolangExpression.kt:423) ~[?:?]
	at gg.essential.model.molang.Parser.parseEqualityChecks(MolangExpression.kt:434) ~[?:?]
	at gg.essential.model.molang.Parser.parseLogicalAnds(MolangExpression.kt:443) ~[?:?]
	at gg.essential.model.molang.Parser.parseLogicalOrs(MolangExpression.kt:453) ~[?:?]
	at gg.essential.model.molang.Parser.parseTernary(MolangExpression.kt:463) ~[?:?]
	at gg.essential.model.molang.Parser.parseNullCoalescing(MolangExpression.kt:475) ~[?:?]
	at gg.essential.model.molang.Parser.parseExpression(MolangExpression.kt:479) ~[?:?]
	at gg.essential.model.molang.Parser.parseAssignment(MolangExpression.kt:483) ~[?:?]
	at gg.essential.model.molang.Parser.parseStatement(MolangExpression.kt:497) ~[?:?]
	at gg.essential.model.molang.Parser.parseStatements(MolangExpression.kt:502) ~[?:?]
	at gg.essential.model.molang.Parser.parseMolang(MolangExpression.kt:516) ~[?:?]
	at gg.essential.model.molang.Parser.fullyParseMolang(MolangExpression.kt:520) ~[?:?]
	at gg.essential.model.molang.Parser.tryFullyParseMolang(MolangExpression.kt:528) ~[?:?]
	at gg.essential.model.molang.MolangExpressionKt.parseMolangExpression(MolangExpression.kt:536) ~[?:?]
	at gg.essential.model.molang.MolangSerializer.deserialize(MolangExpression.kt:545) ~[?:?]
	at gg.essential.model.molang.MolangSerializer.deserialize(MolangExpression.kt:538) ~[?:?]
	at kotlinx.serialization.json.internal.AbstractJsonTreeDecoder.decodeSerializableValue(TreeJsonDecoder.kt:351) ~[?:?]
	at kotlinx.serialization.internal.TaggedDecoder.decodeSerializableValue(Tagged.kt:207) ~[?:?]
	at kotlinx.serialization.internal.TaggedDecoder.decodeSerializableElement$lambda$1(Tagged.kt:279) ~[?:?]
	at kotlinx.serialization.internal.TaggedDecoder.tagBlock(Tagged.kt:294) ~[?:?]
	at kotlinx.serialization.internal.TaggedDecoder.decodeSerializableElement(Tagged.kt:279) ~[?:?]
	at kotlinx.serialization.encoding.CompositeDecoder.decodeSerializableElement$default(Decoding.kt:539) ~[?:?]
	at kotlinx.serialization.internal.CollectionLikeSerializer.readElement(CollectionSerializers.kt:80) ~[?:?]
	at kotlinx.serialization.internal.AbstractCollectionSerializer.readElement$default(CollectionSerializers.kt:51) ~[?:?]
	at kotlinx.serialization.internal.AbstractCollectionSerializer.merge(CollectionSerializers.kt:36) ~[?:?]
	at kotlinx.serialization.internal.AbstractCollectionSerializer.deserialize(CollectionSerializers.kt:43) ~[?:?]
	at kotlinx.serialization.json.internal.AbstractJsonTreeDecoder.decodeSerializableValue(TreeJsonDecoder.kt:351) ~[?:?]
	at kotlinx.serialization.json.internal.TreeJsonDecoderKt.readJson(TreeJsonDecoder.kt:25) ~[?:?]
	at kotlinx.serialization.json.Json.decodeFromJsonElement(Json.kt:170) ~[?:?]
	at gg.essential.model.molang.MolangVec3Serializer.deserialize(MolangVec3.kt:52) ~[?:?]
	at gg.essential.model.molang.MolangVec3Serializer.deserialize(MolangVec3.kt:45) ~[?:?]
	at kotlinx.serialization.json.internal.AbstractJsonTreeDecoder.decodeSerializableValue(TreeJsonDecoder.kt:351) ~[?:?]
	at kotlinx.serialization.json.internal.TreeJsonDecoderKt.readJson(TreeJsonDecoder.kt:25) ~[?:?]
	at kotlinx.serialization.json.Json.decodeFromJsonElement(Json.kt:170) ~[?:?]
	at gg.essential.model.file.KeyframeSerializer.deserialize(AnimationFile.kt:160) ~[?:?]
	at gg.essential.model.file.KeyframeSerializer.deserialize(AnimationFile.kt:117) ~[?:?]
	at kotlinx.serialization.json.internal.AbstractJsonTreeDecoder.decodeSerializableValue(TreeJsonDecoder.kt:351) ~[?:?]
	at kotlinx.serialization.internal.TaggedDecoder.decodeSerializableValue(Tagged.kt:207) ~[?:?]
	at kotlinx.serialization.internal.TaggedDecoder.decodeSerializableElement$lambda$1(Tagged.kt:279) ~[?:?]
	at kotlinx.serialization.internal.TaggedDecoder.tagBlock(Tagged.kt:294) ~[?:?]
	at kotlinx.serialization.internal.TaggedDecoder.decodeSerializableElement(Tagged.kt:279) ~[?:?]
	at kotlinx.serialization.encoding.CompositeDecoder.decodeSerializableElement$default(Decoding.kt:539) ~[?:?]
	at kotlinx.serialization.internal.MapLikeSerializer.readElement(CollectionSerializers.kt:111) ~[?:?]
	at kotlinx.serialization.internal.MapLikeSerializer.readElement(CollectionSerializers.kt:84) ~[?:?]
	at kotlinx.serialization.internal.AbstractCollectionSerializer.readElement$default(CollectionSerializers.kt:51) ~[?:?]
	at kotlinx.serialization.internal.AbstractCollectionSerializer.merge(CollectionSerializers.kt:36) ~[?:?]
	at kotlinx.serialization.internal.AbstractCollectionSerializer.deserialize(CollectionSerializers.kt:43) ~[?:?]
	at kotlinx.serialization.json.internal.AbstractJsonTreeDecoder.decodeSerializableValue(TreeJsonDecoder.kt:351) ~[?:?]
	at gg.essential.model.util.TreeMapSerializer.deserialize(TreeMap.kt:73) ~[?:?]
	at gg.essential.model.util.TreeMapSerializer.deserialize(TreeMap.kt:69) ~[?:?]
	at kotlinx.serialization.json.internal.AbstractJsonTreeDecoder.decodeSerializableValue(TreeJsonDecoder.kt:351) ~[?:?]
	at kotlinx.serialization.json.internal.TreeJsonDecoderKt.readJson(TreeJsonDecoder.kt:25) ~[?:?]
	at kotlinx.serialization.json.Json.decodeFromJsonElement(Json.kt:170) ~[?:?]
	at kotlinx.serialization.json.JsonTransformingSerializer.deserialize(JsonTransformingSerializer.kt:78) ~[?:?]
	at gg.essential.model.file.KeyframesSerializer.deserialize(AnimationFile.kt:105) ~[?:?]
	at gg.essential.model.file.KeyframesSerializer.deserialize(AnimationFile.kt:103) ~[?:?]
	at kotlinx.serialization.json.internal.StreamingJsonDecoder.decodeSerializableValue(StreamingJsonDecoder.kt:69) ~[?:?]
	at kotlinx.serialization.encoding.AbstractDecoder.decodeSerializableValue(AbstractDecoder.kt:43) ~[?:?]
	at kotlinx.serialization.encoding.AbstractDecoder.decodeNullableSerializableElement(AbstractDecoder.kt:78) ~[?:?]
	at gg.essential.model.Channels$$serializer.deserialize(Animation.kt:373) ~[?:?]
	at gg.essential.model.Channels$$serializer.deserialize(Animation.kt:373) ~[?:?]
	at kotlinx.serialization.json.internal.StreamingJsonDecoder.decodeSerializableValue(StreamingJsonDecoder.kt:69) ~[?:?]
	at kotlinx.serialization.encoding.AbstractDecoder.decodeSerializableValue(AbstractDecoder.kt:43) ~[?:?]
	at kotlinx.serialization.encoding.AbstractDecoder.decodeSerializableElement(AbstractDecoder.kt:70) ~[?:?]
	at kotlinx.serialization.json.internal.StreamingJsonDecoder.decodeSerializableElement(StreamingJsonDecoder.kt:168) ~[?:?]
	at kotlinx.serialization.encoding.CompositeDecoder.decodeSerializableElement$default(Decoding.kt:539) ~[?:?]
	at kotlinx.serialization.internal.MapLikeSerializer.readElement(CollectionSerializers.kt:111) ~[?:?]
	at kotlinx.serialization.internal.MapLikeSerializer.readElement(CollectionSerializers.kt:84) ~[?:?]
	at kotlinx.serialization.internal.AbstractCollectionSerializer.readElement$default(CollectionSerializers.kt:51) ~[?:?]
	at kotlinx.serialization.internal.AbstractCollectionSerializer.merge(CollectionSerializers.kt:36) ~[?:?]
	at kotlinx.serialization.internal.AbstractCollectionSerializer.deserialize(CollectionSerializers.kt:43) ~[?:?]
	at kotlinx.serialization.json.internal.StreamingJsonDecoder.decodeSerializableValue(StreamingJsonDecoder.kt:69) ~[?:?]
	at kotlinx.serialization.encoding.AbstractDecoder.decodeSerializableValue(AbstractDecoder.kt:43) ~[?:?]
	at kotlinx.serialization.encoding.AbstractDecoder.decodeSerializableElement(AbstractDecoder.kt:70) ~[?:?]
	at kotlinx.serialization.json.internal.StreamingJsonDecoder.decodeSerializableElement(StreamingJsonDecoder.kt:168) ~[?:?]
	at gg.essential.model.file.AnimationFile$Animation$$serializer.deserialize(AnimationFile.kt:48) ~[?:?]
	at gg.essential.model.file.AnimationFile$Animation$$serializer.deserialize(AnimationFile.kt:48) ~[?:?]
	at kotlinx.serialization.json.internal.StreamingJsonDecoder.decodeSerializableValue(StreamingJsonDecoder.kt:69) ~[?:?]
	at kotlinx.serialization.encoding.AbstractDecoder.decodeSerializableValue(AbstractDecoder.kt:43) ~[?:?]
	at kotlinx.serialization.encoding.AbstractDecoder.decodeSerializableElement(AbstractDecoder.kt:70) ~[?:?]
	at kotlinx.serialization.json.internal.StreamingJsonDecoder.decodeSerializableElement(StreamingJsonDecoder.kt:168) ~[?:?]
	at kotlinx.serialization.encoding.CompositeDecoder.decodeSerializableElement$default(Decoding.kt:539) ~[?:?]
	at kotlinx.serialization.internal.MapLikeSerializer.readElement(CollectionSerializers.kt:111) ~[?:?]
	at kotlinx.serialization.internal.MapLikeSerializer.readElement(CollectionSerializers.kt:84) ~[?:?]
	at kotlinx.serialization.internal.AbstractCollectionSerializer.readElement$default(CollectionSerializers.kt:51) ~[?:?]
	at kotlinx.serialization.internal.AbstractCollectionSerializer.merge(CollectionSerializers.kt:36) ~[?:?]
	at kotlinx.serialization.internal.AbstractCollectionSerializer.deserialize(CollectionSerializers.kt:43) ~[?:?]
	at kotlinx.serialization.json.internal.StreamingJsonDecoder.decodeSerializableValue(StreamingJsonDecoder.kt:69) ~[?:?]
	at kotlinx.serialization.encoding.AbstractDecoder.decodeSerializableValue(AbstractDecoder.kt:43) ~[?:?]
	at kotlinx.serialization.encoding.AbstractDecoder.decodeSerializableElement(AbstractDecoder.kt:70) ~[?:?]
	at kotlinx.serialization.json.internal.StreamingJsonDecoder.decodeSerializableElement(StreamingJsonDecoder.kt:168) ~[?:?]
	at gg.essential.model.file.AnimationFile$$serializer.deserialize(AnimationFile.kt:41) ~[?:?]
	at gg.essential.model.file.AnimationFile$$serializer.deserialize(AnimationFile.kt:41) ~[?:?]
	at kotlinx.serialization.json.internal.StreamingJsonDecoder.decodeSerializableValue(StreamingJsonDecoder.kt:69) ~[?:?]
	at kotlinx.serialization.json.Json.decodeFromString(Json.kt:149) ~[?:?]
	at gg.essential.network.connectionmanager.cosmetics.AssetLoader$JsonAssetType._init_$lambda$2(AssetLoader.kt:353) ~[?:?]
	at gg.essential.network.connectionmanager.cosmetics.AssetLoader.getAsset$lambda$2$0(AssetLoader.kt:86) ~[?:?]
	at gg.essential.network.connectionmanager.cosmetics.AssetLoader.getAsset$lambda$2$1(AssetLoader.kt:84) ~[?:?]
	at java.util.concurrent.CompletableFuture$UniApply.tryFire(CompletableFuture.java:646) ~[?:?]
	at java.util.concurrent.CompletableFuture$Completion.exec(CompletableFuture.java:483) ~[?:?]
	at java.util.concurrent.ForkJoinTask.doExec(ForkJoinTask.java:373) ~[?:?]
	at java.util.concurrent.ForkJoinPool$WorkQueue.topLevelExec(ForkJoinPool.java:1182) ~[?:?]
	at java.util.concurrent.ForkJoinPool.scan(ForkJoinPool.java:1655) ~[?:?]
	at java.util.concurrent.ForkJoinPool.runWorker(ForkJoinPool.java:1622) ~[?:?]
	at java.util.concurrent.ForkJoinWorkerThread.run(ForkJoinWorkerThread.java:165) ~[?:?]
[04:38:40] [ForkJoinPool.commonPool-worker-3/ERROR]: An error occurred building event handler
java.lang.ClassNotFoundException: kotlinx.serialization.json.JsonTransformingSerializer
	at jdk.internal.loader.BuiltinClassLoader.loadClass(BuiltinClassLoader.java:641) ~[?:?]
	at jdk.internal.loader.ClassLoaders$AppClassLoader.loadClass(ClassLoaders.java:188) ~[?:?]
	at java.lang.ClassLoader.loadClass(ClassLoader.java:525) ~[?:?]
	at net.minecraftforge.eventbus.EventSubclassTransformer.buildEvents(EventSubclassTransformer.java:97) ~[eventbus-6.0.5.jar:?]
	at net.minecraftforge.eventbus.EventSubclassTransformer.transform(EventSubclassTransformer.java:48) ~[eventbus-6.0.5.jar:?]
	at net.minecraftforge.eventbus.EventBusEngine.processClass(EventBusEngine.java:26) ~[eventbus-6.0.5.jar:?]
	at net.minecraftforge.eventbus.service.ModLauncherService.processClassWithFlags(ModLauncherService.java:32) ~[eventbus-6.0.5.jar:6.0.5+6.0.5+master.eb8e549b]
	at cpw.mods.modlauncher.LaunchPluginHandler.offerClassNodeToPlugins(LaunchPluginHandler.java:88) ~[modlauncher-10.0.9.jar:?]
	at cpw.mods.modlauncher.ClassTransformer.transform(ClassTransformer.java:120) ~[modlauncher-10.0.9.jar:?]
	at cpw.mods.modlauncher.TransformingClassLoader.maybeTransformClassBytes(TransformingClassLoader.java:50) ~[modlauncher-10.0.9.jar:?]
	at cpw.mods.cl.ModuleClassLoader.readerToClass(ModuleClassLoader.java:113) ~[securejarhandler-2.1.10.jar:?]
	at cpw.mods.cl.ModuleClassLoader.lambda$findClass$15(ModuleClassLoader.java:219) ~[securejarhandler-2.1.10.jar:?]
	at cpw.mods.cl.ModuleClassLoader.loadFromModule(ModuleClassLoader.java:229) ~[securejarhandler-2.1.10.jar:?]
	at cpw.mods.cl.ModuleClassLoader.findClass(ModuleClassLoader.java:219) ~[securejarhandler-2.1.10.jar:?]
	at cpw.mods.cl.ModuleClassLoader.loadClass(ModuleClassLoader.java:135) ~[securejarhandler-2.1.10.jar:?]
	at java.lang.ClassLoader.loadClass(ClassLoader.java:525) ~[?:?]
	at gg.essential.model.file.ParticleEffectComponents$ParticleAppearanceBillboard._childSerializers$_anonymous_(ParticlesFile.kt) ~[?:?]
	at kotlin.SafePublicationLazyImpl.getValue(LazyJVM.kt:125) ~[?:?]
	at gg.essential.model.file.ParticleEffectComponents$ParticleAppearanceBillboard$$serializer.childSerializers(ParticlesFile.kt:435) ~[?:?]
	at kotlinx.serialization.internal.PluginGeneratedSerialDescriptor.childSerializers_delegate$lambda$0(PluginGeneratedSerialDescriptor.kt:36) ~[?:?]
	at kotlin.SafePublicationLazyImpl.getValue(LazyJVM.kt:125) ~[?:?]
	at kotlinx.serialization.internal.PluginGeneratedSerialDescriptor.getChildSerializers(PluginGeneratedSerialDescriptor.kt:36) ~[?:?]
	at kotlinx.serialization.internal.PluginGeneratedSerialDescriptor.getElementDescriptor(PluginGeneratedSerialDescriptor.kt:76) ~[?:?]
	at kotlinx.serialization.json.internal.StreamingJsonDecoder.coerceInputValue(StreamingJsonDecoder.kt:423) ~[?:?]
	at kotlinx.serialization.json.internal.StreamingJsonDecoder.decodeObjectIndex(StreamingJsonDecoder.kt:231) ~[?:?]
	at kotlinx.serialization.json.internal.StreamingJsonDecoder.decodeElementIndex(StreamingJsonDecoder.kt:178) ~[?:?]
	at gg.essential.model.file.ParticleEffectComponents$ParticleAppearanceBillboard$$serializer.deserialize(ParticlesFile.kt:435) ~[?:?]
	at gg.essential.model.file.ParticleEffectComponents$ParticleAppearanceBillboard$$serializer.deserialize(ParticlesFile.kt:435) ~[?:?]
	at kotlinx.serialization.json.internal.StreamingJsonDecoder.decodeSerializableValue(StreamingJsonDecoder.kt:69) ~[?:?]
	at kotlinx.serialization.encoding.AbstractDecoder.decodeSerializableValue(AbstractDecoder.kt:43) ~[?:?]
	at kotlinx.serialization.encoding.AbstractDecoder.decodeNullableSerializableElement(AbstractDecoder.kt:78) ~[?:?]
	at gg.essential.model.file.ParticleEffectComponents$$serializer.deserialize(ParticlesFile.kt:178) ~[?:?]
	at gg.essential.model.file.ParticleEffectComponents$$serializer.deserialize(ParticlesFile.kt:178) ~[?:?]
	at kotlinx.serialization.json.internal.StreamingJsonDecoder.decodeSerializableValue(StreamingJsonDecoder.kt:69) ~[?:?]
	at kotlinx.serialization.encoding.AbstractDecoder.decodeSerializableValue(AbstractDecoder.kt:43) ~[?:?]
	at kotlinx.serialization.encoding.AbstractDecoder.decodeSerializableElement(AbstractDecoder.kt:70) ~[?:?]
	at kotlinx.serialization.json.internal.StreamingJsonDecoder.decodeSerializableElement(StreamingJsonDecoder.kt:168) ~[?:?]
	at gg.essential.model.file.ParticlesFile$ParticleEffect$$serializer.deserialize(ParticlesFile.kt:59) ~[?:?]
	at gg.essential.model.file.ParticlesFile$ParticleEffect$$serializer.deserialize(ParticlesFile.kt:59) ~[?:?]
	at kotlinx.serialization.json.internal.StreamingJsonDecoder.decodeSerializableValue(StreamingJsonDecoder.kt:69) ~[?:?]
	at kotlinx.serialization.encoding.AbstractDecoder.decodeSerializableValue(AbstractDecoder.kt:43) ~[?:?]
	at kotlinx.serialization.encoding.AbstractDecoder.decodeSerializableElement(AbstractDecoder.kt:70) ~[?:?]
	at kotlinx.serialization.json.internal.StreamingJsonDecoder.decodeSerializableElement(StreamingJsonDecoder.kt:168) ~[?:?]
	at gg.essential.model.file.ParticlesFile$$serializer.deserialize(ParticlesFile.kt:52) ~[?:?]
	at gg.essential.model.file.ParticlesFile$$serializer.deserialize(ParticlesFile.kt:52) ~[?:?]
	at kotlinx.serialization.json.internal.StreamingJsonDecoder.decodeSerializableValue(StreamingJsonDecoder.kt:69) ~[?:?]
	at kotlinx.serialization.json.Json.decodeFromString(Json.kt:149) ~[?:?]
	at gg.essential.network.connectionmanager.cosmetics.AssetLoader$JsonAssetType._init_$lambda$2(AssetLoader.kt:353) ~[?:?]
	at gg.essential.network.connectionmanager.cosmetics.AssetLoader.getAsset$lambda$2$0(AssetLoader.kt:86) ~[?:?]
	at gg.essential.network.connectionmanager.cosmetics.AssetLoader.getAsset$lambda$2$1(AssetLoader.kt:84) ~[?:?]
	at java.util.concurrent.CompletableFuture$UniApply.tryFire(CompletableFuture.java:646) ~[?:?]
	at java.util.concurrent.CompletableFuture$Completion.exec(CompletableFuture.java:483) ~[?:?]
	at java.util.concurrent.ForkJoinTask.doExec(ForkJoinTask.java:373) ~[?:?]
	at java.util.concurrent.ForkJoinPool$WorkQueue.topLevelExec(ForkJoinPool.java:1182) ~[?:?]
	at java.util.concurrent.ForkJoinPool.scan(ForkJoinPool.java:1655) ~[?:?]
	at java.util.concurrent.ForkJoinPool.runWorker(ForkJoinPool.java:1622) ~[?:?]
	at java.util.concurrent.ForkJoinWorkerThread.run(ForkJoinWorkerThread.java:165) ~[?:?]
[04:38:40] [ForkJoinPool.commonPool-worker-11/ERROR]: Could not find parent gg/essential/model/file/ParticleEffectComponents$ParticleAppearanceBillboard$Direction for class gg/essential/model/file/ParticleEffectComponents$ParticleAppearanceBillboard$Direction$Custom in classloader jdk.internal.loader.ClassLoaders$AppClassLoader@60f82f98 on thread Thread[ForkJoinPool.commonPool-worker-11,5,main]
[04:38:40] [ForkJoinPool.commonPool-worker-11/ERROR]: An error occurred building event handler
java.lang.ClassNotFoundException: gg.essential.model.file.ParticleEffectComponents$ParticleAppearanceBillboard$Direction
	at jdk.internal.loader.BuiltinClassLoader.loadClass(BuiltinClassLoader.java:641) ~[?:?]
	at jdk.internal.loader.ClassLoaders$AppClassLoader.loadClass(ClassLoaders.java:188) ~[?:?]
	at java.lang.ClassLoader.loadClass(ClassLoader.java:525) ~[?:?]
	at net.minecraftforge.eventbus.EventSubclassTransformer.buildEvents(EventSubclassTransformer.java:97) ~[eventbus-6.0.5.jar:?]
	at net.minecraftforge.eventbus.EventSubclassTransformer.transform(EventSubclassTransformer.java:48) ~[eventbus-6.0.5.jar:?]
	at net.minecraftforge.eventbus.EventBusEngine.processClass(EventBusEngine.java:26) ~[eventbus-6.0.5.jar:?]
	at net.minecraftforge.eventbus.service.ModLauncherService.processClassWithFlags(ModLauncherService.java:32) ~[eventbus-6.0.5.jar:6.0.5+6.0.5+master.eb8e549b]
	at cpw.mods.modlauncher.LaunchPluginHandler.offerClassNodeToPlugins(LaunchPluginHandler.java:88) ~[modlauncher-10.0.9.jar:?]
	at cpw.mods.modlauncher.ClassTransformer.transform(ClassTransformer.java:120) ~[modlauncher-10.0.9.jar:?]
	at cpw.mods.modlauncher.TransformingClassLoader.maybeTransformClassBytes(TransformingClassLoader.java:50) ~[modlauncher-10.0.9.jar:?]
	at cpw.mods.cl.ModuleClassLoader.readerToClass(ModuleClassLoader.java:113) ~[securejarhandler-2.1.10.jar:?]
	at cpw.mods.cl.ModuleClassLoader.lambda$findClass$15(ModuleClassLoader.java:219) ~[securejarhandler-2.1.10.jar:?]
	at cpw.mods.cl.ModuleClassLoader.loadFromModule(ModuleClassLoader.java:229) ~[securejarhandler-2.1.10.jar:?]
	at cpw.mods.cl.ModuleClassLoader.findClass(ModuleClassLoader.java:219) ~[securejarhandler-2.1.10.jar:?]
	at cpw.mods.cl.ModuleClassLoader.loadClass(ModuleClassLoader.java:135) ~[securejarhandler-2.1.10.jar:?]
	at java.lang.ClassLoader.loadClass(ClassLoader.java:525) ~[?:?]
	at gg.essential.model.file.ParticleEffectComponents$ParticleAppearanceBillboard$Direction._init_$_anonymous_(ParticlesFile.kt:485) ~[?:?]
	at kotlin.SafePublicationLazyImpl.getValue(LazyJVM.kt:125) ~[?:?]
	at gg.essential.model.file.ParticleEffectComponents$ParticleAppearanceBillboard$Direction$Companion.get$cachedSerializer(ParticlesFile.kt:485) ~[?:?]
	at gg.essential.model.file.ParticleEffectComponents$ParticleAppearanceBillboard$Direction$Companion.serializer(ParticlesFile.kt:485) ~[?:?]
	at gg.essential.model.file.ParticleEffectComponents$ParticleAppearanceBillboard._childSerializers$_anonymous_$1(ParticlesFile.kt) ~[?:?]
	at kotlin.SafePublicationLazyImpl.getValue(LazyJVM.kt:125) ~[?:?]
	at gg.essential.model.file.ParticleEffectComponents$ParticleAppearanceBillboard$$serializer.childSerializers(ParticlesFile.kt:435) ~[?:?]
	at kotlinx.serialization.internal.PluginGeneratedSerialDescriptor.childSerializers_delegate$lambda$0(PluginGeneratedSerialDescriptor.kt:36) ~[?:?]
	at kotlin.SafePublicationLazyImpl.getValue(LazyJVM.kt:125) ~[?:?]
	at kotlinx.serialization.internal.PluginGeneratedSerialDescriptor.getChildSerializers(PluginGeneratedSerialDescriptor.kt:36) ~[?:?]
	at kotlinx.serialization.internal.PluginGeneratedSerialDescriptor.getElementDescriptor(PluginGeneratedSerialDescriptor.kt:76) ~[?:?]
	at kotlinx.serialization.json.internal.StreamingJsonDecoder.coerceInputValue(StreamingJsonDecoder.kt:423) ~[?:?]
	at kotlinx.serialization.json.internal.StreamingJsonDecoder.decodeObjectIndex(StreamingJsonDecoder.kt:231) ~[?:?]
	at kotlinx.serialization.json.internal.StreamingJsonDecoder.decodeElementIndex(StreamingJsonDecoder.kt:178) ~[?:?]
	at gg.essential.model.file.ParticleEffectComponents$ParticleAppearanceBillboard$$serializer.deserialize(ParticlesFile.kt:435) ~[?:?]
	at gg.essential.model.file.ParticleEffectComponents$ParticleAppearanceBillboard$$serializer.deserialize(ParticlesFile.kt:435) ~[?:?]
	at kotlinx.serialization.json.internal.StreamingJsonDecoder.decodeSerializableValue(StreamingJsonDecoder.kt:69) ~[?:?]
	at kotlinx.serialization.encoding.AbstractDecoder.decodeSerializableValue(AbstractDecoder.kt:43) ~[?:?]
	at kotlinx.serialization.encoding.AbstractDecoder.decodeNullableSerializableElement(AbstractDecoder.kt:78) ~[?:?]
	at gg.essential.model.file.ParticleEffectComponents$$serializer.deserialize(ParticlesFile.kt:178) ~[?:?]
	at gg.essential.model.file.ParticleEffectComponents$$serializer.deserialize(ParticlesFile.kt:178) ~[?:?]
	at kotlinx.serialization.json.internal.StreamingJsonDecoder.decodeSerializableValue(StreamingJsonDecoder.kt:69) ~[?:?]
	at kotlinx.serialization.encoding.AbstractDecoder.decodeSerializableValue(AbstractDecoder.kt:43) ~[?:?]
	at kotlinx.serialization.encoding.AbstractDecoder.decodeSerializableElement(AbstractDecoder.kt:70) ~[?:?]
	at kotlinx.serialization.json.internal.StreamingJsonDecoder.decodeSerializableElement(StreamingJsonDecoder.kt:168) ~[?:?]
	at gg.essential.model.file.ParticlesFile$ParticleEffect$$serializer.deserialize(ParticlesFile.kt:59) ~[?:?]
	at gg.essential.model.file.ParticlesFile$ParticleEffect$$serializer.deserialize(ParticlesFile.kt:59) ~[?:?]
	at kotlinx.serialization.json.internal.StreamingJsonDecoder.decodeSerializableValue(StreamingJsonDecoder.kt:69) ~[?:?]
	at kotlinx.serialization.encoding.AbstractDecoder.decodeSerializableValue(AbstractDecoder.kt:43) ~[?:?]
	at kotlinx.serialization.encoding.AbstractDecoder.decodeSerializableElement(AbstractDecoder.kt:70) ~[?:?]
	at kotlinx.serialization.json.internal.StreamingJsonDecoder.decodeSerializableElement(StreamingJsonDecoder.kt:168) ~[?:?]
	at gg.essential.model.file.ParticlesFile$$serializer.deserialize(ParticlesFile.kt:52) ~[?:?]
	at gg.essential.model.file.ParticlesFile$$serializer.deserialize(ParticlesFile.kt:52) ~[?:?]
	at kotlinx.serialization.json.internal.StreamingJsonDecoder.decodeSerializableValue(StreamingJsonDecoder.kt:69) ~[?:?]
	at kotlinx.serialization.json.Json.decodeFromString(Json.kt:149) ~[?:?]
	at gg.essential.network.connectionmanager.cosmetics.AssetLoader$JsonAssetType._init_$lambda$2(AssetLoader.kt:353) ~[?:?]
	at gg.essential.network.connectionmanager.cosmetics.AssetLoader.getAsset$lambda$2$0(AssetLoader.kt:86) ~[?:?]
	at gg.essential.network.connectionmanager.cosmetics.AssetLoader.getAsset$lambda$2$1(AssetLoader.kt:84) ~[?:?]
	at java.util.concurrent.CompletableFuture$UniApply.tryFire(CompletableFuture.java:646) ~[?:?]
	at java.util.concurrent.CompletableFuture$Completion.exec(CompletableFuture.java:483) ~[?:?]
	at java.util.concurrent.ForkJoinTask.doExec(ForkJoinTask.java:373) ~[?:?]
	at java.util.concurrent.ForkJoinPool$WorkQueue.topLevelExec(ForkJoinPool.java:1182) ~[?:?]
	at java.util.concurrent.ForkJoinPool.scan(ForkJoinPool.java:1655) ~[?:?]
	at java.util.concurrent.ForkJoinPool.runWorker(ForkJoinPool.java:1622) ~[?:?]
	at java.util.concurrent.ForkJoinWorkerThread.run(ForkJoinWorkerThread.java:165) ~[?:?]
[04:38:40] [ForkJoinPool.commonPool-worker-11/ERROR]: Could not find parent gg/essential/model/file/ParticleEffectComponents$ParticleAppearanceBillboard$Direction for class gg/essential/model/file/ParticleEffectComponents$ParticleAppearanceBillboard$Direction$FromVelocity in classloader jdk.internal.loader.ClassLoaders$AppClassLoader@60f82f98 on thread Thread[ForkJoinPool.commonPool-worker-11,5,main]
[04:38:40] [ForkJoinPool.commonPool-worker-11/ERROR]: An error occurred building event handler
java.lang.ClassNotFoundException: gg.essential.model.file.ParticleEffectComponents$ParticleAppearanceBillboard$Direction
	at jdk.internal.loader.BuiltinClassLoader.loadClass(BuiltinClassLoader.java:641) ~[?:?]
	at jdk.internal.loader.ClassLoaders$AppClassLoader.loadClass(ClassLoaders.java:188) ~[?:?]
	at java.lang.ClassLoader.loadClass(ClassLoader.java:525) ~[?:?]
	at net.minecraftforge.eventbus.EventSubclassTransformer.buildEvents(EventSubclassTransformer.java:97) ~[eventbus-6.0.5.jar:?]
	at net.minecraftforge.eventbus.EventSubclassTransformer.transform(EventSubclassTransformer.java:48) ~[eventbus-6.0.5.jar:?]
	at net.minecraftforge.eventbus.EventBusEngine.processClass(EventBusEngine.java:26) ~[eventbus-6.0.5.jar:?]
	at net.minecraftforge.eventbus.service.ModLauncherService.processClassWithFlags(ModLauncherService.java:32) ~[eventbus-6.0.5.jar:6.0.5+6.0.5+master.eb8e549b]
	at cpw.mods.modlauncher.LaunchPluginHandler.offerClassNodeToPlugins(LaunchPluginHandler.java:88) ~[modlauncher-10.0.9.jar:?]
	at cpw.mods.modlauncher.ClassTransformer.transform(ClassTransformer.java:120) ~[modlauncher-10.0.9.jar:?]
	at cpw.mods.modlauncher.TransformingClassLoader.maybeTransformClassBytes(TransformingClassLoader.java:50) ~[modlauncher-10.0.9.jar:?]
	at cpw.mods.cl.ModuleClassLoader.readerToClass(ModuleClassLoader.java:113) ~[securejarhandler-2.1.10.jar:?]
	at cpw.mods.cl.ModuleClassLoader.lambda$findClass$15(ModuleClassLoader.java:219) ~[securejarhandler-2.1.10.jar:?]
	at cpw.mods.cl.ModuleClassLoader.loadFromModule(ModuleClassLoader.java:229) ~[securejarhandler-2.1.10.jar:?]
	at cpw.mods.cl.ModuleClassLoader.findClass(ModuleClassLoader.java:219) ~[securejarhandler-2.1.10.jar:?]
	at cpw.mods.cl.ModuleClassLoader.loadClass(ModuleClassLoader.java:135) ~[securejarhandler-2.1.10.jar:?]
	at java.lang.ClassLoader.loadClass(ClassLoader.java:525) ~[?:?]
	at gg.essential.model.file.ParticleEffectComponents$ParticleAppearanceBillboard$Direction._init_$_anonymous_(ParticlesFile.kt:485) ~[?:?]
	at kotlin.SafePublicationLazyImpl.getValue(LazyJVM.kt:125) ~[?:?]
	at gg.essential.model.file.ParticleEffectComponents$ParticleAppearanceBillboard$Direction$Companion.get$cachedSerializer(ParticlesFile.kt:485) ~[?:?]
	at gg.essential.model.file.ParticleEffectComponents$ParticleAppearanceBillboard$Direction$Companion.serializer(ParticlesFile.kt:485) ~[?:?]
	at gg.essential.model.file.ParticleEffectComponents$ParticleAppearanceBillboard._childSerializers$_anonymous_$1(ParticlesFile.kt) ~[?:?]
	at kotlin.SafePublicationLazyImpl.getValue(LazyJVM.kt:125) ~[?:?]
	at gg.essential.model.file.ParticleEffectComponents$ParticleAppearanceBillboard$$serializer.childSerializers(ParticlesFile.kt:435) ~[?:?]
	at kotlinx.serialization.internal.PluginGeneratedSerialDescriptor.childSerializers_delegate$lambda$0(PluginGeneratedSerialDescriptor.kt:36) ~[?:?]
	at kotlin.SafePublicationLazyImpl.getValue(LazyJVM.kt:125) ~[?:?]
	at kotlinx.serialization.internal.PluginGeneratedSerialDescriptor.getChildSerializers(PluginGeneratedSerialDescriptor.kt:36) ~[?:?]
	at kotlinx.serialization.internal.PluginGeneratedSerialDescriptor.getElementDescriptor(PluginGeneratedSerialDescriptor.kt:76) ~[?:?]
	at kotlinx.serialization.json.internal.StreamingJsonDecoder.coerceInputValue(StreamingJsonDecoder.kt:423) ~[?:?]
	at kotlinx.serialization.json.internal.StreamingJsonDecoder.decodeObjectIndex(StreamingJsonDecoder.kt:231) ~[?:?]
	at kotlinx.serialization.json.internal.StreamingJsonDecoder.decodeElementIndex(StreamingJsonDecoder.kt:178) ~[?:?]
	at gg.essential.model.file.ParticleEffectComponents$ParticleAppearanceBillboard$$serializer.deserialize(ParticlesFile.kt:435) ~[?:?]
	at gg.essential.model.file.ParticleEffectComponents$ParticleAppearanceBillboard$$serializer.deserialize(ParticlesFile.kt:435) ~[?:?]
	at kotlinx.serialization.json.internal.StreamingJsonDecoder.decodeSerializableValue(StreamingJsonDecoder.kt:69) ~[?:?]
	at kotlinx.serialization.encoding.AbstractDecoder.decodeSerializableValue(AbstractDecoder.kt:43) ~[?:?]
	at kotlinx.serialization.encoding.AbstractDecoder.decodeNullableSerializableElement(AbstractDecoder.kt:78) ~[?:?]
	at gg.essential.model.file.ParticleEffectComponents$$serializer.deserialize(ParticlesFile.kt:178) ~[?:?]
	at gg.essential.model.file.ParticleEffectComponents$$serializer.deserialize(ParticlesFile.kt:178) ~[?:?]
	at kotlinx.serialization.json.internal.StreamingJsonDecoder.decodeSerializableValue(StreamingJsonDecoder.kt:69) ~[?:?]
	at kotlinx.serialization.encoding.AbstractDecoder.decodeSerializableValue(AbstractDecoder.kt:43) ~[?:?]
	at kotlinx.serialization.encoding.AbstractDecoder.decodeSerializableElement(AbstractDecoder.kt:70) ~[?:?]
	at kotlinx.serialization.json.internal.StreamingJsonDecoder.decodeSerializableElement(StreamingJsonDecoder.kt:168) ~[?:?]
	at gg.essential.model.file.ParticlesFile$ParticleEffect$$serializer.deserialize(ParticlesFile.kt:59) ~[?:?]
	at gg.essential.model.file.ParticlesFile$ParticleEffect$$serializer.deserialize(ParticlesFile.kt:59) ~[?:?]
	at kotlinx.serialization.json.internal.StreamingJsonDecoder.decodeSerializableValue(StreamingJsonDecoder.kt:69) ~[?:?]
	at kotlinx.serialization.encoding.AbstractDecoder.decodeSerializableValue(AbstractDecoder.kt:43) ~[?:?]
	at kotlinx.serialization.encoding.AbstractDecoder.decodeSerializableElement(AbstractDecoder.kt:70) ~[?:?]
	at kotlinx.serialization.json.internal.StreamingJsonDecoder.decodeSerializableElement(StreamingJsonDecoder.kt:168) ~[?:?]
	at gg.essential.model.file.ParticlesFile$$serializer.deserialize(ParticlesFile.kt:52) ~[?:?]
	at gg.essential.model.file.ParticlesFile$$serializer.deserialize(ParticlesFile.kt:52) ~[?:?]
	at kotlinx.serialization.json.internal.StreamingJsonDecoder.decodeSerializableValue(StreamingJsonDecoder.kt:69) ~[?:?]
	at kotlinx.serialization.json.Json.decodeFromString(Json.kt:149) ~[?:?]
	at gg.essential.network.connectionmanager.cosmetics.AssetLoader$JsonAssetType._init_$lambda$2(AssetLoader.kt:353) ~[?:?]
	at gg.essential.network.connectionmanager.cosmetics.AssetLoader.getAsset$lambda$2$0(AssetLoader.kt:86) ~[?:?]
	at gg.essential.network.connectionmanager.cosmetics.AssetLoader.getAsset$lambda$2$1(AssetLoader.kt:84) ~[?:?]
	at java.util.concurrent.CompletableFuture$UniApply.tryFire(CompletableFuture.java:646) ~[?:?]
	at java.util.concurrent.CompletableFuture$Completion.exec(CompletableFuture.java:483) ~[?:?]
	at java.util.concurrent.ForkJoinTask.doExec(ForkJoinTask.java:373) ~[?:?]
	at java.util.concurrent.ForkJoinPool$WorkQueue.topLevelExec(ForkJoinPool.java:1182) ~[?:?]
	at java.util.concurrent.ForkJoinPool.scan(ForkJoinPool.java:1655) ~[?:?]
	at java.util.concurrent.ForkJoinPool.runWorker(ForkJoinPool.java:1622) ~[?:?]
	at java.util.concurrent.ForkJoinWorkerThread.run(ForkJoinWorkerThread.java:165) ~[?:?]
[04:38:40] [Finalizer/WARN]: One or more BufferBuilders have been leaked, ModernFix will attempt to correct this.
[04:38:40] [Render thread/INFO]: Hardware information:
[04:38:40] [ForkJoinPool.commonPool-worker-8/ERROR]: Could not find parent kotlinx/serialization/json/JsonTransformingSerializer for class gg/essential/model/file/ParticlesFile$Event$WeightedEventSerializer in classloader jdk.internal.loader.ClassLoaders$AppClassLoader@60f82f98 on thread Thread[ForkJoinPool.commonPool-worker-8,5,main]
[04:38:40] [Render thread/INFO]: CPU: 16x AMD Ryzen 7 9800X3D 8-Core Processor 
[04:38:40] [Render thread/INFO]: GPU: NVIDIA GeForce RTX 4090/PCIe/SSE2 (Supports OpenGL 4.6.0 NVIDIA 596.49)
[04:38:40] [Render thread/INFO]: OS: Windows 11 (10.0)
[04:38:40] [ForkJoinPool.commonPool-worker-8/ERROR]: An error occurred building event handler
java.lang.ClassNotFoundException: kotlinx.serialization.json.JsonTransformingSerializer
	at jdk.internal.loader.BuiltinClassLoader.loadClass(BuiltinClassLoader.java:641) ~[?:?]
	at jdk.internal.loader.ClassLoaders$AppClassLoader.loadClass(ClassLoaders.java:188) ~[?:?]
	at java.lang.ClassLoader.loadClass(ClassLoader.java:525) ~[?:?]
	at net.minecraftforge.eventbus.EventSubclassTransformer.buildEvents(EventSubclassTransformer.java:97) ~[eventbus-6.0.5.jar:?]
	at net.minecraftforge.eventbus.EventSubclassTransformer.transform(EventSubclassTransformer.java:48) ~[eventbus-6.0.5.jar:?]
	at net.minecraftforge.eventbus.EventBusEngine.processClass(EventBusEngine.java:26) ~[eventbus-6.0.5.jar:?]
	at net.minecraftforge.eventbus.service.ModLauncherService.processClassWithFlags(ModLauncherService.java:32) ~[eventbus-6.0.5.jar:6.0.5+6.0.5+master.eb8e549b]
	at cpw.mods.modlauncher.LaunchPluginHandler.offerClassNodeToPlugins(LaunchPluginHandler.java:88) ~[modlauncher-10.0.9.jar:?]
	at cpw.mods.modlauncher.ClassTransformer.transform(ClassTransformer.java:120) ~[modlauncher-10.0.9.jar:?]
	at cpw.mods.modlauncher.TransformingClassLoader.maybeTransformClassBytes(TransformingClassLoader.java:50) ~[modlauncher-10.0.9.jar:?]
	at cpw.mods.cl.ModuleClassLoader.readerToClass(ModuleClassLoader.java:113) ~[securejarhandler-2.1.10.jar:?]
	at cpw.mods.cl.ModuleClassLoader.lambda$findClass$15(ModuleClassLoader.java:219) ~[securejarhandler-2.1.10.jar:?]
	at cpw.mods.cl.ModuleClassLoader.loadFromModule(ModuleClassLoader.java:229) ~[securejarhandler-2.1.10.jar:?]
	at cpw.mods.cl.ModuleClassLoader.findClass(ModuleClassLoader.java:219) ~[securejarhandler-2.1.10.jar:?]
	at cpw.mods.cl.ModuleClassLoader.loadClass(ModuleClassLoader.java:135) ~[securejarhandler-2.1.10.jar:?]
	at java.lang.ClassLoader.loadClass(ClassLoader.java:525) ~[?:?]
	at gg.essential.model.file.ParticlesFile$Event._childSerializers$_anonymous_$0(ParticlesFile.kt) ~[?:?]
	at kotlin.SafePublicationLazyImpl.getValue(LazyJVM.kt:125) ~[?:?]
	at gg.essential.model.file.ParticlesFile$Event$$serializer.childSerializers(ParticlesFile.kt:111) ~[?:?]
	at kotlinx.serialization.internal.PluginGeneratedSerialDescriptor.childSerializers_delegate$lambda$0(PluginGeneratedSerialDescriptor.kt:36) ~[?:?]
	at kotlin.SafePublicationLazyImpl.getValue(LazyJVM.kt:125) ~[?:?]
	at kotlinx.serialization.internal.PluginGeneratedSerialDescriptor.getChildSerializers(PluginGeneratedSerialDescriptor.kt:36) ~[?:?]
	at kotlinx.serialization.internal.PluginGeneratedSerialDescriptor.getElementDescriptor(PluginGeneratedSerialDescriptor.kt:76) ~[?:?]
	at kotlinx.serialization.json.internal.StreamingJsonDecoder.coerceInputValue(StreamingJsonDecoder.kt:423) ~[?:?]
	at kotlinx.serialization.json.internal.StreamingJsonDecoder.decodeObjectIndex(StreamingJsonDecoder.kt:231) ~[?:?]
	at kotlinx.serialization.json.internal.StreamingJsonDecoder.decodeElementIndex(StreamingJsonDecoder.kt:178) ~[?:?]
	at gg.essential.model.file.ParticlesFile$Event$$serializer.deserialize(ParticlesFile.kt:111) ~[?:?]
	at gg.essential.model.file.ParticlesFile$Event$$serializer.deserialize(ParticlesFile.kt:111) ~[?:?]
	at kotlinx.serialization.json.internal.StreamingJsonDecoder.decodeSerializableValue(StreamingJsonDecoder.kt:69) ~[?:?]
	at kotlinx.serialization.encoding.AbstractDecoder.decodeSerializableValue(AbstractDecoder.kt:43) ~[?:?]
	at kotlinx.serialization.encoding.AbstractDecoder.decodeSerializableElement(AbstractDecoder.kt:70) ~[?:?]
	at kotlinx.serialization.json.internal.StreamingJsonDecoder.decodeSerializableElement(StreamingJsonDecoder.kt:168) ~[?:?]
	at kotlinx.serialization.encoding.CompositeDecoder.decodeSerializableElement$default(Decoding.kt:539) ~[?:?]
	at kotlinx.serialization.internal.MapLikeSerializer.readElement(CollectionSerializers.kt:111) ~[?:?]
	at kotlinx.serialization.internal.MapLikeSerializer.readElement(CollectionSerializers.kt:84) ~[?:?]
	at kotlinx.serialization.internal.AbstractCollectionSerializer.readElement$default(CollectionSerializers.kt:51) ~[?:?]
	at kotlinx.serialization.internal.AbstractCollectionSerializer.merge(CollectionSerializers.kt:36) ~[?:?]
	at kotlinx.serialization.internal.AbstractCollectionSerializer.deserialize(CollectionSerializers.kt:43) ~[?:?]
	at kotlinx.serialization.json.internal.StreamingJsonDecoder.decodeSerializableValue(StreamingJsonDecoder.kt:69) ~[?:?]
	at kotlinx.serialization.encoding.AbstractDecoder.decodeSerializableValue(AbstractDecoder.kt:43) ~[?:?]
	at kotlinx.serialization.encoding.AbstractDecoder.decodeSerializableElement(AbstractDecoder.kt:70) ~[?:?]
	at kotlinx.serialization.json.internal.StreamingJsonDecoder.decodeSerializableElement(StreamingJsonDecoder.kt:168) ~[?:?]
	at gg.essential.model.file.ParticlesFile$ParticleEffect$$serializer.deserialize(ParticlesFile.kt:59) ~[?:?]
	at gg.essential.model.file.ParticlesFile$ParticleEffect$$serializer.deserialize(ParticlesFile.kt:59) ~[?:?]
	at kotlinx.serialization.json.internal.StreamingJsonDecoder.decodeSerializableValue(StreamingJsonDecoder.kt:69) ~[?:?]
	at kotlinx.serialization.encoding.AbstractDecoder.decodeSerializableValue(AbstractDecoder.kt:43) ~[?:?]
	at kotlinx.serialization.encoding.AbstractDecoder.decodeSerializableElement(AbstractDecoder.kt:70) ~[?:?]
	at kotlinx.serialization.json.internal.StreamingJsonDecoder.decodeSerializableElement(StreamingJsonDecoder.kt:168) ~[?:?]
	at gg.essential.model.file.ParticlesFile$$serializer.deserialize(ParticlesFile.kt:52) ~[?:?]
	at gg.essential.model.file.ParticlesFile$$serializer.deserialize(ParticlesFile.kt:52) ~[?:?]
	at kotlinx.serialization.json.internal.StreamingJsonDecoder.decodeSerializableValue(StreamingJsonDecoder.kt:69) ~[?:?]
	at kotlinx.serialization.json.Json.decodeFromString(Json.kt:149) ~[?:?]
	at gg.essential.network.connectionmanager.cosmetics.AssetLoader$JsonAssetType._init_$lambda$2(AssetLoader.kt:353) ~[?:?]
	at gg.essential.network.connectionmanager.cosmetics.AssetLoader.getAsset$lambda$2$0(AssetLoader.kt:86) ~[?:?]
	at gg.essential.network.connectionmanager.cosmetics.AssetLoader.getAsset$lambda$2$1(AssetLoader.kt:84) ~[?:?]
	at java.util.concurrent.CompletableFuture$UniApply.tryFire(CompletableFuture.java:646) ~[?:?]
	at java.util.concurrent.CompletableFuture$Completion.exec(CompletableFuture.java:483) ~[?:?]
	at java.util.concurrent.ForkJoinTask.doExec(ForkJoinTask.java:373) ~[?:?]
	at java.util.concurrent.ForkJoinPool$WorkQueue.topLevelExec(ForkJoinPool.java:1182) ~[?:?]
	at java.util.concurrent.ForkJoinPool.scan(ForkJoinPool.java:1655) ~[?:?]
	at java.util.concurrent.ForkJoinPool.runWorker(ForkJoinPool.java:1622) ~[?:?]
	at java.util.concurrent.ForkJoinWorkerThread.run(ForkJoinWorkerThread.java:165) ~[?:?]
[04:38:40] [ForkJoinPool.commonPool-worker-3/ERROR]: Could not find parent kotlinx/serialization/json/JsonContentPolymorphicSerializer for class gg/essential/model/file/MolangColorOrGradientSerializer in classloader jdk.internal.loader.ClassLoaders$AppClassLoader@60f82f98 on thread Thread[ForkJoinPool.commonPool-worker-3,5,main]
[04:38:40] [ForkJoinPool.commonPool-worker-3/ERROR]: An error occurred building event handler
java.lang.ClassNotFoundException: kotlinx.serialization.json.JsonContentPolymorphicSerializer
	at jdk.internal.loader.BuiltinClassLoader.loadClass(BuiltinClassLoader.java:641) ~[?:?]
	at jdk.internal.loader.ClassLoaders$AppClassLoader.loadClass(ClassLoaders.java:188) ~[?:?]
	at java.lang.ClassLoader.loadClass(ClassLoader.java:525) ~[?:?]
	at net.minecraftforge.eventbus.EventSubclassTransformer.buildEvents(EventSubclassTransformer.java:97) ~[eventbus-6.0.5.jar:?]
	at net.minecraftforge.eventbus.EventSubclassTransformer.transform(EventSubclassTransformer.java:48) ~[eventbus-6.0.5.jar:?]
	at net.minecraftforge.eventbus.EventBusEngine.processClass(EventBusEngine.java:26) ~[eventbus-6.0.5.jar:?]
	at net.minecraftforge.eventbus.service.ModLauncherService.processClassWithFlags(ModLauncherService.java:32) ~[eventbus-6.0.5.jar:6.0.5+6.0.5+master.eb8e549b]
	at cpw.mods.modlauncher.LaunchPluginHandler.offerClassNodeToPlugins(LaunchPluginHandler.java:88) ~[modlauncher-10.0.9.jar:?]
	at cpw.mods.modlauncher.ClassTransformer.transform(ClassTransformer.java:120) ~[modlauncher-10.0.9.jar:?]
	at cpw.mods.modlauncher.TransformingClassLoader.maybeTransformClassBytes(TransformingClassLoader.java:50) ~[modlauncher-10.0.9.jar:?]
	at cpw.mods.cl.ModuleClassLoader.readerToClass(ModuleClassLoader.java:113) ~[securejarhandler-2.1.10.jar:?]
	at cpw.mods.cl.ModuleClassLoader.lambda$findClass$15(ModuleClassLoader.java:219) ~[securejarhandler-2.1.10.jar:?]
	at cpw.mods.cl.ModuleClassLoader.loadFromModule(ModuleClassLoader.java:229) ~[securejarhandler-2.1.10.jar:?]
	at cpw.mods.cl.ModuleClassLoader.findClass(ModuleClassLoader.java:219) ~[securejarhandler-2.1.10.jar:?]
	at cpw.mods.cl.ModuleClassLoader.loadClass(ModuleClassLoader.java:135) ~[securejarhandler-2.1.10.jar:?]
	at java.lang.ClassLoader.loadClass(ClassLoader.java:525) ~[?:?]
	at gg.essential.model.file.ParticleEffectComponents$ParticleAppearanceTinting$$serializer.childSerializers(ParticlesFile.kt:552) ~[?:?]
	at kotlinx.serialization.internal.PluginGeneratedSerialDescriptor.childSerializers_delegate$lambda$0(PluginGeneratedSerialDescriptor.kt:36) ~[?:?]
	at kotlin.SafePublicationLazyImpl.getValue(LazyJVM.kt:125) ~[?:?]
	at kotlinx.serialization.internal.PluginGeneratedSerialDescriptor.getChildSerializers(PluginGeneratedSerialDescriptor.kt:36) ~[?:?]
	at kotlinx.serialization.internal.PluginGeneratedSerialDescriptor.getElementDescriptor(PluginGeneratedSerialDescriptor.kt:76) ~[?:?]
	at kotlinx.serialization.json.internal.StreamingJsonDecoder.coerceInputValue(StreamingJsonDecoder.kt:423) ~[?:?]
	at kotlinx.serialization.json.internal.StreamingJsonDecoder.decodeObjectIndex(StreamingJsonDecoder.kt:231) ~[?:?]
	at kotlinx.serialization.json.internal.StreamingJsonDecoder.decodeElementIndex(StreamingJsonDecoder.kt:178) ~[?:?]
	at gg.essential.model.file.ParticleEffectComponents$ParticleAppearanceTinting$$serializer.deserialize(ParticlesFile.kt:552) ~[?:?]
	at gg.essential.model.file.ParticleEffectComponents$ParticleAppearanceTinting$$serializer.deserialize(ParticlesFile.kt:552) ~[?:?]
	at kotlinx.serialization.json.internal.StreamingJsonDecoder.decodeSerializableValue(StreamingJsonDecoder.kt:69) ~[?:?]
	at kotlinx.serialization.encoding.AbstractDecoder.decodeSerializableValue(AbstractDecoder.kt:43) ~[?:?]
	at kotlinx.serialization.encoding.AbstractDecoder.decodeNullableSerializableElement(AbstractDecoder.kt:78) ~[?:?]
	at gg.essential.model.file.ParticleEffectComponents$$serializer.deserialize(ParticlesFile.kt:178) ~[?:?]
	at gg.essential.model.file.ParticleEffectComponents$$serializer.deserialize(ParticlesFile.kt:178) ~[?:?]
	at kotlinx.serialization.json.internal.StreamingJsonDecoder.decodeSerializableValue(StreamingJsonDecoder.kt:69) ~[?:?]
	at kotlinx.serialization.encoding.AbstractDecoder.decodeSerializableValue(AbstractDecoder.kt:43) ~[?:?]
	at kotlinx.serialization.encoding.AbstractDecoder.decodeSerializableElement(AbstractDecoder.kt:70) ~[?:?]
	at kotlinx.serialization.json.internal.StreamingJsonDecoder.decodeSerializableElement(StreamingJsonDecoder.kt:168) ~[?:?]
	at gg.essential.model.file.ParticlesFile$ParticleEffect$$serializer.deserialize(ParticlesFile.kt:59) ~[?:?]
	at gg.essential.model.file.ParticlesFile$ParticleEffect$$serializer.deserialize(ParticlesFile.kt:59) ~[?:?]
	at kotlinx.serialization.json.internal.StreamingJsonDecoder.decodeSerializableValue(StreamingJsonDecoder.kt:69) ~[?:?]
	at kotlinx.serialization.encoding.AbstractDecoder.decodeSerializableValue(AbstractDecoder.kt:43) ~[?:?]
	at kotlinx.serialization.encoding.AbstractDecoder.decodeSerializableElement(AbstractDecoder.kt:70) ~[?:?]
	at kotlinx.serialization.json.internal.StreamingJsonDecoder.decodeSerializableElement(StreamingJsonDecoder.kt:168) ~[?:?]
	at gg.essential.model.file.ParticlesFile$$serializer.deserialize(ParticlesFile.kt:52) ~[?:?]
	at gg.essential.model.file.ParticlesFile$$serializer.deserialize(ParticlesFile.kt:52) ~[?:?]
	at kotlinx.serialization.json.internal.StreamingJsonDecoder.decodeSerializableValue(StreamingJsonDecoder.kt:69) ~[?:?]
	at kotlinx.serialization.json.Json.decodeFromString(Json.kt:149) ~[?:?]
	at gg.essential.network.connectionmanager.cosmetics.AssetLoader$JsonAssetType._init_$lambda$2(AssetLoader.kt:353) ~[?:?]
	at gg.essential.network.connectionmanager.cosmetics.AssetLoader.getAsset$lambda$2$0(AssetLoader.kt:86) ~[?:?]
	at gg.essential.network.connectionmanager.cosmetics.AssetLoader.getAsset$lambda$2$1(AssetLoader.kt:84) ~[?:?]
	at java.util.concurrent.CompletableFuture$UniApply.tryFire(CompletableFuture.java:646) ~[?:?]
	at java.util.concurrent.CompletableFuture$Completion.exec(CompletableFuture.java:483) ~[?:?]
	at java.util.concurrent.ForkJoinTask.doExec(ForkJoinTask.java:373) ~[?:?]
	at java.util.concurrent.ForkJoinPool$WorkQueue.topLevelExec(ForkJoinPool.java:1182) ~[?:?]
	at java.util.concurrent.ForkJoinPool.scan(ForkJoinPool.java:1655) ~[?:?]
	at java.util.concurrent.ForkJoinPool.runWorker(ForkJoinPool.java:1622) ~[?:?]
	at java.util.concurrent.ForkJoinWorkerThread.run(ForkJoinWorkerThread.java:165) ~[?:?]
[04:38:40] [ForkJoinPool.commonPool-worker-11/ERROR]: Could not find parent kotlinx/serialization/json/JsonContentPolymorphicSerializer for class gg/essential/model/file/MolangColorSerializer in classloader jdk.internal.loader.ClassLoaders$AppClassLoader@60f82f98 on thread Thread[ForkJoinPool.commonPool-worker-11,5,main]
[04:38:40] [ForkJoinPool.commonPool-worker-11/ERROR]: An error occurred building event handler
java.lang.ClassNotFoundException: kotlinx.serialization.json.JsonContentPolymorphicSerializer
	at jdk.internal.loader.BuiltinClassLoader.loadClass(BuiltinClassLoader.java:641) ~[?:?]
	at jdk.internal.loader.ClassLoaders$AppClassLoader.loadClass(ClassLoaders.java:188) ~[?:?]
	at java.lang.ClassLoader.loadClass(ClassLoader.java:525) ~[?:?]
	at net.minecraftforge.eventbus.EventSubclassTransformer.buildEvents(EventSubclassTransformer.java:97) ~[eventbus-6.0.5.jar:?]
	at net.minecraftforge.eventbus.EventSubclassTransformer.transform(EventSubclassTransformer.java:48) ~[eventbus-6.0.5.jar:?]
	at net.minecraftforge.eventbus.EventBusEngine.processClass(EventBusEngine.java:26) ~[eventbus-6.0.5.jar:?]
	at net.minecraftforge.eventbus.service.ModLauncherService.processClassWithFlags(ModLauncherService.java:32) ~[eventbus-6.0.5.jar:6.0.5+6.0.5+master.eb8e549b]
	at cpw.mods.modlauncher.LaunchPluginHandler.offerClassNodeToPlugins(LaunchPluginHandler.java:88) ~[modlauncher-10.0.9.jar:?]
	at cpw.mods.modlauncher.ClassTransformer.transform(ClassTransformer.java:120) ~[modlauncher-10.0.9.jar:?]
	at cpw.mods.modlauncher.TransformingClassLoader.maybeTransformClassBytes(TransformingClassLoader.java:50) ~[modlauncher-10.0.9.jar:?]
	at cpw.mods.cl.ModuleClassLoader.readerToClass(ModuleClassLoader.java:113) ~[securejarhandler-2.1.10.jar:?]
	at cpw.mods.cl.ModuleClassLoader.lambda$findClass$15(ModuleClassLoader.java:219) ~[securejarhandler-2.1.10.jar:?]
	at cpw.mods.cl.ModuleClassLoader.loadFromModule(ModuleClassLoader.java:229) ~[securejarhandler-2.1.10.jar:?]
	at cpw.mods.cl.ModuleClassLoader.findClass(ModuleClassLoader.java:219) ~[securejarhandler-2.1.10.jar:?]
	at cpw.mods.cl.ModuleClassLoader.loadClass(ModuleClassLoader.java:135) ~[securejarhandler-2.1.10.jar:?]
	at java.lang.ClassLoader.loadClass(ClassLoader.java:525) ~[?:?]
	at gg.essential.model.file.MolangColor$Companion.serializer(ParticlesFile.kt:680) ~[?:?]
	at gg.essential.model.file.MolangColorOrGradientSerializer.selectDeserializer(ParticlesFile.kt:721) ~[?:?]
	at kotlinx.serialization.json.JsonContentPolymorphicSerializer.deserialize(JsonContentPolymorphicSerializer.kt:93) ~[?:?]
	at kotlinx.serialization.json.internal.StreamingJsonDecoder.decodeSerializableValue(StreamingJsonDecoder.kt:69) ~[?:?]
	at kotlinx.serialization.encoding.AbstractDecoder.decodeSerializableValue(AbstractDecoder.kt:43) ~[?:?]
	at kotlinx.serialization.encoding.AbstractDecoder.decodeSerializableElement(AbstractDecoder.kt:70) ~[?:?]
	at kotlinx.serialization.json.internal.StreamingJsonDecoder.decodeSerializableElement(StreamingJsonDecoder.kt:168) ~[?:?]
	at gg.essential.model.file.ParticleEffectComponents$ParticleAppearanceTinting$$serializer.deserialize(ParticlesFile.kt:552) ~[?:?]
	at gg.essential.model.file.ParticleEffectComponents$ParticleAppearanceTinting$$serializer.deserialize(ParticlesFile.kt:552) ~[?:?]
	at kotlinx.serialization.json.internal.StreamingJsonDecoder.decodeSerializableValue(StreamingJsonDecoder.kt:69) ~[?:?]
	at kotlinx.serialization.encoding.AbstractDecoder.decodeSerializableValue(AbstractDecoder.kt:43) ~[?:?]
	at kotlinx.serialization.encoding.AbstractDecoder.decodeNullableSerializableElement(AbstractDecoder.kt:78) ~[?:?]
	at gg.essential.model.file.ParticleEffectComponents$$serializer.deserialize(ParticlesFile.kt:178) ~[?:?]
	at gg.essential.model.file.ParticleEffectComponents$$serializer.deserialize(ParticlesFile.kt:178) ~[?:?]
	at kotlinx.serialization.json.internal.StreamingJsonDecoder.decodeSerializableValue(StreamingJsonDecoder.kt:69) ~[?:?]
	at kotlinx.serialization.encoding.AbstractDecoder.decodeSerializableValue(AbstractDecoder.kt:43) ~[?:?]
	at kotlinx.serialization.encoding.AbstractDecoder.decodeSerializableElement(AbstractDecoder.kt:70) ~[?:?]
	at kotlinx.serialization.json.internal.StreamingJsonDecoder.decodeSerializableElement(StreamingJsonDecoder.kt:168) ~[?:?]
	at gg.essential.model.file.ParticlesFile$ParticleEffect$$serializer.deserialize(ParticlesFile.kt:59) ~[?:?]
	at gg.essential.model.file.ParticlesFile$ParticleEffect$$serializer.deserialize(ParticlesFile.kt:59) ~[?:?]
	at kotlinx.serialization.json.internal.StreamingJsonDecoder.decodeSerializableValue(StreamingJsonDecoder.kt:69) ~[?:?]
	at kotlinx.serialization.encoding.AbstractDecoder.decodeSerializableValue(AbstractDecoder.kt:43) ~[?:?]
	at kotlinx.serialization.encoding.AbstractDecoder.decodeSerializableElement(AbstractDecoder.kt:70) ~[?:?]
	at kotlinx.serialization.json.internal.StreamingJsonDecoder.decodeSerializableElement(StreamingJsonDecoder.kt:168) ~[?:?]
	at gg.essential.model.file.ParticlesFile$$serializer.deserialize(ParticlesFile.kt:52) ~[?:?]
	at gg.essential.model.file.ParticlesFile$$serializer.deserialize(ParticlesFile.kt:52) ~[?:?]
	at kotlinx.serialization.json.internal.StreamingJsonDecoder.decodeSerializableValue(StreamingJsonDecoder.kt:69) ~[?:?]
	at kotlinx.serialization.json.Json.decodeFromString(Json.kt:149) ~[?:?]
	at gg.essential.network.connectionmanager.cosmetics.AssetLoader$JsonAssetType._init_$lambda$2(AssetLoader.kt:353) ~[?:?]
	at gg.essential.network.connectionmanager.cosmetics.AssetLoader.getAsset$lambda$2$0(AssetLoader.kt:86) ~[?:?]
	at gg.essential.network.connectionmanager.cosmetics.AssetLoader.getAsset$lambda$2$1(AssetLoader.kt:84) ~[?:?]
	at java.util.concurrent.CompletableFuture$UniApply.tryFire(CompletableFuture.java:646) ~[?:?]
	at java.util.concurrent.CompletableFuture$Completion.exec(CompletableFuture.java:483) ~[?:?]
	at java.util.concurrent.ForkJoinTask.doExec(ForkJoinTask.java:373) ~[?:?]
	at java.util.concurrent.ForkJoinPool$WorkQueue.topLevelExec(ForkJoinPool.java:1182) ~[?:?]
	at java.util.concurrent.ForkJoinPool.scan(ForkJoinPool.java:1655) ~[?:?]
	at java.util.concurrent.ForkJoinPool.runWorker(ForkJoinPool.java:1622) ~[?:?]
	at java.util.concurrent.ForkJoinWorkerThread.run(ForkJoinWorkerThread.java:165) ~[?:?]
[04:38:40] [ForkJoinPool.commonPool-worker-9/ERROR]: Could not find parent gg/essential/lib/kotgl/matrix/vectors/Vec4 for class gg/essential/lib/kotgl/matrix/vectors/ImmutableVec4 in classloader jdk.internal.loader.ClassLoaders$AppClassLoader@60f82f98 on thread Thread[ForkJoinPool.commonPool-worker-9,5,main]
[04:38:40] [ForkJoinPool.commonPool-worker-9/ERROR]: An error occurred building event handler
java.lang.ClassNotFoundException: gg.essential.lib.kotgl.matrix.vectors.Vec4
	at jdk.internal.loader.BuiltinClassLoader.loadClass(BuiltinClassLoader.java:641) ~[?:?]
	at jdk.internal.loader.ClassLoaders$AppClassLoader.loadClass(ClassLoaders.java:188) ~[?:?]
	at java.lang.ClassLoader.loadClass(ClassLoader.java:525) ~[?:?]
	at net.minecraftforge.eventbus.EventSubclassTransformer.buildEvents(EventSubclassTransformer.java:97) ~[eventbus-6.0.5.jar:?]
	at net.minecraftforge.eventbus.EventSubclassTransformer.transform(EventSubclassTransformer.java:48) ~[eventbus-6.0.5.jar:?]
	at net.minecraftforge.eventbus.EventBusEngine.processClass(EventBusEngine.java:26) ~[eventbus-6.0.5.jar:?]
	at net.minecraftforge.eventbus.service.ModLauncherService.processClassWithFlags(ModLauncherService.java:32) ~[eventbus-6.0.5.jar:6.0.5+6.0.5+master.eb8e549b]
	at cpw.mods.modlauncher.LaunchPluginHandler.offerClassNodeToPlugins(LaunchPluginHandler.java:88) ~[modlauncher-10.0.9.jar:?]
	at cpw.mods.modlauncher.ClassTransformer.transform(ClassTransformer.java:120) ~[modlauncher-10.0.9.jar:?]
	at cpw.mods.modlauncher.TransformingClassLoader.maybeTransformClassBytes(TransformingClassLoader.java:50) ~[modlauncher-10.0.9.jar:?]
	at cpw.mods.cl.ModuleClassLoader.readerToClass(ModuleClassLoader.java:113) ~[securejarhandler-2.1.10.jar:?]
	at cpw.mods.cl.ModuleClassLoader.lambda$findClass$15(ModuleClassLoader.java:219) ~[securejarhandler-2.1.10.jar:?]
	at cpw.mods.cl.ModuleClassLoader.loadFromModule(ModuleClassLoader.java:229) ~[securejarhandler-2.1.10.jar:?]
	at cpw.mods.cl.ModuleClassLoader.findClass(ModuleClassLoader.java:219) ~[securejarhandler-2.1.10.jar:?]
	at cpw.mods.cl.ModuleClassLoader.loadClass(ModuleClassLoader.java:135) ~[securejarhandler-2.1.10.jar:?]
	at java.lang.ClassLoader.loadClass(ClassLoader.java:525) ~[?:?]
	at gg.essential.lib.kotgl.matrix.vectors.Vectors__VectorsKt.vec4(Vectors.kt:41) ~[?:?]
	at gg.essential.lib.kotgl.matrix.vectors.Vectors.vec4(Unknown Source) ~[?:?]
	at gg.essential.model.file.MolangColorLiteral.<init>(ParticlesFile.kt:685) ~[?:?]
	at gg.essential.model.file.MolangColorLiteral.<init>(ParticlesFile.kt) ~[?:?]
	at gg.essential.model.file.MolangColorLiteralSerializer.deserialize(ParticlesFile.kt:742) ~[?:?]
	at gg.essential.model.file.MolangColorLiteralSerializer.deserialize(ParticlesFile.kt:733) ~[?:?]
	at kotlinx.serialization.json.internal.AbstractJsonTreeDecoder.decodeSerializableValue(TreeJsonDecoder.kt:351) ~[?:?]
	at kotlinx.serialization.json.internal.TreeJsonDecoderKt.readJson(TreeJsonDecoder.kt:25) ~[?:?]
	at kotlinx.serialization.json.Json.decodeFromJsonElement(Json.kt:170) ~[?:?]
	at kotlinx.serialization.json.JsonContentPolymorphicSerializer.deserialize(JsonContentPolymorphicSerializer.kt:94) ~[?:?]
	at kotlinx.serialization.json.internal.AbstractJsonTreeDecoder.decodeSerializableValue(TreeJsonDecoder.kt:351) ~[?:?]
	at kotlinx.serialization.internal.TaggedDecoder.decodeSerializableValue(Tagged.kt:207) ~[?:?]
	at kotlinx.serialization.internal.TaggedDecoder.decodeSerializableElement$lambda$1(Tagged.kt:279) ~[?:?]
	at kotlinx.serialization.internal.TaggedDecoder.tagBlock(Tagged.kt:294) ~[?:?]
	at kotlinx.serialization.internal.TaggedDecoder.decodeSerializableElement(Tagged.kt:279) ~[?:?]
	at kotlinx.serialization.encoding.CompositeDecoder.decodeSerializableElement$default(Decoding.kt:539) ~[?:?]
	at kotlinx.serialization.internal.CollectionLikeSerializer.readElement(CollectionSerializers.kt:80) ~[?:?]
	at kotlinx.serialization.internal.AbstractCollectionSerializer.readElement$default(CollectionSerializers.kt:51) ~[?:?]
	at kotlinx.serialization.internal.AbstractCollectionSerializer.merge(CollectionSerializers.kt:36) ~[?:?]
	at kotlinx.serialization.internal.AbstractCollectionSerializer.deserialize(CollectionSerializers.kt:43) ~[?:?]
	at kotlinx.serialization.json.internal.AbstractJsonTreeDecoder.decodeSerializableValue(TreeJsonDecoder.kt:351) ~[?:?]
	at kotlinx.serialization.json.internal.TreeJsonDecoderKt.readJson(TreeJsonDecoder.kt:25) ~[?:?]
	at kotlinx.serialization.json.Json.decodeFromJsonElement(Json.kt:170) ~[?:?]
	at gg.essential.model.file.MolangGradientMapSerializer.deserialize(ParticlesFile.kt:778) ~[?:?]
	at gg.essential.model.file.MolangGradientMapSerializer.deserialize(ParticlesFile.kt:767) ~[?:?]
	at kotlinx.serialization.json.internal.AbstractJsonTreeDecoder.decodeSerializableValue(TreeJsonDecoder.kt:351) ~[?:?]
	at kotlinx.serialization.internal.TaggedDecoder.decodeSerializableValue(Tagged.kt:207) ~[?:?]
	at kotlinx.serialization.internal.TaggedDecoder.decodeSerializableElement$lambda$1(Tagged.kt:279) ~[?:?]
	at kotlinx.serialization.internal.TaggedDecoder.tagBlock(Tagged.kt:294) ~[?:?]
	at kotlinx.serialization.internal.TaggedDecoder.decodeSerializableElement(Tagged.kt:279) ~[?:?]
	at gg.essential.model.file.MolangGradient$$serializer.deserialize(ParticlesFile.kt:700) ~[?:?]
	at gg.essential.model.file.MolangGradient$$serializer.deserialize(ParticlesFile.kt:700) ~[?:?]
	at kotlinx.serialization.json.internal.AbstractJsonTreeDecoder.decodeSerializableValue(TreeJsonDecoder.kt:351) ~[?:?]
	at kotlinx.serialization.json.internal.TreeJsonDecoderKt.readJson(TreeJsonDecoder.kt:25) ~[?:?]
	at kotlinx.serialization.json.Json.decodeFromJsonElement(Json.kt:170) ~[?:?]
	at kotlinx.serialization.json.JsonContentPolymorphicSerializer.deserialize(JsonContentPolymorphicSerializer.kt:94) ~[?:?]
	at kotlinx.serialization.json.internal.StreamingJsonDecoder.decodeSerializableValue(StreamingJsonDecoder.kt:69) ~[?:?]
	at kotlinx.serialization.encoding.AbstractDecoder.decodeSerializableValue(AbstractDecoder.kt:43) ~[?:?]
	at kotlinx.serialization.encoding.AbstractDecoder.decodeSerializableElement(AbstractDecoder.kt:70) ~[?:?]
	at kotlinx.serialization.json.internal.StreamingJsonDecoder.decodeSerializableElement(StreamingJsonDecoder.kt:168) ~[?:?]
	at gg.essential.model.file.ParticleEffectComponents$ParticleAppearanceTinting$$serializer.deserialize(ParticlesFile.kt:552) ~[?:?]
	at gg.essential.model.file.ParticleEffectComponents$ParticleAppearanceTinting$$serializer.deserialize(ParticlesFile.kt:552) ~[?:?]
	at kotlinx.serialization.json.internal.StreamingJsonDecoder.decodeSerializableValue(StreamingJsonDecoder.kt:69) ~[?:?]
	at kotlinx.serialization.encoding.AbstractDecoder.decodeSerializableValue(AbstractDecoder.kt:43) ~[?:?]
	at kotlinx.serialization.encoding.AbstractDecoder.decodeNullableSerializableElement(AbstractDecoder.kt:78) ~[?:?]
	at gg.essential.model.file.ParticleEffectComponents$$serializer.deserialize(ParticlesFile.kt:178) ~[?:?]
	at gg.essential.model.file.ParticleEffectComponents$$serializer.deserialize(ParticlesFile.kt:178) ~[?:?]
	at kotlinx.serialization.json.internal.StreamingJsonDecoder.decodeSerializableValue(StreamingJsonDecoder.kt:69) ~[?:?]
	at kotlinx.serialization.encoding.AbstractDecoder.decodeSerializableValue(AbstractDecoder.kt:43) ~[?:?]
	at kotlinx.serialization.encoding.AbstractDecoder.decodeSerializableElement(AbstractDecoder.kt:70) ~[?:?]
	at kotlinx.serialization.json.internal.StreamingJsonDecoder.decodeSerializableElement(StreamingJsonDecoder.kt:168) ~[?:?]
	at gg.essential.model.file.ParticlesFile$ParticleEffect$$serializer.deserialize(ParticlesFile.kt:59) ~[?:?]
	at gg.essential.model.file.ParticlesFile$ParticleEffect$$serializer.deserialize(ParticlesFile.kt:59) ~[?:?]
	at kotlinx.serialization.json.internal.StreamingJsonDecoder.decodeSerializableValue(StreamingJsonDecoder.kt:69) ~[?:?]
	at kotlinx.serialization.encoding.AbstractDecoder.decodeSerializableValue(AbstractDecoder.kt:43) ~[?:?]
	at kotlinx.serialization.encoding.AbstractDecoder.decodeSerializableElement(AbstractDecoder.kt:70) ~[?:?]
	at kotlinx.serialization.json.internal.StreamingJsonDecoder.decodeSerializableElement(StreamingJsonDecoder.kt:168) ~[?:?]
	at gg.essential.model.file.ParticlesFile$$serializer.deserialize(ParticlesFile.kt:52) ~[?:?]
	at gg.essential.model.file.ParticlesFile$$serializer.deserialize(ParticlesFile.kt:52) ~[?:?]
	at kotlinx.serialization.json.internal.StreamingJsonDecoder.decodeSerializableValue(StreamingJsonDecoder.kt:69) ~[?:?]
	at kotlinx.serialization.json.Json.decodeFromString(Json.kt:149) ~[?:?]
	at gg.essential.network.connectionmanager.cosmetics.AssetLoader$JsonAssetType._init_$lambda$2(AssetLoader.kt:353) ~[?:?]
	at gg.essential.network.connectionmanager.cosmetics.AssetLoader.getAsset$lambda$2$0(AssetLoader.kt:86) ~[?:?]
	at gg.essential.network.connectionmanager.cosmetics.AssetLoader.getAsset$lambda$2$1(AssetLoader.kt:84) ~[?:?]
	at java.util.concurrent.CompletableFuture$UniApply.tryFire(CompletableFuture.java:646) ~[?:?]
	at java.util.concurrent.CompletableFuture$Completion.exec(CompletableFuture.java:483) ~[?:?]
	at java.util.concurrent.ForkJoinTask.doExec(ForkJoinTask.java:373) ~[?:?]
	at java.util.concurrent.ForkJoinPool$WorkQueue.topLevelExec(ForkJoinPool.java:1182) ~[?:?]
	at java.util.concurrent.ForkJoinPool.scan(ForkJoinPool.java:1655) ~[?:?]
	at java.util.concurrent.ForkJoinPool.runWorker(ForkJoinPool.java:1622) ~[?:?]
	at java.util.concurrent.ForkJoinWorkerThread.run(ForkJoinWorkerThread.java:165) ~[?:?]
[04:38:40] [Render thread/WARN]: Mod(s) [oculus] are modifying Embeddium class me.jellysquid.mods.sodium.client.render.vertex.VertexFormatDescriptionImpl, which may cause instability.
[04:38:40] [Render thread/WARN]: Mod(s) [oculus] are modifying Embeddium class me.jellysquid.mods.sodium.client.render.vertex.buffer.SodiumBufferBuilder, which may cause instability.
[04:38:40] [ForkJoinPool.commonPool-worker-14/ERROR]: Could not find parent gg/essential/model/molang/QueryExpr for class gg/essential/model/molang/QueryExpr$LifeTime in classloader jdk.internal.loader.ClassLoaders$AppClassLoader@60f82f98 on thread Thread[ForkJoinPool.commonPool-worker-14,5,main]
[04:38:40] [ForkJoinPool.commonPool-worker-14/ERROR]: An error occurred building event handler
java.lang.ClassNotFoundException: gg.essential.model.molang.QueryExpr
	at jdk.internal.loader.BuiltinClassLoader.loadClass(BuiltinClassLoader.java:641) ~[?:?]
	at jdk.internal.loader.ClassLoaders$AppClassLoader.loadClass(ClassLoaders.java:188) ~[?:?]
	at java.lang.ClassLoader.loadClass(ClassLoader.java:525) ~[?:?]
	at net.minecraftforge.eventbus.EventSubclassTransformer.buildEvents(EventSubclassTransformer.java:97) ~[eventbus-6.0.5.jar:?]
	at net.minecraftforge.eventbus.EventSubclassTransformer.transform(EventSubclassTransformer.java:48) ~[eventbus-6.0.5.jar:?]
	at net.minecraftforge.eventbus.EventBusEngine.processClass(EventBusEngine.java:26) ~[eventbus-6.0.5.jar:?]
	at net.minecraftforge.eventbus.service.ModLauncherService.processClassWithFlags(ModLauncherService.java:32) ~[eventbus-6.0.5.jar:6.0.5+6.0.5+master.eb8e549b]
	at cpw.mods.modlauncher.LaunchPluginHandler.offerClassNodeToPlugins(LaunchPluginHandler.java:88) ~[modlauncher-10.0.9.jar:?]
	at cpw.mods.modlauncher.ClassTransformer.transform(ClassTransformer.java:120) ~[modlauncher-10.0.9.jar:?]
	at cpw.mods.modlauncher.TransformingClassLoader.maybeTransformClassBytes(TransformingClassLoader.java:50) ~[modlauncher-10.0.9.jar:?]
	at cpw.mods.cl.ModuleClassLoader.readerToClass(ModuleClassLoader.java:113) ~[securejarhandler-2.1.10.jar:?]
	at cpw.mods.cl.ModuleClassLoader.lambda$findClass$15(ModuleClassLoader.java:219) ~[securejarhandler-2.1.10.jar:?]
	at cpw.mods.cl.ModuleClassLoader.loadFromModule(ModuleClassLoader.java:229) ~[securejarhandler-2.1.10.jar:?]
	at cpw.mods.cl.ModuleClassLoader.findClass(ModuleClassLoader.java:219) ~[securejarhandler-2.1.10.jar:?]
	at cpw.mods.cl.ModuleClassLoader.loadClass(ModuleClassLoader.java:135) ~[securejarhandler-2.1.10.jar:?]
	at java.lang.ClassLoader.loadClass(ClassLoader.java:525) ~[?:?]
	at gg.essential.model.molang.Parser.parseSimpleExpression(MolangExpression.kt:385) ~[?:?]
	at gg.essential.model.molang.Parser.parseProduct(MolangExpression.kt:401) ~[?:?]
	at gg.essential.model.molang.Parser.parseSum(MolangExpression.kt:412) ~[?:?]
	at gg.essential.model.molang.Parser.parseComparisons(MolangExpression.kt:423) ~[?:?]
	at gg.essential.model.molang.Parser.parseEqualityChecks(MolangExpression.kt:434) ~[?:?]
	at gg.essential.model.molang.Parser.parseLogicalAnds(MolangExpression.kt:443) ~[?:?]
	at gg.essential.model.molang.Parser.parseLogicalOrs(MolangExpression.kt:453) ~[?:?]
	at gg.essential.model.molang.Parser.parseTernary(MolangExpression.kt:463) ~[?:?]
	at gg.essential.model.molang.Parser.parseNullCoalescing(MolangExpression.kt:475) ~[?:?]
	at gg.essential.model.molang.Parser.parseExpression(MolangExpression.kt:479) ~[?:?]
	at gg.essential.model.molang.Parser.parseSimpleExpression(MolangExpression.kt:339) ~[?:?]
	at gg.essential.model.molang.Parser.parseProduct(MolangExpression.kt:401) ~[?:?]
	at gg.essential.model.molang.Parser.parseSum(MolangExpression.kt:412) ~[?:?]
	at gg.essential.model.molang.Parser.parseComparisons(MolangExpression.kt:423) ~[?:?]
	at gg.essential.model.molang.Parser.parseEqualityChecks(MolangExpression.kt:434) ~[?:?]
	at gg.essential.model.molang.Parser.parseLogicalAnds(MolangExpression.kt:443) ~[?:?]
	at gg.essential.model.molang.Parser.parseLogicalOrs(MolangExpression.kt:453) ~[?:?]
	at gg.essential.model.molang.Parser.parseTernary(MolangExpression.kt:463) ~[?:?]
	at gg.essential.model.molang.Parser.parseNullCoalescing(MolangExpression.kt:475) ~[?:?]
	at gg.essential.model.molang.Parser.parseExpression(MolangExpression.kt:479) ~[?:?]
	at gg.essential.model.molang.Parser.parseSimpleExpression(MolangExpression.kt:339) ~[?:?]
	at gg.essential.model.molang.Parser.parseProduct(MolangExpression.kt:401) ~[?:?]
	at gg.essential.model.molang.Parser.parseSum(MolangExpression.kt:415) ~[?:?]
	at gg.essential.model.molang.Parser.parseComparisons(MolangExpression.kt:423) ~[?:?]
	at gg.essential.model.molang.Parser.parseEqualityChecks(MolangExpression.kt:434) ~[?:?]
	at gg.essential.model.molang.Parser.parseLogicalAnds(MolangExpression.kt:443) ~[?:?]
	at gg.essential.model.molang.Parser.parseLogicalOrs(MolangExpression.kt:453) ~[?:?]
	at gg.essential.model.molang.Parser.parseTernary(MolangExpression.kt:463) ~[?:?]
	at gg.essential.model.molang.Parser.parseNullCoalescing(MolangExpression.kt:475) ~[?:?]
	at gg.essential.model.molang.Parser.parseExpression(MolangExpression.kt:479) ~[?:?]
	at gg.essential.model.molang.Parser.parseSimpleExpression(MolangExpression.kt:339) ~[?:?]
	at gg.essential.model.molang.Parser.parseProduct(MolangExpression.kt:401) ~[?:?]
	at gg.essential.model.molang.Parser.parseSum(MolangExpression.kt:412) ~[?:?]
	at gg.essential.model.molang.Parser.parseComparisons(MolangExpression.kt:423) ~[?:?]
	at gg.essential.model.molang.Parser.parseEqualityChecks(MolangExpression.kt:434) ~[?:?]
	at gg.essential.model.molang.Parser.parseLogicalAnds(MolangExpression.kt:443) ~[?:?]
	at gg.essential.model.molang.Parser.parseLogicalOrs(MolangExpression.kt:453) ~[?:?]
	at gg.essential.model.molang.Parser.parseTernary(MolangExpression.kt:463) ~[?:?]
	at gg.essential.model.molang.Parser.parseNullCoalescing(MolangExpression.kt:475) ~[?:?]
	at gg.essential.model.molang.Parser.parseExpression(MolangExpression.kt:479) ~[?:?]
	at gg.essential.model.molang.Parser.parseSimpleExpression(MolangExpression.kt:357) ~[?:?]
	at gg.essential.model.molang.Parser.parseProduct(MolangExpression.kt:401) ~[?:?]
	at gg.essential.model.molang.Parser.parseSum(MolangExpression.kt:412) ~[?:?]
	at gg.essential.model.molang.Parser.parseComparisons(MolangExpression.kt:423) ~[?:?]
	at gg.essential.model.molang.Parser.parseEqualityChecks(MolangExpression.kt:434) ~[?:?]
	at gg.essential.model.molang.Parser.parseLogicalAnds(MolangExpression.kt:443) ~[?:?]
	at gg.essential.model.molang.Parser.parseLogicalOrs(MolangExpression.kt:453) ~[?:?]
	at gg.essential.model.molang.Parser.parseTernary(MolangExpression.kt:463) ~[?:?]
	at gg.essential.model.molang.Parser.parseNullCoalescing(MolangExpression.kt:475) ~[?:?]
	at gg.essential.model.molang.Parser.parseExpression(MolangExpression.kt:479) ~[?:?]
	at gg.essential.model.molang.Parser.parseSimpleExpression(MolangExpression.kt:339) ~[?:?]
	at gg.essential.model.molang.Parser.parseProduct(MolangExpression.kt:401) ~[?:?]
	at gg.essential.model.molang.Parser.parseSum(MolangExpression.kt:415) ~[?:?]
	at gg.essential.model.molang.Parser.parseComparisons(MolangExpression.kt:423) ~[?:?]
	at gg.essential.model.molang.Parser.parseEqualityChecks(MolangExpression.kt:434) ~[?:?]
	at gg.essential.model.molang.Parser.parseLogicalAnds(MolangExpression.kt:443) ~[?:?]
	at gg.essential.model.molang.Parser.parseLogicalOrs(MolangExpression.kt:453) ~[?:?]
	at gg.essential.model.molang.Parser.parseTernary(MolangExpression.kt:463) ~[?:?]
	at gg.essential.model.molang.Parser.parseNullCoalescing(MolangExpression.kt:475) ~[?:?]
	at gg.essential.model.molang.Parser.parseExpression(MolangExpression.kt:479) ~[?:?]
	at gg.essential.model.molang.Parser.parseSimpleExpression(MolangExpression.kt:339) ~[?:?]
	at gg.essential.model.molang.Parser.parseProduct(MolangExpression.kt:401) ~[?:?]
	at gg.essential.model.molang.Parser.parseSum(MolangExpression.kt:412) ~[?:?]
	at gg.essential.model.molang.Parser.parseComparisons(MolangExpression.kt:423) ~[?:?]
	at gg.essential.model.molang.Parser.parseEqualityChecks(MolangExpression.kt:434) ~[?:?]
	at gg.essential.model.molang.Parser.parseLogicalAnds(MolangExpression.kt:443) ~[?:?]
	at gg.essential.model.molang.Parser.parseLogicalOrs(MolangExpression.kt:453) ~[?:?]
	at gg.essential.model.molang.Parser.parseTernary(MolangExpression.kt:463) ~[?:?]
	at gg.essential.model.molang.Parser.parseNullCoalescing(MolangExpression.kt:475) ~[?:?]
	at gg.essential.model.molang.Parser.parseExpression(MolangExpression.kt:479) ~[?:?]
	at gg.essential.model.molang.Parser.parseAssignment(MolangExpression.kt:483) ~[?:?]
	at gg.essential.model.molang.Parser.parseStatement(MolangExpression.kt:497) ~[?:?]
	at gg.essential.model.molang.Parser.parseStatements(MolangExpression.kt:502) ~[?:?]
	at gg.essential.model.molang.Parser.parseMolang(MolangExpression.kt:516) ~[?:?]
	at gg.essential.model.molang.Parser.fullyParseMolang(MolangExpression.kt:520) ~[?:?]
	at gg.essential.model.molang.Parser.tryFullyParseMolang(MolangExpression.kt:528) ~[?:?]
	at gg.essential.model.molang.MolangExpressionKt.parseMolangExpression(MolangExpression.kt:536) ~[?:?]
	at gg.essential.model.molang.MolangSerializer.deserialize(MolangExpression.kt:545) ~[?:?]
	at gg.essential.model.molang.MolangSerializer.deserialize(MolangExpression.kt:538) ~[?:?]
	at kotlinx.serialization.json.internal.AbstractJsonTreeDecoder.decodeSerializableValue(TreeJsonDecoder.kt:351) ~[?:?]
	at kotlinx.serialization.internal.TaggedDecoder.decodeSerializableValue(Tagged.kt:207) ~[?:?]
	at kotlinx.serialization.internal.TaggedDecoder.decodeSerializableElement$lambda$1(Tagged.kt:279) ~[?:?]
	at kotlinx.serialization.internal.TaggedDecoder.tagBlock(Tagged.kt:294) ~[?:?]
	at kotlinx.serialization.internal.TaggedDecoder.decodeSerializableElement(Tagged.kt:279) ~[?:?]
	at kotlinx.serialization.encoding.CompositeDecoder.decodeSerializableElement$default(Decoding.kt:539) ~[?:?]
	at kotlinx.serialization.internal.CollectionLikeSerializer.readElement(CollectionSerializers.kt:80) ~[?:?]
	at kotlinx.serialization.internal.AbstractCollectionSerializer.readElement$default(CollectionSerializers.kt:51) ~[?:?]
	at kotlinx.serialization.internal.AbstractCollectionSerializer.merge(CollectionSerializers.kt:36) ~[?:?]
	at kotlinx.serialization.internal.AbstractCollectionSerializer.deserialize(CollectionSerializers.kt:43) ~[?:?]
	at kotlinx.serialization.json.internal.AbstractJsonTreeDecoder.decodeSerializableValue(TreeJsonDecoder.kt:351) ~[?:?]
	at kotlinx.serialization.json.internal.TreeJsonDecoderKt.readJson(TreeJsonDecoder.kt:25) ~[?:?]
	at kotlinx.serialization.json.Json.decodeFromJsonElement(Json.kt:170) ~[?:?]
	at gg.essential.model.molang.MolangVec3Serializer.deserialize(MolangVec3.kt:52) ~[?:?]
	at gg.essential.model.molang.MolangVec3Serializer.deserialize(MolangVec3.kt:45) ~[?:?]
	at kotlinx.serialization.json.internal.AbstractJsonTreeDecoder.decodeSerializableValue(TreeJsonDecoder.kt:351) ~[?:?]
	at kotlinx.serialization.json.internal.TreeJsonDecoderKt.readJson(TreeJsonDecoder.kt:25) ~[?:?]
	at kotlinx.serialization.json.Json.decodeFromJsonElement(Json.kt:170) ~[?:?]
	at gg.essential.model.file.KeyframeSerializer.deserialize(AnimationFile.kt:160) ~[?:?]
	at gg.essential.model.file.KeyframeSerializer.deserialize(AnimationFile.kt:117) ~[?:?]
	at kotlinx.serialization.json.internal.AbstractJsonTreeDecoder.decodeSerializableValue(TreeJsonDecoder.kt:351) ~[?:?]
	at kotlinx.serialization.internal.TaggedDecoder.decodeSerializableValue(Tagged.kt:207) ~[?:?]
	at kotlinx.serialization.internal.TaggedDecoder.decodeSerializableElement$lambda$1(Tagged.kt:279) ~[?:?]
	at kotlinx.serialization.internal.TaggedDecoder.tagBlock(Tagged.kt:294) ~[?:?]
	at kotlinx.serialization.internal.TaggedDecoder.decodeSerializableElement(Tagged.kt:279) ~[?:?]
	at kotlinx.serialization.encoding.CompositeDecoder.decodeSerializableElement$default(Decoding.kt:539) ~[?:?]
	at kotlinx.serialization.internal.MapLikeSerializer.readElement(CollectionSerializers.kt:111) ~[?:?]
	at kotlinx.serialization.internal.MapLikeSerializer.readElement(CollectionSerializers.kt:84) ~[?:?]
	at kotlinx.serialization.internal.AbstractCollectionSerializer.readElement$default(CollectionSerializers.kt:51) ~[?:?]
	at kotlinx.serialization.internal.AbstractCollectionSerializer.merge(CollectionSerializers.kt:36) ~[?:?]
	at kotlinx.serialization.internal.AbstractCollectionSerializer.deserialize(CollectionSerializers.kt:43) ~[?:?]
	at kotlinx.serialization.json.internal.AbstractJsonTreeDecoder.decodeSerializableValue(TreeJsonDecoder.kt:351) ~[?:?]
	at gg.essential.model.util.TreeMapSerializer.deserialize(TreeMap.kt:73) ~[?:?]
	at gg.essential.model.util.TreeMapSerializer.deserialize(TreeMap.kt:69) ~[?:?]
	at kotlinx.serialization.json.internal.AbstractJsonTreeDecoder.decodeSerializableValue(TreeJsonDecoder.kt:351) ~[?:?]
	at kotlinx.serialization.json.internal.TreeJsonDecoderKt.readJson(TreeJsonDecoder.kt:25) ~[?:?]
	at kotlinx.serialization.json.Json.decodeFromJsonElement(Json.kt:170) ~[?:?]
	at kotlinx.serialization.json.JsonTransformingSerializer.deserialize(JsonTransformingSerializer.kt:78) ~[?:?]
	at gg.essential.model.file.KeyframesSerializer.deserialize(AnimationFile.kt:105) ~[?:?]
	at gg.essential.model.file.KeyframesSerializer.deserialize(AnimationFile.kt:103) ~[?:?]
	at kotlinx.serialization.json.internal.StreamingJsonDecoder.decodeSerializableValue(StreamingJsonDecoder.kt:69) ~[?:?]
	at kotlinx.serialization.encoding.AbstractDecoder.decodeSerializableValue(AbstractDecoder.kt:43) ~[?:?]
	at kotlinx.serialization.encoding.AbstractDecoder.decodeNullableSerializableElement(AbstractDecoder.kt:78) ~[?:?]
	at gg.essential.model.Channels$$serializer.deserialize(Animation.kt:373) ~[?:?]
	at gg.essential.model.Channels$$serializer.deserialize(Animation.kt:373) ~[?:?]
	at kotlinx.serialization.json.internal.StreamingJsonDecoder.decodeSerializableValue(StreamingJsonDecoder.kt:69) ~[?:?]
	at kotlinx.serialization.encoding.AbstractDecoder.decodeSerializableValue(AbstractDecoder.kt:43) ~[?:?]
	at kotlinx.serialization.encoding.AbstractDecoder.decodeSerializableElement(AbstractDecoder.kt:70) ~[?:?]
	at kotlinx.serialization.json.internal.StreamingJsonDecoder.decodeSerializableElement(StreamingJsonDecoder.kt:168) ~[?:?]
	at kotlinx.serialization.encoding.CompositeDecoder.decodeSerializableElement$default(Decoding.kt:539) ~[?:?]
	at kotlinx.serialization.internal.MapLikeSerializer.readElement(CollectionSerializers.kt:111) ~[?:?]
	at kotlinx.serialization.internal.MapLikeSerializer.readElement(CollectionSerializers.kt:84) ~[?:?]
	at kotlinx.serialization.internal.AbstractCollectionSerializer.readElement$default(CollectionSerializers.kt:51) ~[?:?]
	at kotlinx.serialization.internal.AbstractCollectionSerializer.merge(CollectionSerializers.kt:36) ~[?:?]
	at kotlinx.serialization.internal.AbstractCollectionSerializer.deserialize(CollectionSerializers.kt:43) ~[?:?]
	at kotlinx.serialization.json.internal.StreamingJsonDecoder.decodeSerializableValue(StreamingJsonDecoder.kt:69) ~[?:?]
	at kotlinx.serialization.encoding.AbstractDecoder.decodeSerializableValue(AbstractDecoder.kt:43) ~[?:?]
	at kotlinx.serialization.encoding.AbstractDecoder.decodeSerializableElement(AbstractDecoder.kt:70) ~[?:?]
	at kotlinx.serialization.json.internal.StreamingJsonDecoder.decodeSerializableElement(StreamingJsonDecoder.kt:168) ~[?:?]
	at gg.essential.model.file.AnimationFile$Animation$$serializer.deserialize(AnimationFile.kt:48) ~[?:?]
	at gg.essential.model.file.AnimationFile$Animation$$serializer.deserialize(AnimationFile.kt:48) ~[?:?]
	at kotlinx.serialization.json.internal.StreamingJsonDecoder.decodeSerializableValue(StreamingJsonDecoder.kt:69) ~[?:?]
	at kotlinx.serialization.encoding.AbstractDecoder.decodeSerializableValue(AbstractDecoder.kt:43) ~[?:?]
	at kotlinx.serialization.encoding.AbstractDecoder.decodeSerializableElement(AbstractDecoder.kt:70) ~[?:?]
	at kotlinx.serialization.json.internal.StreamingJsonDecoder.decodeSerializableElement(StreamingJsonDecoder.kt:168) ~[?:?]
	at kotlinx.serialization.encoding.CompositeDecoder.decodeSerializableElement$default(Decoding.kt:539) ~[?:?]
	at kotlinx.serialization.internal.MapLikeSerializer.readElement(CollectionSerializers.kt:111) ~[?:?]
	at kotlinx.serialization.internal.MapLikeSerializer.readElement(CollectionSerializers.kt:84) ~[?:?]
	at kotlinx.serialization.internal.AbstractCollectionSerializer.readElement$default(CollectionSerializers.kt:51) ~[?:?]
	at kotlinx.serialization.internal.AbstractCollectionSerializer.merge(CollectionSerializers.kt:36) ~[?:?]
	at kotlinx.serialization.internal.AbstractCollectionSerializer.deserialize(CollectionSerializers.kt:43) ~[?:?]
	at kotlinx.serialization.json.internal.StreamingJsonDecoder.decodeSerializableValue(StreamingJsonDecoder.kt:69) ~[?:?]
	at kotlinx.serialization.encoding.AbstractDecoder.decodeSerializableValue(AbstractDecoder.kt:43) ~[?:?]
	at kotlinx.serialization.encoding.AbstractDecoder.decodeSerializableElement(AbstractDecoder.kt:70) ~[?:?]
	at kotlinx.serialization.json.internal.StreamingJsonDecoder.decodeSerializableElement(StreamingJsonDecoder.kt:168) ~[?:?]
	at gg.essential.model.file.AnimationFile$$serializer.deserialize(AnimationFile.kt:41) ~[?:?]
	at gg.essential.model.file.AnimationFile$$serializer.deserialize(AnimationFile.kt:41) ~[?:?]
	at kotlinx.serialization.json.internal.StreamingJsonDecoder.decodeSerializableValue(StreamingJsonDecoder.kt:69) ~[?:?]
	at kotlinx.serialization.json.Json.decodeFromString(Json.kt:149) ~[?:?]
	at gg.essential.network.connectionmanager.cosmetics.AssetLoader$JsonAssetType._init_$lambda$2(AssetLoader.kt:353) ~[?:?]
	at gg.essential.network.connectionmanager.cosmetics.AssetLoader.getAsset$lambda$2$0(AssetLoader.kt:86) ~[?:?]
	at gg.essential.network.connectionmanager.cosmetics.AssetLoader.getAsset$lambda$2$1(AssetLoader.kt:84) ~[?:?]
	at java.util.concurrent.CompletableFuture$UniApply.tryFire(CompletableFuture.java:646) ~[?:?]
	at java.util.concurrent.CompletableFuture$Completion.exec(CompletableFuture.java:483) ~[?:?]
	at java.util.concurrent.ForkJoinTask.doExec(ForkJoinTask.java:373) ~[?:?]
	at java.util.concurrent.ForkJoinPool$WorkQueue.topLevelExec(ForkJoinPool.java:1182) ~[?:?]
	at java.util.concurrent.ForkJoinPool.scan(ForkJoinPool.java:1655) ~[?:?]
	at java.util.concurrent.ForkJoinPool.runWorker(ForkJoinPool.java:1622) ~[?:?]
	at java.util.concurrent.ForkJoinWorkerThread.run(ForkJoinWorkerThread.java:165) ~[?:?]
[04:38:40] [Render thread/WARN]: Mod(s) [oculus, littletiles] are modifying Embeddium class me.jellysquid.mods.sodium.client.render.SodiumWorldRenderer, which may cause instability.
[04:38:41] [Render thread/INFO]: ? Register Easy NPC: Core Entity Layer Definitions ...
[04:38:41] [Render thread/INFO]: Registering Model Layers!
[04:38:41] [Render thread/INFO]: Model Layer registration complete!
[04:38:41] [Render thread/INFO]: Registering Model Layers!
[04:38:41] [Render thread/INFO]: Model Layer registration complete!
[04:38:41] [Render thread/INFO]: Registering model layer quark:crab#main
[04:38:41] [Render thread/INFO]: Registering model layer quark:shiba#main
[04:38:41] [Render thread/INFO]: Registering model layer quark:quark_boat_chest#main
[04:38:41] [Render thread/INFO]: Registering model layer quark:wraith#main
[04:38:41] [Render thread/INFO]: Registering model layer quark:forgotten_hat#main
[04:38:41] [Render thread/INFO]: Registering model layer quark:stoneling#main
[04:38:41] [Render thread/INFO]: Registering model layer quark:toretoise#main
[04:38:41] [Render thread/INFO]: Registering model layer quark:quark_boat#main
[04:38:41] [Render thread/INFO]: Registering model layer quark:foxhound#main
[04:38:41] [Render thread/INFO]: Registering model layer quark:backpack#main
[04:38:41] [Render thread/INFO]: ? Register Easy NPC: Core Block Entity Renderers ...
[04:38:41] [Render thread/INFO]: ? Register Easy NPC: Core Entity Renders ...
[04:38:41] [Render thread/INFO]: Registering Entity Renderers!
[04:38:42] [Render thread/INFO]: [FANCYMENU] Registering resource reload listener..
[04:38:42] [ForkJoinPool.commonPool-worker-9/ERROR]: Could not find parent kotlin/coroutines/jvm/internal/SuspendLambda for class gg/essential/util/HttpUtils$httpGetToStringBlocking$2 in classloader jdk.internal.loader.ClassLoaders$AppClassLoader@60f82f98 on thread Thread[ForkJoinPool.commonPool-worker-9,5,main]
[04:38:42] [ForkJoinPool.commonPool-worker-9/ERROR]: An error occurred building event handler
java.lang.ClassNotFoundException: kotlin.coroutines.jvm.internal.SuspendLambda
	at jdk.internal.loader.BuiltinClassLoader.loadClass(BuiltinClassLoader.java:641) ~[?:?]
	at jdk.internal.loader.ClassLoaders$AppClassLoader.loadClass(ClassLoaders.java:188) ~[?:?]
	at java.lang.ClassLoader.loadClass(ClassLoader.java:525) ~[?:?]
	at net.minecraftforge.eventbus.EventSubclassTransformer.buildEvents(EventSubclassTransformer.java:97) ~[eventbus-6.0.5.jar:?]
	at net.minecraftforge.eventbus.EventSubclassTransformer.transform(EventSubclassTransformer.java:48) ~[eventbus-6.0.5.jar:?]
	at net.minecraftforge.eventbus.EventBusEngine.processClass(EventBusEngine.java:26) ~[eventbus-6.0.5.jar:?]
	at net.minecraftforge.eventbus.service.ModLauncherService.processClassWithFlags(ModLauncherService.java:32) ~[eventbus-6.0.5.jar:6.0.5+6.0.5+master.eb8e549b]
	at cpw.mods.modlauncher.LaunchPluginHandler.offerClassNodeToPlugins(LaunchPluginHandler.java:88) ~[modlauncher-10.0.9.jar:?]
	at cpw.mods.modlauncher.ClassTransformer.transform(ClassTransformer.java:120) ~[modlauncher-10.0.9.jar:?]
	at cpw.mods.modlauncher.TransformingClassLoader.maybeTransformClassBytes(TransformingClassLoader.java:50) ~[modlauncher-10.0.9.jar:?]
	at cpw.mods.cl.ModuleClassLoader.readerToClass(ModuleClassLoader.java:113) ~[securejarhandler-2.1.10.jar:?]
	at cpw.mods.cl.ModuleClassLoader.lambda$findClass$15(ModuleClassLoader.java:219) ~[securejarhandler-2.1.10.jar:?]
	at cpw.mods.cl.ModuleClassLoader.loadFromModule(ModuleClassLoader.java:229) ~[securejarhandler-2.1.10.jar:?]
	at cpw.mods.cl.ModuleClassLoader.findClass(ModuleClassLoader.java:219) ~[securejarhandler-2.1.10.jar:?]
	at cpw.mods.cl.ModuleClassLoader.loadClass(ModuleClassLoader.java:135) ~[securejarhandler-2.1.10.jar:?]
	at java.lang.ClassLoader.loadClass(ClassLoader.java:525) ~[?:?]
	at gg.essential.util.HttpUtils.httpGetToStringBlocking(HttpUtils.kt:112) ~[?:?]
	at gg.essential.util.HttpUtils.httpGetToStringBlocking$default(HttpUtils.kt:111) ~[?:?]
	at gg.essential.data.MenuData.fetchChangelogs(MenuData.kt:37) ~[?:?]
	at gg.essential.data.MenuData.CHANGELOGS$lambda$0(MenuData.kt:32) ~[?:?]
	at gg.essential.data.MenuData.CHANGELOGS$lambda$1(MenuData.kt:32) ~[?:?]
	at gg.essential.lib.caffeine.cache.CacheLoader.lambda$asyncLoad$0(CacheLoader.java:104) ~[?:?]
	at java.util.concurrent.CompletableFuture$AsyncSupply.run(CompletableFuture.java:1768) ~[?:?]
	at java.util.concurrent.CompletableFuture$AsyncSupply.exec(CompletableFuture.java:1760) ~[?:?]
	at java.util.concurrent.ForkJoinTask.doExec(ForkJoinTask.java:373) ~[?:?]
	at java.util.concurrent.ForkJoinPool$WorkQueue.topLevelExec(ForkJoinPool.java:1182) ~[?:?]
	at java.util.concurrent.ForkJoinPool.scan(ForkJoinPool.java:1655) ~[?:?]
	at java.util.concurrent.ForkJoinPool.runWorker(ForkJoinPool.java:1622) ~[?:?]
	at java.util.concurrent.ForkJoinWorkerThread.run(ForkJoinWorkerThread.java:165) ~[?:?]
[04:38:42] [ForkJoinPool.commonPool-worker-9/ERROR]: Could not find parent kotlin/coroutines/jvm/internal/ContinuationImpl for class gg/essential/util/HttpUtils$httpGetToString$1 in classloader jdk.internal.loader.ClassLoaders$AppClassLoader@60f82f98 on thread Thread[ForkJoinPool.commonPool-worker-9,5,main]
[04:38:42] [ForkJoinPool.commonPool-worker-9/ERROR]: An error occurred building event handler
java.lang.ClassNotFoundException: kotlin.coroutines.jvm.internal.ContinuationImpl
	at jdk.internal.loader.BuiltinClassLoader.loadClass(BuiltinClassLoader.java:641) ~[?:?]
	at jdk.internal.loader.ClassLoaders$AppClassLoader.loadClass(ClassLoaders.java:188) ~[?:?]
	at java.lang.ClassLoader.loadClass(ClassLoader.java:525) ~[?:?]
	at net.minecraftforge.eventbus.EventSubclassTransformer.buildEvents(EventSubclassTransformer.java:97) ~[eventbus-6.0.5.jar:?]
	at net.minecraftforge.eventbus.EventSubclassTransformer.transform(EventSubclassTransformer.java:48) ~[eventbus-6.0.5.jar:?]
	at net.minecraftforge.eventbus.EventBusEngine.processClass(EventBusEngine.java:26) ~[eventbus-6.0.5.jar:?]
	at net.minecraftforge.eventbus.service.ModLauncherService.processClassWithFlags(ModLauncherService.java:32) ~[eventbus-6.0.5.jar:6.0.5+6.0.5+master.eb8e549b]
	at cpw.mods.modlauncher.LaunchPluginHandler.offerClassNodeToPlugins(LaunchPluginHandler.java:88) ~[modlauncher-10.0.9.jar:?]
	at cpw.mods.modlauncher.ClassTransformer.transform(ClassTransformer.java:120) ~[modlauncher-10.0.9.jar:?]
	at cpw.mods.modlauncher.TransformingClassLoader.maybeTransformClassBytes(TransformingClassLoader.java:50) ~[modlauncher-10.0.9.jar:?]
	at cpw.mods.cl.ModuleClassLoader.readerToClass(ModuleClassLoader.java:113) ~[securejarhandler-2.1.10.jar:?]
	at cpw.mods.cl.ModuleClassLoader.lambda$findClass$15(ModuleClassLoader.java:219) ~[securejarhandler-2.1.10.jar:?]
	at cpw.mods.cl.ModuleClassLoader.loadFromModule(ModuleClassLoader.java:229) ~[securejarhandler-2.1.10.jar:?]
	at cpw.mods.cl.ModuleClassLoader.findClass(ModuleClassLoader.java:219) ~[securejarhandler-2.1.10.jar:?]
	at cpw.mods.cl.ModuleClassLoader.loadClass(ModuleClassLoader.java:135) ~[securejarhandler-2.1.10.jar:?]
	at java.lang.ClassLoader.loadClass(ClassLoader.java:525) ~[?:?]
	at gg.essential.util.HttpUtils.httpGetToString(HttpUtils.kt) ~[?:?]
	at gg.essential.util.HttpUtils$httpGetToStringBlocking$2.invokeSuspend(HttpUtils.kt:112) ~[?:?]
	at kotlin.coroutines.jvm.internal.BaseContinuationImpl.resumeWith(ContinuationImpl.kt:34) ~[?:?]
	at kotlinx.coroutines.DispatchedTask.run(DispatchedTask.kt:100) ~[?:?]
	at kotlinx.coroutines.EventLoopImplBase.processNextEvent(EventLoop.common.kt:263) ~[?:?]
	at kotlinx.coroutines.BlockingCoroutine.joinBlocking(Builders.kt:94) ~[?:?]
	at kotlinx.coroutines.BuildersKt__BuildersKt.runBlocking(Builders.kt:70) ~[?:?]
	at kotlinx.coroutines.BuildersKt.runBlocking(Unknown Source) ~[?:?]
	at kotlinx.coroutines.BuildersKt__BuildersKt.runBlocking$default(Builders.kt:48) ~[?:?]
	at kotlinx.coroutines.BuildersKt.runBlocking$default(Unknown Source) ~[?:?]
	at gg.essential.util.HttpUtils.httpGetToStringBlocking(HttpUtils.kt:112) ~[?:?]
	at gg.essential.util.HttpUtils.httpGetToStringBlocking$default(HttpUtils.kt:111) ~[?:?]
	at gg.essential.data.MenuData.fetchChangelogs(MenuData.kt:37) ~[?:?]
	at gg.essential.data.MenuData.CHANGELOGS$lambda$0(MenuData.kt:32) ~[?:?]
	at gg.essential.data.MenuData.CHANGELOGS$lambda$1(MenuData.kt:32) ~[?:?]
	at gg.essential.lib.caffeine.cache.CacheLoader.lambda$asyncLoad$0(CacheLoader.java:104) ~[?:?]
	at java.util.concurrent.CompletableFuture$AsyncSupply.run(CompletableFuture.java:1768) ~[?:?]
	at java.util.concurrent.CompletableFuture$AsyncSupply.exec(CompletableFuture.java:1760) ~[?:?]
	at java.util.concurrent.ForkJoinTask.doExec(ForkJoinTask.java:373) ~[?:?]
	at java.util.concurrent.ForkJoinPool$WorkQueue.topLevelExec(ForkJoinPool.java:1182) ~[?:?]
	at java.util.concurrent.ForkJoinPool.scan(ForkJoinPool.java:1655) ~[?:?]
	at java.util.concurrent.ForkJoinPool.runWorker(ForkJoinPool.java:1622) ~[?:?]
	at java.util.concurrent.ForkJoinWorkerThread.run(ForkJoinWorkerThread.java:165) ~[?:?]
[04:38:42] [ForkJoinPool.commonPool-worker-9/ERROR]: Could not find parent kotlin/coroutines/jvm/internal/ContinuationImpl for class gg/essential/util/HttpUtils$httpGet$1 in classloader jdk.internal.loader.ClassLoaders$AppClassLoader@60f82f98 on thread Thread[ForkJoinPool.commonPool-worker-9,5,main]
[04:38:42] [ForkJoinPool.commonPool-worker-9/ERROR]: An error occurred building event handler
java.lang.ClassNotFoundException: kotlin.coroutines.jvm.internal.ContinuationImpl
	at jdk.internal.loader.BuiltinClassLoader.loadClass(BuiltinClassLoader.java:641) ~[?:?]
	at jdk.internal.loader.ClassLoaders$AppClassLoader.loadClass(ClassLoaders.java:188) ~[?:?]
	at java.lang.ClassLoader.loadClass(ClassLoader.java:525) ~[?:?]
	at net.minecraftforge.eventbus.EventSubclassTransformer.buildEvents(EventSubclassTransformer.java:97) ~[eventbus-6.0.5.jar:?]
	at net.minecraftforge.eventbus.EventSubclassTransformer.transform(EventSubclassTransformer.java:48) ~[eventbus-6.0.5.jar:?]
	at net.minecraftforge.eventbus.EventBusEngine.processClass(EventBusEngine.java:26) ~[eventbus-6.0.5.jar:?]
	at net.minecraftforge.eventbus.service.ModLauncherService.processClassWithFlags(ModLauncherService.java:32) ~[eventbus-6.0.5.jar:6.0.5+6.0.5+master.eb8e549b]
	at cpw.mods.modlauncher.LaunchPluginHandler.offerClassNodeToPlugins(LaunchPluginHandler.java:88) ~[modlauncher-10.0.9.jar:?]
	at cpw.mods.modlauncher.ClassTransformer.transform(ClassTransformer.java:120) ~[modlauncher-10.0.9.jar:?]
	at cpw.mods.modlauncher.TransformingClassLoader.maybeTransformClassBytes(TransformingClassLoader.java:50) ~[modlauncher-10.0.9.jar:?]
	at cpw.mods.cl.ModuleClassLoader.readerToClass(ModuleClassLoader.java:113) ~[securejarhandler-2.1.10.jar:?]
	at cpw.mods.cl.ModuleClassLoader.lambda$findClass$15(ModuleClassLoader.java:219) ~[securejarhandler-2.1.10.jar:?]
	at cpw.mods.cl.ModuleClassLoader.loadFromModule(ModuleClassLoader.java:229) ~[securejarhandler-2.1.10.jar:?]
	at cpw.mods.cl.ModuleClassLoader.findClass(ModuleClassLoader.java:219) ~[securejarhandler-2.1.10.jar:?]
	at cpw.mods.cl.ModuleClassLoader.loadClass(ModuleClassLoader.java:135) ~[securejarhandler-2.1.10.jar:?]
	at java.lang.ClassLoader.loadClass(ClassLoader.java:525) ~[?:?]
	at gg.essential.util.HttpUtils.httpGet(HttpUtils.kt) ~[?:?]
	at gg.essential.util.HttpUtils.httpGetToString(HttpUtils.kt:107) ~[?:?]
	at gg.essential.util.HttpUtils$httpGetToStringBlocking$2.invokeSuspend(HttpUtils.kt:112) ~[?:?]
	at kotlin.coroutines.jvm.internal.BaseContinuationImpl.resumeWith(ContinuationImpl.kt:34) ~[?:?]
	at kotlinx.coroutines.DispatchedTask.run(DispatchedTask.kt:100) ~[?:?]
	at kotlinx.coroutines.EventLoopImplBase.processNextEvent(EventLoop.common.kt:263) ~[?:?]
	at kotlinx.coroutines.BlockingCoroutine.joinBlocking(Builders.kt:94) ~[?:?]
	at kotlinx.coroutines.BuildersKt__BuildersKt.runBlocking(Builders.kt:70) ~[?:?]
	at kotlinx.coroutines.BuildersKt.runBlocking(Unknown Source) ~[?:?]
	at kotlinx.coroutines.BuildersKt__BuildersKt.runBlocking$default(Builders.kt:48) ~[?:?]
	at kotlinx.coroutines.BuildersKt.runBlocking$default(Unknown Source) ~[?:?]
	at gg.essential.util.HttpUtils.httpGetToStringBlocking(HttpUtils.kt:112) ~[?:?]
	at gg.essential.util.HttpUtils.httpGetToStringBlocking$default(HttpUtils.kt:111) ~[?:?]
	at gg.essential.data.MenuData.fetchChangelogs(MenuData.kt:37) ~[?:?]
	at gg.essential.data.MenuData.CHANGELOGS$lambda$0(MenuData.kt:32) ~[?:?]
	at gg.essential.data.MenuData.CHANGELOGS$lambda$1(MenuData.kt:32) ~[?:?]
	at gg.essential.lib.caffeine.cache.CacheLoader.lambda$asyncLoad$0(CacheLoader.java:104) ~[?:?]
	at java.util.concurrent.CompletableFuture$AsyncSupply.run(CompletableFuture.java:1768) ~[?:?]
	at java.util.concurrent.CompletableFuture$AsyncSupply.exec(CompletableFuture.java:1760) ~[?:?]
	at java.util.concurrent.ForkJoinTask.doExec(ForkJoinTask.java:373) ~[?:?]
	at java.util.concurrent.ForkJoinPool$WorkQueue.topLevelExec(ForkJoinPool.java:1182) ~[?:?]
	at java.util.concurrent.ForkJoinPool.scan(ForkJoinPool.java:1655) ~[?:?]
	at java.util.concurrent.ForkJoinPool.runWorker(ForkJoinPool.java:1622) ~[?:?]
	at java.util.concurrent.ForkJoinWorkerThread.run(ForkJoinWorkerThread.java:165) ~[?:?]
[04:38:42] [Render thread/INFO]: [FANCYMENU] Initializing screen customization engine! Addons should NOT REGISTER TO REGISTRIES anymore now!
[04:38:42] [ForkJoinPool.commonPool-worker-9/ERROR]: Could not find parent gg/essential/lib/gson/TypeAdapter for class gg/essential/data/Changelog$Part$ValueAdapter in classloader jdk.internal.loader.ClassLoaders$AppClassLoader@60f82f98 on thread Thread[ForkJoinPool.commonPool-worker-9,5,main]
[04:38:42] [ForkJoinPool.commonPool-worker-9/ERROR]: An error occurred building event handler
java.lang.ClassNotFoundException: gg.essential.lib.gson.TypeAdapter
	at jdk.internal.loader.BuiltinClassLoader.loadClass(BuiltinClassLoader.java:641) ~[?:?]
	at jdk.internal.loader.ClassLoaders$AppClassLoader.loadClass(ClassLoaders.java:188) ~[?:?]
	at java.lang.ClassLoader.loadClass(ClassLoader.java:525) ~[?:?]
	at net.minecraftforge.eventbus.EventSubclassTransformer.buildEvents(EventSubclassTransformer.java:97) ~[eventbus-6.0.5.jar:?]
	at net.minecraftforge.eventbus.EventSubclassTransformer.transform(EventSubclassTransformer.java:48) ~[eventbus-6.0.5.jar:?]
	at net.minecraftforge.eventbus.EventBusEngine.processClass(EventBusEngine.java:26) ~[eventbus-6.0.5.jar:?]
	at net.minecraftforge.eventbus.service.ModLauncherService.processClassWithFlags(ModLauncherService.java:32) ~[eventbus-6.0.5.jar:6.0.5+6.0.5+master.eb8e549b]
	at cpw.mods.modlauncher.LaunchPluginHandler.offerClassNodeToPlugins(LaunchPluginHandler.java:88) ~[modlauncher-10.0.9.jar:?]
	at cpw.mods.modlauncher.ClassTransformer.transform(ClassTransformer.java:120) ~[modlauncher-10.0.9.jar:?]
	at cpw.mods.modlauncher.TransformingClassLoader.maybeTransformClassBytes(TransformingClassLoader.java:50) ~[modlauncher-10.0.9.jar:?]
	at cpw.mods.cl.ModuleClassLoader.readerToClass(ModuleClassLoader.java:113) ~[securejarhandler-2.1.10.jar:?]
	at cpw.mods.cl.ModuleClassLoader.lambda$findClass$15(ModuleClassLoader.java:219) ~[securejarhandler-2.1.10.jar:?]
	at cpw.mods.cl.ModuleClassLoader.loadFromModule(ModuleClassLoader.java:229) ~[securejarhandler-2.1.10.jar:?]
	at cpw.mods.cl.ModuleClassLoader.findClass(ModuleClassLoader.java:219) ~[securejarhandler-2.1.10.jar:?]
	at cpw.mods.cl.ModuleClassLoader.loadClass(ModuleClassLoader.java:135) ~[securejarhandler-2.1.10.jar:?]
	at java.lang.ClassLoader.loadClass(ClassLoader.java:525) ~[?:?]
	at java.lang.Class.forName0(Native Method) ~[?:?]
	at java.lang.Class.forName(Class.java:467) ~[?:?]
	at sun.reflect.generics.factory.CoreReflectionFactory.makeNamedType(CoreReflectionFactory.java:114) ~[?:?]
	at sun.reflect.generics.visitor.Reifier.visitClassTypeSignature(Reifier.java:125) ~[?:?]
	at sun.reflect.generics.tree.ClassTypeSignature.accept(ClassTypeSignature.java:49) ~[?:?]
	at sun.reflect.annotation.AnnotationParser.parseSig(AnnotationParser.java:441) ~[?:?]
	at sun.reflect.annotation.AnnotationParser.parseClassValue(AnnotationParser.java:427) ~[?:?]
	at sun.reflect.annotation.AnnotationParser.parseMemberValue(AnnotationParser.java:346) ~[?:?]
	at sun.reflect.annotation.AnnotationParser.parseAnnotation2(AnnotationParser.java:282) ~[?:?]
	at sun.reflect.annotation.AnnotationParser.parseAnnotations2(AnnotationParser.java:121) ~[?:?]
	at sun.reflect.annotation.AnnotationParser.parseAnnotations(AnnotationParser.java:73) ~[?:?]
	at java.lang.reflect.Field.declaredAnnotations(Field.java:1211) ~[?:?]
	at java.lang.reflect.Field.declaredAnnotations(Field.java:1209) ~[?:?]
	at java.lang.reflect.Field.getAnnotation(Field.java:1176) ~[?:?]
	at gg.essential.lib.gson.internal.bind.ReflectiveTypeAdapterFactory.getFieldNames(ReflectiveTypeAdapterFactory.java:73) ~[?:?]
	at gg.essential.lib.gson.internal.bind.ReflectiveTypeAdapterFactory.getBoundFields(ReflectiveTypeAdapterFactory.java:160) ~[?:?]
	at gg.essential.lib.gson.internal.bind.ReflectiveTypeAdapterFactory.create(ReflectiveTypeAdapterFactory.java:101) ~[?:?]
	at gg.essential.lib.gson.Gson.getAdapter(Gson.java:501) ~[?:?]
	at gg.essential.lib.gson.internal.bind.CollectionTypeAdapterFactory.create(CollectionTypeAdapterFactory.java:53) ~[?:?]
	at gg.essential.lib.gson.Gson.getAdapter(Gson.java:501) ~[?:?]
	at gg.essential.lib.gson.internal.bind.ReflectiveTypeAdapterFactory.createBoundField(ReflectiveTypeAdapterFactory.java:116) ~[?:?]
	at gg.essential.lib.gson.internal.bind.ReflectiveTypeAdapterFactory.getBoundFields(ReflectiveTypeAdapterFactory.java:165) ~[?:?]
	at gg.essential.lib.gson.internal.bind.ReflectiveTypeAdapterFactory.create(ReflectiveTypeAdapterFactory.java:101) ~[?:?]
	at gg.essential.lib.gson.Gson.getAdapter(Gson.java:501) ~[?:?]
	at gg.essential.lib.gson.internal.bind.ArrayTypeAdapter$1.create(ArrayTypeAdapter.java:48) ~[?:?]
	at gg.essential.lib.gson.Gson.getAdapter(Gson.java:501) ~[?:?]
	at gg.essential.lib.gson.Gson.fromJson(Gson.java:990) ~[?:?]
	at gg.essential.lib.gson.Gson.fromJson(Gson.java:956) ~[?:?]
	at gg.essential.lib.gson.Gson.fromJson(Gson.java:905) ~[?:?]
	at gg.essential.lib.gson.Gson.fromJson(Gson.java:876) ~[?:?]
	at gg.essential.data.MenuData.fetchChangelogs(MenuData.kt:38) ~[?:?]
	at gg.essential.data.MenuData.CHANGELOGS$lambda$0(MenuData.kt:32) ~[?:?]
	at gg.essential.data.MenuData.CHANGELOGS$lambda$1(MenuData.kt:32) ~[?:?]
	at gg.essential.lib.caffeine.cache.CacheLoader.lambda$asyncLoad$0(CacheLoader.java:104) ~[?:?]
	at java.util.concurrent.CompletableFuture$AsyncSupply.run(CompletableFuture.java:1768) ~[?:?]
	at java.util.concurrent.CompletableFuture$AsyncSupply.exec(CompletableFuture.java:1760) ~[?:?]
	at java.util.concurrent.ForkJoinTask.doExec(ForkJoinTask.java:373) ~[?:?]
	at java.util.concurrent.ForkJoinPool$WorkQueue.topLevelExec(ForkJoinPool.java:1182) ~[?:?]
	at java.util.concurrent.ForkJoinPool.scan(ForkJoinPool.java:1655) ~[?:?]
	at java.util.concurrent.ForkJoinPool.runWorker(ForkJoinPool.java:1622) ~[?:?]
	at java.util.concurrent.ForkJoinWorkerThread.run(ForkJoinWorkerThread.java:165) ~[?:?]
[04:38:42] [ForkJoinPool.commonPool-worker-9/ERROR]: Could not find parent kotlin/jvm/internal/Lambda for class gg/essential/elementa/components/Window$Companion$enqueueRenderOperation$1 in classloader jdk.internal.loader.ClassLoaders$AppClassLoader@60f82f98 on thread Thread[ForkJoinPool.commonPool-worker-9,5,main]
[04:38:42] [ForkJoinPool.commonPool-worker-9/ERROR]: An error occurred building event handler
java.lang.ClassNotFoundException: kotlin.jvm.internal.Lambda
	at jdk.internal.loader.BuiltinClassLoader.loadClass(BuiltinClassLoader.java:641) ~[?:?]
	at jdk.internal.loader.ClassLoaders$AppClassLoader.loadClass(ClassLoaders.java:188) ~[?:?]
	at java.lang.ClassLoader.loadClass(ClassLoader.java:525) ~[?:?]
	at net.minecraftforge.eventbus.EventSubclassTransformer.buildEvents(EventSubclassTransformer.java:97) ~[eventbus-6.0.5.jar:?]
	at net.minecraftforge.eventbus.EventSubclassTransformer.transform(EventSubclassTransformer.java:48) ~[eventbus-6.0.5.jar:?]
	at net.minecraftforge.eventbus.EventBusEngine.processClass(EventBusEngine.java:26) ~[eventbus-6.0.5.jar:?]
	at net.minecraftforge.eventbus.service.ModLauncherService.processClassWithFlags(ModLauncherService.java:32) ~[eventbus-6.0.5.jar:6.0.5+6.0.5+master.eb8e549b]
	at cpw.mods.modlauncher.LaunchPluginHandler.offerClassNodeToPlugins(LaunchPluginHandler.java:88) ~[modlauncher-10.0.9.jar:?]
	at cpw.mods.modlauncher.ClassTransformer.transform(ClassTransformer.java:120) ~[modlauncher-10.0.9.jar:?]
	at cpw.mods.modlauncher.TransformingClassLoader.maybeTransformClassBytes(TransformingClassLoader.java:50) ~[modlauncher-10.0.9.jar:?]
	at cpw.mods.cl.ModuleClassLoader.readerToClass(ModuleClassLoader.java:113) ~[securejarhandler-2.1.10.jar:?]
	at cpw.mods.cl.ModuleClassLoader.lambda$findClass$15(ModuleClassLoader.java:219) ~[securejarhandler-2.1.10.jar:?]
	at cpw.mods.cl.ModuleClassLoader.loadFromModule(ModuleClassLoader.java:229) ~[securejarhandler-2.1.10.jar:?]
	at cpw.mods.cl.ModuleClassLoader.findClass(ModuleClassLoader.java:219) ~[securejarhandler-2.1.10.jar:?]
	at cpw.mods.cl.ModuleClassLoader.loadClass(ModuleClassLoader.java:135) ~[securejarhandler-2.1.10.jar:?]
	at java.lang.ClassLoader.loadClass(ClassLoader.java:525) ~[?:?]
	at gg.essential.elementa.components.Window$Companion.enqueueRenderOperation(Window.kt:509) ~[?:?]
	at java.util.concurrent.CompletableFuture$UniCompletion.claim(CompletableFuture.java:572) ~[?:?]
	at java.util.concurrent.CompletableFuture$UniApply.tryFire(CompletableFuture.java:642) ~[?:?]
	at java.util.concurrent.CompletableFuture.postComplete(CompletableFuture.java:510) ~[?:?]
	at java.util.concurrent.CompletableFuture$AsyncSupply.run(CompletableFuture.java:1773) ~[?:?]
	at java.util.concurrent.CompletableFuture$AsyncSupply.exec(CompletableFuture.java:1760) ~[?:?]
	at java.util.concurrent.ForkJoinTask.doExec(ForkJoinTask.java:373) ~[?:?]
	at java.util.concurrent.ForkJoinPool$WorkQueue.topLevelExec(ForkJoinPool.java:1182) ~[?:?]
	at java.util.concurrent.ForkJoinPool.scan(ForkJoinPool.java:1655) ~[?:?]
	at java.util.concurrent.ForkJoinPool.runWorker(ForkJoinPool.java:1622) ~[?:?]
	at java.util.concurrent.ForkJoinWorkerThread.run(ForkJoinWorkerThread.java:165) ~[?:?]
[04:38:42] [Render thread/ERROR]: [FANCYMENU] Failed to deserialize PropertyContainerSet! Missing type: 
[04:38:43] [Render thread/INFO]: [FANCYMENU] Minecraft resource reload: STARTING
[04:38:43] [Render thread/INFO]: Reloading ResourceManager: vanilla, mod_resources, Moonlight Mods Dynamic Assets, Essential Assets, essential, KubeJS Resource Pack [assets]
[04:38:43] [Worker-ResourceReload-0/INFO]: Starting runtime resource generation for pack type CLIENT_RESOURCES with generators from mods [moonlight, supplementaries, amendments, supplementaries]: [net.mehvahdjukaar.moonlight.core.MoonlightClient$MLDynamicClientResources@a0811e9, net.mehvahdjukaar.amendments.client.ClientResourceGenerator@2aed054a, net.mehvahdjukaar.supplementaries.dynamicpack.ClientDynamicResourcesGenerator@1fc4081f]
[04:38:43] [Render thread/INFO]: [DRIPPY LOADING SCREEN] Initializing fonts for text rendering..
[04:38:43] [Worker-ResourceReload-0/INFO]: Generating runtime assets for pack Moonlight Mods Dynamic Assets (moonlight)
[04:38:43] [Render thread/INFO]: [FANCYMENU] ScreenCustomizationLayer registered: drippy_loading_overlay
[04:38:43] [Worker-ResourceReload-0/INFO]: Generated runtime CLIENT_RESOURCES for pack Moonlight Mods Dynamic Assets (moonlight) in: 4 ms (multithreaded)
[04:38:43] [Worker-ResourceReload-0/INFO]: Generating runtime assets for pack Moonlight Mods Dynamic Assets (amendments)
[04:38:43] [Render thread/INFO]: [FANCYMENU] Starting late client initialization phase..
[04:38:43] [DefaultDispatcher-worker-11/INFO]: Connected to Discord as tnandrew
[04:38:43] [Worker-ResourceReload-0/INFO]: Generated runtime CLIENT_RESOURCES for pack Moonlight Mods Dynamic Assets (amendments) in: 650 ms (multithreaded)
[04:38:43] [Worker-ResourceReload-0/INFO]: Generating runtime assets for pack Moonlight Mods Dynamic Assets (supplementaries)
[04:38:43] [Render thread/INFO]: Client resource reload complete!
[04:38:43] [Render thread/INFO]: Starting DragonLib Network Manager (Client) worker thread...
[04:38:43] [DragonLib Network Manager (Client)/INFO]: DragonLib Network Manager (Client) worker thread has been started.
[04:38:44] [Worker-ResourceReload-0/INFO]: Generated runtime CLIENT_RESOURCES for pack Moonlight Mods Dynamic Assets (supplementaries) in: 564 ms (multithreaded)
[04:38:44] [Worker-ResourceReload-0/INFO]: Finished runtime resources generation for 4 packs in a total of 1219 ms
[04:38:44] [Worker-Main-12/INFO]: Found unifont_all_no_pua-15.0.06.hex, loading
[04:38:44] [Render thread/INFO]: Successfully loaded 0 assets remolders!
[04:38:44] [Worker-ResourceReload-12/INFO]: Found unifont_all_no_pua-15.0.06.hex, loading
[04:38:44] [Worker-ResourceReload-5/WARN]: File supplementaries:sounds/item/awning_bounce_1.ogg does not exist, cannot add it to event supplementaries:block.awning.bounce
[04:38:44] [Worker-ResourceReload-5/WARN]: File supplementaries:sounds/item/awning_bounce_2.ogg does not exist, cannot add it to event supplementaries:block.awning.bounce
[04:38:44] [Worker-ResourceReload-5/WARN]: File supplementaries:sounds/item/awning_bounce_3.ogg does not exist, cannot add it to event supplementaries:block.awning.bounce
[04:38:44] [modloading-worker-0/INFO]: Loading client config for pickupnotifier
[04:38:44] [Worker-ResourceReload-5/WARN]: File alexscaves:sounds/block/purple_soda/purple_soda_swim_3.ogg does not exist, cannot add it to event alexscaves:purple_soda_swim
[04:38:44] [Worker-ResourceReload-5/WARN]: File alexscaves:sounds/block/purple_soda/purple_soda_swim_4.ogg does not exist, cannot add it to event alexscaves:purple_soda_swim
[04:38:44] [Worker-ResourceReload-5/WARN]: File alexscaves:sounds/mob/luxtructosaurus/luxtructosaurus_snort_0.ogg does not exist, cannot add it to event alexscaves:luxtructosaurus_snort
[04:38:44] [Worker-ResourceReload-5/WARN]: File alexscaves:sounds/mob/luxtructosaurus/luxtructosaurus_snort_1.ogg does not exist, cannot add it to event alexscaves:luxtructosaurus_snort
[04:38:44] [Worker-ResourceReload-5/WARN]: File alexscaves:sounds/mob/luxtructosaurus/luxtructosaurus_snort_2.ogg does not exist, cannot add it to event alexscaves:luxtructosaurus_snort
[04:38:44] [Worker-ResourceReload-5/WARN]: File alexscaves:sounds/mob/luxtructosaurus/luxtructosaurus_breathe_0.ogg does not exist, cannot add it to event alexscaves:luxtructosaurus_breathe
[04:38:44] [Worker-ResourceReload-5/WARN]: File alexscaves:sounds/mob/luxtructosaurus/luxtructosaurus_breathe_1.ogg does not exist, cannot add it to event alexscaves:luxtructosaurus_breathe
[04:38:44] [Worker-ResourceReload-5/WARN]: File alexscaves:sounds/mob/luxtructosaurus/luxtructosaurus_breathe_2.ogg does not exist, cannot add it to event alexscaves:luxtructosaurus_breathe
[04:38:44] [Worker-ResourceReload-5/INFO]: Loaded 72 fluid textures in 8.0151 ms
[04:38:45] [Worker-ResourceReload-11/WARN]: Texture aquaculture:entity/rod/hook/soul_sand_hook with size 8x8 limits mip level from 4 to 3
[04:38:45] [Worker-ResourceReload-11/WARN]: Texture man_of_many_planes:entity/scarlet_biplane with size 948x600 limits mip level from 3 to 2
[04:38:45] [Worker-ResourceReload-11/WARN]: Texture man_of_many_planes:entity/economy_plane with size 611x730 limits mip level from 2 to 0
[04:38:45] [Thread-21/INFO]: Please use /mfrc to reload any changed mod config files
[04:38:45] [Worker-ResourceReload-2/WARN]: Missing sprite: bits_n_bobs:textures/blocks/nixie_board/text_atlas.png
[04:38:46] [Worker-ResourceReload-14/WARN]: Unused frames in sprite enderio:block/primitive_alloy_smelter_front_active: [4, 5]
[04:38:46] [Worker-ResourceReload-12/ERROR]: Failed to load model tfmg:models/block/encased_shaft/block.json
com.google.gson.JsonParseException: JSON data was null or empty
	at net.minecraft.util.GsonHelper.m_263475_(GsonHelper.java:533) ~[client-1.20.1-20230612.114412-srg.jar%23739!/:?]
	at net.minecraft.util.GsonHelper.m_13776_(GsonHelper.java:581) ~[client-1.20.1-20230612.114412-srg.jar%23739!/:?]
	at net.minecraft.client.renderer.block.model.BlockModel.m_111461_(BlockModel.java:74) ~[client-1.20.1-20230612.114412-srg.jar%23739!/:?]
	at net.minecraft.client.resources.model.ModelManager.m_246478_(ModelManager.java:110) ~[client-1.20.1-20230612.114412-srg.jar%23739!/:?]
	at java.util.concurrent.CompletableFuture$AsyncSupply.run(CompletableFuture.java:1768) ~[?:?]
	at java.util.concurrent.CompletableFuture$AsyncSupply.exec(CompletableFuture.java:1760) ~[?:?]
	at java.util.concurrent.ForkJoinTask.doExec(ForkJoinTask.java:373) ~[?:?]
	at java.util.concurrent.ForkJoinPool$WorkQueue.topLevelExec(ForkJoinPool.java:1182) ~[?:?]
	at java.util.concurrent.ForkJoinPool.scan(ForkJoinPool.java:1655) ~[?:?]
	at java.util.concurrent.ForkJoinPool.runWorker(ForkJoinPool.java:1622) ~[?:?]
	at java.util.concurrent.ForkJoinWorkerThread.run(ForkJoinWorkerThread.java:165) ~[?:?]
[04:38:46] [Worker-ResourceReload-7/ERROR]: Failed to load model tfmg:models/block/encased_shaft/item.json
com.google.gson.JsonParseException: JSON data was null or empty
	at net.minecraft.util.GsonHelper.m_263475_(GsonHelper.java:533) ~[client-1.20.1-20230612.114412-srg.jar%23739!/:?]
	at net.minecraft.util.GsonHelper.m_13776_(GsonHelper.java:581) ~[client-1.20.1-20230612.114412-srg.jar%23739!/:?]
	at net.minecraft.client.renderer.block.model.BlockModel.m_111461_(BlockModel.java:74) ~[client-1.20.1-20230612.114412-srg.jar%23739!/:?]
	at net.minecraft.client.resources.model.ModelManager.m_246478_(ModelManager.java:110) ~[client-1.20.1-20230612.114412-srg.jar%23739!/:?]
	at java.util.concurrent.CompletableFuture$AsyncSupply.run(CompletableFuture.java:1768) ~[?:?]
	at java.util.concurrent.CompletableFuture$AsyncSupply.exec(CompletableFuture.java:1760) ~[?:?]
	at java.util.concurrent.ForkJoinTask.doExec(ForkJoinTask.java:373) ~[?:?]
	at java.util.concurrent.ForkJoinPool$WorkQueue.topLevelExec(ForkJoinPool.java:1182) ~[?:?]
	at java.util.concurrent.ForkJoinPool.scan(ForkJoinPool.java:1655) ~[?:?]
	at java.util.concurrent.ForkJoinPool.runWorker(ForkJoinPool.java:1622) ~[?:?]
	at java.util.concurrent.ForkJoinWorkerThread.run(ForkJoinWorkerThread.java:165) ~[?:?]
[04:38:46] [Worker-ResourceReload-12/ERROR]: Failed to load model tfmg:models/block/engine_block.json
com.google.gson.JsonParseException: JSON data was null or empty
	at net.minecraft.util.GsonHelper.m_263475_(GsonHelper.java:533) ~[client-1.20.1-20230612.114412-srg.jar%23739!/:?]
	at net.minecraft.util.GsonHelper.m_13776_(GsonHelper.java:581) ~[client-1.20.1-20230612.114412-srg.jar%23739!/:?]
	at net.minecraft.client.renderer.block.model.BlockModel.m_111461_(BlockModel.java:74) ~[client-1.20.1-20230612.114412-srg.jar%23739!/:?]
	at net.minecraft.client.resources.model.ModelManager.m_246478_(ModelManager.java:110) ~[client-1.20.1-20230612.114412-srg.jar%23739!/:?]
	at java.util.concurrent.CompletableFuture$AsyncSupply.run(CompletableFuture.java:1768) ~[?:?]
	at java.util.concurrent.CompletableFuture$AsyncSupply.exec(CompletableFuture.java:1760) ~[?:?]
	at java.util.concurrent.ForkJoinTask.doExec(ForkJoinTask.java:373) ~[?:?]
	at java.util.concurrent.ForkJoinPool$WorkQueue.topLevelExec(ForkJoinPool.java:1182) ~[?:?]
	at java.util.concurrent.ForkJoinPool.scan(ForkJoinPool.java:1655) ~[?:?]
	at java.util.concurrent.ForkJoinPool.runWorker(ForkJoinPool.java:1622) ~[?:?]
	at java.util.concurrent.ForkJoinWorkerThread.run(ForkJoinWorkerThread.java:165) ~[?:?]
[04:38:46] [Worker-ResourceReload-10/ERROR]: Failed to load model tfmg:models/block/fireproof_brick_reinforcement.json
com.google.gson.JsonParseException: JSON data was null or empty
	at net.minecraft.util.GsonHelper.m_263475_(GsonHelper.java:533) ~[client-1.20.1-20230612.114412-srg.jar%23739!/:?]
	at net.minecraft.util.GsonHelper.m_13776_(GsonHelper.java:581) ~[client-1.20.1-20230612.114412-srg.jar%23739!/:?]
	at net.minecraft.client.renderer.block.model.BlockModel.m_111461_(BlockModel.java:74) ~[client-1.20.1-20230612.114412-srg.jar%23739!/:?]
	at net.minecraft.client.resources.model.ModelManager.m_246478_(ModelManager.java:110) ~[client-1.20.1-20230612.114412-srg.jar%23739!/:?]
	at java.util.concurrent.CompletableFuture$AsyncSupply.run(CompletableFuture.java:1768) ~[?:?]
	at java.util.concurrent.CompletableFuture$AsyncSupply.exec(CompletableFuture.java:1760) ~[?:?]
	at java.util.concurrent.ForkJoinTask.doExec(ForkJoinTask.java:373) ~[?:?]
	at java.util.concurrent.ForkJoinPool$WorkQueue.topLevelExec(ForkJoinPool.java:1182) ~[?:?]
	at java.util.concurrent.ForkJoinPool.scan(ForkJoinPool.java:1655) ~[?:?]
	at java.util.concurrent.ForkJoinPool.runWorker(ForkJoinPool.java:1622) ~[?:?]
	at java.util.concurrent.ForkJoinWorkerThread.run(ForkJoinWorkerThread.java:165) ~[?:?]
[04:38:46] [Worker-ResourceReload-6/ERROR]: Failed to load model tfmg:models/block/formwork_block/block_base.json
com.google.gson.JsonParseException: JSON data was null or empty
	at net.minecraft.util.GsonHelper.m_263475_(GsonHelper.java:533) ~[client-1.20.1-20230612.114412-srg.jar%23739!/:?]
	at net.minecraft.util.GsonHelper.m_13776_(GsonHelper.java:581) ~[client-1.20.1-20230612.114412-srg.jar%23739!/:?]
	at net.minecraft.client.renderer.block.model.BlockModel.m_111461_(BlockModel.java:74) ~[client-1.20.1-20230612.114412-srg.jar%23739!/:?]
	at net.minecraft.client.resources.model.ModelManager.m_246478_(ModelManager.java:110) ~[client-1.20.1-20230612.114412-srg.jar%23739!/:?]
	at java.util.concurrent.CompletableFuture$AsyncSupply.run(CompletableFuture.java:1768) ~[?:?]
	at java.util.concurrent.CompletableFuture$AsyncSupply.exec(CompletableFuture.java:1760) ~[?:?]
	at java.util.concurrent.ForkJoinTask.doExec(ForkJoinTask.java:373) ~[?:?]
	at java.util.concurrent.ForkJoinPool$WorkQueue.topLevelExec(ForkJoinPool.java:1182) ~[?:?]
	at java.util.concurrent.ForkJoinPool.scan(ForkJoinPool.java:1655) ~[?:?]
	at java.util.concurrent.ForkJoinPool.runWorker(ForkJoinPool.java:1622) ~[?:?]
	at java.util.concurrent.ForkJoinWorkerThread.run(ForkJoinWorkerThread.java:165) ~[?:?]
[04:38:46] [modloading-worker-0/INFO]: Executing phase CONFIG_LOAD for plugin class PatchouliPlugin
[04:38:46] [modloading-worker-0/INFO]: Executing phase CONFIG_LOAD for plugin class CuriosPlugin
[04:38:46] [modloading-worker-0/INFO]: Executing phase CONFIG_LOAD for plugin class PatchouliPlugin
[04:38:46] [modloading-worker-0/INFO]: Executing phase CONFIG_LOAD for plugin class CuriosPlugin
[04:38:46] [modloading-worker-0/INFO]: Executing phase CONFIG_LOAD for plugin class PatchouliPlugin
[04:38:46] [modloading-worker-0/INFO]: Executing phase CONFIG_LOAD for plugin class CuriosPlugin
[04:38:46] [modloading-worker-0/INFO]: Executing phase CONFIG_LOAD for plugin class PatchouliPlugin
[04:38:46] [modloading-worker-0/INFO]: Executing phase CONFIG_LOAD for plugin class CuriosPlugin
[04:38:46] [modloading-worker-0/INFO]: Executing phase CONFIG_LOAD for plugin class PatchouliPlugin
[04:38:46] [modloading-worker-0/INFO]: Executing phase CONFIG_LOAD for plugin class CuriosPlugin
[04:38:46] [modloading-worker-0/INFO]: Loaded Create Ore Excavation config file createoreexcavation-common.toml
[04:38:46] [modloading-worker-0/INFO]: 'zeta' is enabling Zeta's piston structure resolver.
[04:38:46] [Worker-ResourceReload-10/ERROR]: Failed to load model tfmg:models/block/sulfuric_acid.json
com.google.gson.JsonParseException: JSON data was null or empty
	at net.minecraft.util.GsonHelper.m_263475_(GsonHelper.java:533) ~[client-1.20.1-20230612.114412-srg.jar%23739!/:?]
	at net.minecraft.util.GsonHelper.m_13776_(GsonHelper.java:581) ~[client-1.20.1-20230612.114412-srg.jar%23739!/:?]
	at net.minecraft.client.renderer.block.model.BlockModel.m_111461_(BlockModel.java:74) ~[client-1.20.1-20230612.114412-srg.jar%23739!/:?]
	at net.minecraft.client.resources.model.ModelManager.m_246478_(ModelManager.java:110) ~[client-1.20.1-20230612.114412-srg.jar%23739!/:?]
	at java.util.concurrent.CompletableFuture$AsyncSupply.run(CompletableFuture.java:1768) ~[?:?]
	at java.util.concurrent.CompletableFuture$AsyncSupply.exec(CompletableFuture.java:1760) ~[?:?]
	at java.util.concurrent.ForkJoinTask.doExec(ForkJoinTask.java:373) ~[?:?]
	at java.util.concurrent.ForkJoinPool$WorkQueue.topLevelExec(ForkJoinPool.java:1182) ~[?:?]
	at java.util.concurrent.ForkJoinPool.scan(ForkJoinPool.java:1655) ~[?:?]
	at java.util.concurrent.ForkJoinPool.runWorker(ForkJoinPool.java:1622) ~[?:?]
	at java.util.concurrent.ForkJoinWorkerThread.run(ForkJoinWorkerThread.java:165) ~[?:?]
[04:38:46] [Worker-ResourceReload-14/WARN]: Invalid frame index on sprite tfmg:block/gas_lamp_fire frame 0: 16
[04:38:46] [Worker-ResourceReload-14/WARN]: Invalid frame index on sprite tfmg:block/gas_lamp_fire frame 1: 17
[04:38:46] [Worker-ResourceReload-14/WARN]: Invalid frame index on sprite tfmg:block/gas_lamp_fire frame 2: 18
[04:38:46] [Worker-ResourceReload-14/WARN]: Invalid frame index on sprite tfmg:block/gas_lamp_fire frame 3: 19
[04:38:46] [Worker-ResourceReload-14/WARN]: Invalid frame index on sprite tfmg:block/gas_lamp_fire frame 4: 20
[04:38:46] [Worker-ResourceReload-14/WARN]: Invalid frame index on sprite tfmg:block/gas_lamp_fire frame 5: 21
[04:38:46] [Worker-ResourceReload-14/WARN]: Invalid frame index on sprite tfmg:block/gas_lamp_fire frame 6: 22
[04:38:46] [Worker-ResourceReload-14/WARN]: Invalid frame index on sprite tfmg:block/gas_lamp_fire frame 7: 23
[04:38:46] [Worker-ResourceReload-14/WARN]: Invalid frame index on sprite tfmg:block/gas_lamp_fire frame 8: 24
[04:38:46] [Worker-ResourceReload-14/WARN]: Invalid frame index on sprite tfmg:block/gas_lamp_fire frame 9: 25
[04:38:46] [Worker-ResourceReload-14/WARN]: Invalid frame index on sprite tfmg:block/gas_lamp_fire frame 10: 26
[04:38:46] [Worker-ResourceReload-14/WARN]: Invalid frame index on sprite tfmg:block/gas_lamp_fire frame 11: 27
[04:38:46] [Worker-ResourceReload-14/WARN]: Invalid frame index on sprite tfmg:block/gas_lamp_fire frame 12: 28
[04:38:46] [Worker-ResourceReload-14/WARN]: Invalid frame index on sprite tfmg:block/gas_lamp_fire frame 13: 29
[04:38:46] [Worker-ResourceReload-14/WARN]: Invalid frame index on sprite tfmg:block/gas_lamp_fire frame 14: 30
[04:38:46] [Worker-ResourceReload-14/WARN]: Invalid frame index on sprite tfmg:block/gas_lamp_fire frame 15: 31
[04:38:46] [Worker-ResourceReload-14/WARN]: Invalid frame index on sprite tfmg:block/gas_lamp_fire frame 24: 8
[04:38:46] [Worker-ResourceReload-14/WARN]: Invalid frame index on sprite tfmg:block/gas_lamp_fire frame 25: 9
[04:38:46] [Worker-ResourceReload-14/WARN]: Invalid frame index on sprite tfmg:block/gas_lamp_fire frame 26: 10
[04:38:46] [Worker-ResourceReload-14/WARN]: Invalid frame index on sprite tfmg:block/gas_lamp_fire frame 27: 11
[04:38:46] [Worker-ResourceReload-14/WARN]: Invalid frame index on sprite tfmg:block/gas_lamp_fire frame 28: 12
[04:38:46] [Worker-ResourceReload-14/WARN]: Invalid frame index on sprite tfmg:block/gas_lamp_fire frame 29: 13
[04:38:46] [Worker-ResourceReload-14/WARN]: Invalid frame index on sprite tfmg:block/gas_lamp_fire frame 30: 14
[04:38:46] [Worker-ResourceReload-14/WARN]: Invalid frame index on sprite tfmg:block/gas_lamp_fire frame 31: 15
[04:38:46] [modloading-worker-0/INFO]: Updating config settings!
[04:38:46] [Worker-ResourceReload-1/WARN]: Unused frames in sprite enderio:block/alloy_smelter_front_active: [4, 5]
[04:38:46] [Worker-ResourceReload-1/ERROR]: Failed to load model tfmg:models/block/welding_machine/item.json
com.google.gson.JsonParseException: JSON data was null or empty
	at net.minecraft.util.GsonHelper.m_263475_(GsonHelper.java:533) ~[client-1.20.1-20230612.114412-srg.jar%23739!/:?]
	at net.minecraft.util.GsonHelper.m_13776_(GsonHelper.java:581) ~[client-1.20.1-20230612.114412-srg.jar%23739!/:?]
	at net.minecraft.client.renderer.block.model.BlockModel.m_111461_(BlockModel.java:74) ~[client-1.20.1-20230612.114412-srg.jar%23739!/:?]
	at net.minecraft.client.resources.model.ModelManager.m_246478_(ModelManager.java:110) ~[client-1.20.1-20230612.114412-srg.jar%23739!/:?]
	at java.util.concurrent.CompletableFuture$AsyncSupply.run(CompletableFuture.java:1768) ~[?:?]
	at java.util.concurrent.CompletableFuture$AsyncSupply.exec(CompletableFuture.java:1760) ~[?:?]
	at java.util.concurrent.ForkJoinTask.doExec(ForkJoinTask.java:373) ~[?:?]
	at java.util.concurrent.ForkJoinPool$WorkQueue.topLevelExec(ForkJoinPool.java:1182) ~[?:?]
	at java.util.concurrent.ForkJoinPool.scan(ForkJoinPool.java:1655) ~[?:?]
	at java.util.concurrent.ForkJoinPool.runWorker(ForkJoinPool.java:1622) ~[?:?]
	at java.util.concurrent.ForkJoinWorkerThread.run(ForkJoinWorkerThread.java:165) ~[?:?]
[04:38:46] [Worker-ResourceReload-14/ERROR]: Failed to load model create_sa:models/custom/flywheel_back.json
com.google.gson.JsonParseException: Invalid rotation -90.0 found, only -45/-22.5/0/22.5/45 allowed
	at net.minecraft.client.renderer.block.model.BlockElement$Deserializer.m_111342_(BlockElement.java:112) ~[client-1.20.1-20230612.114412-srg.jar%23739!/:?]
	at net.minecraft.client.renderer.block.model.BlockElement$Deserializer.m_111332_(BlockElement.java:101) ~[client-1.20.1-20230612.114412-srg.jar%23739!/:?]
	at net.minecraft.client.renderer.block.model.BlockElement$Deserializer.deserialize(BlockElement.java:82) ~[client-1.20.1-20230612.114412-srg.jar%23739!/:?]
	at net.minecraft.client.renderer.block.model.BlockElement$Deserializer.deserialize(BlockElement.java:74) ~[client-1.20.1-20230612.114412-srg.jar%23739!/:?]
	at com.google.gson.internal.bind.TreeTypeAdapter.read(TreeTypeAdapter.java:76) ~[gson-2.10.jar%23107!/:?]
	at com.google.gson.Gson.fromJson(Gson.java:1214) ~[gson-2.10.jar%23107!/:?]
	at com.google.gson.Gson.fromJson(Gson.java:1319) ~[gson-2.10.jar%23107!/:?]
	at com.google.gson.Gson.fromJson(Gson.java:1290) ~[gson-2.10.jar%23107!/:?]
	at com.google.gson.internal.bind.TreeTypeAdapter$GsonContextImpl.deserialize(TreeTypeAdapter.java:179) ~[gson-2.10.jar%23107!/:?]
	at net.minecraft.client.renderer.block.model.BlockModel$Deserializer.m_111506_(BlockModel.java:376) ~[client-1.20.1-20230612.114412-srg.jar%23739!/:?]
	at net.minecraft.client.renderer.block.model.BlockModel$Deserializer.deserialize(BlockModel.java:305) ~[client-1.20.1-20230612.114412-srg.jar%23739!/:?]
	at net.minecraftforge.client.model.ExtendedBlockModelDeserializer.deserialize(ExtendedBlockModelDeserializer.java:53) ~[forge-1.20.1-47.4.0-universal.jar%23744!/:?]
	at net.minecraftforge.client.model.ExtendedBlockModelDeserializer.deserialize(ExtendedBlockModelDeserializer.java:38) ~[forge-1.20.1-47.4.0-universal.jar%23744!/:?]
	at com.google.gson.internal.bind.TreeTypeAdapter.read(TreeTypeAdapter.java:76) ~[gson-2.10.jar%23107!/:?]
	at net.minecraft.util.GsonHelper.m_13780_(GsonHelper.java:524) ~[client-1.20.1-20230612.114412-srg.jar%23739!/:?]
	at net.minecraft.util.GsonHelper.m_263475_(GsonHelper.java:531) ~[client-1.20.1-20230612.114412-srg.jar%23739!/:?]
	at net.minecraft.util.GsonHelper.m_13776_(GsonHelper.java:581) ~[client-1.20.1-20230612.114412-srg.jar%23739!/:?]
	at net.minecraft.client.renderer.block.model.BlockModel.m_111461_(BlockModel.java:74) ~[client-1.20.1-20230612.114412-srg.jar%23739!/:?]
	at net.minecraft.client.resources.model.ModelManager.m_246478_(ModelManager.java:110) ~[client-1.20.1-20230612.114412-srg.jar%23739!/:?]
	at java.util.concurrent.CompletableFuture$AsyncSupply.run(CompletableFuture.java:1768) ~[?:?]
	at java.util.concurrent.CompletableFuture$AsyncSupply.exec(CompletableFuture.java:1760) ~[?:?]
	at java.util.concurrent.ForkJoinTask.doExec(ForkJoinTask.java:373) ~[?:?]
	at java.util.concurrent.ForkJoinPool$WorkQueue.topLevelExec(ForkJoinPool.java:1182) ~[?:?]
	at java.util.concurrent.ForkJoinPool.scan(ForkJoinPool.java:1655) ~[?:?]
	at java.util.concurrent.ForkJoinPool.runWorker(ForkJoinPool.java:1622) ~[?:?]
	at java.util.concurrent.ForkJoinWorkerThread.run(ForkJoinWorkerThread.java:165) ~[?:?]
[04:38:46] [Worker-ResourceReload-3/WARN]: Texture tfmg:block/diagonal_cable_block with size 24x24 limits mip level from 4 to 3
[04:38:46] [Worker-ResourceReload-3/WARN]: Texture displaydelight:block/ctd_pufferfish_roll with size 4x7 limits mip level from 3 to 0
[04:38:46] [modloading-worker-0/INFO]: Loading config spartanshields-common.toml
[04:38:47] [Worker-ResourceReload-11/ERROR]: Failed to load model tfmg:models/large_steel_cogwheel_shaftless.json
com.google.gson.JsonParseException: JSON data was null or empty
	at net.minecraft.util.GsonHelper.m_263475_(GsonHelper.java:533) ~[client-1.20.1-20230612.114412-srg.jar%23739!/:?]
	at net.minecraft.util.GsonHelper.m_13776_(GsonHelper.java:581) ~[client-1.20.1-20230612.114412-srg.jar%23739!/:?]
	at net.minecraft.client.renderer.block.model.BlockModel.m_111461_(BlockModel.java:74) ~[client-1.20.1-20230612.114412-srg.jar%23739!/:?]
	at net.minecraft.client.resources.model.ModelManager.m_246478_(ModelManager.java:110) ~[client-1.20.1-20230612.114412-srg.jar%23739!/:?]
	at java.util.concurrent.CompletableFuture$AsyncSupply.run(CompletableFuture.java:1768) ~[?:?]
	at java.util.concurrent.CompletableFuture$AsyncSupply.exec(CompletableFuture.java:1760) ~[?:?]
	at java.util.concurrent.ForkJoinTask.doExec(ForkJoinTask.java:373) ~[?:?]
	at java.util.concurrent.ForkJoinPool$WorkQueue.topLevelExec(ForkJoinPool.java:1182) ~[?:?]
	at java.util.concurrent.ForkJoinPool.scan(ForkJoinPool.java:1655) ~[?:?]
	at java.util.concurrent.ForkJoinPool.runWorker(ForkJoinPool.java:1622) ~[?:?]
	at java.util.concurrent.ForkJoinWorkerThread.run(ForkJoinWorkerThread.java:165) ~[?:?]
[04:38:47] [Worker-ResourceReload-3/INFO]: Loading Open Parties and Claims!
[04:38:47] [Worker-ResourceReload-9/INFO]: Executing phase COMMON_SETUP for plugin class PatchouliPlugin
[04:38:47] [Worker-ResourceReload-9/INFO]: Executing phase COMMON_SETUP for plugin class CuriosPlugin
[04:38:47] [Worker-ResourceReload-11/INFO]: Initialized
[04:38:47] [Forge Version Check/INFO]: [cccbridge] Starting version check at https://api.modrinth.com/updates/cccbridge/forge_updates.json
[04:38:47] [Worker-ResourceReload-5/INFO]: [voicechat] Compatibility version 18
[04:38:47] [Worker-ResourceReload-13/INFO]: Create Stock Bridge starting
[04:38:47] [Worker-ResourceReload-9/INFO]: Create Ore Excavation starting
[04:38:47] [Worker-ResourceReload-11/INFO]: Compression will use Java, encryption will use Java
[04:38:47] [Worker-ResourceReload-13/INFO]: Initilaized Network Handler
[04:38:47] [Worker-ResourceReload-9/INFO]: Initilaized Network Handler
[04:38:47] [Worker-ResourceReload-9/INFO]: Connectivity initialized
[04:38:47] [Worker-ResourceReload-2/INFO]: lootintegrations mod initialized
[04:38:47] [Worker-ResourceReload-2/INFO]: File exists, reading config for elocindev.item_obliterator.forge.config.ConfigEntries.
[04:38:47] [Worker-ResourceReload-2/INFO]: Config for elocindev.item_obliterator.forge.config.ConfigEntries read successfully.
[04:38:47] [Forge Version Check/INFO]: [cccbridge] Found status: UP_TO_DATE Current: 1.7.1 Target: null
[04:38:47] [Forge Version Check/INFO]: [mcwwindows] Starting version check at https://raw.githubusercontent.com/sketchmacaw/macawsmods/master/window.json
[04:38:47] [Worker-ResourceReload-2/INFO]: Loaded Item Obliterator Config
[04:38:47] [Worker-ResourceReload-7/INFO]: Version 10.4.10 initializing...
[04:38:47] [Worker-ResourceReload-2/INFO]: Loaded 'Mekanism: Additions' module.
[04:38:47] [Worker-ResourceReload-6/INFO]: Loaded 'Mekanism: Generators' module.
[04:38:47] [Worker-ResourceReload-6/INFO]: Loaded 'Mekanism: Tools' module.
[04:38:47] [Worker-ResourceReload-6/INFO]: Setting up Spartan Weaponry!
[04:38:47] [Forge Version Check/INFO]: [mcwwindows] Found status: UP_TO_DATE Current: 2.4.2 Target: null
[04:38:47] [Forge Version Check/INFO]: [mcwstairs] Starting version check at https://raw.githubusercontent.com/sketchmacaw/macawsmods/master/stairs.json
[04:38:47] [Forge Version Check/INFO]: [mcwstairs] Found status: UP_TO_DATE Current: 1.0.2 Target: null
[04:38:47] [Forge Version Check/INFO]: [pickupnotifier] Starting version check at https://raw.githubusercontent.com/Fuzss/modresources/main/update/pickupnotifier.json
[04:38:47] [Worker-ResourceReload-5/INFO]: [voicechat] Loading plugins
[04:38:47] [Worker-ResourceReload-6/INFO]: Welcome to the CREATE RAILWAYS NAVIGATOR mod by MRJULSEN.
[04:38:47] [Worker-ResourceReload-5/INFO]: [voicechat] Loaded 1 plugin(s)
[04:38:47] [Worker-ResourceReload-5/INFO]: [voicechat] Initializing plugins
[04:38:47] [Worker-ResourceReload-13/INFO]: HELLO FROM COMMON SETUP
[04:38:47] [Worker-ResourceReload-6/INFO]: Setting game stages provider implementation to: KubeJS Stages
[04:38:47] [Worker-ResourceReload-6/INFO]: Chose [KubeJS Stages] as the active game stages implementation
[04:38:47] [Worker-ResourceReload-6/INFO]: Setting permissions provider implementation to: FTB Ranks
[04:38:47] [Worker-ResourceReload-6/INFO]: Chose [FTB Ranks] as the active permissions implementation
[04:38:47] [Worker-ResourceReload-2/INFO]: Setting up Spartan Shields!
[04:38:47] [Worker-ResourceReload-6/INFO]: [FTB Quests] recipe helper provider is [JEI]
[04:38:47] [Worker-ResourceReload-5/INFO]: Initializing Simple Voice Chat integration
[04:38:47] [Worker-ResourceReload-5/INFO]: [voicechat] Initialized 1 plugin(s)
[04:38:47] [Worker-ResourceReload-5/INFO]: [voicechat] Registering events for 'sound_physics_remastered'
[04:38:47] [Worker-ResourceReload-2/INFO]: New compacting rule 4 clay_ball = 1 clay
[04:38:47] [Worker-ResourceReload-2/INFO]: New compacting rule 4 snowball = 1 snow_block
[04:38:47] [Worker-ResourceReload-2/INFO]: New compacting rule 4 glowstone_dust = 1 glowstone
[04:38:47] [Worker-ResourceReload-2/INFO]: New compacting rule 4 brick = 1 bricks
[04:38:47] [Worker-ResourceReload-2/INFO]: New compacting rule 4 nether_brick = 1 nether_bricks
[04:38:47] [Worker-ResourceReload-2/INFO]: New compacting rule 9 nether_wart = 1 nether_wart_block
[04:38:47] [Worker-ResourceReload-2/INFO]: New compacting rule 4 quartz = 1 quartz_block
[04:38:47] [Worker-ResourceReload-2/INFO]: New compacting rule 9 melon_slice = 1 melon
[04:38:47] [Worker-ResourceReload-2/INFO]: New compacting rule 4 sand = 1 sandstone
[04:38:47] [Worker-ResourceReload-2/INFO]: New compacting rule 4 red_sand = 1 red_sandstone
[04:38:47] [Forge Version Check/INFO]: [pickupnotifier] Found status: UP_TO_DATE Current: 8.0.0 Target: null
[04:38:47] [Forge Version Check/INFO]: [corpse] Starting version check at https://update.maxhenkel.de/forge/corpse
[04:38:47] [Worker-ResourceReload-2/INFO]: New compacting rule 4 clay_ball = 1 clay
[04:38:47] [Worker-ResourceReload-12/INFO]: Registering Display Sources!
[04:38:48] [Worker-ResourceReload-7/INFO]: Fake player readout: UUID = 46e82cd0-d480-3d48-800a-77431ede078e, name = [Mekanism]
[04:38:48] [Worker-ResourceReload-7/INFO]: Mod loaded.
[04:38:48] [Worker-ResourceReload-1/INFO]: Got request to register class com.sk89q.worldedit.forge.ForgePlatform with WorldEdit [com.sk89q.worldedit.extension.platform.PlatformManager@ecb6dd6]
[04:38:48] [Worker-ResourceReload-1/INFO]: WorldEdit for Forge (version 7.2.15+6463-5ca4dff) is loaded
[04:38:48] [Render thread/INFO]: Registering Advancements for: Create: Trading Floor
[04:38:48] [Render thread/WARN]: Method overwrite conflict for m_43908_ in alltheleaks.mixins.json:main.IngredientWithCountMixin, previously written by org.embeddedt.modernfix.forge.mixin.perf.faster_ingredients.CofhIngredientWithCountMixin. Skipping method.
[04:38:48] [Forge Version Check/INFO]: [corpse] Found status: OUTDATED Current: 1.20.1-1.0.18 Target: 1.20.1-1.0.23
[04:38:48] [Forge Version Check/INFO]: [advancementplaques] Starting version check at https://mc-update-check.anthonyhilyard.com/499826
[04:38:48] [Render thread/INFO]: Registered region minecraft:overworld to index 0 for type OVERWORLD
[04:38:48] [Render thread/INFO]: Registered region minecraft:nether to index 0 for type NETHER
[04:38:48] [Render thread/INFO]: Registered region biomesoplenty:overworld_primary to index 1 for type OVERWORLD
[04:38:48] [Render thread/INFO]: Registered region biomesoplenty:overworld_secondary to index 2 for type OVERWORLD
[04:38:48] [Render thread/INFO]: Registered region biomesoplenty:overworld_rare to index 3 for type OVERWORLD
[04:38:48] [Render thread/INFO]: Registered region biomesoplenty:nether_common to index 1 for type NETHER
[04:38:48] [Render thread/INFO]: Registered region biomesoplenty:nether_rare to index 2 for type NETHER
[04:38:48] [Render thread/WARN]: @Redirect conflict. Skipping securitycraft.mixins.json:camera.ChunkMapMixin->@Redirect::securitycraft$getCameraSectionPos(Lnet/minecraft/server/level/ServerPlayer;)Lnet/minecraft/core/SectionPos; with priority 1100, already redirected by railways-common.mixins.json:conductor_possession.ChunkMapMixin->@Redirect::securitycraft$getCameraSectionPos(Lnet/minecraft/server/level/ServerPlayer;)Lnet/minecraft/core/SectionPos; with priority 1200
[04:38:48] [Render thread/INFO]: ? Register Easy NPC: Core Network Handler for net.minecraftforge.network.simple.SimpleChannel@69aff3bb with version 23
[04:38:48] [Render thread/INFO]: ? Register Easy NPC: Core Network Handler ...
[04:38:48] [Render thread/INFO]: Registering network messages for BOTH side ...
[04:38:48] [Render thread/INFO]: [NetworkHandler] Registering client network message OpenMenuCallbackMessage with easy_npc:open_menu_callback_message (0)
[04:38:48] [Render thread/INFO]: [NetworkHandler] Registering client network message SyncDataMessage with easy_npc:sync_data (1)
[04:38:48] [Render thread/INFO]: [NetworkHandler] Registering server network message ExecuteActionEventMessage with easy_npc:trigger_action_event (2)
[04:38:48] [Render thread/INFO]: [NetworkHandler] Registering server network message ExecuteDialogButtonActionMessage with easy_npc:dialog_button_action (3)
[04:38:48] [Render thread/INFO]: [NetworkHandler] Registering server network message OpenMenuMessage with easy_npc:open_menu_message (4)
[04:38:48] [Render thread/INFO]: [NetworkHandler] Registering server network message RequestDataSyncMessage with easy_npc:request_data_sync (5)
[04:38:48] [Render thread/INFO]: ? Register Easy NPC: Config UI Network Handler for net.minecraftforge.network.simple.SimpleChannel@35f421fa with version 23
[04:38:48] [Render thread/INFO]: ? Register Easy NPC: Config UI Network Handler ...
[04:38:48] [Render thread/INFO]: Registering network messages for BOTH side ...
[04:38:48] [Render thread/INFO]: Registering client network handler ...
[04:38:48] [Render thread/INFO]: [NetworkHandler] Registering client network message ExportClientPresetMessage with easy_npc_config_ui:preset_export_client (0)
[04:38:48] [Render thread/INFO]: [NetworkHandler] Registering client network message OpenMenuCallbackMessage with easy_npc_config_ui:open_menu_callback_message (1)
[04:38:48] [Render thread/INFO]: Registering server network handler ...
[04:38:48] [Render thread/INFO]: [NetworkHandler] Registering server network message AddOrUpdateObjectiveMessage with easy_npc_config_ui:add_objective (2)
[04:38:48] [Render thread/INFO]: [NetworkHandler] Registering server network message ChangeActionEventMessage with easy_npc_config_ui:change_action_event (3)
[04:38:48] [Render thread/INFO]: [NetworkHandler] Registering server network message ChangeAdvancedTradingMessage with easy_npc_config_ui:change_advanced_trading (4)
[04:38:48] [Render thread/INFO]: [NetworkHandler] Registering server network message ChangeBasicTradingMessage with easy_npc_config_ui:change_basic_trading (5)
[04:38:48] [Render thread/INFO]: [NetworkHandler] Registering server network message ChangeCombatAttributeMessage with easy_npc_config_ui:change_combat_attribute (6)
[04:38:48] [Render thread/INFO]: [NetworkHandler] Registering server network message ChangeDisplayAttributeMessage with easy_npc_config_ui:change_display_attribute (7)
[04:38:48] [Render thread/INFO]: [NetworkHandler] Registering server network message ChangeEntityAttributeMessage with easy_npc_config_ui:change_entity_attribute (8)
[04:38:48] [Render thread/INFO]: [NetworkHandler] Registering server network message ChangeEntityBaseAttributeMessage with easy_npc_config_ui:change_entity_base_attribute (9)
[04:38:48] [Render thread/INFO]: [NetworkHandler] Registering server network message ChangeEnvironmentalAttributeMessage with easy_npc_config_ui:change_environmental_attribute (10)
[04:38:48] [Render thread/INFO]: [NetworkHandler] Registering server network message ChangeInteractionAttributeMessage with easy_npc_config_ui:change_interaction_attribute (11)
[04:38:48] [Render thread/INFO]: [NetworkHandler] Registering server network message ChangeModelEquipmentVisibilityMessage with easy_npc_config_ui:change_model_equipment_visibility (12)
[04:38:48] [Render thread/INFO]: [NetworkHandler] Registering server network message ChangeModelPoseMessage with easy_npc_config_ui:change_model_pose (13)
[04:38:48] [Render thread/INFO]: [NetworkHandler] Registering server network message ChangeModelPositionMessage with easy_npc_config_ui:change_model_position (14)
[04:38:48] [Render thread/INFO]: [NetworkHandler] Registering server network message ChangeModelRotationMessage with easy_npc_config_ui:change_model_rotation (15)
[04:38:48] [Render thread/INFO]: [NetworkHandler] Registering server network message ChangeModelScaleMessage with easy_npc_config_ui:change_model_scale (16)
[04:38:48] [Render thread/INFO]: [NetworkHandler] Registering server network message ChangeModelVisibilityMessage with easy_npc_config_ui:change_model_visibility (17)
[04:38:48] [Render thread/INFO]: [NetworkHandler] Registering server network message ChangeMovementAttributeMessage with easy_npc_config_ui:change_movement_attribute (18)
[04:38:48] [Render thread/INFO]: [NetworkHandler] Registering server network message ChangeNameMessage with easy_npc_config_ui:change_name (19)
[04:38:48] [Render thread/INFO]: [NetworkHandler] Registering server network message ChangePoseMessage with easy_npc_config_ui:change_pose (20)
[04:38:48] [Render thread/INFO]: [NetworkHandler] Registering server network message ChangePositionMessage with easy_npc_config_ui:change_position (21)
[04:38:48] [Render thread/INFO]: [NetworkHandler] Registering server network message ChangeProfessionMessage with easy_npc_config_ui:change_profession (22)
[04:38:48] [Render thread/INFO]: [NetworkHandler] Registering server network message ChangeRendererMessage with easy_npc_config_ui:change_renderer (23)
[04:38:48] [Render thread/INFO]: [NetworkHandler] Registering server network message ChangeSkinMessage with easy_npc_config_ui:change_skin (24)
[04:38:48] [Render thread/INFO]: [NetworkHandler] Registering server network message ChangeTradingTypeMessage with easy_npc_config_ui:change_trading_type (25)
[04:38:48] [Render thread/INFO]: [NetworkHandler] Registering server network message ExportPresetMessage with easy_npc_config_ui:export_preset (26)
[04:38:48] [Render thread/INFO]: [NetworkHandler] Registering server network message ExportWorldPresetMessage with easy_npc_config_ui:export_world_preset (27)
[04:38:48] [Render thread/INFO]: [NetworkHandler] Registering server network message ImportPresetMessage with easy_npc_config_ui:import_preset (28)
[04:38:48] [Render thread/INFO]: [NetworkHandler] Registering server network message OpenActionDataEditorMessage with easy_npc_config_ui:open_action_data_editor (29)
[04:38:48] [Render thread/INFO]: [NetworkHandler] Registering server network message OpenActionDataEntryEditorMessage with easy_npc_config_ui:open_action_data_entry_editor (30)
[04:38:48] [Render thread/INFO]: [NetworkHandler] Registering server network message OpenConfigurationMessage with easy_npc_config_ui:open_configuration_screen (31)
[04:38:48] [Render thread/INFO]: [NetworkHandler] Registering server network message OpenDialogButtonEditorMessage with easy_npc_config_ui:open_dialog_button_editor (32)
[04:38:48] [Render thread/INFO]: [NetworkHandler] Registering server network message OpenDialogEditorMessage with easy_npc_config_ui:open_dialog_editor (33)
[04:38:48] [Render thread/INFO]: [NetworkHandler] Registering server network message OpenMenuMessage with easy_npc_config_ui:open_menu_message (34)
[04:38:48] [Render thread/INFO]: [NetworkHandler] Registering server network message OpenDialogTextEditorMessage with easy_npc_config_ui:open_dialog_text_editor (35)
[04:38:48] [Render thread/INFO]: [NetworkHandler] Registering server network message RemoveDialogButtonMessage with easy_npc_config_ui:remove_dialog_button (36)
[04:38:48] [Render thread/INFO]: [NetworkHandler] Registering server network message RemoveDialogMessage with easy_npc_config_ui:remove_dialog (37)
[04:38:48] [Render thread/INFO]: [NetworkHandler] Registering server network message RemoveNPCMessage with easy_npc_config_ui:remove_npc (38)
[04:38:48] [Render thread/INFO]: [NetworkHandler] Registering server network message RemoveObjectiveMessage with easy_npc_config_ui:remove_objective (39)
[04:38:48] [Render thread/INFO]: [NetworkHandler] Registering server network message RespawnNPCMessage with easy_npc_config_ui:respawn_npc (40)
[04:38:48] [Render thread/INFO]: [NetworkHandler] Registering server network message SaveDialogButtonMessage with easy_npc_config_ui:save_dialog_button (41)
[04:38:48] [Render thread/INFO]: [NetworkHandler] Registering server network message SaveDialogMessage with easy_npc_config_ui:save_dialog (42)
[04:38:48] [Render thread/INFO]: [NetworkHandler] Registering server network message SaveDialogSetMessage with easy_npc_config_ui:save_dialog_set (43)
[04:38:48] [Render thread/INFO]: Registered synced data key refurbished_furniture:lock_yaw for refurbished_furniture:seat
[04:38:48] [Render thread/INFO]: Registered synced data key tacz:shoot_cool_down for minecraft:living_entity
[04:38:48] [Render thread/INFO]: Registered synced data key tacz:melee_cool_down for minecraft:living_entity
[04:38:48] [Render thread/INFO]: Registered synced data key tacz:reload_state for minecraft:living_entity
[04:38:48] [Render thread/INFO]: Registered synced data key tacz:aiming_progress for minecraft:living_entity
[04:38:48] [Render thread/INFO]: Registered synced data key tacz:draw_cool_down for minecraft:living_entity
[04:38:48] [Render thread/INFO]: Registered synced data key tacz:is_aiming for minecraft:living_entity
[04:38:48] [Render thread/INFO]: Registered synced data key tacz:sprint_time for minecraft:living_entity
[04:38:48] [Render thread/INFO]: Registered synced data key tacz:bolt_cool_down for minecraft:living_entity
[04:38:49] [Render thread/INFO]: Initialized color sets in 80ms
[04:38:49] [Render thread/INFO]: Registered region quark:biome_provider to index 4 for type OVERWORLD
[04:38:49] [Render thread/INFO]: Registered contraption type 'create_radar:radar_bearing'
[04:38:49] [Render thread/INFO]: Finished mod setup in: [1, 4, 0, 0, 0, 0, 7, 0] ms
[04:38:49] [Render thread/INFO]: FluidLogistics partial models registered!
[04:38:49] [Worker-ResourceReload-11/INFO]: Executing phase CLIENT_SETUP for plugin class PatchouliPlugin
[04:38:49] [Worker-ResourceReload-11/INFO]: Executing phase CLIENT_SETUP for plugin class CuriosPlugin
[04:38:49] [Worker-ResourceReload-14/INFO]: Retrieving block renderers
[04:38:49] [Worker-ResourceReload-14/INFO]: Retrieving fluid renderers
[04:38:49] [Worker-ResourceReload-14/INFO]: Retrieving global renderers
[04:38:49] [Worker-ResourceReload-2/INFO]: Reloading reverb parameters
[04:38:49] [Worker-ResourceReload-14/WARN]: Mod(s) [littletiles] are modifying Embeddium class me.jellysquid.mods.sodium.client.render.chunk.compile.pipeline.BlockRenderContext, which may cause instability.
[04:38:49] [Worker-ResourceReload-7/INFO]: [EMI] Discovered Sodium
[04:38:49] [Worker-ResourceReload-5/INFO]: Registering config screens for mod comforts with 1 config(s)
[04:38:49] [Worker-ResourceReload-10/INFO]: Loading Xaero's Minimap - Stage 1/2
[04:38:49] [Worker-ResourceReload-13/INFO]: ? Register Easy NPC: Core Client Screens ...
[04:38:49] [Worker-ResourceReload-13/INFO]: Loading Xaero's World Map - Stage 1/2
[04:38:49] [Worker-ResourceReload-2/WARN]: Sound event naturalist:entity.bird.death not found
[04:38:49] [Worker-ResourceReload-2/WARN]: Sound event naturalist:entity.bear.ambient_baby not found
[04:38:49] [Worker-ResourceReload-2/WARN]: Sound event naturalist:item.bucket.fill_snail not found
[04:38:49] [Placebo Patreon Trail Loader/INFO]: Loading patreon trails data...
[04:38:49] [Worker-ResourceReload-2/WARN]: Sound event naturalist:entity.bear.death not found
[04:38:49] [Worker-ResourceReload-2/WARN]: Sound event naturalist:entity.snake.hurt not found
[04:38:49] [Worker-ResourceReload-2/WARN]: Sound event naturalist:entity.bear.sleep not found
[04:38:49] [Worker-ResourceReload-2/WARN]: Sound event naturalist:entity.zebra.jump not found
[04:38:49] [Worker-ResourceReload-2/WARN]: Sound event naturalist:entity.deer.ambient_baby not found
[04:38:49] [Worker-ResourceReload-2/WARN]: Sound event naturalist:entity.bird.ambient_canary not found
[04:38:49] [Worker-ResourceReload-2/WARN]: Sound event naturalist:entity.bird.fly not found
[04:38:49] [Worker-ResourceReload-2/WARN]: Sound event naturalist:entity.rhino.ambient not found
[04:38:49] [Worker-ResourceReload-2/WARN]: Sound event naturalist:entity.snail.forward not found
[04:38:49] [Worker-ResourceReload-2/WARN]: Sound event naturalist:entity.rhino.ambient_baby not found
[04:38:49] [Worker-ResourceReload-2/WARN]: Sound event naturalist:entity.tortoise.egg_hatch not found
[04:38:49] [Worker-ResourceReload-2/WARN]: Sound event naturalist:entity.lion.hurt not found
[04:38:49] [Worker-ResourceReload-2/WARN]: Sound event naturalist:entity.bear.spit not found
[04:38:49] [Worker-ResourceReload-2/WARN]: Sound event naturalist:entity.alligator.egg_break not found
[04:38:49] [Worker-ResourceReload-2/WARN]: Sound event naturalist:entity.snake.hiss not found
[04:38:49] [Worker-ResourceReload-2/WARN]: Sound event naturalist:entity.duck.death not found
[04:38:49] [Worker-ResourceReload-2/WARN]: Sound event naturalist:entity.duck.hurt not found
[04:38:49] [Worker-ResourceReload-2/WARN]: Sound event naturalist:entity.zebra.angry not found
[04:38:49] [Worker-ResourceReload-2/WARN]: Sound event naturalist:entity.alligator.egg_hatch not found
[04:38:49] [Worker-ResourceReload-2/WARN]: Sound event naturalist:entity.lion.ambient not found
[04:38:49] [Worker-ResourceReload-2/WARN]: Sound event naturalist:entity.bear.eat not found
[04:38:49] [Worker-ResourceReload-2/WARN]: Sound event naturalist:entity.bird.ambient_robin not found
[04:38:49] [Worker-ResourceReload-2/WARN]: Sound event naturalist:entity.boar.hurt not found
[04:38:49] [Worker-ResourceReload-2/WARN]: Sound event naturalist:entity.hippo.ambient not found
[04:38:49] [Worker-ResourceReload-2/WARN]: Sound event naturalist:entity.bird.ambient_cardinal not found
[04:38:49] [Worker-ResourceReload-2/WARN]: Sound event naturalist:entity.rhino.scrape not found
[04:38:49] [Worker-ResourceReload-2/WARN]: Sound event naturalist:entity.alligator.hurt not found
[04:38:49] [Worker-ResourceReload-2/WARN]: Sound event naturalist:entity.alligator.death not found
[04:38:49] [Worker-ResourceReload-2/WARN]: Sound event naturalist:entity.tortoise.egg_break not found
[04:38:49] [Worker-ResourceReload-2/WARN]: Sound event naturalist:entity.catfish.flop not found
[04:38:49] [Worker-ResourceReload-2/WARN]: Sound event naturalist:entity.duck.ambient not found
[04:38:49] [Worker-ResourceReload-2/WARN]: Sound event naturalist:entity.bear.hurt not found
[04:38:49] [Worker-ResourceReload-2/WARN]: Sound event naturalist:entity.lion.roar not found
[04:38:49] [Worker-ResourceReload-2/WARN]: Sound event naturalist:entity.alligator.ambient not found
[04:38:49] [Worker-ResourceReload-2/WARN]: Sound event naturalist:entity.zebra.breathe not found
[04:38:49] [Worker-ResourceReload-2/WARN]: Sound event spartanweaponry:throwing_weapon_hit_ground not found
[04:38:49] [Worker-ResourceReload-2/WARN]: Sound event naturalist:entity.giraffe.ambient not found
[04:38:49] [Worker-ResourceReload-2/WARN]: Sound event naturalist:entity.snake.rattle not found
[04:38:49] [Worker-ResourceReload-2/WARN]: Sound event naturalist:entity.elephant.hurt not found
[04:38:49] [Worker-ResourceReload-2/WARN]: Sound event naturalist:entity.deer.hurt not found
[04:38:49] [Worker-ResourceReload-2/WARN]: Sound event naturalist:item.bucket.empty_snail not found
[04:38:49] [Worker-ResourceReload-2/WARN]: Sound event naturalist:entity.bird.hurt not found
[04:38:49] [Worker-ResourceReload-2/WARN]: Sound event naturalist:entity.rubber_ducky.hurt not found
[04:38:49] [Worker-ResourceReload-2/WARN]: Sound event naturalist:entity.firefly.hide not found
[04:38:49] [Worker-ResourceReload-2/WARN]: Sound event naturalist:entity.rubber_ducky.ambient not found
[04:38:49] [Worker-ResourceReload-2/WARN]: Sound event naturalist:entity.bear.sniff not found
[04:38:49] [Worker-ResourceReload-2/WARN]: Sound event naturalist:entity.zebra.hurt not found
[04:38:49] [Worker-ResourceReload-2/WARN]: Sound event naturalist:entity.zebra.death not found
[04:38:49] [Worker-ResourceReload-2/WARN]: Sound event naturalist:entity.bird.ambient_bluejay not found
[04:38:49] [Worker-ResourceReload-2/WARN]: Sound event naturalist:entity.bear.hurt_baby not found
[04:38:49] [Worker-ResourceReload-2/WARN]: Sound event naturalist:entity.rubber_ducky.death not found
[04:38:49] [Worker-ResourceReload-2/WARN]: Sound event naturalist:entity.alligator.egg_crack not found
[04:38:49] [Worker-ResourceReload-2/WARN]: Sound event naturalist:entity.duck.step not found
[04:38:49] [Worker-ResourceReload-2/WARN]: Sound event naturalist:entity.zebra.eat not found
[04:38:49] [Worker-ResourceReload-2/WARN]: Sound event naturalist:entity.boar.ambient not found
[04:38:49] [Worker-ResourceReload-2/WARN]: Sound event naturalist:entity.snail.crush not found
[04:38:49] [Worker-ResourceReload-2/WARN]: Sound event naturalist:entity.vulture.death not found
[04:38:49] [Worker-ResourceReload-3/INFO]: Method handleAnimations at mixin dev.uncandango.alltheleaks.mixin.core.main.GeoModelMixin cancelled due to not matching hash: Actual -1692042262, Expected: [-1957930875]
[04:38:49] [Worker-ResourceReload-2/WARN]: Sound event naturalist:entity.firefly.hurt not found
[04:38:49] [Worker-ResourceReload-2/WARN]: Sound event naturalist:entity.hippo.hurt not found
[04:38:49] [Worker-ResourceReload-2/WARN]: Sound event naturalist:entity.elephant.ambient not found
[04:38:49] [Worker-ResourceReload-3/INFO]: Mixin annotation @Lorg/spongepowered/asm/mixin/injection/Redirect;(at=@Lorg/spongepowered/asm/mixin/injection/At;(args={}, value="INVOKE", target="Lsoftware/bernie/geckolib/core/molang/MolangParser;setValue(Ljava/lang/String;Ljava/util/function/DoubleSupplier;)V"), method={}, slice=@Lorg/spongepowered/asm/mixin/injection/Slice;(from=@Lorg/spongepowered/asm/mixin/injection/At;(args={}, value="HEAD", target=""), to=@Lorg/spongepowered/asm/mixin/injection/At;(args={}, value="TAIL", target=""))) at mixin dev.uncandango.alltheleaks.mixin.core.main.GeoModelMixin removed due to no methods available
[04:38:49] [Worker-ResourceReload-2/WARN]: Sound event naturalist:entity.bear.ambient not found
[04:38:49] [Worker-ResourceReload-2/WARN]: Sound event naturalist:entity.firefly.death not found
[04:38:49] [Worker-ResourceReload-3/WARN]: Modified mixin "dev.uncandango.alltheleaks.mixin.core.main.GeoModelMixin". Check debug logs for more information.
[04:38:49] [Worker-ResourceReload-2/WARN]: Sound event naturalist:entity.bass.flop not found
[04:38:49] [Worker-ResourceReload-2/WARN]: Sound event naturalist:entity.deer.hurt_baby not found
[04:38:49] [Worker-ResourceReload-2/WARN]: Sound event naturalist:entity.bird.ambient_finch not found
[04:38:49] [Worker-ResourceReload-2/WARN]: Sound event naturalist:entity.bird.ambient_sparrow not found
[04:38:49] [Worker-ResourceReload-2/WARN]: Sound event naturalist:entity.tortoise.egg_crack not found
[04:38:49] [Worker-ResourceReload-2/WARN]: Sound event naturalist:entity.boar.death not found
[04:38:49] [Worker-ResourceReload-2/WARN]: Sound event naturalist:entity.snail.back not found
[04:38:49] [Worker-ResourceReload-2/WARN]: Sound event naturalist:entity.deer.ambient not found
[04:38:49] [Worker-ResourceReload-2/WARN]: Sound event naturalist:entity.dragonfly.loop not found
[04:38:49] [Worker-ResourceReload-2/WARN]: Sound event naturalist:entity.vulture.hurt not found
[04:38:49] [Worker-ResourceReload-2/WARN]: Sound event naturalist:entity.alligator.ambient_baby not found
[04:38:49] [Worker-ResourceReload-2/WARN]: Sound event naturalist:entity.vulture.ambient not found
[04:38:49] [Worker-ResourceReload-2/WARN]: Sound event naturalist:entity.bird.eat not found
[04:38:49] [Worker-ResourceReload-2/WARN]: Sound event naturalist:entity.zebra.ambient not found
[04:38:49] [Placebo Patreon Wing Loader/INFO]: Loading patreon wing data...
[04:38:49] [Worker-ResourceReload-2/INFO]: Using Cloth Config GUI
[04:38:49] [Worker-ResourceReload-5/INFO]: HELLO FROM CLIENT SETUP
[04:38:49] [Worker-ResourceReload-5/INFO]: MINECRAFT NAME >> Shadow1x
[04:38:49] [Placebo Patreon Trail Loader/INFO]: Loaded 51 patreon trails.
[04:38:49] [Worker-ResourceReload-6/INFO]: [voicechat] Using Cloth Config GUI
[04:38:49] [Worker-ResourceReload-6/INFO]: [voicechat] Loading Opus
[04:38:49] [Placebo Patreon Wing Loader/INFO]: Loaded 44 patreon wings.
[04:38:49] [Worker-ResourceReload-11/INFO]: [KONKRETE] Client-side libs ready to use!
[04:38:49] [Worker-ResourceReload-11/INFO]: Setting up Client for Spartan Weaponry!
[04:38:49] [Worker-ResourceReload-11/INFO]: ? Register Easy NPC: Config UI Client Screens ...
[04:38:49] [Worker-ResourceReload-14/INFO]: initializing estrogen client
[04:38:49] [Worker-ResourceReload-5/INFO]: Initialized HolidayManager.
[04:38:49] [Worker-ResourceReload-11/WARN]: Key mapping key.createrailwaysnavigator.route_overlay_options registered after event
java.lang.RuntimeException: null
	at dev.architectury.registry.client.keymappings.forge.KeyMappingRegistryImpl.register(KeyMappingRegistryImpl.java:47) ~[architectury-9.2.14-forge.jar%23476!/:?]
	at dev.architectury.registry.client.keymappings.KeyMappingRegistry.register(KeyMappingRegistry.java) ~[architectury-9.2.14-forge.jar%23476!/:?]
	at de.mrjulsen.crn.client.input.ModKeys.init(ModKeys.java:24) ~[createrailwaysnavigator-forge-1.20.1-beta-0.8.5-C6.jar%23539!/:1.20.1-beta-0.8.5-C6]
	at de.mrjulsen.crn.event.ModClientEvents.lambda$init$0(ModClientEvents.java:32) ~[createrailwaysnavigator-forge-1.20.1-beta-0.8.5-C6.jar%23539!/:1.20.1-beta-0.8.5-C6]
	at java.lang.invoke.MethodHandle.invokeWithArguments(MethodHandle.java:732) ~[?:?]
	at dev.architectury.event.EventFactory.invokeMethod(EventFactory.java:53) ~[architectury-9.2.14-forge.jar%23476!/:?]
	at dev.architectury.event.EventFactory$1.handleInvocation(EventFactory.java:62) ~[architectury-9.2.14-forge.jar%23476!/:?]
	at com.google.common.reflect.AbstractInvocationHandler.invoke(AbstractInvocationHandler.java:87) ~[guava-31.1-jre.jar%23109!/:?]
	at jdk.proxy3.$Proxy196.stateChanged(Unknown Source) ~[?:?]
	at dev.architectury.event.forge.EventHandlerImplClient$ModBasedEventHandler.event(EventHandlerImplClient.java:342) ~[architectury-9.2.14-forge.jar%23476!/:?]
	at dev.architectury.event.forge.__ModBasedEventHandler_event_FMLClientSetupEvent.invoke(.dynamic) ~[architectury-9.2.14-forge.jar%23476!/:?]
	at net.minecraftforge.eventbus.ASMEventHandler.invoke(ASMEventHandler.java:73) ~[eventbus-6.0.5.jar%2387!/:?]
	at net.minecraftforge.eventbus.EventBus.post(EventBus.java:315) ~[eventbus-6.0.5.jar%2387!/:?]
	at net.minecraftforge.eventbus.EventBus.post(EventBus.java:296) ~[eventbus-6.0.5.jar%2387!/:?]
	at net.minecraftforge.fml.javafmlmod.FMLModContainer.acceptEvent(FMLModContainer.java:121) ~[javafmllanguage-1.20.1-47.4.0.jar%23741!/:?]
	at net.minecraftforge.fml.ModContainer.lambda$buildTransitionHandler$5(ModContainer.java:127) ~[fmlcore-1.20.1-47.4.0.jar%23740!/:?]
	at java.util.concurrent.CompletableFuture$AsyncRun.run(CompletableFuture.java:1804) ~[?:?]
	at java.util.concurrent.CompletableFuture$AsyncRun.exec(CompletableFuture.java:1796) ~[?:?]
	at java.util.concurrent.ForkJoinTask.doExec(ForkJoinTask.java:373) ~[?:?]
	at java.util.concurrent.ForkJoinPool$WorkQueue.topLevelExec(ForkJoinPool.java:1182) ~[?:?]
	at java.util.concurrent.ForkJoinPool.scan(ForkJoinPool.java:1655) ~[?:?]
	at java.util.concurrent.ForkJoinPool.runWorker(ForkJoinPool.java:1622) ~[?:?]
	at java.util.concurrent.ForkJoinWorkerThread.run(ForkJoinWorkerThread.java:165) ~[?:?]
[04:38:49] [Worker-ResourceReload-5/INFO]: HELLO FROM CLIENT SETUP
[04:38:49] [Worker-ResourceReload-5/INFO]: MINECRAFT NAME >> Shadow1x
[04:38:49] [Worker-ResourceReload-12/INFO]: Setting up Client for Spartan Shields!
[04:38:49] [Worker-ResourceReload-14/WARN]: Error loading class: net/fabricmc/fabric/api/blockview/v2/FabricBlockView (java.lang.ClassNotFoundException: net.fabricmc.fabric.api.blockview.v2.FabricBlockView)
[04:38:49] [Worker-ResourceReload-14/WARN]: Error loading class: net/fabricmc/fabric/api/rendering/data/v1/RenderAttachedBlockView (java.lang.ClassNotFoundException: net.fabricmc.fabric.api.rendering.data.v1.RenderAttachedBlockView)
[04:38:49] [Worker-ResourceReload-14/INFO]: Loaded Rubidium extension
[04:38:49] [Worker-ResourceReload-14/INFO]: Loaded Oculus extension
[04:38:51] [Worker-ResourceReload-0/INFO]: 132 material render infos loaded
[04:38:52] [Render thread/INFO]: ? Register Easy NPC: Core Client data folders ...
[04:38:52] [Render thread/INFO]: ? Register Easy NPC: Core Skin data folders ...
[04:38:52] [Render thread/INFO]: ? Register Easy NPC: Core custom skin data ...
[04:38:52] [Render thread/WARN]: Skin model template file C:\Users\windf\curseforge\minecraft\Instances\THE FORGOTTEN SMP\config\easy_npc\skin\allay\allay_template.png already exists, skipping copy!
[04:38:52] [Render thread/WARN]: Skin model template file C:\Users\windf\curseforge\minecraft\Instances\THE FORGOTTEN SMP\config\easy_npc\skin\cat\cat_template.png already exists, skipping copy!
[04:38:52] [Render thread/WARN]: Skin model template file C:\Users\windf\curseforge\minecraft\Instances\THE FORGOTTEN SMP\config\easy_npc\skin\chicken\chicken_template.png already exists, skipping copy!
[04:38:52] [Render thread/WARN]: Skin model template file C:\Users\windf\curseforge\minecraft\Instances\THE FORGOTTEN SMP\config\easy_npc\skin\fairy\fairy_template.png already exists, skipping copy!
[04:38:52] [Render thread/WARN]: Skin model template file C:\Users\windf\curseforge\minecraft\Instances\THE FORGOTTEN SMP\config\easy_npc\skin\humanoid_slim\humanoid_slim_template.png already exists, skipping copy!
[04:38:52] [Render thread/WARN]: Skin model template file C:\Users\windf\curseforge\minecraft\Instances\THE FORGOTTEN SMP\config\easy_npc\skin\humanoid\humanoid_template.png already exists, skipping copy!
[04:38:52] [Render thread/WARN]: Skin model template file C:\Users\windf\curseforge\minecraft\Instances\THE FORGOTTEN SMP\config\easy_npc\skin\illager\illager_template.png already exists, skipping copy!
[04:38:52] [Render thread/WARN]: Skin model template file C:\Users\windf\curseforge\minecraft\Instances\THE FORGOTTEN SMP\config\easy_npc\skin\iron_golem\iron_golem_template.png already exists, skipping copy!
[04:38:52] [Render thread/WARN]: Skin model template file C:\Users\windf\curseforge\minecraft\Instances\THE FORGOTTEN SMP\config\easy_npc\skin\orc\orc_template.png already exists, skipping copy!
[04:38:52] [Render thread/WARN]: Skin model template file C:\Users\windf\curseforge\minecraft\Instances\THE FORGOTTEN SMP\config\easy_npc\skin\pig\pig_template.png already exists, skipping copy!
[04:38:52] [Render thread/WARN]: Skin model template file C:\Users\windf\curseforge\minecraft\Instances\THE FORGOTTEN SMP\config\easy_npc\skin\piglin\piglin_template.png already exists, skipping copy!
[04:38:52] [Render thread/WARN]: Skin model template file C:\Users\windf\curseforge\minecraft\Instances\THE FORGOTTEN SMP\config\easy_npc\skin\skeleton\skeleton_template.png already exists, skipping copy!
[04:38:52] [Render thread/WARN]: Skin model template file C:\Users\windf\curseforge\minecraft\Instances\THE FORGOTTEN SMP\config\easy_npc\skin\villager\villager_template.png already exists, skipping copy!
[04:38:52] [Render thread/WARN]: Skin model template file C:\Users\windf\curseforge\minecraft\Instances\THE FORGOTTEN SMP\config\easy_npc\skin\villager\villager_without_hat_template.png already exists, skipping copy!
[04:38:52] [Render thread/WARN]: Skin model template file C:\Users\windf\curseforge\minecraft\Instances\THE FORGOTTEN SMP\config\easy_npc\skin\wolf\wolf_template.png already exists, skipping copy!
[04:38:52] [Render thread/WARN]: Skin model template file C:\Users\windf\curseforge\minecraft\Instances\THE FORGOTTEN SMP\config\easy_npc\skin\zombie_villager\zombie_villager_template.png already exists, skipping copy!
[04:38:52] [Render thread/WARN]: Skin model template file C:\Users\windf\curseforge\minecraft\Instances\THE FORGOTTEN SMP\config\easy_npc\skin\zombie\zombie_template.png already exists, skipping copy!
[04:38:52] [Render thread/INFO]: ? Register Easy NPC: Core custom skins from C:\Users\windf\curseforge\minecraft\Instances\THE FORGOTTEN SMP\config\easy_npc\skin ...
[04:38:52] [Render thread/INFO]: [Texture Manager] Registered file C:\Users\windf\curseforge\minecraft\Instances\THE FORGOTTEN SMP\config\easy_npc\skin\allay\allay_template.png with image NativeImage[RGBA 32x32@2265694994432S] for texture TextureModelKey{uuid=c3ed6254-b84e-3963-a2c0-a5a81d201a62, skinModel=ALLAY, subType='ALLAY, resourceName='allay_template.png'} with minecraft:dynamic/easy_npc_client_texture_allay_c3ed6254-b84e-3963-a2c0-a5a81d201a62_1.
[04:38:52] [Render thread/INFO]: [Texture Manager] Registered file C:\Users\windf\curseforge\minecraft\Instances\THE FORGOTTEN SMP\config\easy_npc\skin\cat\cat_template.png with image NativeImage[RGBA 64x32@2265427017728S] for texture TextureModelKey{uuid=dd9e7b53-35bf-3ccc-86d5-8494402e394b, skinModel=CAT, subType='CAT, resourceName='cat_template.png'} with minecraft:dynamic/easy_npc_client_texture_cat_dd9e7b53-35bf-3ccc-86d5-8494402e394b_1.
[04:38:52] [Render thread/INFO]: [Texture Manager] Registered file C:\Users\windf\curseforge\minecraft\Instances\THE FORGOTTEN SMP\config\easy_npc\skin\chicken\chicken_template.png with image NativeImage[RGBA 64x32@2265427083264S] for texture TextureModelKey{uuid=3b5e083d-8b48-33d6-8f3c-85ab1ebb9b84, skinModel=CHICKEN, subType='CHICKEN, resourceName='chicken_template.png'} with minecraft:dynamic/easy_npc_client_texture_chicken_3b5e083d-8b48-33d6-8f3c-85ab1ebb9b84_1.
[04:38:52] [Render thread/INFO]: [Texture Manager] Registered file C:\Users\windf\curseforge\minecraft\Instances\THE FORGOTTEN SMP\config\easy_npc\skin\fairy\fairy_template.png with image NativeImage[RGBA 128x128@2265994496448S] for texture TextureModelKey{uuid=a7e321fe-1535-3095-aa13-0a79244178f2, skinModel=FAIRY, subType='FAIRY, resourceName='fairy_template.png'} with minecraft:dynamic/easy_npc_client_texture_fairy_a7e321fe-1535-3095-aa13-0a79244178f2_1.
[04:38:52] [Render thread/INFO]: [Texture Manager] Registered file C:\Users\windf\curseforge\minecraft\Instances\THE FORGOTTEN SMP\config\easy_npc\skin\humanoid_slim\humanoid_slim_template.png with image NativeImage[RGBA 64x64@2265994298048S] for texture TextureModelKey{uuid=8b30b738-461f-30c4-8cd2-10a94b202cdf, skinModel=HUMANOID_SLIM, subType='HUMANOID_SLIM, resourceName='humanoid_slim_template.png'} with minecraft:dynamic/easy_npc_client_texture_humanoid_slim_8b30b738-461f-30c4-8cd2-10a94b202cdf_1.
[04:38:52] [Render thread/INFO]: [Texture Manager] Registered file C:\Users\windf\curseforge\minecraft\Instances\THE FORGOTTEN SMP\config\easy_npc\skin\humanoid\2024_01_05_gunsmith-22236687.png with image NativeImage[RGBA 64x64@2266353041472S] for texture TextureModelKey{uuid=0c24464a-4104-33b5-8c6f-159708c17a79, skinModel=HUMANOID, subType='HUMANOID, resourceName='2024_01_05_gunsmith-22236687.png'} with minecraft:dynamic/easy_npc_client_texture_humanoid_0c24464a-4104-33b5-8c6f-159708c17a79_1.
[04:38:52] [Render thread/INFO]: [Texture Manager] Registered file C:\Users\windf\curseforge\minecraft\Instances\THE FORGOTTEN SMP\config\easy_npc\skin\humanoid\2025_10_19_otto-pinstripes-23590011.png with image NativeImage[RGBA 64x64@2266353106944S] for texture TextureModelKey{uuid=f9cdae28-265a-3490-ac93-93e9979c3e6a, skinModel=HUMANOID, subType='HUMANOID, resourceName='2025_10_19_otto-pinstripes-23590011.png'} with minecraft:dynamic/easy_npc_client_texture_humanoid_f9cdae28-265a-3490-ac93-93e9979c3e6a_1.
[04:38:52] [Render thread/INFO]: [Texture Manager] Registered file C:\Users\windf\curseforge\minecraft\Instances\THE FORGOTTEN SMP\config\easy_npc\skin\humanoid\2025_11_11_banker-1-23637578.png with image NativeImage[RGBA 64x64@2266353174016S] for texture TextureModelKey{uuid=a611a6dd-bc56-3e10-89bc-e0e6f394d630, skinModel=HUMANOID, subType='HUMANOID, resourceName='2025_11_11_banker-1-23637578.png'} with minecraft:dynamic/easy_npc_client_texture_humanoid_a611a6dd-bc56-3e10-89bc-e0e6f394d630_1.
[04:38:52] [Render thread/INFO]: [Texture Manager] Registered file C:\Users\windf\curseforge\minecraft\Instances\THE FORGOTTEN SMP\config\easy_npc\skin\humanoid\2025_11_11_banker-2-edit-23637583.png with image NativeImage[RGBA 64x64@2266353241216S] for texture TextureModelKey{uuid=a5b30c54-181b-3e5d-82ec-cbef07a9dae0, skinModel=HUMANOID, subType='HUMANOID, resourceName='2025_11_11_banker-2-edit-23637583.png'} with minecraft:dynamic/easy_npc_client_texture_humanoid_a5b30c54-181b-3e5d-82ec-cbef07a9dae0_1.
[04:38:52] [Render thread/INFO]: [Texture Manager] Registered file C:\Users\windf\curseforge\minecraft\Instances\THE FORGOTTEN SMP\config\easy_npc\skin\humanoid\2026_03_07_lograx--lorax-lumberjack--23909574.png with image NativeImage[RGBA 64x64@2266353305088S] for texture TextureModelKey{uuid=fd0bbc49-5eb0-3a91-a5a3-0f2fcbe3c8bd, skinModel=HUMANOID, subType='HUMANOID, resourceName='2026_03_07_lograx--lorax-lumberjack--23909574.png'} with minecraft:dynamic/easy_npc_client_texture_humanoid_fd0bbc49-5eb0-3a91-a5a3-0f2fcbe3c8bd_1.
[04:38:52] [Render thread/INFO]: [Texture Manager] Registered file C:\Users\windf\curseforge\minecraft\Instances\THE FORGOTTEN SMP\config\easy_npc\skin\humanoid\2026_03_14_miner-old-23924186.png with image NativeImage[RGBA 64x64@2266353370944S] for texture TextureModelKey{uuid=dc2628ab-67aa-3e53-8791-b9b048e9b64d, skinModel=HUMANOID, subType='HUMANOID, resourceName='2026_03_14_miner-old-23924186.png'} with minecraft:dynamic/easy_npc_client_texture_humanoid_dc2628ab-67aa-3e53-8791-b9b048e9b64d_1.
[04:38:52] [Render thread/INFO]: [Texture Manager] Registered file C:\Users\windf\curseforge\minecraft\Instances\THE FORGOTTEN SMP\config\easy_npc\skin\humanoid\2026_03_31_lumberjack-jelli-23961080.png with image NativeImage[RGBA 64x64@2266353437184S] for texture TextureModelKey{uuid=3220c6e5-5394-3e02-aff2-d0372eb4fd50, skinModel=HUMANOID, subType='HUMANOID, resourceName='2026_03_31_lumberjack-jelli-23961080.png'} with minecraft:dynamic/easy_npc_client_texture_humanoid_3220c6e5-5394-3e02-aff2-d0372eb4fd50_1.
[04:38:52] [Render thread/INFO]: [Texture Manager] Registered file C:\Users\windf\curseforge\minecraft\Instances\THE FORGOTTEN SMP\config\easy_npc\skin\humanoid\2026_04_07_corn-man-23977856.png with image NativeImage[RGBA 64x64@2266353500288S] for texture TextureModelKey{uuid=26c70c7b-c99e-3859-ab35-f15214b3a50c, skinModel=HUMANOID, subType='HUMANOID, resourceName='2026_04_07_corn-man-23977856.png'} with minecraft:dynamic/easy_npc_client_texture_humanoid_26c70c7b-c99e-3859-ab35-f15214b3a50c_1.
[04:38:52] [Render thread/INFO]: [Texture Manager] Registered file C:\Users\windf\curseforge\minecraft\Instances\THE FORGOTTEN SMP\config\easy_npc\skin\humanoid\2026_04_08_miner-1-23979105.png with image NativeImage[RGBA 64x64@2266353568768S] for texture TextureModelKey{uuid=006e1344-5713-3d08-879b-0ecde6c7c45a, skinModel=HUMANOID, subType='HUMANOID, resourceName='2026_04_08_miner-1-23979105.png'} with minecraft:dynamic/easy_npc_client_texture_humanoid_006e1344-5713-3d08-879b-0ecde6c7c45a_1.
[04:38:52] [Render thread/INFO]: [Texture Manager] Registered file C:\Users\windf\curseforge\minecraft\Instances\THE FORGOTTEN SMP\config\easy_npc\skin\humanoid\2026_04_08_pyosik-beef-farm-23979586.png with image NativeImage[RGBA 64x64@2266353829952S] for texture TextureModelKey{uuid=f123afb2-bea2-39b5-8b9a-37c0b7dab903, skinModel=HUMANOID, subType='HUMANOID, resourceName='2026_04_08_pyosik-beef-farm-23979586.png'} with minecraft:dynamic/easy_npc_client_texture_humanoid_f123afb2-bea2-39b5-8b9a-37c0b7dab903_1.
[04:38:52] [Render thread/INFO]: [Texture Manager] Registered file C:\Users\windf\curseforge\minecraft\Instances\THE FORGOTTEN SMP\config\easy_npc\skin\humanoid\2026_04_11_alan-23986026.png with image NativeImage[RGBA 64x64@2266353893632S] for texture TextureModelKey{uuid=479f7ab4-7d1e-31ca-b4fc-fea277310d85, skinModel=HUMANOID, subType='HUMANOID, resourceName='2026_04_11_alan-23986026.png'} with minecraft:dynamic/easy_npc_client_texture_humanoid_479f7ab4-7d1e-31ca-b4fc-fea277310d85_1.
[04:38:52] [Render thread/INFO]: [Texture Manager] Registered file C:\Users\windf\curseforge\minecraft\Instances\THE FORGOTTEN SMP\config\easy_npc\skin\humanoid\humanoid_template.png with image NativeImage[RGBA 64x64@2266353961536S] for texture TextureModelKey{uuid=0a2b92c8-d54b-36dc-9352-7e054e081f0c, skinModel=HUMANOID, subType='HUMANOID, resourceName='humanoid_template.png'} with minecraft:dynamic/easy_npc_client_texture_humanoid_0a2b92c8-d54b-36dc-9352-7e054e081f0c_1.
[04:38:52] [Render thread/INFO]: [Texture Manager] Registered file C:\Users\windf\curseforge\minecraft\Instances\THE FORGOTTEN SMP\config\easy_npc\skin\illager\illager_template.png with image NativeImage[RGBA 64x64@2266354028224S] for texture TextureModelKey{uuid=617322a7-89fc-358d-8c3d-bb3e4da80ece, skinModel=ILLAGER, subType='ILLAGER, resourceName='illager_template.png'} with minecraft:dynamic/easy_npc_client_texture_illager_617322a7-89fc-358d-8c3d-bb3e4da80ece_1.
[04:38:52] [Render thread/INFO]: [Texture Manager] Registered file C:\Users\windf\curseforge\minecraft\Instances\THE FORGOTTEN SMP\config\easy_npc\skin\iron_golem\iron_golem_template.png with image NativeImage[RGBA 128x128@2265994626304S] for texture TextureModelKey{uuid=ff8e17aa-51b0-35a3-a60d-7d789c27e837, skinModel=IRON_GOLEM, subType='IRON_GOLEM, resourceName='iron_golem_template.png'} with minecraft:dynamic/easy_npc_client_texture_iron_golem_ff8e17aa-51b0-35a3-a60d-7d789c27e837_1.
[04:38:52] [Render thread/INFO]: [Texture Manager] Registered file C:\Users\windf\curseforge\minecraft\Instances\THE FORGOTTEN SMP\config\easy_npc\skin\orc\orc_template.png with image NativeImage[RGBA 128x128@2266354287872S] for texture TextureModelKey{uuid=d1a5421d-4241-3209-ae8a-d578a7bfe15f, skinModel=ORC, subType='ORC, resourceName='orc_template.png'} with minecraft:dynamic/easy_npc_client_texture_orc_d1a5421d-4241-3209-ae8a-d578a7bfe15f_1.
[04:38:52] [Render thread/INFO]: [Texture Manager] Registered file C:\Users\windf\curseforge\minecraft\Instances\THE FORGOTTEN SMP\config\easy_npc\skin\pig\pig_template.png with image NativeImage[RGBA 64x32@2265427148800S] for texture TextureModelKey{uuid=1ad7df8e-fd8e-37ba-aeae-c7fa18c49a1d, skinModel=PIG, subType='PIG, resourceName='pig_template.png'} with minecraft:dynamic/easy_npc_client_texture_pig_1ad7df8e-fd8e-37ba-aeae-c7fa18c49a1d_1.
[04:38:52] [Render thread/INFO]: [Texture Manager] Registered file C:\Users\windf\curseforge\minecraft\Instances\THE FORGOTTEN SMP\config\easy_npc\skin\piglin\piglin_template.png with image NativeImage[RGBA 64x64@2266354223872S] for texture TextureModelKey{uuid=53afd629-8964-35a8-bb66-7d64359d6eee, skinModel=PIGLIN, subType='PIGLIN, resourceName='piglin_template.png'} with minecraft:dynamic/easy_npc_client_texture_piglin_53afd629-8964-35a8-bb66-7d64359d6eee_1.
[04:38:52] [Render thread/INFO]: [Texture Manager] Registered file C:\Users\windf\curseforge\minecraft\Instances\THE FORGOTTEN SMP\config\easy_npc\skin\skeleton\skeleton_template.png with image NativeImage[RGBA 64x32@2265427214336S] for texture TextureModelKey{uuid=99b88725-4c39-3e23-8b8c-ed8cd073aeb7, skinModel=SKELETON, subType='SKELETON, resourceName='skeleton_template.png'} with minecraft:dynamic/easy_npc_client_texture_skeleton_99b88725-4c39-3e23-8b8c-ed8cd073aeb7_1.
[04:38:52] [Render thread/INFO]: [Texture Manager] Registered file C:\Users\windf\curseforge\minecraft\Instances\THE FORGOTTEN SMP\config\easy_npc\skin\villager\villager_template.png with image NativeImage[RGBA 64x64@2266354419584S] for texture TextureModelKey{uuid=0e515082-1396-3a68-8959-79846eeb0d96, skinModel=VILLAGER, subType='VILLAGER, resourceName='villager_template.png'} with minecraft:dynamic/easy_npc_client_texture_villager_0e515082-1396-3a68-8959-79846eeb0d96_1.
[04:38:52] [Render thread/INFO]: [Texture Manager] Registered file C:\Users\windf\curseforge\minecraft\Instances\THE FORGOTTEN SMP\config\easy_npc\skin\villager\villager_without_hat_template.png with image NativeImage[RGBA 64x64@2266354484608S] for texture TextureModelKey{uuid=44c87ffb-a92c-336b-b3b4-bee539e9d303, skinModel=VILLAGER, subType='VILLAGER, resourceName='villager_without_hat_template.png'} with minecraft:dynamic/easy_npc_client_texture_villager_44c87ffb-a92c-336b-b3b4-bee539e9d303_1.
[04:38:52] [Render thread/INFO]: [Texture Manager] Registered file C:\Users\windf\curseforge\minecraft\Instances\THE FORGOTTEN SMP\config\easy_npc\skin\wolf\wolf_template.png with image NativeImage[RGBA 64x32@2265427279872S] for texture TextureModelKey{uuid=fc13cd6c-6249-3591-9161-346b87daeefb, skinModel=WOLF, subType='WOLF, resourceName='wolf_template.png'} with minecraft:dynamic/easy_npc_client_texture_wolf_fc13cd6c-6249-3591-9161-346b87daeefb_1.
[04:38:52] [Render thread/INFO]: [Texture Manager] Registered file C:\Users\windf\curseforge\minecraft\Instances\THE FORGOTTEN SMP\config\easy_npc\skin\zombie_villager\zombie_villager_template.png with image NativeImage[RGBA 64x64@2266354551360S] for texture TextureModelKey{uuid=70d6fde8-652d-36e1-a005-45e67a679eda, skinModel=ZOMBIE_VILLAGER, subType='ZOMBIE_VILLAGER, resourceName='zombie_villager_template.png'} with minecraft:dynamic/easy_npc_client_texture_zombie_villager_70d6fde8-652d-36e1-a005-45e67a679eda_1.
[04:38:52] [Render thread/INFO]: [Texture Manager] Registered file C:\Users\windf\curseforge\minecraft\Instances\THE FORGOTTEN SMP\config\easy_npc\skin\zombie\zombie_template.png with image NativeImage[RGBA 64x64@2266354616576S] for texture TextureModelKey{uuid=f14e7212-e76d-376d-ba9e-7776d0d70850, skinModel=ZOMBIE, subType='ZOMBIE, resourceName='zombie_template.png'} with minecraft:dynamic/easy_npc_client_texture_zombie_f14e7212-e76d-376d-ba9e-7776d0d70850_1.
[04:38:52] [Render thread/INFO]: ? Register Easy NPC: Core player skin data ...
[04:38:52] [Render thread/INFO]: ? Register Easy NPC: Core remote skin data ...
[04:38:52] [Render thread/INFO]: ? Register Easy NPC: Core Preset data folders ...
[04:38:52] [Render thread/INFO]: ? Register Easy NPC: Core custom preset data ...
[04:38:52] [Render thread/INFO]: ? Register Easy NPC: Core Register Entity Type Manager ...
[04:38:52] [Render thread/INFO]: [Entity Type Manager] Found 75 supported, 81 unsupported and 352 unknown entity types.
[04:38:53] [Render thread/INFO]: Initializing Patchouli custom templates...
[04:38:53] [Render thread/INFO]: Loading Xaero's Minimap - Stage 2/2
[04:38:54] [Render thread/INFO]: Registered player tracker system: minimap_synced
[04:38:54] [Render thread/INFO]: Xaero's Minimap: World Map found!
[04:38:54] [Render thread/INFO]: Registered player tracker system: openpartiesandclaims
[04:38:54] [Render thread/INFO]: Xaero's Minimap: Open Parties And Claims found!
[04:38:54] [Render thread/INFO]: No Optifine!
[04:38:54] [Render thread/INFO]: Xaero's Minimap: No Vivecraft!
[04:38:54] [Render thread/INFO]: Xaero's Minimap: Framed Blocks found!
[04:38:54] [Render thread/INFO]: Xaero's Minimap: Iris found!
[04:38:54] [Render thread/WARN]: Mod 'xaerominimap' took 1.183 s to run a deferred task.
[04:38:54] [Render thread/INFO]: Loading Xaero's World Map - Stage 2/2
[04:38:54] [Render thread/INFO]: New world map region cache hash code: -413293874
[04:38:54] [Render thread/INFO]: Registered player tracker system: map_synced
[04:38:54] [Render thread/INFO]: Xaero's WorldMap Mod: Xaero's minimap found!
[04:38:54] [Render thread/INFO]: Registered player tracker system: minimap_synced
[04:38:54] [Render thread/INFO]: Registered player tracker system: openpartiesandclaims
[04:38:54] [Render thread/INFO]: Xaero's WorldMap Mod: Open Parties And Claims found!
[04:38:54] [Render thread/INFO]: No Optifine!
[04:38:54] [Render thread/INFO]: Xaero's World Map: No Vivecraft!
[04:38:54] [Render thread/INFO]: Xaero's World Map: Framed Blocks found!
[04:38:54] [Render thread/INFO]: Xaero's World Map: Iris found!
[04:38:55] [Worker-ResourceReload-0/INFO]: Baking 17 thigh high models
[04:38:57] [Worker-ResourceReload-0/WARN]: Using deprecated 'luminosity' field on ColoredBlockModel color data for tconstruct:queens_slime_block#inventory, this will be removed in 1.20 in favor of Forge's 'emissivity'.
[04:38:59] [Worker-ResourceReload-0/WARN]: Using deprecated 'luminosity' field on ColoredBlockModel color data for tconstruct:block/storage/queens_slime, this will be removed in 1.20 in favor of Forge's 'emissivity'.
[04:39:00] [Worker-ResourceReload-0/INFO]: Loaded emissive block models in 574 ms
[04:39:02] [Worker-ResourceReload-1/INFO]: Registering plugin for Shoulder Surfing Reloaded (shouldersurfing)
[04:39:02] [Worker-ResourceReload-11/INFO]: Applying mega torch entity block list overrides...
[04:39:02] [Worker-ResourceReload-11/INFO]: Applying dread lamp entity block list overrides...
[04:39:02] [Worker-ResourceReload-2/INFO]: [com.mrh0.createaddition.CreateAddition:postInit:136]: Create Crafts & Additions Initialized!
[04:39:02] [Worker-ResourceReload-1/INFO]: Registering compatibility callback for Create
[04:39:02] [Worker-ResourceReload-1/INFO]: Registering compatibility callback for Curios
[04:39:02] [Worker-ResourceReload-1/INFO]: Registering plugin for Spartan Weaponry (spartanweaponry)
[04:39:02] [Worker-ResourceReload-1/INFO]: Freezing plugin registrar
[04:39:02] [Worker-ResourceReload-7/INFO]: Loaded KubeJS integration
[04:39:02] [Worker-ResourceReload-9/ERROR]: Could not find rarity  mentioned in entry "test" = 
[04:39:02] [Worker-ResourceReload-0/INFO]: [WTHIT] Initializing plugin shouldersurfing:plugin at com.github.exopandora.shouldersurfing.integration.ShoulderSurfingWthitPlugin
[04:39:02] [Worker-ResourceReload-0/INFO]: [WTHIT] Initializing plugin securitycraft:plugin at net.geforcemods.securitycraft.compat.hudmods.WTHITDataProvider
[04:39:02] [Worker-ResourceReload-0/INFO]: [WTHIT] Initializing common plugin waila:core at mcp.mobius.waila.plugin.core.CoreCommonPlugin
[04:39:02] [Worker-ResourceReload-0/INFO]: [WTHIT] Initializing client plugin waila:core at mcp.mobius.waila.plugin.core.CoreClientPlugin
[04:39:02] [Worker-ResourceReload-9/ERROR]: Could not find rarity  mentioned in entry "test" = 
[04:39:02] [Worker-ResourceReload-0/INFO]: [WTHIT] Initializing common plugin waila:vanilla at mcp.mobius.waila.plugin.vanilla.VanillaCommonPlugin
[04:39:02] [Worker-ResourceReload-0/INFO]: [WTHIT] Initializing client plugin waila:vanilla at mcp.mobius.waila.plugin.vanilla.VanillaClientPlugin
[04:39:02] [Worker-ResourceReload-9/ERROR]: Could not find entity type test
[04:39:02] [Worker-ResourceReload-10/INFO]: Registering Ponder!
[04:39:02] [Worker-ResourceReload-0/INFO]: [WTHIT] Initializing common plugin waila:harvest at mcp.mobius.waila.plugin.harvest.HarvestCommonPlugin
[04:39:02] [Worker-ResourceReload-0/INFO]: [WTHIT] Initializing client plugin waila:harvest at mcp.mobius.waila.plugin.harvest.HarvestClientPlugin
[04:39:02] [Worker-ResourceReload-0/INFO]: [WTHIT] Initializing common plugin waila:forge at mcp.mobius.waila.plugin.forge.ForgeCommonPlugin
[04:39:02] [Worker-ResourceReload-0/INFO]: [WTHIT] Initializing client plugin waila:forge at mcp.mobius.waila.plugin.forge.ForgeClientPlugin
[04:39:02] [Worker-ResourceReload-0/INFO]: [WTHIT] Initializing plugin mekanism:plugin at mekanism.common.integration.lookingat.wthit.MekanismWTHITPlugin
[04:39:02] [Worker-ResourceReload-0/INFO]: [WTHIT] Initializing plugin ae2:wthit at appeng.integration.modules.wthit.WthitModule
[04:39:02] [Worker-ResourceReload-10/INFO]: registering scenes...
[04:39:02] [Worker-ResourceReload-0/INFO]: [WTHIT] Initializing common plugin waila:extra at mcp.mobius.waila.plugin.extra.ExtraPlugin
[04:39:02] [Worker-ResourceReload-0/INFO]: [WTHIT] Initializing client plugin waila:extra at mcp.mobius.waila.plugin.extra.ExtraPlugin
[04:39:02] [Worker-ResourceReload-10/INFO]: Registering Ponder Scenes took 208.9 ms
[04:39:02] [Worker-ResourceReload-10/INFO]: Registering Ponder Tags took 6.231 ms
[04:39:02] [Worker-ResourceReload-10/INFO]: Collecting Shared Ponder Text took 398.9 ?s
[04:39:02] [Worker-ResourceReload-0/WARN]: [WTHIT] Found plugins registered via legacy platform-dependant method:
[04:39:02] [Worker-ResourceReload-0/WARN]: [WTHIT] [ae2:wthit]
[04:39:02] [Worker-ResourceReload-0/WARN]: [WTHIT] The method will be removed on Minecraft 1.21
[04:39:02] [Worker-ResourceReload-0/INFO]: [WTHIT] Using com.github.exopandora.shouldersurfing.integration.ShoulderSurfingWthitPlugin$ShoulderSurfingObjectPicker as the object picker
[04:39:02] [Worker-ResourceReload-0/INFO]: [WTHIT] Plugin config reloaded
[04:39:02] [Render thread/INFO]: Successfully loaded config provider: com.mrcrayfish.configured.impl.forge.ForgeConfigProvider
[04:39:02] [Render thread/INFO]: Successfully loaded config provider: com.mrcrayfish.configured.impl.framework.FrameworkConfigProvider
[04:39:02] [Render thread/INFO]: Successfully loaded config provider: com.mrcrayfish.configured.impl.jei.JeiConfigProvider
[04:39:02] [Render thread/INFO]: Successfully loaded config provider: com.anthonyhilyard.iceberg.compat.configured.IcebergConfigProvider
[04:39:02] [Render thread/INFO]: Creating config GUI factories...
[04:39:02] [Render thread/INFO]: Registering config factory for mod openpartiesandclaims. Found 1 config(s)
[04:39:02] [Render thread/INFO]: Registering config factory for mod thermal. Found 3 config(s)
[04:39:02] [Render thread/INFO]: Registering config factory for mod etched. Found 2 config(s)
[04:39:02] [Render thread/INFO]: Registering config factory for mod createcasing. Found 1 config(s)
[04:39:02] [Render thread/INFO]: Registering config factory for mod forgivingvoid. Found 1 config(s)
[04:39:02] [Render thread/INFO]: Registering config factory for mod createdieselgenerators. Found 3 config(s)
[04:39:02] [Render thread/INFO]: Registering config factory for mod pickupnotifier. Found 2 config(s)
[04:39:02] [Render thread/INFO]: Registering config factory for mod balm. Found 1 config(s)
[04:39:02] [Render thread/INFO]: Registering config factory for mod exposure. Found 2 config(s)
[04:39:02] [Render thread/INFO]: Registering config factory for mod corpse. Found 1 config(s)
[04:39:02] [Render thread/INFO]: Registering config factory for mod advancementplaques. Found 1 config(s)
[04:39:02] [Render thread/INFO]: Registering config factory for mod betterpingdisplay. Found 1 config(s)
[04:39:02] [Render thread/INFO]: Registering config factory for mod industrialforegoing. Found 5 config(s)
[04:39:02] [Render thread/INFO]: Registering config factory for mod torchmaster. Found 1 config(s)
[04:39:02] [Render thread/INFO]: Registering config factory for mod biomesoplenty. Found 1 config(s)
[04:39:02] [Render thread/INFO]: Registering config factory for mod propertymodifier. Found 1 config(s)
[04:39:02] [Render thread/INFO]: Registering config factory for mod curios. Found 3 config(s)
[04:39:02] [Render thread/INFO]: Registering config factory for mod rightclickharvest. Found 1 config(s)
[04:39:02] [Render thread/INFO]: Registering config factory for mod advancednetherite. Found 3 config(s)
[04:39:02] [Render thread/INFO]: Registering config factory for mod framedblocks. Found 3 config(s)
[04:39:02] [Render thread/INFO]: Registering config factory for mod createrailwaysnavigator. Found 2 config(s)
[04:39:02] [Render thread/INFO]: Registering config factory for mod sliceanddice. Found 2 config(s)
[04:39:02] [Render thread/INFO]: Registering config factory for mod bits_n_bobs. Found 2 config(s)
[04:39:02] [Render thread/INFO]: Registering config factory for mod createcobblestone. Found 1 config(s)
[04:39:02] [Render thread/INFO]: Registering config factory for mod jei. Found 5 config(s)
[04:39:02] [Render thread/INFO]: Registering config factory for mod mekanism. Found 8 config(s)
[04:39:02] [Render thread/INFO]: Registering config factory for mod naturescompass. Found 2 config(s)
[04:39:02] [Render thread/INFO]: Registering config factory for mod jumpboat. Found 1 config(s)
[04:39:02] [Render thread/INFO]: Registering config factory for mod cofh_core. Found 3 config(s)
[04:39:02] [Render thread/INFO]: Registering config factory for mod snowundertrees. Found 1 config(s)
[04:39:02] [Render thread/INFO]: Registering config factory for mod expandingtechnologies. Found 2 config(s)
[04:39:02] [Render thread/INFO]: Registering config factory for mod corpsecurioscompat. Found 1 config(s)
[04:39:02] [Render thread/INFO]: Registering config factory for mod forge. Found 2 config(s)
[04:39:02] [Render thread/INFO]: Registering config factory for mod trade_cycling. Found 1 config(s)
[04:39:02] [Render thread/INFO]: Registering config factory for mod createoreexcavation. Found 2 config(s)
[04:39:02] [Render thread/INFO]: Registering config factory for mod shouldersurfing. Found 1 config(s)
[04:39:02] [Render thread/INFO]: Registering config factory for mod mekanism_lasers. Found 1 config(s)
[04:39:02] [Render thread/INFO]: Registering config factory for mod tconjei. Found 1 config(s)
[04:39:02] [Render thread/INFO]: Registering config factory for mod flywheel. Found 1 config(s)
[04:39:02] [Render thread/INFO]: Registering config factory for mod mantle. Found 2 config(s)
[04:39:02] [Render thread/INFO]: Registering config factory for mod securitycraft. Found 2 config(s)
[04:39:02] [Render thread/INFO]: Registering config factory for mod zeta. Found 1 config(s)
[04:39:02] [Render thread/INFO]: Registering config factory for mod appleskin. Found 1 config(s)
[04:39:02] [Render thread/INFO]: Registering config factory for mod lootr. Found 2 config(s)
[04:39:02] [Render thread/INFO]: Registering config factory for mod visuality. Found 1 config(s)
[04:39:02] [Render thread/INFO]: Registering config factory for mod create_power_loader. Found 1 config(s)
[04:39:02] [Render thread/INFO]: Registering config factory for mod aquaculture. Found 1 config(s)
[04:39:02] [Render thread/INFO]: Registering config factory for mod addonslib. Found 1 config(s)
[04:39:02] [Render thread/INFO]: Registering config factory for mod cosmeticarmorreworked. Found 2 config(s)
[04:39:02] [Render thread/INFO]: Registering config factory for mod vmod. Found 1 config(s)
[04:39:02] [Render thread/INFO]: Registering config factory for mod naturalist. Found 1 config(s)
[04:39:02] [Render thread/INFO]: Registering config factory for mod incontrol. Found 1 config(s)
[04:39:02] [Render thread/INFO]: Registering config factory for mod sophisticatedcore. Found 2 config(s)
[04:39:02] [Render thread/INFO]: Registering config factory for mod ritchiesprojectilelib. Found 1 config(s)
[04:39:02] [Render thread/INFO]: Registering config factory for mod citadel. Found 1 config(s)
[04:39:02] [Render thread/INFO]: Registering config factory for mod sophisticatedbackpacks. Found 2 config(s)
[04:39:02] [Render thread/INFO]: Registering config factory for mod railways. Found 3 config(s)
[04:39:02] [Render thread/INFO]: Registering config factory for mod mekanismgenerators. Found 3 config(s)
[04:39:02] [Render thread/INFO]: Registering config factory for mod carryon. Found 2 config(s)
[04:39:02] [Render thread/INFO]: Registering config factory for mod dummmmmmy. Found 2 config(s)
[04:39:02] [Render thread/INFO]: Registering config factory for mod create_connected. Found 2 config(s)
[04:39:02] [Render thread/INFO]: Registering config factory for mod farmersdelight. Found 2 config(s)
[04:39:02] [Render thread/INFO]: Registering config factory for mod mekanismadditions. Found 2 config(s)
[04:39:02] [Render thread/INFO]: Registering config factory for mod patchouli. Found 1 config(s)
[04:39:02] [Render thread/INFO]: Registering config factory for mod create_hypertube. Found 2 config(s)
[04:39:02] [Render thread/INFO]: Registering config factory for mod mekanismtools. Found 2 config(s)
[04:39:02] [Render thread/INFO]: Registering config factory for mod spartanweaponry. Found 2 config(s)
[04:39:02] [Render thread/INFO]: Registering config factory for mod computercraft. Found 2 config(s)
[04:39:02] [Render thread/INFO]: Registering config factory for mod aiimprovements. Found 1 config(s)
[04:39:02] [Render thread/INFO]: Registering config factory for mod bigreactors. Found 2 config(s)
[04:39:02] [Render thread/INFO]: Registering config factory for mod refurbished_furniture. Found 2 config(s)
[04:39:02] [Render thread/INFO]: Registering config factory for mod smallships. Found 2 config(s)
[04:39:02] [Render thread/INFO]: Registering config factory for mod playertrade. Found 1 config(s)
[04:39:02] [Render thread/INFO]: Registering config factory for mod effortlessbuilding. Found 3 config(s)
[04:39:02] [Render thread/INFO]: Registering config factory for mod copycats. Found 3 config(s)
[04:39:02] [Render thread/INFO]: Registering config factory for mod fluidlogistics. Found 1 config(s)
[04:39:02] [Render thread/INFO]: Registering config factory for mod access_denied. Found 1 config(s)
[04:39:02] [Render thread/INFO]: Registering config factory for mod expatternprovider. Found 1 config(s)
[04:39:02] [Render thread/INFO]: Registering config factory for mod guideme. Found 1 config(s)
[04:39:02] [Render thread/INFO]: Registering config factory for mod blueprint. Found 2 config(s)
[04:39:02] [Render thread/INFO]: Registering config factory for mod advanced_ae. Found 2 config(s)
[04:39:02] [Render thread/INFO]: Registering config factory for mod watut. Found 3 config(s)
[04:39:02] [Render thread/INFO]: Registering config factory for mod tfmg. Found 2 config(s)
[04:39:02] [Render thread/INFO]: Registering config factory for mod tconstruct. Found 2 config(s)
[04:39:02] [Render thread/INFO]: Registering config factory for mod alexscaves. Found 2 config(s)
[04:39:02] [Render thread/INFO]: Registering config factory for mod dragonlib. Found 1 config(s)
[04:39:02] [Render thread/INFO]: Registering config factory for mod moonlight. Found 2 config(s)
[04:39:02] [Render thread/INFO]: Registering config factory for mod titanium. Found 2 config(s)
[04:39:02] [Render thread/INFO]: Registering config factory for mod displaydelight. Found 1 config(s)
[04:39:02] [Render thread/INFO]: Registering config factory for mod enderio. Found 5 config(s)
[04:39:02] [Render thread/INFO]: Registering config factory for mod spartanshields. Found 1 config(s)
[04:39:02] [Render thread/INFO]: Registering config factory for mod create_sa. Found 1 config(s)
[04:39:02] [Render thread/INFO]: Registering config factory for mod storagedrawers. Found 2 config(s)
[04:39:02] [Render thread/INFO]: Registering config factory for mod coroutil. Found 1 config(s)
[04:39:02] [Render thread/INFO]: Registering config factory for mod create_enchantment_industry. Found 1 config(s)
[04:39:02] [Render thread/INFO]: Registering config factory for mod createaddition. Found 1 config(s)
[04:39:03] [Render thread/WARN]: Missing sound for event: minecraft:item.goat_horn.play
[04:39:03] [Render thread/WARN]: Missing sound for event: minecraft:entity.goat.screaming.horn_break
[04:39:03] [Render thread/WARN]: Missing sound for event: naturalist:rubber_ducky_death
[04:39:03] [Render thread/WARN]: Missing sound for event: twigs:block.petrified_lichen.break
[04:39:03] [Render thread/WARN]: Missing sound for event: twigs:block.petrified_lichen.step
[04:39:03] [Render thread/WARN]: Missing sound for event: twigs:block.petrified_lichen.place
[04:39:03] [Render thread/WARN]: Missing sound for event: twigs:block.petrified_lichen.hit
[04:39:03] [Render thread/WARN]: Missing sound for event: twigs:block.petrified_lichen.fall
[04:39:03] [Render thread/WARN]: Missing sound for event: twigs:block.bamboo_leaves.break
[04:39:03] [Render thread/WARN]: Missing sound for event: twigs:block.bamboo_leaves.step
[04:39:03] [Render thread/WARN]: Missing sound for event: twigs:block.bamboo_leaves.place
[04:39:03] [Render thread/WARN]: Missing sound for event: twigs:block.bamboo_leaves.hit
[04:39:03] [Render thread/WARN]: Missing sound for event: twigs:block.bamboo_leaves.fall
[04:39:03] [Render thread/WARN]: Missing sound for event: alexscaves:abyssal_chasm_ambience_mood
[04:39:03] [Render thread/WARN]: Missing sound for event: alexscaves:luxtructosaurus_breath
[04:39:03] [Render thread/INFO]: OpenAL initialized on device OpenAL Soft on Headphones (HyperX Cloud Alpha Wireless)
[04:39:03] [Render thread/INFO]: Initializing Sound Physics
[04:39:03] [Render thread/INFO]: EFX Extension recognized
[04:39:03] [Render thread/INFO]: Max auxiliary sends: 4
[04:39:03] [Render thread/INFO]: Aux slot 1 created
[04:39:03] [Render thread/INFO]: Aux slot 2 created
[04:39:03] [Render thread/INFO]: Aux slot 3 created
[04:39:03] [Render thread/INFO]: Aux slot 4 created
[04:39:03] [Render thread/INFO]: EFX ready
[04:39:03] [Render thread/INFO]: Sound engine started
[04:39:03] [Render thread/INFO]: [FANCYMENU] Reloading AudioResourceHandler after Minecraft SoundEngine reload..
[04:39:03] [Render thread/INFO]: Endimation Loader has loaded 1 endimations
[04:39:03] [Render thread/INFO]: Created: 8192x4096x4 minecraft:textures/atlas/blocks.png-atlas
[04:39:03] [Forge Version Check/WARN]: Failed to process update information
java.net.http.HttpConnectTimeoutException: HTTP connect timed out
	at jdk.internal.net.http.HttpClientImpl.send(HttpClientImpl.java:568) ~[java.net.http:?]
	at jdk.internal.net.http.HttpClientFacade.send(HttpClientFacade.java:123) ~[java.net.http:?]
	at net.minecraftforge.fml.VersionChecker$1.openUrlString(VersionChecker.java:142) ~[fmlcore-1.20.1-47.4.0.jar%23740!/:?]
	at net.minecraftforge.fml.VersionChecker$1.process(VersionChecker.java:180) ~[fmlcore-1.20.1-47.4.0.jar%23740!/:?]
	at java.lang.Iterable.forEach(Iterable.java:75) ~[?:?]
	at net.minecraftforge.fml.VersionChecker$1.run(VersionChecker.java:117) ~[fmlcore-1.20.1-47.4.0.jar%23740!/:?]
Caused by: java.net.http.HttpConnectTimeoutException: HTTP connect timed out
	at jdk.internal.net.http.ResponseTimerEvent.handle(ResponseTimerEvent.java:68) ~[java.net.http:?]
	at jdk.internal.net.http.HttpClientImpl.purgeTimeoutsAndReturnNextDeadline(HttpClientImpl.java:1275) ~[java.net.http:?]
	at jdk.internal.net.http.HttpClientImpl$SelectorManager.run(HttpClientImpl.java:904) ~[java.net.http:?]
Caused by: java.net.ConnectException: HTTP connect timed out
	at jdk.internal.net.http.ResponseTimerEvent.handle(ResponseTimerEvent.java:69) ~[java.net.http:?]
	at jdk.internal.net.http.HttpClientImpl.purgeTimeoutsAndReturnNextDeadline(HttpClientImpl.java:1275) ~[java.net.http:?]
	at jdk.internal.net.http.HttpClientImpl$SelectorManager.run(HttpClientImpl.java:904) ~[java.net.http:?]
[04:39:03] [Forge Version Check/INFO]: [mcwtrpdoors] Starting version check at https://raw.githubusercontent.com/sketchmacaw/macawsmods/master/trapdoors.json
[04:39:03] [Forge Version Check/INFO]: [mcwtrpdoors] Found status: UP_TO_DATE Current: 1.1.5 Target: null
[04:39:03] [Forge Version Check/INFO]: [advancednetherite] Starting version check at https://raw.githubusercontent.com/Autovw/ModUpdates/master/advancednetherite/update.json
[04:39:03] [Forge Version Check/INFO]: [advancednetherite] Found status: BETA Current: 2.1.3 Target: 2.1.3
[04:39:03] [Forge Version Check/INFO]: [trading_floor] Starting version check at https://raw.githubusercontent.com/cakeGit/Create-Trading-Floor/refs/heads/1.20.1/forge_updates.json
[04:39:03] [Forge Version Check/INFO]: [trading_floor] Found status: AHEAD Current: 2.0.5 Target: null
[04:39:03] [Forge Version Check/INFO]: [searchables] Starting version check at https://updates.blamejared.com/get?n=searchables&gv=1.20.1
[04:39:04] [Forge Version Check/INFO]: [searchables] Found status: BETA Current: 1.0.3 Target: 1.0.3
[04:39:04] [Forge Version Check/INFO]: [mcwfurnitures] Starting version check at https://raw.githubusercontent.com/sketchmacaw/macawsmods/master/furniture.json
[04:39:04] [Forge Version Check/INFO]: [mcwfurnitures] Found status: UP_TO_DATE Current: 3.4.1 Target: null
[04:39:04] [Forge Version Check/INFO]: [dynamic_fps] Starting version check at https://api.lostluma.net/updates/dynamic-fps?platform=forge
[04:39:05] [Forge Version Check/INFO]: [dynamic_fps] Found status: UP_TO_DATE Current: 3.11.4 Target: null
[04:39:05] [Forge Version Check/INFO]: [unilib] Starting version check at https://raw.githubusercontent.com/CDAGaming/VersionLibrary/master/UniLib/update.json
[04:39:05] [Forge Version Check/INFO]: [unilib] Found status: AHEAD Current: 1.2.1 Target: null
[04:39:05] [Forge Version Check/INFO]: [codechickenlib] Starting version check at https://version-check.covers1624.net/check/?mod=CodeChickenLib&mc=1.20.1
[04:39:05] [Forge Version Check/INFO]: [codechickenlib] Found status: OUTDATED Current: 4.4.0.516 Target: 4.4.0.528
[04:39:05] [Forge Version Check/INFO]: [puzzlesaccessapi] Starting version check at https://raw.githubusercontent.com/Fuzss/modresources/main/update/puzzlesaccessapi.json
[04:39:05] [Forge Version Check/INFO]: [puzzlesaccessapi] Found status: BETA Current: 20.1.1 Target: null
[04:39:05] [Forge Version Check/INFO]: [forge] Starting version check at https://files.minecraftforge.net/net/minecraftforge/forge/promotions_slim.json
[04:39:05] [Forge Version Check/INFO]: [forge] Found status: OUTDATED Current: 47.4.0 Target: 47.4.10
[04:39:05] [Forge Version Check/INFO]: [mcwpaths] Starting version check at https://raw.githubusercontent.com/sketchmacaw/macawsmods/master/paths.json
[04:39:05] [Forge Version Check/INFO]: [mcwpaths] Found status: UP_TO_DATE Current: 1.1.1 Target: null
[04:39:05] [Forge Version Check/INFO]: [zerocore] Starting version check at https://raw.githubusercontent.com/ZeroNoRyouki/ModUpdates/master/ZeroCore2.json
[04:39:05] [Forge Version Check/INFO]: [zerocore] Found status: AHEAD Current: 1.20.1-2.1.48 Target: null
[04:39:05] [Forge Version Check/INFO]: [cofh_core] Starting version check at https://raw.github.com/cofh/version/main/cofh_core/update.json
[04:39:06] [Forge Version Check/INFO]: [cofh_core] Found status: AHEAD Current: 11.0.2 Target: null
[04:39:06] [Forge Version Check/INFO]: [thermal] Starting version check at https://raw.github.com/cofh/version/main/thermal/update.json
[04:39:06] [Forge Version Check/INFO]: [thermal] Found status: AHEAD Current: 11.0.6 Target: null
[04:39:06] [Forge Version Check/INFO]: [thermal_foundation] Starting version check at https://raw.github.com/cofh/version/main/thermal/update_foundation.json
[04:39:07] [Forge Version Check/INFO]: [thermal_foundation] Found status: AHEAD Current: 11.0.6 Target: null
[04:39:07] [Forge Version Check/INFO]: [voicechat] Starting version check at https://update.maxhenkel.de/forge/voicechat
[04:39:07] [Forge Version Check/INFO]: [voicechat] Found status: OUTDATED Current: 1.20.1-2.5.26 Target: 1.20.1-2.6.22
[04:39:07] [Forge Version Check/INFO]: [sound_physics_remastered] Starting version check at https://update.maxhenkel.de/forge/sound_physics_remastered
[04:39:07] [Forge Version Check/INFO]: [sound_physics_remastered] Found status: OUTDATED Current: 1.20.1-1.4.5 Target: 1.20.1-1.5.1
[04:39:07] [Forge Version Check/INFO]: [trade_cycling] Starting version check at https://maxhenkel.de/update/trade_cycling.json
[04:39:08] [Forge Version Check/INFO]: [trade_cycling] Found status: UP_TO_DATE Current: 1.20.1-1.0.7 Target: null
[04:39:08] [Forge Version Check/INFO]: [createstockbridge] Starting version check at https://raw.githubusercontent.com/tom5454/Create-Stock-Bridge/main/version-check.json
[04:39:08] [Forge Version Check/INFO]: [createstockbridge] Found status: BETA Current: 0.2.0 Target: 0.2.0
[04:39:08] [Forge Version Check/INFO]: [createoreexcavation] Starting version check at https://raw.githubusercontent.com/tom5454/Create-Ore-Excavation/main/version-check.json
[04:39:08] [Forge Version Check/INFO]: [createoreexcavation] Found status: BETA Current: 1.6.5 Target: 1.6.5
[04:39:08] [Forge Version Check/INFO]: [securitycraft] Starting version check at https://www.github.com/Geforce132/SecurityCraft/raw/master/Updates/Forge.json
[04:39:08] [Forge Version Check/INFO]: [securitycraft] Found status: OUTDATED Current: 1.9.12 Target: 1.10.2.1
[04:39:08] [Forge Version Check/INFO]: [canary] Starting version check at https://github.com/AbdElAziz333/Canary/raw/mc1.19.2/dev/updates.json
[04:39:09] [Forge Version Check/WARN]: Failed to process update information
com.google.gson.JsonSyntaxException: java.lang.IllegalStateException: Expected BEGIN_OBJECT but was STRING at line 9 column 1 path $
	at com.google.gson.Gson.fromJson(Gson.java:1226) ~[gson-2.10.jar%23107!/:?]
	at com.google.gson.Gson.fromJson(Gson.java:1124) ~[gson-2.10.jar%23107!/:?]
	at com.google.gson.Gson.fromJson(Gson.java:1034) ~[gson-2.10.jar%23107!/:?]
	at com.google.gson.Gson.fromJson(Gson.java:969) ~[gson-2.10.jar%23107!/:?]
	at net.minecraftforge.fml.VersionChecker$1.process(VersionChecker.java:186) ~[fmlcore-1.20.1-47.4.0.jar%23740!/:?]
	at java.lang.Iterable.forEach(Iterable.java:75) ~[?:?]
	at net.minecraftforge.fml.VersionChecker$1.run(VersionChecker.java:117) ~[fmlcore-1.20.1-47.4.0.jar%23740!/:?]
Caused by: java.lang.IllegalStateException: Expected BEGIN_OBJECT but was STRING at line 9 column 1 path $
	at com.google.gson.stream.JsonReader.beginObject(JsonReader.java:393) ~[gson-2.10.jar%23107!/:?]
	at com.google.gson.internal.bind.MapTypeAdapterFactory$Adapter.read(MapTypeAdapterFactory.java:182) ~[gson-2.10.jar%23107!/:?]
	at com.google.gson.internal.bind.MapTypeAdapterFactory$Adapter.read(MapTypeAdapterFactory.java:144) ~[gson-2.10.jar%23107!/:?]
	at com.google.gson.Gson.fromJson(Gson.java:1214) ~[gson-2.10.jar%23107!/:?]
	... 6 more
[04:39:09] [Forge Version Check/INFO]: [puzzleslib] Starting version check at https://raw.githubusercontent.com/Fuzss/modresources/main/update/puzzleslib.json
[04:39:09] [Forge Version Check/INFO]: [puzzleslib] Found status: UP_TO_DATE Current: 8.1.33 Target: null
[04:39:09] [Forge Version Check/INFO]: [gjeb] Starting version check at https://api.u-team.info/update/gjeb.json
[04:39:09] [Forge Version Check/INFO]: [gjeb] Found status: UP_TO_DATE Current: 1.3.0.39 Target: null
[04:39:09] [Forge Version Check/INFO]: [create_power_loader] Starting version check at https://raw.githubusercontent.com/hlysine/create_power_loader/main/update.json
[04:39:09] [Forge Version Check/INFO]: [create_power_loader] Found status: UP_TO_DATE Current: 2.0.3-mc1.20.1 Target: null
[04:39:09] [Forge Version Check/INFO]: [ad_astra] Starting version check at https://api.modrinth.com/updates/3ufwT9JF/forge_updates.json
[04:39:09] [Forge Version Check/INFO]: [ad_astra] Found status: UP_TO_DATE Current: 1.15.20 Target: null
[04:39:09] [Forge Version Check/INFO]: [tipsmod] Starting version check at https://updates.blamejared.com/get?n=tipsmod&gv=1.20.1
[04:39:09] [Forge Version Check/INFO]: [tipsmod] Found status: BETA_OUTDATED Current: 12.1.8 Target: 12.1.9
[04:39:09] [Forge Version Check/INFO]: [controlling] Starting version check at https://updates.blamejared.com/get?n=controlling&gv=1.20.1
[04:39:09] [Forge Version Check/INFO]: [controlling] Found status: BETA Current: 12.0.2 Target: 12.0.2
[04:39:09] [Forge Version Check/INFO]: [bookshelf] Starting version check at https://updates.blamejared.com/get?n=bookshelf&gv=1.20.1
[04:39:09] [Forge Version Check/INFO]: [bookshelf] Found status: BETA_OUTDATED Current: 20.2.13 Target: 20.2.15
[04:39:09] [Forge Version Check/INFO]: [mcwdoors] Starting version check at https://raw.githubusercontent.com/sketchmacaw/macawsmods/master/doors.json
[04:39:10] [Forge Version Check/INFO]: [mcwdoors] Found status: AHEAD Current: 1.1.5 Target: null
[04:39:10] [Forge Version Check/INFO]: [create_connected] Starting version check at https://raw.githubusercontent.com/hlysine/create_connected/main/update.json
[04:39:10] [Forge Version Check/INFO]: [create_connected] Found status: OUTDATED Current: 1.1.8-mc1.20.1 Target: 1.2.3-mc1.20.1
[04:39:10] [Forge Version Check/INFO]: [mcwbridges] Starting version check at https://raw.githubusercontent.com/sketchmacaw/macawsmods/master/bridges.json
[04:39:10] [Forge Version Check/INFO]: [mcwbridges] Found status: AHEAD Current: 3.1.2 Target: null
[04:39:10] [Forge Version Check/INFO]: [mcwfences] Starting version check at https://raw.githubusercontent.com/sketchmacaw/macawsmods/master/fences.json
[04:39:10] [Forge Version Check/INFO]: [mcwfences] Found status: UP_TO_DATE Current: 1.2.1 Target: null
[04:39:10] [Forge Version Check/INFO]: [thermal_expansion] Starting version check at https://raw.github.com/cofh/version/main/thermal/update_expansion.json
[04:39:10] [Forge Version Check/INFO]: [thermal_expansion] Found status: UP_TO_DATE Current: 11.0.1 Target: null
[04:39:10] [Forge Version Check/INFO]: [computercraft] Starting version check at https://api.modrinth.com/updates/cc-tweaked/forge_updates.json
[04:39:10] [Forge Version Check/INFO]: [computercraft] Found status: OUTDATED Current: 1.120.0 Target: 1.120.2
[04:39:10] [Forge Version Check/INFO]: [bigreactors] Starting version check at https://raw.githubusercontent.com/ZeroNoRyouki/ModUpdates/master/ExtremeReactors2.json
[04:39:10] [Forge Version Check/INFO]: [bigreactors] Found status: UP_TO_DATE Current: 1.20.1-2.0.97 Target: null
[04:39:10] [Forge Version Check/INFO]: [refurbished_furniture] Starting version check at https://mrcrayfish.com/api/mod_update/forge/refurbished_furniture
[04:39:10] [Forge Version Check/WARN]: Failed to process update information
com.google.gson.JsonSyntaxException: java.lang.IllegalStateException: Expected BEGIN_OBJECT but was STRING at line 1 column 1 path $
	at com.google.gson.Gson.fromJson(Gson.java:1226) ~[gson-2.10.jar%23107!/:?]
	at com.google.gson.Gson.fromJson(Gson.java:1124) ~[gson-2.10.jar%23107!/:?]
	at com.google.gson.Gson.fromJson(Gson.java:1034) ~[gson-2.10.jar%23107!/:?]
	at com.google.gson.Gson.fromJson(Gson.java:969) ~[gson-2.10.jar%23107!/:?]
	at net.minecraftforge.fml.VersionChecker$1.process(VersionChecker.java:186) ~[fmlcore-1.20.1-47.4.0.jar%23740!/:?]
	at java.lang.Iterable.forEach(Iterable.java:75) ~[?:?]
	at net.minecraftforge.fml.VersionChecker$1.run(VersionChecker.java:117) ~[fmlcore-1.20.1-47.4.0.jar%23740!/:?]
Caused by: java.lang.IllegalStateException: Expected BEGIN_OBJECT but was STRING at line 1 column 1 path $
	at com.google.gson.stream.JsonReader.beginObject(JsonReader.java:393) ~[gson-2.10.jar%23107!/:?]
	at com.google.gson.internal.bind.MapTypeAdapterFactory$Adapter.read(MapTypeAdapterFactory.java:182) ~[gson-2.10.jar%23107!/:?]
	at com.google.gson.internal.bind.MapTypeAdapterFactory$Adapter.read(MapTypeAdapterFactory.java:144) ~[gson-2.10.jar%23107!/:?]
	at com.google.gson.Gson.fromJson(Gson.java:1214) ~[gson-2.10.jar%23107!/:?]
	... 6 more
[04:39:10] [Forge Version Check/INFO]: [framework] Starting version check at https://mrcrayfish.com/modupdatejson?id=framework
[04:39:10] [Forge Version Check/WARN]: Failed to process update information
com.google.gson.JsonSyntaxException: java.lang.IllegalStateException: Expected BEGIN_OBJECT but was STRING at line 1 column 1 path $
	at com.google.gson.Gson.fromJson(Gson.java:1226) ~[gson-2.10.jar%23107!/:?]
	at com.google.gson.Gson.fromJson(Gson.java:1124) ~[gson-2.10.jar%23107!/:?]
	at com.google.gson.Gson.fromJson(Gson.java:1034) ~[gson-2.10.jar%23107!/:?]
	at com.google.gson.Gson.fromJson(Gson.java:969) ~[gson-2.10.jar%23107!/:?]
	at net.minecraftforge.fml.VersionChecker$1.process(VersionChecker.java:186) ~[fmlcore-1.20.1-47.4.0.jar%23740!/:?]
	at java.lang.Iterable.forEach(Iterable.java:75) ~[?:?]
	at net.minecraftforge.fml.VersionChecker$1.run(VersionChecker.java:117) ~[fmlcore-1.20.1-47.4.0.jar%23740!/:?]
Caused by: java.lang.IllegalStateException: Expected BEGIN_OBJECT but was STRING at line 1 column 1 path $
	at com.google.gson.stream.JsonReader.beginObject(JsonReader.java:393) ~[gson-2.10.jar%23107!/:?]
	at com.google.gson.internal.bind.MapTypeAdapterFactory$Adapter.read(MapTypeAdapterFactory.java:182) ~[gson-2.10.jar%23107!/:?]
	at com.google.gson.internal.bind.MapTypeAdapterFactory$Adapter.read(MapTypeAdapterFactory.java:144) ~[gson-2.10.jar%23107!/:?]
	at com.google.gson.Gson.fromJson(Gson.java:1214) ~[gson-2.10.jar%23107!/:?]
	... 6 more
[04:39:10] [Forge Version Check/INFO]: [smallships] Starting version check at https://raw.githubusercontent.com/talhanation/smallships/main/update.json
[04:39:10] [Forge Version Check/INFO]: [smallships] Found status: UP_TO_DATE Current: 2.0.0-b1.4 Target: null
[04:39:10] [Forge Version Check/INFO]: [craftpresence] Starting version check at https://raw.githubusercontent.com/CDAGaming/VersionLibrary/master/CraftPresence/update.json
[04:39:10] [Forge Version Check/INFO]: [craftpresence] Found status: AHEAD Current: 2.7.1 Target: null
[04:39:10] [Forge Version Check/INFO]: [copycats] Starting version check at https://raw.githubusercontent.com/copycats-plus/copycats/multiloader/update.json
[04:39:11] [Forge Version Check/INFO]: [copycats] Found status: AHEAD Current: 3.0.7+mc.1.20.1-forge Target: null
[04:39:11] [Forge Version Check/INFO]: [clumps] Starting version check at https://updates.blamejared.com/get?n=clumps&gv=1.20.1
[04:39:11] [Forge Version Check/INFO]: [clumps] Found status: BETA Current: 12.0.0.4 Target: 12.0.0.4
[04:39:11] [Forge Version Check/INFO]: [configured] Starting version check at https://mrcrayfish.com/modupdatejson?id=configured
[04:39:11] [Forge Version Check/WARN]: Failed to process update information
com.google.gson.JsonSyntaxException: java.lang.IllegalStateException: Expected BEGIN_OBJECT but was STRING at line 1 column 1 path $
	at com.google.gson.Gson.fromJson(Gson.java:1226) ~[gson-2.10.jar%23107!/:?]
	at com.google.gson.Gson.fromJson(Gson.java:1124) ~[gson-2.10.jar%23107!/:?]
	at com.google.gson.Gson.fromJson(Gson.java:1034) ~[gson-2.10.jar%23107!/:?]
	at com.google.gson.Gson.fromJson(Gson.java:969) ~[gson-2.10.jar%23107!/:?]
	at net.minecraftforge.fml.VersionChecker$1.process(VersionChecker.java:186) ~[fmlcore-1.20.1-47.4.0.jar%23740!/:?]
	at java.lang.Iterable.forEach(Iterable.java:75) ~[?:?]
	at net.minecraftforge.fml.VersionChecker$1.run(VersionChecker.java:117) ~[fmlcore-1.20.1-47.4.0.jar%23740!/:?]
Caused by: java.lang.IllegalStateException: Expected BEGIN_OBJECT but was STRING at line 1 column 1 path $
	at com.google.gson.stream.JsonReader.beginObject(JsonReader.java:393) ~[gson-2.10.jar%23107!/:?]
	at com.google.gson.internal.bind.MapTypeAdapterFactory$Adapter.read(MapTypeAdapterFactory.java:182) ~[gson-2.10.jar%23107!/:?]
	at com.google.gson.internal.bind.MapTypeAdapterFactory$Adapter.read(MapTypeAdapterFactory.java:144) ~[gson-2.10.jar%23107!/:?]
	at com.google.gson.Gson.fromJson(Gson.java:1214) ~[gson-2.10.jar%23107!/:?]
	... 6 more
[04:39:11] [Forge Version Check/INFO]: [resourcify] Starting version check at https://api.modrinth.com/updates/resourcify/forge_updates.json
[04:39:11] [Forge Version Check/INFO]: [resourcify] Found status: UP_TO_DATE Current: 1.8.5 Target: null
[04:39:11] [Forge Version Check/INFO]: [brandonscore] Starting version check at https://version-check.covers1624.net/check/?mod=BrandonsCore&mc=1.20.1
[04:39:11] [Forge Version Check/INFO]: [brandonscore] Found status: BETA Current: 3.2.1.302 Target: 3.2.1.302
[04:39:11] [Forge Version Check/INFO]: [draconicevolution] Starting version check at https://version-check.covers1624.net/check/?mod=Draconic-Evolution&mc=1.20.1
[04:39:11] [Forge Version Check/INFO]: [draconicevolution] Found status: AHEAD Current: 3.1.2.621 Target: null
[04:39:11] [Forge Version Check/INFO]: [moonlight] Starting version check at https://api.modrinth.com/updates/moonlight/forge_updates.json
[04:39:11] [Forge Version Check/INFO]: [moonlight] Found status: OUTDATED Current: 1.20-2.16.28 Target: 1.20-2.16.34-forge
[04:39:11] [Forge Version Check/INFO]: [iceberg] Starting version check at https://mc-update-check.anthonyhilyard.com/520110
[04:39:19] [Render thread/INFO]: Created: 512x512x4 minecraft:textures/atlas/signs.png-atlas
[04:39:19] [Render thread/INFO]: Created: 512x512x4 minecraft:textures/atlas/banner_patterns.png-atlas
[04:39:19] [Render thread/INFO]: Created: 8192x4096x4 minecraft:textures/atlas/shield_patterns.png-atlas
[04:39:19] [Render thread/INFO]: Created: 64x64x4 refurbished_furniture:textures/atlas/tv_channels.png-atlas
[04:39:19] [Render thread/INFO]: Created: 2048x2048x4 minecraft:textures/atlas/armor_trims.png-atlas
[04:39:19] [Render thread/INFO]: Created: 128x64x4 minecraft:textures/atlas/decorated_pot.png-atlas
[04:39:19] [Render thread/INFO]: Created: 1024x1024x4 minecraft:textures/atlas/chest.png-atlas
[04:39:19] [Render thread/INFO]: Created: 512x256x4 minecraft:textures/atlas/beds.png-atlas
[04:39:19] [Render thread/INFO]: Created: 512x256x4 minecraft:textures/atlas/shulker_boxes.png-atlas
[04:39:19] [Render thread/WARN]: Could not apply radiation glow layer to securitycraft:sentry, has custom renderer that is not LivingEntityRenderer.
[04:39:19] [Render thread/WARN]: Could not apply radiation glow layer to naturalist:snail, has custom renderer that is not LivingEntityRenderer.
[04:39:19] [Render thread/WARN]: Could not apply radiation glow layer to naturalist:bear, has custom renderer that is not LivingEntityRenderer.
[04:39:19] [Render thread/WARN]: Could not apply radiation glow layer to naturalist:butterfly, has custom renderer that is not LivingEntityRenderer.
[04:39:19] [Render thread/WARN]: Could not apply radiation glow layer to naturalist:firefly, has custom renderer that is not LivingEntityRenderer.
[04:39:19] [Render thread/WARN]: Could not apply radiation glow layer to naturalist:snake, has custom renderer that is not LivingEntityRenderer.
[04:39:19] [Render thread/WARN]: Could not apply radiation glow layer to naturalist:coral_snake, has custom renderer that is not LivingEntityRenderer.
[04:39:19] [Render thread/WARN]: Could not apply radiation glow layer to naturalist:rattlesnake, has custom renderer that is not LivingEntityRenderer.
[04:39:19] [Render thread/WARN]: Could not apply radiation glow layer to naturalist:deer, has custom renderer that is not LivingEntityRenderer.
[04:39:19] [Render thread/WARN]: Could not apply radiation glow layer to naturalist:bluejay, has custom renderer that is not LivingEntityRenderer.
[04:39:19] [Render thread/WARN]: Could not apply radiation glow layer to naturalist:canary, has custom renderer that is not LivingEntityRenderer.
[04:39:19] [Render thread/WARN]: Could not apply radiation glow layer to naturalist:cardinal, has custom renderer that is not LivingEntityRenderer.
[04:39:19] [Render thread/WARN]: Could not apply radiation glow layer to naturalist:robin, has custom renderer that is not LivingEntityRenderer.
[04:39:19] [Render thread/WARN]: Could not apply radiation glow layer to naturalist:finch, has custom renderer that is not LivingEntityRenderer.
[04:39:19] [Render thread/WARN]: Could not apply radiation glow layer to naturalist:sparrow, has custom renderer that is not LivingEntityRenderer.
[04:39:19] [Render thread/WARN]: Could not apply radiation glow layer to naturalist:caterpillar, has custom renderer that is not LivingEntityRenderer.
[04:39:19] [Render thread/WARN]: Could not apply radiation glow layer to naturalist:rhino, has custom renderer that is not LivingEntityRenderer.
[04:39:19] [Render thread/WARN]: Could not apply radiation glow layer to naturalist:lion, has custom renderer that is not LivingEntityRenderer.
[04:39:19] [Render thread/WARN]: Could not apply radiation glow layer to naturalist:elephant, has custom renderer that is not LivingEntityRenderer.
[04:39:19] [Render thread/WARN]: Could not apply radiation glow layer to naturalist:giraffe, has custom renderer that is not LivingEntityRenderer.
[04:39:19] [Render thread/WARN]: Could not apply radiation glow layer to naturalist:hippo, has custom renderer that is not LivingEntityRenderer.
[04:39:19] [Render thread/WARN]: Could not apply radiation glow layer to naturalist:vulture, has custom renderer that is not LivingEntityRenderer.
[04:39:19] [Render thread/WARN]: Could not apply radiation glow layer to naturalist:boar, has custom renderer that is not LivingEntityRenderer.
[04:39:19] [Render thread/WARN]: Could not apply radiation glow layer to naturalist:dragonfly, has custom renderer that is not LivingEntityRenderer.
[04:39:19] [Render thread/WARN]: Could not apply radiation glow layer to naturalist:catfish, has custom renderer that is not LivingEntityRenderer.
[04:39:19] [Render thread/WARN]: Could not apply radiation glow layer to naturalist:alligator, has custom renderer that is not LivingEntityRenderer.
[04:39:19] [Render thread/WARN]: Could not apply radiation glow layer to naturalist:bass, has custom renderer that is not LivingEntityRenderer.
[04:39:19] [Render thread/WARN]: Could not apply radiation glow layer to naturalist:lizard, has custom renderer that is not LivingEntityRenderer.
[04:39:19] [Render thread/WARN]: Could not apply radiation glow layer to naturalist:lizard_tail, has custom renderer that is not LivingEntityRenderer.
[04:39:19] [Render thread/WARN]: Could not apply radiation glow layer to naturalist:tortoise, has custom renderer that is not LivingEntityRenderer.
[04:39:19] [Render thread/WARN]: Could not apply radiation glow layer to naturalist:duck, has custom renderer that is not LivingEntityRenderer.
[04:39:19] [Render thread/WARN]: Could not apply radiation glow layer to draconicevolution:draconic_guardian, has custom renderer that is not LivingEntityRenderer.
[04:39:19] [Render thread/WARN]: Could not apply radiation glow layer to alexscaves:ferrouslime, has custom renderer that is not LivingEntityRenderer.
[04:39:19] [Render thread/WARN]: Could not apply radiation glow layer to create:package, has custom renderer that is not LivingEntityRenderer.
[04:39:19] [Render thread/WARN]: Failed to add slimed layer to entity: entity.securitycraft.sentry. This bug was caused by forge!
[04:39:19] [Render thread/WARN]: Failed to add slimed layer to entity: entity.naturalist.snail. This bug was caused by forge!
[04:39:19] [Render thread/WARN]: Failed to add slimed layer to entity: entity.naturalist.bear. This bug was caused by forge!
[04:39:19] [Render thread/WARN]: Failed to add slimed layer to entity: entity.naturalist.butterfly. This bug was caused by forge!
[04:39:19] [Render thread/WARN]: Failed to add slimed layer to entity: entity.naturalist.firefly. This bug was caused by forge!
[04:39:19] [Render thread/WARN]: Failed to add slimed layer to entity: entity.naturalist.snake. This bug was caused by forge!
[04:39:19] [Render thread/WARN]: Failed to add slimed layer to entity: entity.naturalist.coral_snake. This bug was caused by forge!
[04:39:19] [Render thread/WARN]: Failed to add slimed layer to entity: entity.naturalist.rattlesnake. This bug was caused by forge!
[04:39:19] [Render thread/WARN]: Failed to add slimed layer to entity: entity.naturalist.deer. This bug was caused by forge!
[04:39:19] [Render thread/WARN]: Failed to add slimed layer to entity: entity.naturalist.bluejay. This bug was caused by forge!
[04:39:19] [Render thread/WARN]: Failed to add slimed layer to entity: entity.naturalist.canary. This bug was caused by forge!
[04:39:19] [Render thread/WARN]: Failed to add slimed layer to entity: entity.naturalist.cardinal. This bug was caused by forge!
[04:39:19] [Render thread/WARN]: Failed to add slimed layer to entity: entity.naturalist.robin. This bug was caused by forge!
[04:39:19] [Render thread/WARN]: Failed to add slimed layer to entity: entity.naturalist.finch. This bug was caused by forge!
[04:39:19] [Render thread/WARN]: Failed to add slimed layer to entity: entity.naturalist.sparrow. This bug was caused by forge!
[04:39:19] [Render thread/WARN]: Failed to add slimed layer to entity: entity.naturalist.caterpillar. This bug was caused by forge!
[04:39:19] [Render thread/WARN]: Failed to add slimed layer to entity: entity.naturalist.rhino. This bug was caused by forge!
[04:39:19] [Render thread/WARN]: Failed to add slimed layer to entity: entity.naturalist.lion. This bug was caused by forge!
[04:39:19] [Render thread/WARN]: Failed to add slimed layer to entity: entity.naturalist.elephant. This bug was caused by forge!
[04:39:19] [Render thread/WARN]: Failed to add slimed layer to entity: entity.naturalist.giraffe. This bug was caused by forge!
[04:39:19] [Render thread/WARN]: Failed to add slimed layer to entity: entity.naturalist.hippo. This bug was caused by forge!
[04:39:19] [Render thread/WARN]: Failed to add slimed layer to entity: entity.naturalist.vulture. This bug was caused by forge!
[04:39:19] [Render thread/WARN]: Failed to add slimed layer to entity: entity.naturalist.boar. This bug was caused by forge!
[04:39:19] [Render thread/WARN]: Failed to add slimed layer to entity: entity.naturalist.dragonfly. This bug was caused by forge!
[04:39:19] [Render thread/WARN]: Failed to add slimed layer to entity: entity.naturalist.catfish. This bug was caused by forge!
[04:39:19] [Render thread/WARN]: Failed to add slimed layer to entity: entity.naturalist.alligator. This bug was caused by forge!
[04:39:19] [Render thread/WARN]: Failed to add slimed layer to entity: entity.naturalist.bass. This bug was caused by forge!
[04:39:19] [Render thread/WARN]: Failed to add slimed layer to entity: entity.naturalist.lizard. This bug was caused by forge!
[04:39:19] [Render thread/WARN]: Failed to add slimed layer to entity: entity.naturalist.lizard_tail. This bug was caused by forge!
[04:39:19] [Render thread/WARN]: Failed to add slimed layer to entity: entity.naturalist.tortoise. This bug was caused by forge!
[04:39:19] [Render thread/WARN]: Failed to add slimed layer to entity: entity.naturalist.duck. This bug was caused by forge!
[04:39:19] [Render thread/WARN]: Failed to add slimed layer to entity: entity.draconicevolution.draconic_guardian. This bug was caused by forge!
[04:39:19] [Render thread/WARN]: Failed to add slimed layer to entity: entity.alexscaves.ferrouslime. This bug was caused by forge!
[04:39:19] [Render thread/WARN]: Failed to add slimed layer to entity: entity.create.package. This bug was caused by forge!
[04:39:19] [Render thread/WARN]: Shader rendertype_entity_translucent_emissive could not find sampler named Sampler2 in the specified shader program.
[04:39:19] [Render thread/WARN]: Shader cofh_core:particle_over could not find sampler named Sampler2 in the specified shader program.
[04:39:19] [Render thread/WARN]: Shader cofh_core:particle_add could not find sampler named Sampler2 in the specified shader program.
[04:39:19] [Render thread/WARN]: Shader cofh_core:particle_screen could not find sampler named Sampler2 in the specified shader program.
[04:39:19] [Render thread/INFO]: Firing Core Shader Registration Event
[04:39:19] [Render thread/WARN]: Shader watut:position_tex_blur could not find uniform named ColorModulator in the specified shader program.
[04:39:19] [Render thread/WARN]: Shader watut:position_tex_blur_horizontal could not find uniform named ColorModulator in the specified shader program.
[04:39:19] [Render thread/WARN]: Shader watut:position_tex_blur_vertical could not find uniform named ColorModulator in the specified shader program.
[04:39:19] [Render thread/WARN]: Shader brandonscore:contributor/badge_outline could not find uniform named BaseColor in the specified shader program.
[04:39:19] [Render thread/WARN]: Shader brandonscore:contributor/patreon_core could not find uniform named Transition in the specified shader program.
[04:39:19] [Render thread/WARN]: Shader alexscaves:rendertype_red_ghost could not find sampler named Sampler2 in the specified shader program.
[04:39:19] [Render thread/INFO]: registered internal shaders
[04:39:19] [Render thread/WARN]: Shader moonlight:text_alpha_color could not find sampler named Sampler2 in the specified shader program.
[04:39:19] [Render thread/WARN]: Shader moonlight:text_alpha_color could not find uniform named IViewRotMat in the specified shader program.
[04:39:19] [Render thread/WARN]: Shader supplementaries:static_noise could not find sampler named Sampler1 in the specified shader program.
[04:39:19] [Render thread/WARN]: Shader supplementaries:spherify could not find sampler named Sampler1 in the specified shader program.
[04:39:19] [Render thread/WARN]: Shader supplementaries:spherify could not find uniform named GameTime in the specified shader program.
[04:39:19] [Render thread/WARN]: Shader supplementaries:spherify could not find uniform named NoiseSpeed in the specified shader program.
[04:39:19] [Render thread/WARN]: Shader supplementaries:spherify could not find uniform named NoiseScale in the specified shader program.
[04:39:19] [Render thread/WARN]: Shader supplementaries:spherify could not find uniform named Intensity in the specified shader program.
[04:39:19] [Render thread/WARN]: Shader supplementaries:spherify could not find uniform named CameraPos in the specified shader program.
[04:39:19] [Render thread/WARN]: Shader bumpy could not find uniform named OutSize in the specified shader program.
[04:39:20] [Render thread/INFO]: Created: 2048x2048x0 minecraft:textures/atlas/particles.png-atlas
[04:39:20] [Render thread/INFO]: Created: 512x256x0 minecraft:textures/atlas/paintings.png-atlas
[04:39:20] [Render thread/INFO]: Created: 256x256x0 minecraft:textures/atlas/mob_effects.png-atlas
[04:39:20] [Render thread/INFO]: Loading exposure filters:
[04:39:20] [Render thread/INFO]: Filter [exposure:light_blue_pane, exposure:shaders/light_blue_tint.json] added.
[04:39:20] [Render thread/INFO]: Filter [exposure:orange_pane, exposure:shaders/orange_tint.json] added.
[04:39:20] [Render thread/INFO]: Filter [exposure:red_pane, exposure:shaders/red_filter.json] added.
[04:39:20] [Render thread/INFO]: Filter [exposure:purple_pane, exposure:shaders/purple_tint.json] added.
[04:39:20] [Render thread/INFO]: Filter [exposure:blue_pane, exposure:shaders/blue_filter.json] added.
[04:39:20] [Render thread/INFO]: Filter [exposure:light_gray_pane, exposure:shaders/light_gray_tint.json] added.
[04:39:20] [Render thread/INFO]: Filter [exposure:magenta_pane, exposure:shaders/magenta_tint.json] added.
[04:39:20] [Render thread/INFO]: Filter [exposure:gray_pane, exposure:shaders/gray_tint.json] added.
[04:39:20] [Render thread/INFO]: Filter [exposure:lime_pane, exposure:shaders/lime_tint.json] added.
[04:39:20] [Render thread/INFO]: Filter [exposure:green_pane, exposure:shaders/green_filter.json] added.
[04:39:20] [Render thread/INFO]: Filter [exposure:pink_pane, exposure:shaders/pink_tint.json] added.
[04:39:20] [Render thread/INFO]: Filter [exposure:yellow_pane, exposure:shaders/yellow_tint.json] added.
[04:39:20] [Render thread/INFO]: Filter [exposure:white_pane, exposure:shaders/white_tint.json] added.
[04:39:20] [Render thread/INFO]: Filter [exposure:brown_pane, exposure:shaders/brown_tint.json] added.
[04:39:20] [Render thread/INFO]: Filter [exposure:glass_pane, exposure:shaders/crisp.json] added.
[04:39:20] [Render thread/INFO]: Filter [exposure:interplanar_projector, exposure:shaders/invert.json] added.
[04:39:20] [Render thread/INFO]: Filter [exposure:black_pane, exposure:shaders/black_tint.json] added.
[04:39:20] [Render thread/INFO]: Filter [exposure:cyan_pane, exposure:shaders/cyan_tint.json] added.
[04:39:20] [Render thread/INFO]: Created: 512x256x0 codechickenlib:textures/atlas/gui.png-atlas
[04:39:20] [Render thread/INFO]: Created: 256x256x0 jei:textures/atlas/gui.png-atlas
[04:39:20] [Render thread/INFO]: Loaded 83 shader sources in 18.498 ms
[04:39:20] [Render thread/INFO]: Loaded 18 fluid unit lists in 0.366399 ms
[04:39:20] [Render thread/INFO]: Finished loading 1204 Block entity fluids in 6.5782 ms
[04:39:20] [Render thread/INFO]: Finished loading 0 Block entity items in 2.1578 ms
[04:39:20] [Render thread/INFO]: Finished loading 964 Block entity items in 3.0648 ms
[04:39:20] [Render thread/INFO]: Successfully reloaded the minimap shaders!
[04:39:20] [Render thread/INFO]: Successfully reloaded the world map shaders!
[04:39:20] [Render thread/WARN]: Shader estrogen:aberration could not find uniform named InSize in the specified shader program.
[04:39:20] [Render thread/WARN]: Shader estrogen:cel could not find sampler named DiffuseDepthSampler in the specified shader program.
[04:39:20] [Render thread/WARN]: Shader estrogen:cel could not find uniform named EstrogenFarPlane in the specified shader program.
[04:39:20] [Render thread/WARN]: Mod(s) [littletiles] are modifying Embeddium class me.jellysquid.mods.sodium.client.gl.device.GLRenderDevice, which may cause instability.
[04:39:20] [Render thread/WARN]: Mod(s) [littletiles] are modifying Embeddium class me.jellysquid.mods.sodium.client.gl.buffer.GlBuffer, which may cause instability.
[04:39:20] [Render thread/WARN]: Mod(s) [oculus] are modifying Embeddium class me.jellysquid.mods.sodium.client.gl.device.GLRenderDevice$ImmediateDrawCommandList, which may cause instability.
[04:39:20] [Render thread/INFO]: Created: 512x256x0 mekanism:textures/atlas/robit.png-atlas
[04:39:20] [Render thread/INFO]: BookContentResourceListenerLoader preloaded 1402 jsons
[04:39:20] [Render thread/INFO]: Created: 128x128x0 computercraft:textures/atlas/gui.png-atlas
[04:39:20] [Render thread/INFO]: Data driven guides: []
[04:39:20] [Render thread/WARN]: Page advanced_ae:aae_intro/quantum_crafter_terminal.md references an unknown item advanced_ae:wireless_quantum_crafter_terminal in its item_ids frontmatter
[04:39:20] [Render thread/INFO]: Created: 128x64x0 guideme:textures/atlas/gui.png-atlas
[04:39:20] [Render thread/INFO]: Blueprint Splash Manager has loaded 0 splashes
[04:39:20] [Render thread/INFO]: Created: 512x512x0 brandonscore:textures/atlas/gui.png-atlas
[04:39:20] [Render thread/INFO]: Created: 256x256x0 draconicevolution:textures/atlas/module.png-atlas
[04:39:20] [Render thread/INFO]: Created: 2048x1024x0 draconicevolution:textures/atlas/gui.png-atlas
[04:39:20] [Render thread/INFO]: [FANCYMENU] Sound engine reload detected. Releasing cached audio resources.
[04:39:20] [Render thread/INFO]: [FANCYMENU] Forced native video background reload after sound engine reload. backgroundsReset: 8, stoppedPlayers: 0, videoResourcesReleased: 0
[04:39:20] [Render thread/INFO]: Loaded 3 armor models in 4.754999 ms
[04:39:20] [Render thread/INFO]: Finished loading 712 Faucet Fluids in 4.956699 ms
[04:39:20] [Render thread/INFO]: Finished loading 2 Channel fluids in 3.0909 ms
[04:39:20] [Render thread/INFO]: Created: 256x256x0 moonlight:textures/atlas/map_markers.png-atlas
[04:39:20] [Render thread/INFO]: Created: 128x128x0 enderio:textures/atlas/conduit_icons.png-atlas
[04:39:20] [Render thread/INFO]: Loaded 57 train hat configurations.
[04:39:20] [Render thread/INFO]: Successfully loaded image 'supplementaries:textures/block/gottem.gif'
[04:39:20] [Render thread/INFO]: Successfully loaded image 'structurify:textures/gui/config/images/buttons/structure_sets.webp'
[04:39:20] [Render thread/INFO]: Successfully loaded image 'structurify:textures/gui/config/images/buttons/structures.webp'
[04:39:20] [Render thread/INFO]: [FANCYMENU] Reloading resources..
[04:39:20] [Render thread/INFO]: [FANCYMENU] Pre-loading resources..
[04:39:20] [Render thread/ERROR]: [FANCYMENU] Failed to read FMA image from file! File not found: C:\Users\windf\curseforge\minecraft\Instances\THE FORGOTTEN SMP\config\fancymenu\assets\sigma.fma
[04:39:20] [Render thread/ERROR]: [FANCYMENU] Failed to pre-load resource! Loading failed for: [source:local]C:/Users/windf/curseforge/minecraft/Instances/THE FORGOTTEN SMP/config/fancymenu/assets/sigma.fma
[04:39:20] [Render thread/INFO]: [FANCYMENU] Minecraft resource reload: FINISHED
[04:39:20] [Render thread/INFO]: 1 chiseling plugins were registered: [rechiseled:datapacks]
[04:39:20] [Render thread/INFO]: Canceling Microsoft telemetry
[04:39:20] [Render thread/INFO]: Loaded config for: lootintegrations.json
[04:39:20] [Render thread/INFO]: [FANCYMENU] ScreenCustomizationLayer registered: title_screen
[04:39:20] [Render thread/INFO]: Creating pipeline for dimension NamespacedId{namespace='minecraft', name='overworld'}
[04:39:20] [Render thread/WARN]: Shader estrogen:aberration could not find uniform named InSize in the specified shader program.
[04:39:20] [Render thread/WARN]: Shader estrogen:cel could not find sampler named DiffuseDepthSampler in the specified shader program.
[04:39:20] [Render thread/WARN]: Shader estrogen:cel could not find uniform named EstrogenFarPlane in the specified shader program.
[04:39:20] [Render thread/INFO]: Block minecraft:large_fern had its color provider replaced and will not use per-vertex coloring
[04:39:20] [Render thread/INFO]: Block minecraft:tall_grass had its color provider replaced and will not use per-vertex coloring
[04:39:20] [Render thread/INFO]: Block minecraft:grass_block had its color provider replaced and will not use per-vertex coloring
[04:39:20] [Render thread/INFO]: Block minecraft:fern had its color provider replaced and will not use per-vertex coloring
[04:39:20] [Render thread/INFO]: Block minecraft:grass had its color provider replaced and will not use per-vertex coloring
[04:39:20] [Render thread/INFO]: Block minecraft:potted_fern had its color provider replaced and will not use per-vertex coloring
[04:39:20] [Render thread/INFO]: Block minecraft:sugar_cane had its color provider replaced and will not use per-vertex coloring
[04:39:20] [Render thread/INFO]: Block minecraft:spruce_leaves had its color provider replaced and will not use per-vertex coloring
[04:39:20] [Render thread/INFO]: Block minecraft:birch_leaves had its color provider replaced and will not use per-vertex coloring
[04:39:20] [Render thread/INFO]: Block minecraft:oak_leaves had its color provider replaced and will not use per-vertex coloring
[04:39:20] [Render thread/INFO]: Block minecraft:jungle_leaves had its color provider replaced and will not use per-vertex coloring
[04:39:20] [Render thread/INFO]: Block minecraft:acacia_leaves had its color provider replaced and will not use per-vertex coloring
[04:39:20] [Render thread/INFO]: Block minecraft:dark_oak_leaves had its color provider replaced and will not use per-vertex coloring
[04:39:20] [Render thread/INFO]: Block minecraft:vine had its color provider replaced and will not use per-vertex coloring
[04:39:21] [Render thread/INFO]: Updated custom language to: (Default)
[04:39:21] [Render thread/WARN]: Shader cabb2374eda405e66b897908637abd1da5deac52 could not find uniform named subpixel_amount in the specified shader program.
[04:39:21] [Render thread/ERROR]: Signature is missing from Property textures
[04:39:22] [Render thread/WARN]: Game took 87.785 seconds to start
[04:39:26] [Forge Version Check/WARN]: Failed to process update information
java.net.http.HttpConnectTimeoutException: HTTP connect timed out
	at jdk.internal.net.http.HttpClientImpl.send(HttpClientImpl.java:568) ~[java.net.http:?]
	at jdk.internal.net.http.HttpClientFacade.send(HttpClientFacade.java:123) ~[java.net.http:?]
	at net.minecraftforge.fml.VersionChecker$1.openUrlString(VersionChecker.java:142) ~[fmlcore-1.20.1-47.4.0.jar%23740!/:?]
	at net.minecraftforge.fml.VersionChecker$1.process(VersionChecker.java:180) ~[fmlcore-1.20.1-47.4.0.jar%23740!/:?]
	at java.lang.Iterable.forEach(Iterable.java:75) ~[?:?]
	at net.minecraftforge.fml.VersionChecker$1.run(VersionChecker.java:117) ~[fmlcore-1.20.1-47.4.0.jar%23740!/:?]
Caused by: java.net.http.HttpConnectTimeoutException: HTTP connect timed out
	at jdk.internal.net.http.ResponseTimerEvent.handle(ResponseTimerEvent.java:68) ~[java.net.http:?]
	at jdk.internal.net.http.HttpClientImpl.purgeTimeoutsAndReturnNextDeadline(HttpClientImpl.java:1275) ~[java.net.http:?]
	at jdk.internal.net.http.HttpClientImpl$SelectorManager.run(HttpClientImpl.java:904) ~[java.net.http:?]
Caused by: java.net.ConnectException: HTTP connect timed out
	at jdk.internal.net.http.ResponseTimerEvent.handle(ResponseTimerEvent.java:69) ~[java.net.http:?]
	at jdk.internal.net.http.HttpClientImpl.purgeTimeoutsAndReturnNextDeadline(HttpClientImpl.java:1275) ~[java.net.http:?]
	at jdk.internal.net.http.HttpClientImpl$SelectorManager.run(HttpClientImpl.java:904) ~[java.net.http:?]
[04:39:26] [Forge Version Check/INFO]: [createcasing] Starting version check at https://api.modrinth.com/updates/create-encased/forge_updates.json
[04:39:26] [Forge Version Check/INFO]: [createcasing] Found status: OUTDATED Current: 1.7.2-fix2 Target: 1.8-ht2
[04:39:26] [Forge Version Check/INFO]: [supplementaries] Starting version check at https://api.modrinth.com/updates/supplementaries/forge_updates.json
[04:39:27] [Forge Version Check/INFO]: [supplementaries] Found status: OUTDATED Current: 1.20-3.1.42 Target: 1.20-3.1.43-forge
[04:39:27] [Forge Version Check/INFO]: [sliceanddice] Starting version check at https://api.modrinth.com/updates/slice-and-dice/forge_updates.json
[04:39:27] [Forge Version Check/INFO]: [sliceanddice] Found status: UP_TO_DATE Current: 3.6.0 Target: null
[04:39:27] [Forge Version Check/INFO]: [er2create] Starting version check at https://raw.githubusercontent.com/ZeroNoRyouki/ModUpdates/master/er2create.json
[04:39:27] [Forge Version Check/INFO]: [er2create] Found status: UP_TO_DATE Current: 1.20.1-1.0.4 Target: null
[04:39:27] [Forge Version Check/INFO]: [appmek] Starting version check at https://api.modrinth.com/updates/applied-mekanistics/forge_updates.json
[04:39:27] [Forge Version Check/INFO]: [appmek] Found status: UP_TO_DATE Current: 1.4.3 Target: null
[04:49:20] [Render thread/INFO]: Listing events...
[04:49:20] [Render thread/INFO]: Listing memory leaks so far...
[04:49:20] [Render thread/INFO]: Waiting to stabilize [0/10]
[04:49:20] [Render thread/INFO]: No memory leak detected!
[04:59:20] [Render thread/INFO]: Listing events...
[04:59:20] [Render thread/INFO]: Listing memory leaks so far...
[04:59:20] [Render thread/INFO]: Waiting to stabilize [0/10]
[04:59:20] [Render thread/INFO]: No memory leak detected!
[05:09:20] [Render thread/INFO]: Listing events...
[05:09:20] [Render thread/INFO]: Listing memory leaks so far...
[05:09:20] [Render thread/INFO]: Waiting to stabilize [0/10]
[05:09:20] [Render thread/INFO]: No memory leak detected!
[05:19:20] [Render thread/INFO]: Listing events...
[05:19:20] [Render thread/INFO]: Listing memory leaks so far...
[05:19:20] [Render thread/INFO]: Waiting to stabilize [0/10]
[05:19:20] [Render thread/INFO]: No memory leak detected!
[05:29:20] [Render thread/INFO]: Listing events...
[05:29:20] [Render thread/INFO]: Listing memory leaks so far...
[05:29:20] [Render thread/INFO]: Waiting to stabilize [0/10]
[05:29:20] [Render thread/INFO]: No memory leak detected!
[05:39:20] [Render thread/INFO]: Listing events...
[05:39:20] [Render thread/INFO]: Listing memory leaks so far...
[05:39:20] [Render thread/INFO]: Waiting to stabilize [0/10]
[05:39:20] [Render thread/INFO]: No memory leak detected!
[05:49:20] [Render thread/INFO]: Listing events...
[05:49:20] [Render thread/INFO]: Listing memory leaks so far...
[05:49:20] [Render thread/INFO]: Waiting to stabilize [0/10]
[05:49:20] [Render thread/INFO]: No memory leak detected!
[05:59:20] [Render thread/INFO]: Listing events...
[05:59:20] [Render thread/INFO]: Listing memory leaks so far...
[05:59:20] [Render thread/INFO]: Waiting to stabilize [0/10]
[05:59:20] [Render thread/INFO]: No memory leak detected!
[06:09:20] [Render thread/INFO]: Listing events...
[06:09:20] [Render thread/INFO]: Listing memory leaks so far...
[06:09:20] [Render thread/INFO]: Waiting to stabilize [0/10]
[06:09:20] [Render thread/INFO]: No memory leak detected!
[06:19:20] [Render thread/INFO]: Listing events...
[06:19:20] [Render thread/INFO]: Listing memory leaks so far...
[06:19:20] [Render thread/INFO]: Waiting to stabilize [0/10]
[06:19:20] [Render thread/INFO]: No memory leak detected!
[06:29:20] [Render thread/INFO]: Listing events...
[06:29:20] [Render thread/INFO]: Listing memory leaks so far...
[06:29:20] [Render thread/INFO]: Waiting to stabilize [0/10]
[06:29:20] [Render thread/INFO]: No memory leak detected!
[06:39:20] [Render thread/INFO]: Listing events...
[06:39:20] [Render thread/INFO]: Listing memory leaks so far...
[06:39:20] [Render thread/INFO]: Waiting to stabilize [0/10]
[06:39:20] [Render thread/INFO]: No memory leak detected!
[06:49:20] [Render thread/INFO]: Listing events...
[06:49:20] [Render thread/INFO]: Listing memory leaks so far...
[06:49:20] [Render thread/INFO]: Waiting to stabilize [0/10]
[06:49:20] [Render thread/INFO]: No memory leak detected!
[06:59:20] [Render thread/INFO]: Listing events...
[06:59:20] [Render thread/INFO]: Listing memory leaks so far...
[06:59:20] [Render thread/INFO]: Waiting to stabilize [0/10]
[06:59:20] [Render thread/INFO]: No memory leak detected!
[07:09:21] [Render thread/INFO]: Listing events...
[07:09:21] [Render thread/INFO]: Listing memory leaks so far...
[07:09:21] [Render thread/INFO]: Waiting to stabilize [0/10]
[07:09:21] [Render thread/INFO]: No memory leak detected!
[07:19:21] [Render thread/INFO]: Listing events...
[07:19:21] [Render thread/INFO]: Listing memory leaks so far...
[07:19:21] [Render thread/INFO]: Waiting to stabilize [0/10]
[07:19:21] [Render thread/INFO]: No memory leak detected!
[07:29:21] [Render thread/INFO]: Listing events...
[07:29:21] [Render thread/INFO]: Listing memory leaks so far...
[07:29:21] [Render thread/INFO]: Waiting to stabilize [0/10]
[07:29:21] [Render thread/INFO]: No memory leak detected!
[07:39:21] [Render thread/INFO]: Listing events...
[07:39:21] [Render thread/INFO]: Listing memory leaks so far...
[07:39:21] [Render thread/INFO]: Waiting to stabilize [0/10]
[07:39:21] [Render thread/INFO]: No memory leak detected!
[07:49:21] [Render thread/INFO]: Listing events...
[07:49:21] [Render thread/INFO]: Listing memory leaks so far...
[07:49:21] [Render thread/INFO]: Waiting to stabilize [0/10]
[07:49:21] [Render thread/INFO]: No memory leak detected!
[07:59:21] [Render thread/INFO]: Listing events...
[07:59:21] [Render thread/INFO]: Listing memory leaks so far...
[07:59:21] [Render thread/INFO]: Waiting to stabilize [0/10]
[07:59:21] [Render thread/INFO]: No memory leak detected!
[08:09:21] [Render thread/INFO]: Listing events...
[08:09:21] [Render thread/INFO]: Listing memory leaks so far...
[08:09:21] [Render thread/INFO]: Waiting to stabilize [0/10]
[08:09:21] [Render thread/INFO]: No memory leak detected!
[08:19:21] [Render thread/INFO]: Listing events...
[08:19:21] [Render thread/INFO]: Listing memory leaks so far...
[08:19:21] [Render thread/INFO]: Waiting to stabilize [0/10]
[08:19:21] [Render thread/INFO]: No memory leak detected!
[08:29:21] [Render thread/INFO]: Listing events...
[08:29:21] [Render thread/INFO]: Listing memory leaks so far...
[08:29:21] [Render thread/INFO]: Waiting to stabilize [0/10]
[08:29:21] [Render thread/INFO]: No memory leak detected!
[08:39:21] [Render thread/INFO]: Listing events...
[08:39:21] [Render thread/INFO]: Listing memory leaks so far...
[08:39:21] [Render thread/INFO]: Waiting to stabilize [0/10]
[08:39:21] [Render thread/INFO]: No memory leak detected!
[08:49:21] [Render thread/INFO]: Listing events...
[08:49:21] [Render thread/INFO]: Listing memory leaks so far...
[08:49:21] [Render thread/INFO]: Waiting to stabilize [0/10]
[08:49:21] [Render thread/INFO]: No memory leak detected!
[08:59:21] [Render thread/INFO]: Listing events...
[08:59:21] [Render thread/INFO]: Listing memory leaks so far...
[08:59:21] [Render thread/INFO]: Waiting to stabilize [0/10]
[08:59:21] [Render thread/INFO]: No memory leak detected!
[09:09:21] [Render thread/INFO]: Listing events...
[09:09:21] [Render thread/INFO]: Listing memory leaks so far...
[09:09:21] [Render thread/INFO]: Waiting to stabilize [0/10]
[09:09:21] [Render thread/INFO]: No memory leak detected!
[09:19:21] [Render thread/INFO]: Listing events...
[09:19:21] [Render thread/INFO]: Listing memory leaks so far...
[09:19:21] [Render thread/INFO]: Waiting to stabilize [0/10]
[09:19:21] [Render thread/INFO]: No memory leak detected!
[09:29:21] [Render thread/INFO]: Listing events...
[09:29:21] [Render thread/INFO]: Listing memory leaks so far...
[09:29:21] [Render thread/INFO]: Waiting to stabilize [0/10]
[09:29:21] [Render thread/INFO]: No memory leak detected!
[09:39:21] [Render thread/INFO]: Listing events...
[09:39:21] [Render thread/INFO]: Listing memory leaks so far...
[09:39:21] [Render thread/INFO]: Waiting to stabilize [0/10]
[09:39:21] [Render thread/INFO]: No memory leak detected!
[09:49:21] [Render thread/INFO]: Listing events...
[09:49:21] [Render thread/INFO]: Listing memory leaks so far...
[09:49:21] [Render thread/INFO]: Waiting to stabilize [0/10]
[09:49:21] [Render thread/INFO]: No memory leak detected!
[09:59:21] [Render thread/INFO]: Listing events...
[09:59:21] [Render thread/INFO]: Listing memory leaks so far...
[09:59:21] [Render thread/INFO]: Waiting to stabilize [0/10]
[09:59:21] [Render thread/INFO]: No memory leak detected!
[10:09:21] [Render thread/INFO]: Listing events...
[10:09:21] [Render thread/INFO]: Listing memory leaks so far...
[10:09:21] [Render thread/INFO]: Waiting to stabilize [0/10]
[10:09:21] [Render thread/INFO]: No memory leak detected!
[10:19:21] [Render thread/INFO]: Listing events...
[10:19:21] [Render thread/INFO]: Listing memory leaks so far...
[10:19:21] [Render thread/INFO]: Waiting to stabilize [0/10]
[10:19:21] [Render thread/INFO]: No memory leak detected!
[10:29:22] [Render thread/INFO]: Listing events...
[10:29:22] [Render thread/INFO]: Listing memory leaks so far...
[10:29:22] [Render thread/INFO]: Waiting to stabilize [0/10]
[10:29:22] [Render thread/INFO]: No memory leak detected!
[10:39:22] [Render thread/INFO]: Listing events...
[10:39:22] [Render thread/INFO]: Listing memory leaks so far...
[10:39:22] [Render thread/INFO]: Waiting to stabilize [0/10]
[10:39:22] [Render thread/INFO]: No memory leak detected!
[10:49:22] [Render thread/INFO]: Listing events...
[10:49:22] [Render thread/INFO]: Listing memory leaks so far...
[10:49:22] [Render thread/INFO]: Waiting to stabilize [0/10]
[10:49:22] [Render thread/INFO]: No memory leak detected!
[10:59:23] [Render thread/INFO]: Listing events...
[10:59:23] [Render thread/INFO]: Listing memory leaks so far...
[10:59:23] [Render thread/INFO]: Waiting to stabilize [0/10]
[10:59:23] [Render thread/INFO]: No memory leak detected!
[11:09:23] [Render thread/INFO]: Listing events...
[11:09:23] [Render thread/INFO]: Listing memory leaks so far...
[11:09:23] [Render thread/INFO]: Waiting to stabilize [0/10]
[11:09:23] [Render thread/INFO]: No memory leak detected!
[11:19:23] [Render thread/INFO]: Listing events...
[11:19:23] [Render thread/INFO]: Listing memory leaks so far...
[11:19:23] [Render thread/INFO]: Waiting to stabilize [0/10]
[11:19:23] [Render thread/INFO]: No memory leak detected!
[11:29:23] [Render thread/INFO]: Listing events...
[11:29:23] [Render thread/INFO]: Listing memory leaks so far...
[11:29:23] [Render thread/INFO]: Waiting to stabilize [0/10]
[11:29:23] [Render thread/INFO]: No memory leak detected!
[11:39:23] [Render thread/INFO]: Listing events...
[11:39:23] [Render thread/INFO]: Listing memory leaks so far...
[11:39:23] [Render thread/INFO]: Waiting to stabilize [0/10]
[11:39:23] [Render thread/INFO]: No memory leak detected!
[11:49:23] [Render thread/INFO]: Listing events...
[11:49:23] [Render thread/INFO]: Listing memory leaks so far...
[11:49:23] [Render thread/INFO]: Waiting to stabilize [0/10]
[11:49:23] [Render thread/INFO]: No memory leak detected!
[11:59:23] [Render thread/INFO]: Listing events...
[11:59:23] [Render thread/INFO]: Listing memory leaks so far...
[11:59:23] [Render thread/INFO]: Waiting to stabilize [0/10]
[11:59:23] [Render thread/INFO]: No memory leak detected!
[12:09:23] [Render thread/INFO]: Listing events...
[12:09:23] [Render thread/INFO]: Listing memory leaks so far...
[12:09:23] [Render thread/INFO]: Waiting to stabilize [0/10]
[12:09:23] [Render thread/INFO]: No memory leak detected!
[12:19:23] [Render thread/INFO]: Listing events...
[12:19:23] [Render thread/INFO]: Listing memory leaks so far...
[12:19:23] [Render thread/INFO]: Waiting to stabilize [0/10]
[12:19:23] [Render thread/INFO]: No memory leak detected!
[12:29:23] [Render thread/INFO]: Listing events...
[12:29:23] [Render thread/INFO]: Listing memory leaks so far...
[12:29:23] [Render thread/INFO]: Waiting to stabilize [0/10]
[12:29:23] [Render thread/INFO]: No memory leak detected!
[12:39:23] [Render thread/INFO]: Listing events...
[12:39:23] [Render thread/INFO]: Listing memory leaks so far...
[12:39:23] [Render thread/INFO]: Waiting to stabilize [0/10]
[12:39:23] [Render thread/INFO]: No memory leak detected!
[12:49:23] [Render thread/INFO]: Listing events...
[12:49:23] [Render thread/INFO]: Listing memory leaks so far...
[12:49:23] [Render thread/INFO]: Waiting to stabilize [0/10]
[12:49:23] [Render thread/INFO]: No memory leak detected!
[12:59:24] [Render thread/INFO]: Listing events...
[12:59:24] [Render thread/INFO]: Listing memory leaks so far...
[12:59:24] [Render thread/INFO]: Waiting to stabilize [0/10]
[12:59:24] [Render thread/INFO]: No memory leak detected!
[13:09:24] [Render thread/INFO]: Listing events...
[13:09:24] [Render thread/INFO]: Listing memory leaks so far...
[13:09:24] [Render thread/INFO]: Waiting to stabilize [0/10]
[13:09:24] [Render thread/INFO]: No memory leak detected!
[13:19:24] [Render thread/INFO]: Listing events...
[13:19:24] [Render thread/INFO]: Listing memory leaks so far...
[13:19:24] [Render thread/INFO]: Waiting to stabilize [0/10]
[13:19:24] [Render thread/INFO]: No memory leak detected!
[13:29:24] [Render thread/INFO]: Listing events...
[13:29:24] [Render thread/INFO]: Listing memory leaks so far...
[13:29:24] [Render thread/INFO]: Waiting to stabilize [0/10]
[13:29:24] [Render thread/INFO]: No memory leak detected!
[13:39:24] [Render thread/INFO]: Listing events...
[13:39:24] [Render thread/INFO]: Listing memory leaks so far...
[13:39:24] [Render thread/INFO]: Waiting to stabilize [0/10]
[13:39:24] [Render thread/INFO]: No memory leak detected!
[13:49:24] [Render thread/INFO]: Listing events...
[13:49:24] [Render thread/INFO]: Listing memory leaks so far...
[13:49:24] [Render thread/INFO]: Waiting to stabilize [0/10]
[13:49:24] [Render thread/INFO]: No memory leak detected!
[13:59:24] [Render thread/INFO]: Listing events...
[13:59:24] [Render thread/INFO]: Listing memory leaks so far...
[13:59:24] [Render thread/INFO]: Waiting to stabilize [0/10]
[13:59:24] [Render thread/INFO]: No memory leak detected!
[14:09:24] [Render thread/INFO]: Listing events...
[14:09:24] [Render thread/INFO]: Listing memory leaks so far...
[14:09:24] [Render thread/INFO]: Waiting to stabilize [0/10]
[14:09:24] [Render thread/INFO]: No memory leak detected!
