timestamp,loader,phase,loop,scenario,fps,frame_ms,cpu_load,gpu_load,memory_mb,vram_mb,ent_skip,ent_protect,part_skip,part_protect,gpu_frame_ms,bottleneck_state
1786654277867,Forge,CAPTURE_OFF,1,World Flythrough,78.60,12.72,18.27,N/A,5324.32,N/A,0,0,0,0,N/A,UNAVAILABLE
1786654277889,Forge,CAPTURE_OFF,1,World Flythrough,17.49,57.18,18.27,N/A,5324.32,N/A,0,0,0,0,N/A,UNAVAILABLE
1786654277910,Forge,CAPTURE_OFF,1,World Flythrough,48.83,20.48,18.27,N/A,5324.32,N/A,0,0,0,0,N/A,UNAVAILABLE
1786654277931,Forge,CAPTURE_OFF,1,World Flythrough,45.85,21.81,18.27,N/A,5324.32,N/A,0,0,0,0,N/A,UNAVAILABLE
1786654277950,Forge,CAPTURE_OFF,1,World Flythrough,54.28,18.42,18.27,N/A,5324.32,N/A,0,0,0,0,N/A,UNAVAILABLE
1786654277970,Forge,CAPTURE_OFF,1,World Flythrough,51.56,19.39,18.27,N/A,5324.32,N/A,0,0,0,0,N/A,UNAVAILABLE
1786654277985,Forge,CAPTURE_OFF,1,World Flythrough,62.31,16.05,18.27,N/A,5324.32,N/A,0,0,0,0,N/A,UNAVAILABLE
1786654278001,Forge,CAPTURE_OFF,1,World Flythrough,63.90,15.65,18.27,N/A,5324.32,N/A,0,0,0,0,N/A,UNAVAILABLE
1786654278024,Forge,CAPTURE_OFF,1,World Flythrough,43.90,22.78,18.27,N/A,5324.32,N/A,0,0,0,0,N/A,UNAVAILABLE
1786654278039,Forge,CAPTURE_OFF,1,World Flythrough,64.38,15.53,18.27,N/A,5324.32,N/A,0,0,0,0,N/A,UNAVAILABLE
1786654278054,Forge,CAPTURE_OFF,1,World Flythrough,68.11,14.68,18.27,N/A,5324.32,N/A,0,0,0,0,N/A,UNAVAILABLE
1786654278077,Forge,CAPTURE_OFF,1,World Flythrough,42.16,23.72,18.27,N/A,5324.32,N/A,0,0,0,0,N/A,UNAVAILABLE
1786654278095,Forge,CAPTURE_OFF,1,World Flythrough,54.95,18.20,18.27,N/A,5324.32,N/A,0,0,0,0,N/A,UNAVAILABLE
1786654278114,Forge,CAPTURE_OFF,1,World Flythrough,55.96,17.87,18.27,N/A,5324.32,N/A,0,0,0,0,N/A,UNAVAILABLE
1786654278141,Forge,CAPTURE_OFF,1,World Flythrough,35.92,27.84,18.27,N/A,5324.32,N/A,0,0,0,0,N/A,UNAVAILABLE
1786654278159,Forge,CAPTURE_OFF,1,World Flythrough,57.41,17.42,18.27,N/A,5324.32,N/A,0,0,0,0,N/A,UNAVAILABLE
1786654278184,Forge,CAPTURE_OFF,1,World Flythrough,40.78,24.52,18.27,N/A,5324.32,N/A,0,0,0,0,N/A,UNAVAILABLE
1786654278196,Forge,CAPTURE_OFF,1,World Flythrough,74.09,13.50,18.27,N/A,5324.32,N/A,0,0,0,0,N/A,UNAVAILABLE
1786654278220,Forge,CAPTURE_OFF,1,World Flythrough,42.44,23.56,18.27,N/A,5324.32,N/A,0,0,0,0,N/A,UNAVAILABLE
1786654278234,Forge,CAPTURE_OFF,1,World Flythrough,71.07,14.07,18.27,N/A,5324.32,N/A,0,0,0,0,N/A,UNAVAILABLE
1786654278249,Forge,CAPTURE_OFF,1,World Flythrough,69.76,14.33,18.27,N/A,5324.32,N/A,0,0,0,0,N/A,UNAVAILABLE
1786654278272,Forge,CAPTURE_OFF,1,World Flythrough,44.36,22.54,18.27,N/A,5324.32,N/A,0,0,0,0,N/A,UNAVAILABLE
1786654278293,Forge,CAPTURE_OFF,1,World Flythrough,47.80,20.92,18.27,N/A,5324.32,N/A,0,0,0,0,N/A,UNAVAILABLE
1786654278314,Forge,CAPTURE_OFF,1,World Flythrough,46.31,21.59,18.27,N/A,5324.32,N/A,0,0,0,0,N/A,UNAVAILABLE
1786654278339,Forge,CAPTURE_OFF,1,World Flythrough,39.47,25.34,18.27,N/A,5324.32,N/A,0,0,0,0,N/A,UNAVAILABLE
1786654278357,Forge,CAPTURE_OFF,1,World Flythrough,56.47,17.71,18.27,N/A,5324.32,N/A,0,0,0,0,N/A,UNAVAILABLE
1786654278380,Forge,CAPTURE_OFF,1,World Flythrough,43.71,22.88,18.27,N/A,5324.32,N/A,0,0,0,0,N/A,UNAVAILABLE
1786654278400,Forge,CAPTURE_OFF,1,World Flythrough,49.18,20.34,18.27,N/A,5324.32,N/A,0,0,0,0,N/A,UNAVAILABLE
1786654278424,Forge,CAPTURE_OFF,1,World Flythrough,41.91,23.86,18.27,N/A,5324.32,N/A,0,0,0,0,N/A,UNAVAILABLE
1786654278439,Forge,CAPTURE_OFF,1,World Flythrough,63.40,15.77,18.27,N/A,5324.32,N/A,0,0,0,0,N/A,UNAVAILABLE
1786654278456,Forge,CAPTURE_OFF,1,World Flythrough,62.65,15.96,18.27,N/A,5324.32,N/A,0,0,0,0,N/A,UNAVAILABLE
1786654278480,Forge,CAPTURE_OFF,1,World Flythrough,41.30,24.21,18.27,N/A,5324.32,N/A,0,0,0,0,N/A,UNAVAILABLE
1786654278494,Forge,CAPTURE_OFF,1,World Flythrough,70.83,14.12,18.27,N/A,5324.32,N/A,0,0,0,0,N/A,UNAVAILABLE
1786654278514,Forge,CAPTURE_OFF,1,World Flythrough,50.55,19.78,18.27,N/A,5324.32,N/A,0,0,0,0,N/A,UNAVAILABLE
1786654278543,Forge,CAPTURE_OFF,1,World Flythrough,34.80,28.74,18.27,N/A,5324.32,N/A,0,0,0,0,N/A,UNAVAILABLE
1786654278558,Forge,CAPTURE_OFF,1,World Flythrough,65.07,15.37,18.27,N/A,5324.32,N/A,0,0,0,0,N/A,UNAVAILABLE
1786654278583,Forge,CAPTURE_OFF,1,World Flythrough,40.69,24.58,18.27,N/A,5324.32,N/A,0,0,0,0,N/A,UNAVAILABLE
1786654278603,Forge,CAPTURE_OFF,1,World Flythrough,48.03,20.82,18.27,N/A,5324.32,N/A,0,0,0,0,N/A,UNAVAILABLE
1786654278628,Forge,CAPTURE_OFF,1,World Flythrough,40.03,24.98,18.27,N/A,5324.32,N/A,0,0,0,0,N/A,UNAVAILABLE
1786654278647,Forge,CAPTURE_OFF,1,World Flythrough,54.36,18.40,18.27,N/A,5324.32,N/A,0,0,0,0,N/A,UNAVAILABLE
1786654278658,Forge,CAPTURE_OFF,1,World Flythrough,85.69,11.67,18.27,N/A,5324.32,N/A,0,0,0,0,N/A,UNAVAILABLE
1786654278682,Forge,CAPTURE_OFF,1,World Flythrough,42.39,23.59,18.27,N/A,5324.32,N/A,0,0,0,0,N/A,UNAVAILABLE
1786654278699,Forge,CAPTURE_OFF,1,World Flythrough,59.33,16.85,18.27,N/A,5324.32,N/A,0,0,0,0,N/A,UNAVAILABLE
1786654278724,Forge,CAPTURE_OFF,1,World Flythrough,39.67,25.21,18.27,N/A,5324.32,N/A,0,0,0,0,N/A,UNAVAILABLE
1786654278743,Forge,CAPTURE_OFF,1,World Flythrough,52.34,19.10,18.27,N/A,5324.32,N/A,0,0,0,0,N/A,UNAVAILABLE
1786654278756,Forge,CAPTURE_OFF,1,World Flythrough,82.14,12.17,18.27,N/A,5324.32,N/A,0,0,0,0,N/A,UNAVAILABLE
1786654278778,Forge,CAPTURE_OFF,1,World Flythrough,43.54,22.97,18.27,N/A,5324.32,N/A,0,0,0,0,N/A,UNAVAILABLE
1786654278791,Forge,CAPTURE_OFF,1,World Flythrough,77.89,12.84,18.27,N/A,5324.32,N/A,0,0,0,0,N/A,UNAVAILABLE
1786654278805,Forge,CAPTURE_OFF,1,World Flythrough,74.22,13.47,18.27,N/A,5324.32,N/A,0,0,0,0,N/A,UNAVAILABLE
1786654278823,Forge,CAPTURE_OFF,1,World Flythrough,54.08,18.49,18.27,N/A,5324.32,N/A,0,0,0,0,N/A,UNAVAILABLE
1786654278868,Forge,CAPTURE_OFF,1,World Flythrough,74.96,13.34,15.12,N/A,5512.62,N/A,0,0,0,0,N/A,UNAVAILABLE
1786654278892,Forge,CAPTURE_OFF,1,World Flythrough,17.82,56.10,15.12,N/A,5512.62,N/A,0,0,0,0,N/A,UNAVAILABLE
1786654278907,Forge,CAPTURE_OFF,1,World Flythrough,70.96,14.09,15.12,N/A,5512.62,N/A,0,0,0,0,N/A,UNAVAILABLE
1786654278927,Forge,CAPTURE_OFF,1,World Flythrough,48.15,20.77,15.12,N/A,5512.62,N/A,0,0,0,0,N/A,UNAVAILABLE
1786654278939,Forge,CAPTURE_OFF,1,World Flythrough,88.42,11.31,15.12,N/A,5512.62,N/A,0,0,0,0,N/A,UNAVAILABLE
1786654278952,Forge,CAPTURE_OFF,1,World Flythrough,77.70,12.87,15.12,N/A,5512.62,N/A,0,0,0,0,N/A,UNAVAILABLE
1786654278973,Forge,CAPTURE_OFF,1,World Flythrough,45.38,22.04,15.12,N/A,5512.62,N/A,0,0,0,0,N/A,UNAVAILABLE
1786654278988,Forge,CAPTURE_OFF,1,World Flythrough,68.37,14.63,15.12,N/A,5512.62,N/A,0,0,0,0,N/A,UNAVAILABLE
1786654279005,Forge,CAPTURE_OFF,1,World Flythrough,59.88,16.70,15.12,N/A,5512.62,N/A,0,0,0,0,N/A,UNAVAILABLE
1786654279028,Forge,CAPTURE_OFF,1,World Flythrough,42.33,23.62,15.12,N/A,5512.62,N/A,0,0,0,0,N/A,UNAVAILABLE
1786654279046,Forge,CAPTURE_OFF,1,World Flythrough,56.85,17.59,15.12,N/A,5512.62,N/A,0,0,0,0,N/A,UNAVAILABLE
1786654279059,Forge,CAPTURE_OFF,1,World Flythrough,73.53,13.60,15.12,N/A,5512.62,N/A,0,0,0,0,N/A,UNAVAILABLE
1786654279082,Forge,CAPTURE_OFF,1,World Flythrough,44.42,22.51,15.12,N/A,5512.62,N/A,0,0,0,0,N/A,UNAVAILABLE
1786654279104,Forge,CAPTURE_OFF,1,World Flythrough,46.49,21.51,15.12,N/A,5512.62,N/A,0,0,0,0,N/A,UNAVAILABLE
1786654279133,Forge,CAPTURE_OFF,1,World Flythrough,34.36,29.10,15.12,N/A,5512.62,N/A,0,0,0,0,N/A,UNAVAILABLE
1786654279148,Forge,CAPTURE_OFF,1,World Flythrough,64.08,15.61,15.12,N/A,5512.62,N/A,0,0,0,0,N/A,UNAVAILABLE
1786654279174,Forge,CAPTURE_OFF,1,World Flythrough,38.63,25.89,15.12,N/A,5512.62,N/A,0,0,0,0,N/A,UNAVAILABLE
1786654279188,Forge,CAPTURE_OFF,1,World Flythrough,71.91,13.91,15.12,N/A,5512.62,N/A,0,0,0,0,N/A,UNAVAILABLE
1786654279206,Forge,CAPTURE_OFF,1,World Flythrough,58.95,16.96,15.12,N/A,5512.62,N/A,0,0,0,0,N/A,UNAVAILABLE
1786654279220,Forge,CAPTURE_OFF,1,World Flythrough,64.22,15.57,15.12,N/A,5512.62,N/A,0,0,0,0,N/A,UNAVAILABLE
1786654279232,Forge,CAPTURE_OFF,1,World Flythrough,90.08,11.10,15.12,N/A,5512.62,N/A,0,0,0,0,N/A,UNAVAILABLE
1786654279243,Forge,CAPTURE_OFF,1,World Flythrough,90.66,11.03,15.12,N/A,5512.62,N/A,0,0,0,0,N/A,UNAVAILABLE
1786654279252,Forge,CAPTURE_OFF,1,World Flythrough,110.04,9.09,15.12,N/A,5512.62,N/A,0,0,0,0,N/A,UNAVAILABLE
1786654279267,Forge,CAPTURE_OFF,1,World Flythrough,63.50,15.75,15.12,N/A,5512.62,N/A,0,0,0,0,N/A,UNAVAILABLE
1786654279278,Forge,CAPTURE_OFF,1,World Flythrough,91.77,10.90,15.12,N/A,5512.62,N/A,0,0,0,0,N/A,UNAVAILABLE
1786654279288,Forge,CAPTURE_OFF,1,World Flythrough,98.25,10.18,15.12,N/A,5512.62,N/A,0,0,0,0,N/A,UNAVAILABLE
1786654279299,Forge,CAPTURE_OFF,1,World Flythrough,95.67,10.45,15.12,N/A,5512.62,N/A,0,0,0,0,N/A,UNAVAILABLE
1786654279317,Forge,CAPTURE_OFF,1,World Flythrough,58.14,17.20,15.12,N/A,5512.62,N/A,0,0,0,0,N/A,UNAVAILABLE
1786654279329,Forge,CAPTURE_OFF,1,World Flythrough,79.53,12.57,15.12,N/A,5512.62,N/A,0,0,0,0,N/A,UNAVAILABLE
1786654279344,Forge,CAPTURE_OFF,1,World Flythrough,68.92,14.51,15.12,N/A,5512.62,N/A,0,0,0,0,N/A,UNAVAILABLE
1786654279357,Forge,CAPTURE_OFF,1,World Flythrough,70.90,14.10,15.12,N/A,5512.62,N/A,0,0,0,0,N/A,UNAVAILABLE
1786654279379,Forge,CAPTURE_OFF,1,World Flythrough,47.18,21.20,15.12,N/A,5512.62,N/A,0,0,0,0,N/A,UNAVAILABLE
1786654279392,Forge,CAPTURE_OFF,1,World Flythrough,78.78,12.69,15.12,N/A,5512.62,N/A,0,0,0,0,N/A,UNAVAILABLE
1786654279405,Forge,CAPTURE_OFF,1,World Flythrough,72.17,13.86,15.12,N/A,5512.62,N/A,0,0,0,0,N/A,UNAVAILABLE
1786654279424,Forge,CAPTURE_OFF,1,World Flythrough,54.67,18.29,15.12,N/A,5512.62,N/A,0,0,0,0,N/A,UNAVAILABLE
1786654279436,Forge,CAPTURE_OFF,1,World Flythrough,79.46,12.58,15.12,N/A,5512.62,N/A,0,0,0,0,N/A,UNAVAILABLE
1786654279448,Forge,CAPTURE_OFF,1,World Flythrough,84.65,11.81,15.12,N/A,5512.62,N/A,0,0,0,0,N/A,UNAVAILABLE
1786654279459,Forge,CAPTURE_OFF,1,World Flythrough,90.90,11.00,15.12,N/A,5512.62,N/A,0,0,0,0,N/A,UNAVAILABLE
1786654279476,Forge,CAPTURE_OFF,1,World Flythrough,60.86,16.43,15.12,N/A,5512.62,N/A,0,0,0,0,N/A,UNAVAILABLE
1786654279485,Forge,CAPTURE_OFF,1,World Flythrough,103.80,9.63,15.12,N/A,5512.62,N/A,0,0,0,0,N/A,UNAVAILABLE
1786654279496,Forge,CAPTURE_OFF,1,World Flythrough,95.98,10.42,15.12,N/A,5512.62,N/A,0,0,0,0,N/A,UNAVAILABLE
1786654279517,Forge,CAPTURE_OFF,1,World Flythrough,47.49,21.06,15.12,N/A,5512.62,N/A,0,0,0,0,N/A,UNAVAILABLE
1786654279528,Forge,CAPTURE_OFF,1,World Flythrough,95.13,10.51,15.12,N/A,5512.62,N/A,0,0,0,0,N/A,UNAVAILABLE
1786654279541,Forge,CAPTURE_OFF,1,World Flythrough,72.44,13.80,15.12,N/A,5512.62,N/A,0,0,0,0,N/A,UNAVAILABLE
1786654279554,Forge,CAPTURE_OFF,1,World Flythrough,74.48,13.43,15.12,N/A,5512.62,N/A,0,0,0,0,N/A,UNAVAILABLE
1786654279571,Forge,CAPTURE_OFF,1,World Flythrough,58.75,17.02,15.12,N/A,5512.62,N/A,0,0,0,0,N/A,UNAVAILABLE
1786654279583,Forge,CAPTURE_OFF,1,World Flythrough,88.92,11.25,15.12,N/A,5512.62,N/A,0,0,0,0,N/A,UNAVAILABLE
1786654279591,Forge,CAPTURE_OFF,1,World Flythrough,115.54,8.65,15.12,N/A,5512.62,N/A,0,0,0,0,N/A,UNAVAILABLE
1786654279602,Forge,CAPTURE_OFF,1,World Flythrough,95.80,10.44,15.12,N/A,5512.62,N/A,0,0,0,0,N/A,UNAVAILABLE
1786654279617,Forge,CAPTURE_OFF,1,World Flythrough,66.18,15.11,15.12,N/A,5512.62,N/A,0,0,0,0,N/A,UNAVAILABLE
1786654279627,Forge,CAPTURE_OFF,1,World Flythrough,92.49,10.81,15.12,N/A,5512.62,N/A,0,0,0,0,N/A,UNAVAILABLE
1786654279640,Forge,CAPTURE_OFF,1,World Flythrough,87.87,11.38,15.12,N/A,5512.62,N/A,0,0,0,0,N/A,UNAVAILABLE
1786654279649,Forge,CAPTURE_OFF,1,World Flythrough,100.30,9.97,15.12,N/A,5512.62,N/A,0,0,0,0,N/A,UNAVAILABLE
1786654279664,Forge,CAPTURE_OFF,1,World Flythrough,63.87,15.66,15.12,N/A,5512.62,N/A,0,0,0,0,N/A,UNAVAILABLE
1786654279677,Forge,CAPTURE_OFF,1,World Flythrough,81.39,12.29,15.12,N/A,5512.62,N/A,0,0,0,0,N/A,UNAVAILABLE
1786654279690,Forge,CAPTURE_OFF,1,World Flythrough,74.57,13.41,15.12,N/A,5512.62,N/A,0,0,0,0,N/A,UNAVAILABLE
1786654279702,Forge,CAPTURE_OFF,1,World Flythrough,83.39,11.99,15.12,N/A,5512.62,N/A,0,0,0,0,N/A,UNAVAILABLE
1786654279721,Forge,CAPTURE_OFF,1,World Flythrough,52.70,18.98,15.12,N/A,5512.62,N/A,0,0,0,0,N/A,UNAVAILABLE
1786654279733,Forge,CAPTURE_OFF,1,World Flythrough,85.37,11.71,15.12,N/A,5512.62,N/A,0,0,0,0,N/A,UNAVAILABLE
1786654279745,Forge,CAPTURE_OFF,1,World Flythrough,83.98,11.91,15.12,N/A,5512.62,N/A,0,0,0,0,N/A,UNAVAILABLE
1786654279757,Forge,CAPTURE_OFF,1,World Flythrough,88.22,11.34,15.12,N/A,5512.62,N/A,0,0,0,0,N/A,UNAVAILABLE
1786654279771,Forge,CAPTURE_OFF,1,World Flythrough,66.43,15.05,15.12,N/A,5512.62,N/A,0,0,0,0,N/A,UNAVAILABLE
1786654279784,Forge,CAPTURE_OFF,1,World Flythrough,79.19,12.63,15.12,N/A,5512.62,N/A,0,0,0,0,N/A,UNAVAILABLE
1786654279795,Forge,CAPTURE_OFF,1,World Flythrough,93.82,10.66,15.12,N/A,5512.62,N/A,0,0,0,0,N/A,UNAVAILABLE
1786654279808,Forge,CAPTURE_OFF,1,World Flythrough,77.35,12.93,15.12,N/A,5512.62,N/A,0,0,0,0,N/A,UNAVAILABLE
1786654279828,Forge,CAPTURE_OFF,1,World Flythrough,49.20,20.32,15.12,N/A,5512.62,N/A,0,0,0,0,N/A,UNAVAILABLE
1786654279878,Forge,CAPTURE_OFF,1,World Flythrough,74.97,13.34,14.61,N/A,5652.32,N/A,0,0,0,0,N/A,UNAVAILABLE
1786654279893,Forge,CAPTURE_OFF,1,World Flythrough,19.36,51.66,14.61,N/A,5652.32,N/A,0,0,0,0,N/A,UNAVAILABLE
1786654279904,Forge,CAPTURE_OFF,1,World Flythrough,94.38,10.60,14.61,N/A,5652.32,N/A,0,0,0,0,N/A,UNAVAILABLE
1786654279918,Forge,CAPTURE_OFF,1,World Flythrough,69.06,14.48,14.61,N/A,5652.32,N/A,0,0,0,0,N/A,UNAVAILABLE
1786654279925,Forge,CAPTURE_OFF,1,World Flythrough,128.58,7.78,14.61,N/A,5652.32,N/A,0,0,0,0,N/A,UNAVAILABLE
1786654279933,Forge,CAPTURE_OFF,1,World Flythrough,126.11,7.93,14.61,N/A,5652.32,N/A,0,0,0,0,N/A,UNAVAILABLE
1786654279942,Forge,CAPTURE_OFF,1,World Flythrough,119.38,8.38,14.61,N/A,5652.32,N/A,0,0,0,0,N/A,UNAVAILABLE
1786654279951,Forge,CAPTURE_OFF,1,World Flythrough,104.48,9.57,14.61,N/A,5652.32,N/A,0,0,0,0,N/A,UNAVAILABLE
1786654279968,Forge,CAPTURE_OFF,1,World Flythrough,64.50,15.50,14.61,N/A,5652.32,N/A,0,0,0,0,N/A,UNAVAILABLE
1786654279978,Forge,CAPTURE_OFF,1,World Flythrough,92.96,10.76,14.61,N/A,5652.32,N/A,0,0,0,0,N/A,UNAVAILABLE
1786654279988,Forge,CAPTURE_OFF,1,World Flythrough,95.25,10.50,14.61,N/A,5652.32,N/A,0,0,0,0,N/A,UNAVAILABLE
1786654279999,Forge,CAPTURE_OFF,1,World Flythrough,90.80,11.01,14.61,N/A,5652.32,N/A,0,0,0,0,N/A,UNAVAILABLE
1786654280014,Forge,CAPTURE_OFF,1,World Flythrough,66.77,14.98,14.61,N/A,5652.32,N/A,0,0,0,0,N/A,UNAVAILABLE
1786654280024,Forge,CAPTURE_OFF,1,World Flythrough,110.66,9.04,14.61,N/A,5652.32,N/A,0,0,0,0,N/A,UNAVAILABLE
1786654280032,Forge,CAPTURE_OFF,1,World Flythrough,110.31,9.07,14.61,N/A,5652.32,N/A,0,0,0,0,N/A,UNAVAILABLE
1786654280042,Forge,CAPTURE_OFF,1,World Flythrough,101.24,9.88,14.61,N/A,5652.32,N/A,0,0,0,0,N/A,UNAVAILABLE
1786654280053,Forge,CAPTURE_OFF,1,World Flythrough,97.50,10.26,14.61,N/A,5652.32,N/A,0,0,0,0,N/A,UNAVAILABLE
1786654280067,Forge,CAPTURE_OFF,1,World Flythrough,68.77,14.54,14.61,N/A,5652.32,N/A,0,0,0,0,N/A,UNAVAILABLE
1786654280078,Forge,CAPTURE_OFF,1,World Flythrough,87.09,11.48,14.61,N/A,5652.32,N/A,0,0,0,0,N/A,UNAVAILABLE
1786654280090,Forge,CAPTURE_OFF,1,World Flythrough,84.55,11.83,14.61,N/A,5652.32,N/A,0,0,0,0,N/A,UNAVAILABLE
1786654280105,Forge,CAPTURE_OFF,1,World Flythrough,67.46,14.82,14.61,N/A,5652.32,N/A,0,0,0,0,N/A,UNAVAILABLE
1786654280125,Forge,CAPTURE_OFF,1,World Flythrough,48.73,20.52,14.61,N/A,5652.32,N/A,0,0,0,0,N/A,UNAVAILABLE
1786654280140,Forge,CAPTURE_OFF,1,World Flythrough,69.81,14.33,14.61,N/A,5652.32,N/A,0,0,0,0,N/A,UNAVAILABLE
1786654280153,Forge,CAPTURE_OFF,1,World Flythrough,77.20,12.95,14.61,N/A,5652.32,N/A,0,0,0,0,N/A,UNAVAILABLE
1786654280173,Forge,CAPTURE_OFF,1,World Flythrough,50.74,19.71,14.61,N/A,5652.32,N/A,0,0,0,0,N/A,UNAVAILABLE
1786654280184,Forge,CAPTURE_OFF,1,World Flythrough,87.65,11.41,14.61,N/A,5652.32,N/A,0,0,0,0,N/A,UNAVAILABLE
1786654280195,Forge,CAPTURE_OFF,1,World Flythrough,90.34,11.07,14.61,N/A,5652.32,N/A,0,0,0,0,N/A,UNAVAILABLE
1786654280207,Forge,CAPTURE_OFF,1,World Flythrough,84.31,11.86,14.61,N/A,5652.32,N/A,0,0,0,0,N/A,UNAVAILABLE
1786654280222,Forge,CAPTURE_OFF,1,World Flythrough,65.90,15.18,14.61,N/A,5652.32,N/A,0,0,0,0,N/A,UNAVAILABLE
1786654280234,Forge,CAPTURE_OFF,1,World Flythrough,82.16,12.17,14.61,N/A,5652.32,N/A,0,0,0,0,N/A,UNAVAILABLE
1786654280245,Forge,CAPTURE_OFF,1,World Flythrough,96.69,10.34,14.61,N/A,5652.32,N/A,0,0,0,0,N/A,UNAVAILABLE
1786654280255,Forge,CAPTURE_OFF,1,World Flythrough,100.28,9.97,14.61,N/A,5652.32,N/A,0,0,0,0,N/A,UNAVAILABLE
1786654280269,Forge,CAPTURE_OFF,1,World Flythrough,70.11,14.26,14.61,N/A,5652.32,N/A,0,0,0,0,N/A,UNAVAILABLE
1786654280278,Forge,CAPTURE_OFF,1,World Flythrough,112.06,8.92,14.61,N/A,5652.32,N/A,0,0,0,0,N/A,UNAVAILABLE
1786654280289,Forge,CAPTURE_OFF,1,World Flythrough,91.89,10.88,14.61,N/A,5652.32,N/A,0,0,0,0,N/A,UNAVAILABLE
1786654280303,Forge,CAPTURE_OFF,1,World Flythrough,68.67,14.56,14.61,N/A,5652.32,N/A,0,0,0,0,N/A,UNAVAILABLE
1786654280323,Forge,CAPTURE_OFF,1,World Flythrough,50.84,19.67,14.61,N/A,5652.32,N/A,0,0,0,0,N/A,UNAVAILABLE
1786654280338,Forge,CAPTURE_OFF,1,World Flythrough,65.32,15.31,14.61,N/A,5652.32,N/A,0,0,0,0,N/A,UNAVAILABLE
1786654280349,Forge,CAPTURE_OFF,1,World Flythrough,88.61,11.29,14.61,N/A,5652.32,N/A,0,0,0,0,N/A,UNAVAILABLE
1786654280368,Forge,CAPTURE_OFF,1,World Flythrough,52.28,19.13,14.61,N/A,5652.32,N/A,0,0,0,0,N/A,UNAVAILABLE
1786654280379,Forge,CAPTURE_OFF,1,World Flythrough,97.02,10.31,14.61,N/A,5652.32,N/A,0,0,0,0,N/A,UNAVAILABLE
1786654280397,Forge,CAPTURE_OFF,1,World Flythrough,56.85,17.59,14.61,N/A,5652.32,N/A,0,0,0,0,N/A,UNAVAILABLE
1786654280409,Forge,CAPTURE_OFF,1,World Flythrough,82.49,12.12,14.61,N/A,5652.32,N/A,0,0,0,0,N/A,UNAVAILABLE
1786654280428,Forge,CAPTURE_OFF,1,World Flythrough,53.21,18.79,14.61,N/A,5652.32,N/A,0,0,0,0,N/A,UNAVAILABLE
1786654280437,Forge,CAPTURE_OFF,1,World Flythrough,98.56,10.15,14.61,N/A,5652.32,N/A,0,0,0,0,N/A,UNAVAILABLE
1786654280451,Forge,CAPTURE_OFF,1,World Flythrough,79.32,12.61,14.61,N/A,5652.32,N/A,0,0,0,0,N/A,UNAVAILABLE
1786654280469,Forge,CAPTURE_OFF,1,World Flythrough,54.18,18.46,14.61,N/A,5652.32,N/A,0,0,0,0,N/A,UNAVAILABLE
1786654280481,Forge,CAPTURE_OFF,1,World Flythrough,78.40,12.75,14.61,N/A,5652.32,N/A,0,0,0,0,N/A,UNAVAILABLE
1786654280494,Forge,CAPTURE_OFF,1,World Flythrough,82.00,12.20,14.61,N/A,5652.32,N/A,0,0,0,0,N/A,UNAVAILABLE
1786654280504,Forge,CAPTURE_OFF,1,World Flythrough,100.61,9.94,14.61,N/A,5652.32,N/A,0,0,0,0,N/A,UNAVAILABLE
1786654280517,Forge,CAPTURE_OFF,1,World Flythrough,69.99,14.29,14.61,N/A,5652.32,N/A,0,0,0,0,N/A,UNAVAILABLE
1786654280528,Forge,CAPTURE_OFF,1,World Flythrough,93.22,10.73,14.61,N/A,5652.32,N/A,0,0,0,0,N/A,UNAVAILABLE
1786654280538,Forge,CAPTURE_OFF,1,World Flythrough,109.11,9.17,14.61,N/A,5652.32,N/A,0,0,0,0,N/A,UNAVAILABLE
1786654280547,Forge,CAPTURE_OFF,1,World Flythrough,121.09,8.26,14.61,N/A,5652.32,N/A,0,0,0,0,N/A,UNAVAILABLE
1786654280555,Forge,CAPTURE_OFF,1,World Flythrough,111.60,8.96,14.61,N/A,5652.32,N/A,0,0,0,0,N/A,UNAVAILABLE
1786654280569,Forge,CAPTURE_OFF,1,World Flythrough,70.42,14.20,14.61,N/A,5652.32,N/A,0,0,0,0,N/A,UNAVAILABLE
1786654280579,Forge,CAPTURE_OFF,1,World Flythrough,105.13,9.51,14.61,N/A,5652.32,N/A,0,0,0,0,N/A,UNAVAILABLE
1786654280588,Forge,CAPTURE_OFF,1,World Flythrough,105.92,9.44,14.61,N/A,5652.32,N/A,0,0,0,0,N/A,UNAVAILABLE
1786654280597,Forge,CAPTURE_OFF,1,World Flythrough,118.51,8.44,14.61,N/A,5652.32,N/A,0,0,0,0,N/A,UNAVAILABLE
1786654280604,Forge,CAPTURE_OFF,1,World Flythrough,131.73,7.59,14.61,N/A,5652.32,N/A,0,0,0,0,N/A,UNAVAILABLE
1786654280618,Forge,CAPTURE_OFF,1,World Flythrough,72.56,13.78,14.61,N/A,5652.32,N/A,0,0,0,0,N/A,UNAVAILABLE
1786654280629,Forge,CAPTURE_OFF,1,World Flythrough,94.15,10.62,14.61,N/A,5652.32,N/A,0,0,0,0,N/A,UNAVAILABLE
1786654280637,Forge,CAPTURE_OFF,1,World Flythrough,114.49,8.73,14.61,N/A,5652.32,N/A,0,0,0,0,N/A,UNAVAILABLE
1786654280647,Forge,CAPTURE_OFF,1,World Flythrough,100.99,9.90,14.61,N/A,5652.32,N/A,0,0,0,0,N/A,UNAVAILABLE
1786654280668,Forge,CAPTURE_OFF,1,World Flythrough,46.69,21.42,14.61,N/A,5652.32,N/A,0,0,0,0,N/A,UNAVAILABLE
1786654280679,Forge,CAPTURE_OFF,1,World Flythrough,106.22,9.41,14.61,N/A,5652.32,N/A,0,0,0,0,N/A,UNAVAILABLE
1786654280692,Forge,CAPTURE_OFF,1,World Flythrough,75.07,13.32,14.61,N/A,5652.32,N/A,0,0,0,0,N/A,UNAVAILABLE
1786654280708,Forge,CAPTURE_OFF,1,World Flythrough,63.13,15.84,14.61,N/A,5652.32,N/A,0,0,0,0,N/A,UNAVAILABLE
1786654280728,Forge,CAPTURE_OFF,1,World Flythrough,49.73,20.11,14.61,N/A,5652.32,N/A,0,0,0,0,N/A,UNAVAILABLE
1786654280740,Forge,CAPTURE_OFF,1,World Flythrough,79.80,12.53,14.61,N/A,5652.32,N/A,0,0,0,0,N/A,UNAVAILABLE
1786654280753,Forge,CAPTURE_OFF,1,World Flythrough,78.70,12.71,14.61,N/A,5652.32,N/A,0,0,0,0,N/A,UNAVAILABLE
1786654280770,Forge,CAPTURE_OFF,1,World Flythrough,58.10,17.21,14.61,N/A,5652.32,N/A,0,0,0,0,N/A,UNAVAILABLE
1786654280781,Forge,CAPTURE_OFF,1,World Flythrough,86.57,11.55,14.61,N/A,5652.32,N/A,0,0,0,0,N/A,UNAVAILABLE
1786654280793,Forge,CAPTURE_OFF,1,World Flythrough,86.35,11.58,14.61,N/A,5652.32,N/A,0,0,0,0,N/A,UNAVAILABLE
1786654280804,Forge,CAPTURE_OFF,1,World Flythrough,92.46,10.82,14.61,N/A,5652.32,N/A,0,0,0,0,N/A,UNAVAILABLE
1786654280822,Forge,CAPTURE_OFF,1,World Flythrough,56.61,17.66,14.61,N/A,5652.32,N/A,0,0,0,0,N/A,UNAVAILABLE
1786654280835,Forge,CAPTURE_OFF,1,World Flythrough,74.27,13.46,14.61,N/A,5652.32,N/A,0,0,0,0,N/A,UNAVAILABLE
1786654280877,Forge,CAPTURE_OFF,1,World Flythrough,95.92,10.43,13.78,N/A,5763.02,N/A,0,0,0,0,N/A,UNAVAILABLE
1786654280894,Forge,CAPTURE_OFF,1,World Flythrough,20.76,48.17,13.78,N/A,5763.02,N/A,0,0,0,0,N/A,UNAVAILABLE
1786654280904,Forge,CAPTURE_OFF,1,World Flythrough,88.93,11.24,13.78,N/A,5763.02,N/A,0,0,0,0,N/A,UNAVAILABLE
1786654280927,Forge,CAPTURE_OFF,1,World Flythrough,45.53,21.96,13.78,N/A,5763.02,N/A,0,0,0,0,N/A,UNAVAILABLE
1786654280941,Forge,CAPTURE_OFF,1,World Flythrough,69.34,14.42,13.78,N/A,5763.02,N/A,0,0,0,0,N/A,UNAVAILABLE
1786654280950,Forge,CAPTURE_OFF,1,World Flythrough,105.58,9.47,13.78,N/A,5763.02,N/A,0,0,0,0,N/A,UNAVAILABLE
1786654280970,Forge,CAPTURE_OFF,1,World Flythrough,51.99,19.23,13.78,N/A,5763.02,N/A,0,0,0,0,N/A,UNAVAILABLE
1786654280979,Forge,CAPTURE_OFF,1,World Flythrough,107.53,9.30,13.78,N/A,5763.02,N/A,0,0,0,0,N/A,UNAVAILABLE
1786654280991,Forge,CAPTURE_OFF,1,World Flythrough,84.58,11.82,13.78,N/A,5763.02,N/A,0,0,0,0,N/A,UNAVAILABLE
1786654281003,Forge,CAPTURE_OFF,1,World Flythrough,81.69,12.24,13.78,N/A,5763.02,N/A,0,0,0,0,N/A,UNAVAILABLE
1786654281024,Forge,CAPTURE_OFF,1,World Flythrough,50.14,19.94,13.78,N/A,5763.02,N/A,0,0,0,0,N/A,UNAVAILABLE
1786654281032,Forge,CAPTURE_OFF,1,World Flythrough,112.29,8.91,13.78,N/A,5763.02,N/A,0,0,0,0,N/A,UNAVAILABLE
1786654281045,Forge,CAPTURE_OFF,1,World Flythrough,75.00,13.33,13.78,N/A,5763.02,N/A,0,0,0,0,N/A,UNAVAILABLE
1786654281059,Forge,CAPTURE_OFF,1,World Flythrough,72.64,13.77,13.78,N/A,5763.02,N/A,0,0,0,0,N/A,UNAVAILABLE
1786654281075,Forge,CAPTURE_OFF,1,World Flythrough,63.26,15.81,13.78,N/A,5763.02,N/A,0,0,0,0,N/A,UNAVAILABLE
1786654281087,Forge,CAPTURE_OFF,1,World Flythrough,81.48,12.27,13.78,N/A,5763.02,N/A,0,0,0,0,N/A,UNAVAILABLE
1786654281099,Forge,CAPTURE_OFF,1,World Flythrough,87.47,11.43,13.78,N/A,5763.02,N/A,0,0,0,0,N/A,UNAVAILABLE
1786654281114,Forge,CAPTURE_OFF,1,World Flythrough,64.25,15.56,13.78,N/A,5763.02,N/A,0,0,0,0,N/A,UNAVAILABLE
1786654281129,Forge,CAPTURE_OFF,1,World Flythrough,67.35,14.85,13.78,N/A,5763.02,N/A,0,0,0,0,N/A,UNAVAILABLE
1786654281140,Forge,CAPTURE_OFF,1,World Flythrough,89.52,11.17,13.78,N/A,5763.02,N/A,0,0,0,0,N/A,UNAVAILABLE
1786654281153,Forge,CAPTURE_OFF,1,World Flythrough,73.89,13.53,13.78,N/A,5763.02,N/A,0,0,0,0,N/A,UNAVAILABLE
1786654281169,Forge,CAPTURE_OFF,1,World Flythrough,63.51,15.75,13.78,N/A,5763.02,N/A,0,0,0,0,N/A,UNAVAILABLE
1786654281181,Forge,CAPTURE_OFF,1,World Flythrough,85.02,11.76,13.78,N/A,5763.02,N/A,0,0,0,0,N/A,UNAVAILABLE
1786654281192,Forge,CAPTURE_OFF,1,World Flythrough,93.00,10.75,13.78,N/A,5763.02,N/A,0,0,0,0,N/A,UNAVAILABLE
1786654281204,Forge,CAPTURE_OFF,1,World Flythrough,79.67,12.55,13.78,N/A,5763.02,N/A,0,0,0,0,N/A,UNAVAILABLE
1786654281222,Forge,CAPTURE_OFF,1,World Flythrough,59.90,16.69,13.78,N/A,5763.02,N/A,0,0,0,0,N/A,UNAVAILABLE
1786654281229,Forge,CAPTURE_OFF,1,World Flythrough,111.91,8.94,13.78,N/A,5763.02,N/A,0,0,0,0,N/A,UNAVAILABLE
1786654281238,Forge,CAPTURE_OFF,1,World Flythrough,126.31,7.92,13.78,N/A,5763.02,N/A,0,0,0,0,N/A,UNAVAILABLE
1786654281248,Forge,CAPTURE_OFF,1,World Flythrough,106.21,9.42,13.78,N/A,5763.02,N/A,0,0,0,0,N/A,UNAVAILABLE
1786654281266,Forge,CAPTURE_OFF,1,World Flythrough,54.46,18.36,13.78,N/A,5763.02,N/A,0,0,0,0,N/A,UNAVAILABLE
1786654281278,Forge,CAPTURE_OFF,1,World Flythrough,87.46,11.43,13.78,N/A,5763.02,N/A,0,0,0,0,N/A,UNAVAILABLE
1786654281294,Forge,CAPTURE_OFF,1,World Flythrough,60.43,16.55,13.78,N/A,5763.02,N/A,0,0,0,0,N/A,UNAVAILABLE
1786654281306,Forge,CAPTURE_OFF,1,World Flythrough,79.67,12.55,13.78,N/A,5763.02,N/A,0,0,0,0,N/A,UNAVAILABLE
1786654281330,Forge,CAPTURE_OFF,1,World Flythrough,43.29,23.10,13.78,N/A,5763.02,N/A,0,0,0,0,N/A,UNAVAILABLE
1786654281345,Forge,CAPTURE_OFF,1,World Flythrough,63.57,15.73,13.78,N/A,5763.02,N/A,0,0,0,0,N/A,UNAVAILABLE
1786654281360,Forge,CAPTURE_OFF,1,World Flythrough,70.62,14.16,13.78,N/A,5763.02,N/A,0,0,0,0,N/A,UNAVAILABLE
1786654281381,Forge,CAPTURE_OFF,1,World Flythrough,46.93,21.31,13.78,N/A,5763.02,N/A,0,0,0,0,N/A,UNAVAILABLE
1786654281397,Forge,CAPTURE_OFF,1,World Flythrough,62.01,16.13,13.78,N/A,5763.02,N/A,0,0,0,0,N/A,UNAVAILABLE
1786654281418,Forge,CAPTURE_OFF,1,World Flythrough,47.03,21.26,13.78,N/A,5763.02,N/A,0,0,0,0,N/A,UNAVAILABLE
1786654281428,Forge,CAPTURE_OFF,1,World Flythrough,97.86,10.22,13.78,N/A,5763.02,N/A,0,0,0,0,N/A,UNAVAILABLE
1786654281442,Forge,CAPTURE_OFF,1,World Flythrough,69.63,14.36,13.78,N/A,5763.02,N/A,0,0,0,0,N/A,UNAVAILABLE
1786654281453,Forge,CAPTURE_OFF,1,World Flythrough,102.49,9.76,13.78,N/A,5763.02,N/A,0,0,0,0,N/A,UNAVAILABLE
1786654281468,Forge,CAPTURE_OFF,1,World Flythrough,63.32,15.79,13.78,N/A,5763.02,N/A,0,0,0,0,N/A,UNAVAILABLE
1786654281484,Forge,CAPTURE_OFF,1,World Flythrough,65.31,15.31,13.78,N/A,5763.02,N/A,0,0,0,0,N/A,UNAVAILABLE
1786654281496,Forge,CAPTURE_OFF,1,World Flythrough,82.99,12.05,13.78,N/A,5763.02,N/A,0,0,0,0,N/A,UNAVAILABLE
1786654281507,Forge,CAPTURE_OFF,1,World Flythrough,88.85,11.25,13.78,N/A,5763.02,N/A,0,0,0,0,N/A,UNAVAILABLE
1786654281524,Forge,CAPTURE_OFF,1,World Flythrough,57.37,17.43,13.78,N/A,5763.02,N/A,0,0,0,0,N/A,UNAVAILABLE
1786654281538,Forge,CAPTURE_OFF,1,World Flythrough,71.08,14.07,13.78,N/A,5763.02,N/A,0,0,0,0,N/A,UNAVAILABLE
1786654281548,Forge,CAPTURE_OFF,1,World Flythrough,98.48,10.15,13.78,N/A,5763.02,N/A,0,0,0,0,N/A,UNAVAILABLE
1786654281564,Forge,CAPTURE_OFF,1,World Flythrough,62.93,15.89,13.78,N/A,5763.02,N/A,0,0,0,0,N/A,UNAVAILABLE
1786654281572,Forge,CAPTURE_OFF,1,World Flythrough,122.19,8.18,13.78,N/A,5763.02,N/A,0,0,0,0,N/A,UNAVAILABLE
1786654281584,Forge,CAPTURE_OFF,1,World Flythrough,85.81,11.65,13.78,N/A,5763.02,N/A,0,0,0,0,N/A,UNAVAILABLE
1786654281594,Forge,CAPTURE_OFF,1,World Flythrough,101.11,9.89,13.78,N/A,5763.02,N/A,0,0,0,0,N/A,UNAVAILABLE
1786654281606,Forge,CAPTURE_OFF,1,World Flythrough,87.51,11.43,13.78,N/A,5763.02,N/A,0,0,0,0,N/A,UNAVAILABLE
1786654281621,Forge,CAPTURE_OFF,1,World Flythrough,64.04,15.62,13.78,N/A,5763.02,N/A,0,0,0,0,N/A,UNAVAILABLE
1786654281634,Forge,CAPTURE_OFF,1,World Flythrough,77.70,12.87,13.78,N/A,5763.02,N/A,0,0,0,0,N/A,UNAVAILABLE
1786654281647,Forge,CAPTURE_OFF,1,World Flythrough,82.63,12.10,13.78,N/A,5763.02,N/A,0,0,0,0,N/A,UNAVAILABLE
1786654281658,Forge,CAPTURE_OFF,1,World Flythrough,87.27,11.46,13.78,N/A,5763.02,N/A,0,0,0,0,N/A,UNAVAILABLE
1786654281673,Forge,CAPTURE_OFF,1,World Flythrough,63.99,15.63,13.78,N/A,5763.02,N/A,0,0,0,0,N/A,UNAVAILABLE
1786654281683,Forge,CAPTURE_OFF,1,World Flythrough,102.77,9.73,13.78,N/A,5763.02,N/A,0,0,0,0,N/A,UNAVAILABLE
1786654281695,Forge,CAPTURE_OFF,1,World Flythrough,80.30,12.45,13.78,N/A,5763.02,N/A,0,0,0,0,N/A,UNAVAILABLE
1786654281707,Forge,CAPTURE_OFF,1,World Flythrough,86.39,11.57,13.78,N/A,5763.02,N/A,0,0,0,0,N/A,UNAVAILABLE
1786654281728,Forge,CAPTURE_OFF,1,World Flythrough,49.22,20.32,13.78,N/A,5763.02,N/A,0,0,0,0,N/A,UNAVAILABLE
1786654281741,Forge,CAPTURE_OFF,1,World Flythrough,72.13,13.86,13.78,N/A,5763.02,N/A,0,0,0,0,N/A,UNAVAILABLE
1786654281751,Forge,CAPTURE_OFF,1,World Flythrough,100.02,10.00,13.78,N/A,5763.02,N/A,0,0,0,0,N/A,UNAVAILABLE
1786654281772,Forge,CAPTURE_OFF,1,World Flythrough,49.41,20.24,13.78,N/A,5763.02,N/A,0,0,0,0,N/A,UNAVAILABLE
1786654281783,Forge,CAPTURE_OFF,1,World Flythrough,85.40,11.71,13.78,N/A,5763.02,N/A,0,0,0,0,N/A,UNAVAILABLE
1786654281794,Forge,CAPTURE_OFF,1,World Flythrough,94.84,10.54,13.78,N/A,5763.02,N/A,0,0,0,0,N/A,UNAVAILABLE
1786654281805,Forge,CAPTURE_OFF,1,World Flythrough,86.88,11.51,13.78,N/A,5763.02,N/A,0,0,0,0,N/A,UNAVAILABLE
1786654281823,Forge,CAPTURE_OFF,1,World Flythrough,56.79,17.61,13.78,N/A,5763.02,N/A,0,0,0,0,N/A,UNAVAILABLE
1786654281834,Forge,CAPTURE_OFF,1,World Flythrough,86.05,11.62,13.78,N/A,5763.02,N/A,0,0,0,0,N/A,UNAVAILABLE
1786654281845,Forge,CAPTURE_OFF,1,World Flythrough,93.82,10.66,13.78,N/A,5763.02,N/A,0,0,0,0,N/A,UNAVAILABLE
1786654281896,Forge,CAPTURE_OFF,1,World Flythrough,90.52,11.05,17.45,N/A,5886.32,N/A,0,0,0,0,N/A,UNAVAILABLE
1786654281913,Forge,CAPTURE_OFF,1,World Flythrough,17.63,56.72,17.45,N/A,5886.32,N/A,0,0,0,0,N/A,UNAVAILABLE
1786654281931,Forge,CAPTURE_OFF,1,World Flythrough,54.27,18.43,17.45,N/A,5886.32,N/A,0,0,0,0,N/A,UNAVAILABLE
1786654281944,Forge,CAPTURE_OFF,1,World Flythrough,76.65,13.05,17.45,N/A,5886.32,N/A,0,0,0,0,N/A,UNAVAILABLE
1786654281955,Forge,CAPTURE_OFF,1,World Flythrough,101.86,9.82,17.45,N/A,5886.32,N/A,0,0,0,0,N/A,UNAVAILABLE
1786654281970,Forge,CAPTURE_OFF,1,World Flythrough,63.96,15.63,17.45,N/A,5886.32,N/A,0,0,0,0,N/A,UNAVAILABLE
1786654281982,Forge,CAPTURE_OFF,1,World Flythrough,84.09,11.89,17.45,N/A,5886.32,N/A,0,0,0,0,N/A,UNAVAILABLE
1786654281991,Forge,CAPTURE_OFF,1,World Flythrough,103.74,9.64,17.45,N/A,5886.32,N/A,0,0,0,0,N/A,UNAVAILABLE
1786654282000,Forge,CAPTURE_OFF,1,World Flythrough,105.51,9.48,17.45,N/A,5886.32,N/A,0,0,0,0,N/A,UNAVAILABLE
1786654282018,Forge,CAPTURE_OFF,1,World Flythrough,59.80,16.72,17.45,N/A,5886.32,N/A,0,0,0,0,N/A,UNAVAILABLE
1786654282029,Forge,CAPTURE_OFF,1,World Flythrough,88.81,11.26,17.45,N/A,5886.32,N/A,0,0,0,0,N/A,UNAVAILABLE
1786654282040,Forge,CAPTURE_OFF,1,World Flythrough,88.57,11.29,17.45,N/A,5886.32,N/A,0,0,0,0,N/A,UNAVAILABLE
1786654282050,Forge,CAPTURE_OFF,1,World Flythrough,103.88,9.63,17.45,N/A,5886.32,N/A,0,0,0,0,N/A,UNAVAILABLE
1786654282064,Forge,CAPTURE_OFF,1,World Flythrough,69.57,14.37,17.45,N/A,5886.32,N/A,0,0,0,0,N/A,UNAVAILABLE
1786654282074,Forge,CAPTURE_OFF,1,World Flythrough,107.26,9.32,17.45,N/A,5886.32,N/A,0,0,0,0,N/A,UNAVAILABLE
1786654282084,Forge,CAPTURE_OFF,1,World Flythrough,94.76,10.55,17.45,N/A,5886.32,N/A,0,0,0,0,N/A,UNAVAILABLE
1786654282093,Forge,CAPTURE_OFF,1,World Flythrough,111.30,8.98,17.45,N/A,5886.32,N/A,0,0,0,0,N/A,UNAVAILABLE
1786654282106,Forge,CAPTURE_OFF,1,World Flythrough,74.62,13.40,17.45,N/A,5886.32,N/A,0,0,0,0,N/A,UNAVAILABLE
1786654282127,Forge,CAPTURE_OFF,1,World Flythrough,48.17,20.76,17.45,N/A,5886.32,N/A,0,0,0,0,N/A,UNAVAILABLE
1786654282139,Forge,CAPTURE_OFF,1,World Flythrough,82.46,12.13,17.45,N/A,5886.32,N/A,0,0,0,0,N/A,UNAVAILABLE
1786654282151,Forge,CAPTURE_OFF,1,World Flythrough,76.81,13.02,17.45,N/A,5886.32,N/A,0,0,0,0,N/A,UNAVAILABLE
1786654282167,Forge,CAPTURE_OFF,1,World Flythrough,66.70,14.99,17.45,N/A,5886.32,N/A,0,0,0,0,N/A,UNAVAILABLE
1786654282182,Forge,CAPTURE_OFF,1,World Flythrough,65.90,15.17,17.45,N/A,5886.32,N/A,0,0,0,0,N/A,UNAVAILABLE
1786654282197,Forge,CAPTURE_OFF,1,World Flythrough,70.55,14.17,17.45,N/A,5886.32,N/A,0,0,0,0,N/A,UNAVAILABLE
1786654282216,Forge,CAPTURE_OFF,1,World Flythrough,52.43,19.07,17.45,N/A,5886.32,N/A,0,0,0,0,N/A,UNAVAILABLE
1786654282229,Forge,CAPTURE_OFF,1,World Flythrough,77.27,12.94,17.45,N/A,5886.32,N/A,0,0,0,0,N/A,UNAVAILABLE
1786654282243,Forge,CAPTURE_OFF,1,World Flythrough,71.69,13.95,17.45,N/A,5886.32,N/A,0,0,0,0,N/A,UNAVAILABLE
1786654282256,Forge,CAPTURE_OFF,1,World Flythrough,77.44,12.91,17.45,N/A,5886.32,N/A,0,0,0,0,N/A,UNAVAILABLE
1786654282276,Forge,CAPTURE_OFF,1,World Flythrough,51.35,19.48,17.45,N/A,5886.32,N/A,0,0,0,0,N/A,UNAVAILABLE
1786654282293,Forge,CAPTURE_OFF,1,World Flythrough,57.28,17.46,17.45,N/A,5886.32,N/A,0,0,0,0,N/A,UNAVAILABLE
1786654282304,Forge,CAPTURE_OFF,1,World Flythrough,87.42,11.44,17.45,N/A,5886.32,N/A,0,0,0,0,N/A,UNAVAILABLE
1786654282321,Forge,CAPTURE_OFF,1,World Flythrough,57.93,17.26,17.45,N/A,5886.32,N/A,0,0,0,0,N/A,UNAVAILABLE
1786654282336,Forge,CAPTURE_OFF,1,World Flythrough,63.49,15.75,17.45,N/A,5886.32,N/A,0,0,0,0,N/A,UNAVAILABLE
1786654282350,Forge,CAPTURE_OFF,1,World Flythrough,82.32,12.15,17.45,N/A,5886.32,N/A,0,0,0,0,N/A,UNAVAILABLE
1786654282375,Forge,CAPTURE_OFF,1,World Flythrough,39.69,25.20,17.45,N/A,5886.32,N/A,0,0,0,0,N/A,UNAVAILABLE
1786654282395,Forge,CAPTURE_OFF,1,World Flythrough,50.00,20.00,17.45,N/A,5886.32,N/A,0,0,0,0,N/A,UNAVAILABLE
1786654282416,Forge,CAPTURE_OFF,1,World Flythrough,46.45,21.53,17.45,N/A,5886.32,N/A,0,0,0,0,N/A,UNAVAILABLE
1786654282441,Forge,CAPTURE_OFF,1,World Flythrough,38.72,25.82,17.45,N/A,5886.32,N/A,0,0,0,0,N/A,UNAVAILABLE
1786654282460,Forge,CAPTURE_OFF,1,World Flythrough,53.48,18.70,17.45,N/A,5886.32,N/A,0,0,0,0,N/A,UNAVAILABLE
1786654282485,Forge,CAPTURE_OFF,1,World Flythrough,40.97,24.41,17.45,N/A,5886.32,N/A,0,0,0,0,N/A,UNAVAILABLE
1786654282510,Forge,CAPTURE_OFF,1,World Flythrough,38.53,25.96,17.45,N/A,5886.32,N/A,0,0,0,0,N/A,UNAVAILABLE
1786654282541,Forge,CAPTURE_OFF,1,World Flythrough,32.67,30.61,17.45,N/A,5886.32,N/A,0,0,0,0,N/A,UNAVAILABLE
1786654282557,Forge,CAPTURE_OFF,1,World Flythrough,62.55,15.99,17.45,N/A,5886.32,N/A,0,0,0,0,N/A,UNAVAILABLE
1786654282580,Forge,CAPTURE_OFF,1,World Flythrough,43.77,22.85,17.45,N/A,5886.32,N/A,0,0,0,0,N/A,UNAVAILABLE
1786654282596,Forge,CAPTURE_OFF,1,World Flythrough,60.87,16.43,17.45,N/A,5886.32,N/A,0,0,0,0,N/A,UNAVAILABLE
1786654282617,Forge,CAPTURE_OFF,1,World Flythrough,48.01,20.83,17.45,N/A,5886.32,N/A,0,0,0,0,N/A,UNAVAILABLE
1786654282632,Forge,CAPTURE_OFF,1,World Flythrough,68.30,14.64,17.45,N/A,5886.32,N/A,0,0,0,0,N/A,UNAVAILABLE
1786654282646,Forge,CAPTURE_OFF,1,World Flythrough,67.68,14.78,17.45,N/A,5886.32,N/A,0,0,0,0,N/A,UNAVAILABLE
1786654282670,Forge,CAPTURE_OFF,1,World Flythrough,43.98,22.74,17.45,N/A,5886.32,N/A,0,0,0,0,N/A,UNAVAILABLE
1786654282687,Forge,CAPTURE_OFF,1,World Flythrough,58.10,17.21,17.45,N/A,5886.32,N/A,0,0,0,0,N/A,UNAVAILABLE
1786654282707,Forge,CAPTURE_OFF,1,World Flythrough,50.43,19.83,17.45,N/A,5886.32,N/A,0,0,0,0,N/A,UNAVAILABLE
1786654282729,Forge,CAPTURE_OFF,1,World Flythrough,44.32,22.57,17.45,N/A,5886.32,N/A,0,0,0,0,N/A,UNAVAILABLE
1786654282746,Forge,CAPTURE_OFF,1,World Flythrough,57.38,17.43,17.45,N/A,5886.32,N/A,0,0,0,0,N/A,UNAVAILABLE
1786654282763,Forge,CAPTURE_OFF,1,World Flythrough,60.11,16.64,17.45,N/A,5886.32,N/A,0,0,0,0,N/A,UNAVAILABLE
1786654282786,Forge,CAPTURE_OFF,1,World Flythrough,45.40,22.03,17.45,N/A,5886.32,N/A,0,0,0,0,N/A,UNAVAILABLE
1786654282802,Forge,CAPTURE_OFF,1,World Flythrough,59.07,16.93,17.45,N/A,5886.32,N/A,0,0,0,0,N/A,UNAVAILABLE
1786654282830,Forge,CAPTURE_OFF,1,World Flythrough,36.33,27.53,17.45,N/A,5886.32,N/A,0,0,0,0,N/A,UNAVAILABLE
1786654282845,Forge,CAPTURE_OFF,1,World Flythrough,65.66,15.23,17.45,N/A,5886.32,N/A,0,0,0,0,N/A,UNAVAILABLE
1786654282906,Forge,CAPTURE_OFF,1,World Flythrough,54.14,18.47,26.21,N/A,5309.13,N/A,0,0,0,0,N/A,UNAVAILABLE
1786654282935,Forge,CAPTURE_OFF,1,World Flythrough,13.90,71.96,26.21,N/A,5309.13,N/A,0,0,0,0,N/A,UNAVAILABLE
1786654282954,Forge,CAPTURE_OFF,1,World Flythrough,54.19,18.45,26.21,N/A,5309.13,N/A,0,0,0,0,N/A,UNAVAILABLE
1786654282977,Forge,CAPTURE_OFF,1,World Flythrough,43.96,22.75,26.21,N/A,5309.13,N/A,0,0,0,0,N/A,UNAVAILABLE
1786654282993,Forge,CAPTURE_OFF,1,World Flythrough,60.86,16.43,26.21,N/A,5309.13,N/A,0,0,0,0,N/A,UNAVAILABLE
1786654283009,Forge,CAPTURE_OFF,1,World Flythrough,64.04,15.62,26.21,N/A,5309.13,N/A,0,0,0,0,N/A,UNAVAILABLE
1786654283030,Forge,CAPTURE_OFF,1,World Flythrough,45.34,22.06,26.21,N/A,5309.13,N/A,0,0,0,0,N/A,UNAVAILABLE
1786654283048,Forge,CAPTURE_OFF,1,World Flythrough,59.79,16.73,26.21,N/A,5309.13,N/A,0,0,0,0,N/A,UNAVAILABLE
1786654283068,Forge,CAPTURE_OFF,1,World Flythrough,48.11,20.78,26.21,N/A,5309.13,N/A,0,0,0,0,N/A,UNAVAILABLE
1786654283087,Forge,CAPTURE_OFF,1,World Flythrough,54.59,18.32,26.21,N/A,5309.13,N/A,0,0,0,0,N/A,UNAVAILABLE
1786654283104,Forge,CAPTURE_OFF,1,World Flythrough,55.14,18.14,26.21,N/A,5309.13,N/A,0,0,0,0,N/A,UNAVAILABLE
1786654283127,Forge,CAPTURE_OFF,1,World Flythrough,43.64,22.91,26.21,N/A,5309.13,N/A,0,0,0,0,N/A,UNAVAILABLE
1786654283146,Forge,CAPTURE_OFF,1,World Flythrough,51.64,19.37,26.21,N/A,5309.13,N/A,0,0,0,0,N/A,UNAVAILABLE
1786654283161,Forge,CAPTURE_OFF,1,World Flythrough,68.69,14.56,26.21,N/A,5309.13,N/A,0,0,0,0,N/A,UNAVAILABLE
1786654283185,Forge,CAPTURE_OFF,1,World Flythrough,43.44,23.02,26.21,N/A,5309.13,N/A,0,0,0,0,N/A,UNAVAILABLE
1786654283206,Forge,CAPTURE_OFF,1,World Flythrough,47.50,21.05,26.21,N/A,5309.13,N/A,0,0,0,0,N/A,UNAVAILABLE
1786654283231,Forge,CAPTURE_OFF,1,World Flythrough,40.21,24.87,26.21,N/A,5309.13,N/A,0,0,0,0,N/A,UNAVAILABLE
1786654283244,Forge,CAPTURE_OFF,1,World Flythrough,71.04,14.08,26.21,N/A,5309.13,N/A,0,0,0,0,N/A,UNAVAILABLE
1786654283256,Forge,CAPTURE_OFF,1,World Flythrough,82.21,12.16,26.21,N/A,5309.13,N/A,0,0,0,0,N/A,UNAVAILABLE
1786654283276,Forge,CAPTURE_OFF,1,World Flythrough,53.68,18.63,26.21,N/A,5309.13,N/A,0,0,0,0,N/A,UNAVAILABLE
1786654283292,Forge,CAPTURE_OFF,1,World Flythrough,57.02,17.54,26.21,N/A,5309.13,N/A,0,0,0,0,N/A,UNAVAILABLE
1786654283305,Forge,CAPTURE_OFF,1,World Flythrough,78.61,12.72,26.21,N/A,5309.13,N/A,0,0,0,0,N/A,UNAVAILABLE
1786654283325,Forge,CAPTURE_OFF,1,World Flythrough,50.81,19.68,26.21,N/A,5309.13,N/A,0,0,0,0,N/A,UNAVAILABLE
1786654283338,Forge,CAPTURE_OFF,1,World Flythrough,78.44,12.75,26.21,N/A,5309.13,N/A,0,0,0,0,N/A,UNAVAILABLE
1786654283354,Forge,CAPTURE_OFF,1,World Flythrough,63.86,15.66,26.21,N/A,5309.13,N/A,0,0,0,0,N/A,UNAVAILABLE
1786654283373,Forge,CAPTURE_OFF,1,World Flythrough,51.94,19.25,26.21,N/A,5309.13,N/A,0,0,0,0,N/A,UNAVAILABLE
1786654283390,Forge,CAPTURE_OFF,1,World Flythrough,56.70,17.64,26.21,N/A,5309.13,N/A,0,0,0,0,N/A,UNAVAILABLE
1786654283408,Forge,CAPTURE_OFF,1,World Flythrough,57.05,17.53,26.21,N/A,5309.13,N/A,0,0,0,0,N/A,UNAVAILABLE
1786654283430,Forge,CAPTURE_OFF,1,World Flythrough,46.46,21.52,26.21,N/A,5309.13,N/A,0,0,0,0,N/A,UNAVAILABLE
1786654283443,Forge,CAPTURE_OFF,1,World Flythrough,73.56,13.59,26.21,N/A,5309.13,N/A,0,0,0,0,N/A,UNAVAILABLE
1786654283462,Forge,CAPTURE_OFF,1,World Flythrough,55.02,18.17,26.21,N/A,5309.13,N/A,0,0,0,0,N/A,UNAVAILABLE
1786654283486,Forge,CAPTURE_OFF,1,World Flythrough,40.83,24.49,26.21,N/A,5309.13,N/A,0,0,0,0,N/A,UNAVAILABLE
1786654283503,Forge,CAPTURE_OFF,1,World Flythrough,58.50,17.09,26.21,N/A,5309.13,N/A,0,0,0,0,N/A,UNAVAILABLE
1786654283526,Forge,CAPTURE_OFF,1,World Flythrough,43.08,23.21,26.21,N/A,5309.13,N/A,0,0,0,0,N/A,UNAVAILABLE
1786654283548,Forge,CAPTURE_OFF,1,World Flythrough,46.83,21.35,26.21,N/A,5309.13,N/A,0,0,0,0,N/A,UNAVAILABLE
1786654283569,Forge,CAPTURE_OFF,1,World Flythrough,45.33,22.06,26.21,N/A,5309.13,N/A,0,0,0,0,N/A,UNAVAILABLE
1786654283582,Forge,CAPTURE_OFF,1,World Flythrough,75.78,13.20,26.21,N/A,5309.13,N/A,0,0,0,0,N/A,UNAVAILABLE
1786654283601,Forge,CAPTURE_OFF,1,World Flythrough,54.03,18.51,26.21,N/A,5309.13,N/A,0,0,0,0,N/A,UNAVAILABLE
1786654283621,Forge,CAPTURE_OFF,1,World Flythrough,50.97,19.62,26.21,N/A,5309.13,N/A,0,0,0,0,N/A,UNAVAILABLE
1786654283638,Forge,CAPTURE_OFF,1,World Flythrough,61.40,16.29,26.21,N/A,5309.13,N/A,0,0,0,0,N/A,UNAVAILABLE
1786654283654,Forge,CAPTURE_OFF,1,World Flythrough,61.25,16.33,26.21,N/A,5309.13,N/A,0,0,0,0,N/A,UNAVAILABLE
1786654283674,Forge,CAPTURE_OFF,1,World Flythrough,48.02,20.82,26.21,N/A,5309.13,N/A,0,0,0,0,N/A,UNAVAILABLE
1786654283695,Forge,CAPTURE_OFF,1,World Flythrough,46.59,21.46,26.21,N/A,5309.13,N/A,0,0,0,0,N/A,UNAVAILABLE
1786654283711,Forge,CAPTURE_OFF,1,World Flythrough,65.31,15.31,26.21,N/A,5309.13,N/A,0,0,0,0,N/A,UNAVAILABLE
1786654283732,Forge,CAPTURE_OFF,1,World Flythrough,48.09,20.79,26.21,N/A,5309.13,N/A,0,0,0,0,N/A,UNAVAILABLE
1786654283747,Forge,CAPTURE_OFF,1,World Flythrough,68.67,14.56,26.21,N/A,5309.13,N/A,0,0,0,0,N/A,UNAVAILABLE
1786654283765,Forge,CAPTURE_OFF,1,World Flythrough,54.17,18.46,26.21,N/A,5309.13,N/A,0,0,0,0,N/A,UNAVAILABLE
1786654283777,Forge,CAPTURE_OFF,1,World Flythrough,84.72,11.80,26.21,N/A,5309.13,N/A,0,0,0,0,N/A,UNAVAILABLE
1786654283788,Forge,CAPTURE_OFF,1,World Flythrough,92.67,10.79,26.21,N/A,5309.13,N/A,0,0,0,0,N/A,UNAVAILABLE
1786654283801,Forge,CAPTURE_OFF,1,World Flythrough,78.58,12.73,26.21,N/A,5309.13,N/A,0,0,0,0,N/A,UNAVAILABLE
1786654283820,Forge,CAPTURE_OFF,1,World Flythrough,52.12,19.19,26.21,N/A,5309.13,N/A,0,0,0,0,N/A,UNAVAILABLE
1786654283833,Forge,CAPTURE_OFF,1,World Flythrough,70.64,14.16,26.21,N/A,5309.13,N/A,0,0,0,0,N/A,UNAVAILABLE
1786654283843,Forge,CAPTURE_OFF,1,World Flythrough,104.81,9.54,26.21,N/A,5309.13,N/A,0,0,0,0,N/A,UNAVAILABLE
1786654283852,Forge,CAPTURE_OFF,1,World Flythrough,110.64,9.04,26.21,N/A,5309.13,N/A,0,0,0,0,N/A,UNAVAILABLE
1786654283896,Forge,CAPTURE_OFF,1,World Flythrough,79.45,12.59,26.48,N/A,5489.13,N/A,0,0,0,0,N/A,UNAVAILABLE
1786654283904,Forge,CAPTURE_OFF,1,World Flythrough,25.59,39.08,26.48,N/A,5489.13,N/A,0,0,0,0,N/A,UNAVAILABLE
1786654283918,Forge,CAPTURE_OFF,1,World Flythrough,74.86,13.36,26.48,N/A,5489.13,N/A,0,0,0,0,N/A,UNAVAILABLE
1786654283927,Forge,CAPTURE_OFF,1,World Flythrough,101.71,9.83,26.48,N/A,5489.13,N/A,0,0,0,0,N/A,UNAVAILABLE
1786654283937,Forge,CAPTURE_OFF,1,World Flythrough,100.32,9.97,26.48,N/A,5489.13,N/A,0,0,0,0,N/A,UNAVAILABLE
1786654283946,Forge,CAPTURE_OFF,1,World Flythrough,110.81,9.02,26.48,N/A,5489.13,N/A,0,0,0,0,N/A,UNAVAILABLE
1786654283956,Forge,CAPTURE_OFF,1,World Flythrough,101.69,9.83,26.48,N/A,5489.13,N/A,0,0,0,0,N/A,UNAVAILABLE
1786654283970,Forge,CAPTURE_OFF,1,World Flythrough,67.48,14.82,26.48,N/A,5489.13,N/A,0,0,0,0,N/A,UNAVAILABLE
1786654283979,Forge,CAPTURE_OFF,1,World Flythrough,115.09,8.69,26.48,N/A,5489.13,N/A,0,0,0,0,N/A,UNAVAILABLE
1786654283991,Forge,CAPTURE_OFF,1,World Flythrough,83.01,12.05,26.48,N/A,5489.13,N/A,0,0,0,0,N/A,UNAVAILABLE
1786654284004,Forge,CAPTURE_OFF,1,World Flythrough,79.20,12.63,26.48,N/A,5489.13,N/A,0,0,0,0,N/A,UNAVAILABLE
1786654284022,Forge,CAPTURE_OFF,1,World Flythrough,56.55,17.68,26.48,N/A,5489.13,N/A,0,0,0,0,N/A,UNAVAILABLE
1786654284033,Forge,CAPTURE_OFF,1,World Flythrough,82.35,12.14,26.48,N/A,5489.13,N/A,0,0,0,0,N/A,UNAVAILABLE
1786654284048,Forge,CAPTURE_OFF,1,World Flythrough,70.11,14.26,26.48,N/A,5489.13,N/A,0,0,0,0,N/A,UNAVAILABLE
1786654284065,Forge,CAPTURE_OFF,1,World Flythrough,56.64,17.66,26.48,N/A,5489.13,N/A,0,0,0,0,N/A,UNAVAILABLE
1786654284076,Forge,CAPTURE_OFF,1,World Flythrough,90.75,11.02,26.48,N/A,5489.13,N/A,0,0,0,0,N/A,UNAVAILABLE
1786654284085,Forge,CAPTURE_OFF,1,World Flythrough,118.06,8.47,26.48,N/A,5489.13,N/A,0,0,0,0,N/A,UNAVAILABLE
1786654284098,Forge,CAPTURE_OFF,1,World Flythrough,78.35,12.76,26.48,N/A,5489.13,N/A,0,0,0,0,N/A,UNAVAILABLE
1786654284114,Forge,CAPTURE_OFF,1,World Flythrough,60.91,16.42,26.48,N/A,5489.13,N/A,0,0,0,0,N/A,UNAVAILABLE
1786654284125,Forge,CAPTURE_OFF,1,World Flythrough,96.25,10.39,26.48,N/A,5489.13,N/A,0,0,0,0,N/A,UNAVAILABLE
1786654284132,Forge,CAPTURE_OFF,1,World Flythrough,126.39,7.91,26.48,N/A,5489.13,N/A,0,0,0,0,N/A,UNAVAILABLE
1786654284141,Forge,CAPTURE_OFF,1,World Flythrough,116.47,8.59,26.48,N/A,5489.13,N/A,0,0,0,0,N/A,UNAVAILABLE
1786654284152,Forge,CAPTURE_OFF,1,World Flythrough,91.64,10.91,26.48,N/A,5489.13,N/A,0,0,0,0,N/A,UNAVAILABLE
1786654284166,Forge,CAPTURE_OFF,1,World Flythrough,74.46,13.43,26.48,N/A,5489.13,N/A,0,0,0,0,N/A,UNAVAILABLE
1786654284178,Forge,CAPTURE_OFF,1,World Flythrough,81.52,12.27,26.48,N/A,5489.13,N/A,0,0,0,0,N/A,UNAVAILABLE
1786654284190,Forge,CAPTURE_OFF,1,World Flythrough,87.96,11.37,26.48,N/A,5489.13,N/A,0,0,0,0,N/A,UNAVAILABLE
1786654284197,Forge,CAPTURE_OFF,1,World Flythrough,135.81,7.36,26.48,N/A,5489.13,N/A,0,0,0,0,N/A,UNAVAILABLE
1786654284208,Forge,CAPTURE_OFF,1,World Flythrough,88.72,11.27,26.48,N/A,5489.13,N/A,0,0,0,0,N/A,UNAVAILABLE
1786654284224,Forge,CAPTURE_OFF,1,World Flythrough,59.38,16.84,26.48,N/A,5489.13,N/A,0,0,0,0,N/A,UNAVAILABLE
1786654284235,Forge,CAPTURE_OFF,1,World Flythrough,93.16,10.73,26.48,N/A,5489.13,N/A,0,0,0,0,N/A,UNAVAILABLE
1786654284246,Forge,CAPTURE_OFF,1,World Flythrough,94.01,10.64,26.48,N/A,5489.13,N/A,0,0,0,0,N/A,UNAVAILABLE
1786654284256,Forge,CAPTURE_OFF,1,World Flythrough,103.35,9.68,26.48,N/A,5489.13,N/A,0,0,0,0,N/A,UNAVAILABLE
1786654284274,Forge,CAPTURE_OFF,1,World Flythrough,56.81,17.60,26.48,N/A,5489.13,N/A,0,0,0,0,N/A,UNAVAILABLE
1786654284284,Forge,CAPTURE_OFF,1,World Flythrough,89.18,11.21,26.48,N/A,5489.13,N/A,0,0,0,0,N/A,UNAVAILABLE
1786654284296,Forge,CAPTURE_OFF,1,World Flythrough,89.17,11.21,26.48,N/A,5489.13,N/A,0,0,0,0,N/A,UNAVAILABLE
1786654284309,Forge,CAPTURE_OFF,1,World Flythrough,74.91,13.35,26.48,N/A,5489.13,N/A,0,0,0,0,N/A,UNAVAILABLE
1786654284322,Forge,CAPTURE_OFF,1,World Flythrough,76.03,13.15,26.48,N/A,5489.13,N/A,0,0,0,0,N/A,UNAVAILABLE
1786654284333,Forge,CAPTURE_OFF,1,World Flythrough,95.36,10.49,26.48,N/A,5489.13,N/A,0,0,0,0,N/A,UNAVAILABLE
1786654284345,Forge,CAPTURE_OFF,1,World Flythrough,81.98,12.20,26.48,N/A,5489.13,N/A,0,0,0,0,N/A,UNAVAILABLE
1786654284356,Forge,CAPTURE_OFF,1,World Flythrough,94.26,10.61,26.48,N/A,5489.13,N/A,0,0,0,0,N/A,UNAVAILABLE
1786654284376,Forge,CAPTURE_OFF,1,World Flythrough,49.34,20.27,26.48,N/A,5489.13,N/A,0,0,0,0,N/A,UNAVAILABLE
1786654284385,Forge,CAPTURE_OFF,1,World Flythrough,109.19,9.16,26.48,N/A,5489.13,N/A,0,0,0,0,N/A,UNAVAILABLE
1786654284400,Forge,CAPTURE_OFF,1,World Flythrough,66.26,15.09,26.48,N/A,5489.13,N/A,0,0,0,0,N/A,UNAVAILABLE
1786654284417,Forge,CAPTURE_OFF,1,World Flythrough,55.95,17.87,26.48,N/A,5489.13,N/A,0,0,0,0,N/A,UNAVAILABLE
1786654284430,Forge,CAPTURE_OFF,1,World Flythrough,83.86,11.92,26.48,N/A,5489.13,N/A,0,0,0,0,N/A,UNAVAILABLE
1786654284441,Forge,CAPTURE_OFF,1,World Flythrough,85.42,11.71,26.48,N/A,5489.13,N/A,0,0,0,0,N/A,UNAVAILABLE
1786654284456,Forge,CAPTURE_OFF,1,World Flythrough,72.25,13.84,26.48,N/A,5489.13,N/A,0,0,0,0,N/A,UNAVAILABLE
1786654284473,Forge,CAPTURE_OFF,1,World Flythrough,57.94,17.26,26.48,N/A,5489.13,N/A,0,0,0,0,N/A,UNAVAILABLE
1786654284485,Forge,CAPTURE_OFF,1,World Flythrough,78.38,12.76,26.48,N/A,5489.13,N/A,0,0,0,0,N/A,UNAVAILABLE
1786654284498,Forge,CAPTURE_OFF,1,World Flythrough,78.87,12.68,26.48,N/A,5489.13,N/A,0,0,0,0,N/A,UNAVAILABLE
1786654284515,Forge,CAPTURE_OFF,1,World Flythrough,58.35,17.14,26.48,N/A,5489.13,N/A,0,0,0,0,N/A,UNAVAILABLE
1786654284528,Forge,CAPTURE_OFF,1,World Flythrough,78.77,12.70,26.48,N/A,5489.13,N/A,0,0,0,0,N/A,UNAVAILABLE
1786654284540,Forge,CAPTURE_OFF,1,World Flythrough,81.66,12.25,26.48,N/A,5489.13,N/A,0,0,0,0,N/A,UNAVAILABLE
1786654284551,Forge,CAPTURE_OFF,1,World Flythrough,93.42,10.70,26.48,N/A,5489.13,N/A,0,0,0,0,N/A,UNAVAILABLE
1786654284566,Forge,CAPTURE_OFF,1,World Flythrough,66.22,15.10,26.48,N/A,5489.13,N/A,0,0,0,0,N/A,UNAVAILABLE
1786654284577,Forge,CAPTURE_OFF,1,World Flythrough,92.09,10.86,26.48,N/A,5489.13,N/A,0,0,0,0,N/A,UNAVAILABLE
1786654284586,Forge,CAPTURE_OFF,1,World Flythrough,103.68,9.65,26.48,N/A,5489.13,N/A,0,0,0,0,N/A,UNAVAILABLE
1786654284597,Forge,CAPTURE_OFF,1,World Flythrough,98.33,10.17,26.48,N/A,5489.13,N/A,0,0,0,0,N/A,UNAVAILABLE
1786654284615,Forge,CAPTURE_OFF,1,World Flythrough,55.89,17.89,26.48,N/A,5489.13,N/A,0,0,0,0,N/A,UNAVAILABLE
1786654284627,Forge,CAPTURE_OFF,1,World Flythrough,82.74,12.09,26.48,N/A,5489.13,N/A,0,0,0,0,N/A,UNAVAILABLE
1786654284639,Forge,CAPTURE_OFF,1,World Flythrough,82.23,12.16,26.48,N/A,5489.13,N/A,0,0,0,0,N/A,UNAVAILABLE
1786654284649,Forge,CAPTURE_OFF,1,World Flythrough,96.67,10.34,26.48,N/A,5489.13,N/A,0,0,0,0,N/A,UNAVAILABLE
1786654284664,Forge,CAPTURE_OFF,1,World Flythrough,69.81,14.33,26.48,N/A,5489.13,N/A,0,0,0,0,N/A,UNAVAILABLE
1786654284673,Forge,CAPTURE_OFF,1,World Flythrough,98.94,10.11,26.48,N/A,5489.13,N/A,0,0,0,0,N/A,UNAVAILABLE
1786654284683,Forge,CAPTURE_OFF,1,World Flythrough,104.72,9.55,26.48,N/A,5489.13,N/A,0,0,0,0,N/A,UNAVAILABLE
1786654284693,Forge,CAPTURE_OFF,1,World Flythrough,109.60,9.12,26.48,N/A,5489.13,N/A,0,0,0,0,N/A,UNAVAILABLE
1786654284701,Forge,CAPTURE_OFF,1,World Flythrough,117.44,8.52,26.48,N/A,5489.13,N/A,0,0,0,0,N/A,UNAVAILABLE
1786654284715,Forge,CAPTURE_OFF,1,World Flythrough,69.10,14.47,26.48,N/A,5489.13,N/A,0,0,0,0,N/A,UNAVAILABLE
1786654284732,Forge,CAPTURE_OFF,1,World Flythrough,59.43,16.83,26.48,N/A,5489.13,N/A,0,0,0,0,N/A,UNAVAILABLE
1786654284747,Forge,CAPTURE_OFF,1,World Flythrough,68.99,14.50,26.48,N/A,5489.13,N/A,0,0,0,0,N/A,UNAVAILABLE
1786654284767,Forge,CAPTURE_OFF,1,World Flythrough,50.13,19.95,26.48,N/A,5489.13,N/A,0,0,0,0,N/A,UNAVAILABLE
1786654284784,Forge,CAPTURE_OFF,1,World Flythrough,60.70,16.48,26.48,N/A,5489.13,N/A,0,0,0,0,N/A,UNAVAILABLE
1786654284797,Forge,CAPTURE_OFF,1,World Flythrough,69.80,14.33,26.48,N/A,5489.13,N/A,0,0,0,0,N/A,UNAVAILABLE
1786654284806,Forge,CAPTURE_OFF,1,World Flythrough,106.34,9.40,26.48,N/A,5489.13,N/A,0,0,0,0,N/A,UNAVAILABLE
1786654284823,Forge,CAPTURE_OFF,1,World Flythrough,62.02,16.12,26.48,N/A,5489.13,N/A,0,0,0,0,N/A,UNAVAILABLE
1786654284834,Forge,CAPTURE_OFF,1,World Flythrough,89.08,11.23,26.48,N/A,5489.13,N/A,0,0,0,0,N/A,UNAVAILABLE
1786654284844,Forge,CAPTURE_OFF,1,World Flythrough,104.21,9.60,26.48,N/A,5489.13,N/A,0,0,0,0,N/A,UNAVAILABLE
1786654284854,Forge,CAPTURE_OFF,1,World Flythrough,100.51,9.95,26.48,N/A,5489.13,N/A,0,0,0,0,N/A,UNAVAILABLE
1786654284907,Forge,CAPTURE_OFF,1,World Flythrough,61.83,16.17,18.18,N/A,5597.13,N/A,0,0,0,0,N/A,UNAVAILABLE
1786654284925,Forge,CAPTURE_OFF,1,World Flythrough,18.01,55.54,18.18,N/A,5597.13,N/A,0,0,0,0,N/A,UNAVAILABLE
1786654284937,Forge,CAPTURE_OFF,1,World Flythrough,85.34,11.72,18.18,N/A,5597.13,N/A,0,0,0,0,N/A,UNAVAILABLE
1786654284947,Forge,CAPTURE_OFF,1,World Flythrough,94.55,10.58,18.18,N/A,5597.13,N/A,0,0,0,0,N/A,UNAVAILABLE
1786654284959,Forge,CAPTURE_OFF,1,World Flythrough,89.27,11.20,18.18,N/A,5597.13,N/A,0,0,0,0,N/A,UNAVAILABLE
1786654284973,Forge,CAPTURE_OFF,1,World Flythrough,68.29,14.64,18.18,N/A,5597.13,N/A,0,0,0,0,N/A,UNAVAILABLE
1786654284983,Forge,CAPTURE_OFF,1,World Flythrough,101.02,9.90,18.18,N/A,5597.13,N/A,0,0,0,0,N/A,UNAVAILABLE
1786654284993,Forge,CAPTURE_OFF,1,World Flythrough,99.43,10.06,18.18,N/A,5597.13,N/A,0,0,0,0,N/A,UNAVAILABLE
1786654285004,Forge,CAPTURE_OFF,1,World Flythrough,99.90,10.01,18.18,N/A,5597.13,N/A,0,0,0,0,N/A,UNAVAILABLE
1786654285022,Forge,CAPTURE_OFF,1,World Flythrough,53.56,18.67,18.18,N/A,5597.13,N/A,0,0,0,0,N/A,UNAVAILABLE
1786654285032,Forge,CAPTURE_OFF,1,World Flythrough,100.03,10.00,18.18,N/A,5597.13,N/A,0,0,0,0,N/A,UNAVAILABLE
1786654285043,Forge,CAPTURE_OFF,1,World Flythrough,85.47,11.70,18.18,N/A,5597.13,N/A,0,0,0,0,N/A,UNAVAILABLE
1786654285054,Forge,CAPTURE_OFF,1,World Flythrough,93.21,10.73,18.18,N/A,5597.13,N/A,0,0,0,0,N/A,UNAVAILABLE
1786654285072,Forge,CAPTURE_OFF,1,World Flythrough,55.87,17.90,18.18,N/A,5597.13,N/A,0,0,0,0,N/A,UNAVAILABLE
1786654285082,Forge,CAPTURE_OFF,1,World Flythrough,96.65,10.35,18.18,N/A,5597.13,N/A,0,0,0,0,N/A,UNAVAILABLE
1786654285093,Forge,CAPTURE_OFF,1,World Flythrough,93.11,10.74,18.18,N/A,5597.13,N/A,0,0,0,0,N/A,UNAVAILABLE
1786654285103,Forge,CAPTURE_OFF,1,World Flythrough,105.41,9.49,18.18,N/A,5597.13,N/A,0,0,0,0,N/A,UNAVAILABLE
1786654285119,Forge,CAPTURE_OFF,1,World Flythrough,61.46,16.27,18.18,N/A,5597.13,N/A,0,0,0,0,N/A,UNAVAILABLE
1786654285130,Forge,CAPTURE_OFF,1,World Flythrough,99.39,10.06,18.18,N/A,5597.13,N/A,0,0,0,0,N/A,UNAVAILABLE
1786654285139,Forge,CAPTURE_OFF,1,World Flythrough,105.51,9.48,18.18,N/A,5597.13,N/A,0,0,0,0,N/A,UNAVAILABLE
1786654285153,Forge,CAPTURE_OFF,1,World Flythrough,74.06,13.50,18.18,N/A,5597.13,N/A,0,0,0,0,N/A,UNAVAILABLE
1786654285167,Forge,CAPTURE_OFF,1,World Flythrough,68.04,14.70,18.18,N/A,5597.13,N/A,0,0,0,0,N/A,UNAVAILABLE
1786654285179,Forge,CAPTURE_OFF,1,World Flythrough,84.85,11.79,18.18,N/A,5597.13,N/A,0,0,0,0,N/A,UNAVAILABLE
1786654285191,Forge,CAPTURE_OFF,1,World Flythrough,87.22,11.47,18.18,N/A,5597.13,N/A,0,0,0,0,N/A,UNAVAILABLE
1786654285207,Forge,CAPTURE_OFF,1,World Flythrough,60.75,16.46,18.18,N/A,5597.13,N/A,0,0,0,0,N/A,UNAVAILABLE
1786654285225,Forge,CAPTURE_OFF,1,World Flythrough,56.79,17.61,18.18,N/A,5597.13,N/A,0,0,0,0,N/A,UNAVAILABLE
1786654285240,Forge,CAPTURE_OFF,1,World Flythrough,64.68,15.46,18.18,N/A,5597.13,N/A,0,0,0,0,N/A,UNAVAILABLE
1786654285252,Forge,CAPTURE_OFF,1,World Flythrough,81.04,12.34,18.18,N/A,5597.13,N/A,0,0,0,0,N/A,UNAVAILABLE
1786654285268,Forge,CAPTURE_OFF,1,World Flythrough,61.15,16.35,18.18,N/A,5597.13,N/A,0,0,0,0,N/A,UNAVAILABLE
1786654285283,Forge,CAPTURE_OFF,1,World Flythrough,69.74,14.34,18.18,N/A,5597.13,N/A,0,0,0,0,N/A,UNAVAILABLE
1786654285299,Forge,CAPTURE_OFF,1,World Flythrough,61.27,16.32,18.18,N/A,5597.13,N/A,0,0,0,0,N/A,UNAVAILABLE
1786654285323,Forge,CAPTURE_OFF,1,World Flythrough,42.55,23.50,18.18,N/A,5597.13,N/A,0,0,0,0,N/A,UNAVAILABLE
1786654285342,Forge,CAPTURE_OFF,1,World Flythrough,50.91,19.64,18.18,N/A,5597.13,N/A,0,0,0,0,N/A,UNAVAILABLE
1786654285360,Forge,CAPTURE_OFF,1,World Flythrough,57.25,17.47,18.18,N/A,5597.13,N/A,0,0,0,0,N/A,UNAVAILABLE
1786654285380,Forge,CAPTURE_OFF,1,World Flythrough,48.89,20.45,18.18,N/A,5597.13,N/A,0,0,0,0,N/A,UNAVAILABLE
1786654285394,Forge,CAPTURE_OFF,1,World Flythrough,73.43,13.62,18.18,N/A,5597.13,N/A,0,0,0,0,N/A,UNAVAILABLE
1786654285409,Forge,CAPTURE_OFF,1,World Flythrough,68.47,14.60,18.18,N/A,5597.13,N/A,0,0,0,0,N/A,UNAVAILABLE
1786654285430,Forge,CAPTURE_OFF,1,World Flythrough,44.82,22.31,18.18,N/A,5597.13,N/A,0,0,0,0,N/A,UNAVAILABLE
1786654285442,Forge,CAPTURE_OFF,1,World Flythrough,87.55,11.42,18.18,N/A,5597.13,N/A,0,0,0,0,N/A,UNAVAILABLE
1786654285456,Forge,CAPTURE_OFF,1,World Flythrough,75.39,13.26,18.18,N/A,5597.13,N/A,0,0,0,0,N/A,UNAVAILABLE
1786654285478,Forge,CAPTURE_OFF,1,World Flythrough,43.64,22.92,18.18,N/A,5597.13,N/A,0,0,0,0,N/A,UNAVAILABLE
1786654285493,Forge,CAPTURE_OFF,1,World Flythrough,70.51,14.18,18.18,N/A,5597.13,N/A,0,0,0,0,N/A,UNAVAILABLE
1786654285508,Forge,CAPTURE_OFF,1,World Flythrough,67.74,14.76,18.18,N/A,5597.13,N/A,0,0,0,0,N/A,UNAVAILABLE
1786654285525,Forge,CAPTURE_OFF,1,World Flythrough,57.62,17.35,18.18,N/A,5597.13,N/A,0,0,0,0,N/A,UNAVAILABLE
1786654285541,Forge,CAPTURE_OFF,1,World Flythrough,63.65,15.71,18.18,N/A,5597.13,N/A,0,0,0,0,N/A,UNAVAILABLE
1786654285554,Forge,CAPTURE_OFF,1,World Flythrough,72.87,13.72,18.18,N/A,5597.13,N/A,0,0,0,0,N/A,UNAVAILABLE
1786654285576,Forge,CAPTURE_OFF,1,World Flythrough,45.55,21.95,18.18,N/A,5597.13,N/A,0,0,0,0,N/A,UNAVAILABLE
1786654285593,Forge,CAPTURE_OFF,1,World Flythrough,62.34,16.04,18.18,N/A,5597.13,N/A,0,0,0,0,N/A,UNAVAILABLE
1786654285606,Forge,CAPTURE_OFF,1,World Flythrough,70.92,14.10,18.18,N/A,5597.13,N/A,0,0,0,0,N/A,UNAVAILABLE
1786654285626,Forge,CAPTURE_OFF,1,World Flythrough,49.96,20.02,18.18,N/A,5597.13,N/A,0,0,0,0,N/A,UNAVAILABLE
1786654285640,Forge,CAPTURE_OFF,1,World Flythrough,69.71,14.34,18.18,N/A,5597.13,N/A,0,0,0,0,N/A,UNAVAILABLE
1786654285653,Forge,CAPTURE_OFF,1,World Flythrough,83.51,11.97,18.18,N/A,5597.13,N/A,0,0,0,0,N/A,UNAVAILABLE
1786654285668,Forge,CAPTURE_OFF,1,World Flythrough,63.29,15.80,18.18,N/A,5597.13,N/A,0,0,0,0,N/A,UNAVAILABLE
1786654285684,Forge,CAPTURE_OFF,1,World Flythrough,62.26,16.06,18.18,N/A,5597.13,N/A,0,0,0,0,N/A,UNAVAILABLE
1786654285695,Forge,CAPTURE_OFF,1,World Flythrough,94.93,10.53,18.18,N/A,5597.13,N/A,0,0,0,0,N/A,UNAVAILABLE
1786654285705,Forge,CAPTURE_OFF,1,World Flythrough,100.84,9.92,18.18,N/A,5597.13,N/A,0,0,0,0,N/A,UNAVAILABLE
1786654285759,Forge,CAPTURE_OFF,1,World Flythrough,18.54,53.94,18.18,N/A,5597.13,N/A,0,0,0,0,N/A,UNAVAILABLE
1786654285809,Forge,CAPTURE_OFF,1,World Flythrough,19.47,51.35,18.18,N/A,5597.13,N/A,0,0,0,0,N/A,UNAVAILABLE
1786654285842,Forge,CAPTURE_OFF,1,World Flythrough,31.75,31.50,18.18,N/A,5597.13,N/A,0,0,0,0,N/A,UNAVAILABLE
1786654285868,Forge,CAPTURE_OFF,1,World Flythrough,38.44,26.01,18.18,N/A,5597.13,N/A,0,0,0,0,N/A,UNAVAILABLE
1786654285923,Forge,CAPTURE_OFF,1,World Flythrough,59.68,16.76,21.84,N/A,5781.13,N/A,0,0,0,0,N/A,UNAVAILABLE
1786654285946,Forge,CAPTURE_OFF,1,World Flythrough,16.10,62.13,21.84,N/A,5781.13,N/A,0,0,0,0,N/A,UNAVAILABLE
1786654285970,Forge,CAPTURE_OFF,1,World Flythrough,41.79,23.93,21.84,N/A,5781.13,N/A,0,0,0,0,N/A,UNAVAILABLE
1786654285984,Forge,CAPTURE_OFF,1,World Flythrough,73.68,13.57,21.84,N/A,5781.13,N/A,0,0,0,0,N/A,UNAVAILABLE
1786654285997,Forge,CAPTURE_OFF,1,World Flythrough,78.46,12.75,21.84,N/A,5781.13,N/A,0,0,0,0,N/A,UNAVAILABLE
1786654286016,Forge,CAPTURE_OFF,1,World Flythrough,52.77,18.95,21.84,N/A,5781.13,N/A,0,0,0,0,N/A,UNAVAILABLE
1786654286030,Forge,CAPTURE_OFF,1,World Flythrough,69.64,14.36,21.84,N/A,5781.13,N/A,0,0,0,0,N/A,UNAVAILABLE
1786654286043,Forge,CAPTURE_OFF,1,World Flythrough,76.75,13.03,21.84,N/A,5781.13,N/A,0,0,0,0,N/A,UNAVAILABLE
1786654286059,Forge,CAPTURE_OFF,1,World Flythrough,63.96,15.63,21.84,N/A,5781.13,N/A,0,0,0,0,N/A,UNAVAILABLE
1786654286080,Forge,CAPTURE_OFF,1,World Flythrough,46.14,21.67,21.84,N/A,5781.13,N/A,0,0,0,0,N/A,UNAVAILABLE
1786654286094,Forge,CAPTURE_OFF,1,World Flythrough,74.29,13.46,21.84,N/A,5781.13,N/A,0,0,0,0,N/A,UNAVAILABLE
1786654286116,Forge,CAPTURE_OFF,1,World Flythrough,44.59,22.43,21.84,N/A,5781.13,N/A,0,0,0,0,N/A,UNAVAILABLE
1786654286131,Forge,CAPTURE_OFF,1,World Flythrough,66.89,14.95,21.84,N/A,5781.13,N/A,0,0,0,0,N/A,UNAVAILABLE
1786654286147,Forge,CAPTURE_OFF,1,World Flythrough,64.06,15.61,21.84,N/A,5781.13,N/A,0,0,0,0,N/A,UNAVAILABLE
1786654286167,Forge,CAPTURE_OFF,1,World Flythrough,49.37,20.26,21.84,N/A,5781.13,N/A,0,0,0,0,N/A,UNAVAILABLE
1786654286180,Forge,CAPTURE_OFF,1,World Flythrough,78.35,12.76,21.84,N/A,5781.13,N/A,0,0,0,0,N/A,UNAVAILABLE
1786654286196,Forge,CAPTURE_OFF,1,World Flythrough,64.53,15.50,21.84,N/A,5781.13,N/A,0,0,0,0,N/A,UNAVAILABLE
1786654286215,Forge,CAPTURE_OFF,1,World Flythrough,51.21,19.53,21.84,N/A,5781.13,N/A,0,0,0,0,N/A,UNAVAILABLE
1786654286230,Forge,CAPTURE_OFF,1,World Flythrough,65.76,15.21,21.84,N/A,5781.13,N/A,0,0,0,0,N/A,UNAVAILABLE
1786654286247,Forge,CAPTURE_OFF,1,World Flythrough,60.96,16.40,21.84,N/A,5781.13,N/A,0,0,0,0,N/A,UNAVAILABLE
1786654286266,Forge,CAPTURE_OFF,1,World Flythrough,50.74,19.71,21.84,N/A,5781.13,N/A,0,0,0,0,N/A,UNAVAILABLE
1786654286292,Forge,CAPTURE_OFF,1,World Flythrough,39.10,25.58,21.84,N/A,5781.13,N/A,0,0,0,0,N/A,UNAVAILABLE
1786654286308,Forge,CAPTURE_OFF,1,World Flythrough,62.22,16.07,21.84,N/A,5781.13,N/A,0,0,0,0,N/A,UNAVAILABLE
1786654286330,Forge,CAPTURE_OFF,1,World Flythrough,45.41,22.02,21.84,N/A,5781.13,N/A,0,0,0,0,N/A,UNAVAILABLE
1786654286348,Forge,CAPTURE_OFF,1,World Flythrough,56.45,17.72,21.84,N/A,5781.13,N/A,0,0,0,0,N/A,UNAVAILABLE
1786654286372,Forge,CAPTURE_OFF,1,World Flythrough,42.21,23.69,21.84,N/A,5781.13,N/A,0,0,0,0,N/A,UNAVAILABLE
1786654286392,Forge,CAPTURE_OFF,1,World Flythrough,50.65,19.74,21.84,N/A,5781.13,N/A,0,0,0,0,N/A,UNAVAILABLE
1786654286407,Forge,CAPTURE_OFF,1,World Flythrough,58.82,17.00,21.84,N/A,5781.13,N/A,0,0,0,0,N/A,UNAVAILABLE
1786654286435,Forge,CAPTURE_OFF,1,World Flythrough,37.69,26.53,21.84,N/A,5781.13,N/A,0,0,0,0,N/A,UNAVAILABLE
1786654286447,Forge,CAPTURE_OFF,1,World Flythrough,74.82,13.37,21.84,N/A,5781.13,N/A,0,0,0,0,N/A,UNAVAILABLE
1786654286464,Forge,CAPTURE_OFF,1,World Flythrough,61.66,16.22,21.84,N/A,5781.13,N/A,0,0,0,0,N/A,UNAVAILABLE
1786654286476,Forge,CAPTURE_OFF,1,World Flythrough,86.00,11.63,21.84,N/A,5781.13,N/A,0,0,0,0,N/A,UNAVAILABLE
1786654286488,Forge,CAPTURE_OFF,1,World Flythrough,83.98,11.91,21.84,N/A,5781.13,N/A,0,0,0,0,N/A,UNAVAILABLE
1786654286501,Forge,CAPTURE_OFF,1,World Flythrough,76.23,13.12,21.84,N/A,5781.13,N/A,0,0,0,0,N/A,UNAVAILABLE
1786654286521,Forge,CAPTURE_OFF,1,World Flythrough,51.67,19.35,21.84,N/A,5781.13,N/A,0,0,0,0,N/A,UNAVAILABLE
1786654286532,Forge,CAPTURE_OFF,1,World Flythrough,84.21,11.88,21.84,N/A,5781.13,N/A,0,0,0,0,N/A,UNAVAILABLE
1786654286545,Forge,CAPTURE_OFF,1,World Flythrough,78.56,12.73,21.84,N/A,5781.13,N/A,0,0,0,0,N/A,UNAVAILABLE
1786654286557,Forge,CAPTURE_OFF,1,World Flythrough,79.33,12.61,21.84,N/A,5781.13,N/A,0,0,0,0,N/A,UNAVAILABLE
1786654286575,Forge,CAPTURE_OFF,1,World Flythrough,55.10,18.15,21.84,N/A,5781.13,N/A,0,0,0,0,N/A,UNAVAILABLE
1786654286591,Forge,CAPTURE_OFF,1,World Flythrough,66.10,15.13,21.84,N/A,5781.13,N/A,0,0,0,0,N/A,UNAVAILABLE
1786654286603,Forge,CAPTURE_OFF,1,World Flythrough,81.65,12.25,21.84,N/A,5781.13,N/A,0,0,0,0,N/A,UNAVAILABLE
1786654286621,Forge,CAPTURE_OFF,1,World Flythrough,54.25,18.43,21.84,N/A,5781.13,N/A,0,0,0,0,N/A,UNAVAILABLE
1786654286638,Forge,CAPTURE_OFF,1,World Flythrough,60.23,16.60,21.84,N/A,5781.13,N/A,0,0,0,0,N/A,UNAVAILABLE
1786654286653,Forge,CAPTURE_OFF,1,World Flythrough,67.58,14.80,21.84,N/A,5781.13,N/A,0,0,0,0,N/A,UNAVAILABLE
1786654286673,Forge,CAPTURE_OFF,1,World Flythrough,50.06,19.98,21.84,N/A,5781.13,N/A,0,0,0,0,N/A,UNAVAILABLE
1786654286687,Forge,CAPTURE_OFF,1,World Flythrough,63.88,15.65,21.84,N/A,5781.13,N/A,0,0,0,0,N/A,UNAVAILABLE
1786654286707,Forge,CAPTURE_OFF,1,World Flythrough,53.62,18.65,21.84,N/A,5781.13,N/A,0,0,0,0,N/A,UNAVAILABLE
1786654286725,Forge,CAPTURE_OFF,1,World Flythrough,55.89,17.89,21.84,N/A,5781.13,N/A,0,0,0,0,N/A,UNAVAILABLE
1786654286738,Forge,CAPTURE_OFF,1,World Flythrough,73.53,13.60,21.84,N/A,5781.13,N/A,0,0,0,0,N/A,UNAVAILABLE
1786654286753,Forge,CAPTURE_OFF,1,World Flythrough,70.21,14.24,21.84,N/A,5781.13,N/A,0,0,0,0,N/A,UNAVAILABLE
1786654286772,Forge,CAPTURE_OFF,1,World Flythrough,50.19,19.92,21.84,N/A,5781.13,N/A,0,0,0,0,N/A,UNAVAILABLE
1786654286787,Forge,CAPTURE_OFF,1,World Flythrough,66.24,15.10,21.84,N/A,5781.13,N/A,0,0,0,0,N/A,UNAVAILABLE
1786654286802,Forge,CAPTURE_OFF,1,World Flythrough,70.40,14.20,21.84,N/A,5781.13,N/A,0,0,0,0,N/A,UNAVAILABLE
1786654286821,Forge,CAPTURE_OFF,1,World Flythrough,51.17,19.54,21.84,N/A,5781.13,N/A,0,0,0,0,N/A,UNAVAILABLE
1786654286835,Forge,CAPTURE_OFF,1,World Flythrough,76.60,13.05,21.84,N/A,5781.13,N/A,0,0,0,0,N/A,UNAVAILABLE
1786654286850,Forge,CAPTURE_OFF,1,World Flythrough,65.05,15.37,21.84,N/A,5781.13,N/A,0,0,0,0,N/A,UNAVAILABLE
1786654286868,Forge,CAPTURE_OFF,1,World Flythrough,54.03,18.51,21.84,N/A,5781.13,N/A,0,0,0,0,N/A,UNAVAILABLE
1786654286934,Forge,CAPTURE_OFF,1,World Flythrough,47.72,20.95,20.75,N/A,5332.56,N/A,0,0,0,0,N/A,UNAVAILABLE
1786654303885,Forge,CAPTURE_ON,1,World Flythrough,91.34,10.95,9.60,N/A,5613.15,N/A,0,0,0,0,N/A,UNAVAILABLE
1786654303907,Forge,CAPTURE_ON,1,World Flythrough,14.99,66.71,9.60,N/A,5613.15,N/A,0,0,0,0,N/A,UNAVAILABLE
1786654303937,Forge,CAPTURE_ON,1,World Flythrough,34.03,29.39,9.60,N/A,5613.15,N/A,0,0,0,0,N/A,UNAVAILABLE
1786654303947,Forge,CAPTURE_ON,1,World Flythrough,96.06,10.41,9.60,N/A,5613.15,N/A,0,0,0,0,N/A,UNAVAILABLE
1786654303966,Forge,CAPTURE_ON,1,World Flythrough,52.96,18.88,9.60,N/A,5613.15,N/A,0,0,0,0,N/A,UNAVAILABLE
1786654303977,Forge,CAPTURE_ON,1,World Flythrough,84.03,11.90,9.60,N/A,5613.15,N/A,0,0,0,0,N/A,UNAVAILABLE
1786654303995,Forge,CAPTURE_ON,1,World Flythrough,56.39,17.73,9.60,N/A,5613.15,N/A,0,0,0,0,N/A,UNAVAILABLE
1786654304007,Forge,CAPTURE_ON,1,World Flythrough,88.80,11.26,9.60,N/A,5613.15,N/A,0,0,0,0,N/A,UNAVAILABLE
1786654304025,Forge,CAPTURE_ON,1,World Flythrough,54.12,18.48,9.60,N/A,5613.15,N/A,0,0,0,0,N/A,UNAVAILABLE
1786654304035,Forge,CAPTURE_ON,1,World Flythrough,96.90,10.32,9.60,N/A,5613.15,N/A,0,0,0,0,N/A,UNAVAILABLE
1786654304050,Forge,CAPTURE_ON,1,World Flythrough,68.95,14.50,9.60,N/A,5613.15,N/A,0,0,0,0,N/A,UNAVAILABLE
1786654304068,Forge,CAPTURE_ON,1,World Flythrough,57.36,17.43,9.60,N/A,5613.15,N/A,0,0,0,0,N/A,UNAVAILABLE
1786654304082,Forge,CAPTURE_ON,1,World Flythrough,69.21,14.45,9.60,N/A,5613.15,N/A,0,0,0,0,N/A,UNAVAILABLE
1786654304092,Forge,CAPTURE_ON,1,World Flythrough,102.33,9.77,9.60,N/A,5613.15,N/A,0,0,0,0,N/A,UNAVAILABLE
1786654304108,Forge,CAPTURE_ON,1,World Flythrough,61.24,16.33,9.60,N/A,5613.15,N/A,0,0,0,0,N/A,UNAVAILABLE
1786654304125,Forge,CAPTURE_ON,1,World Flythrough,59.64,16.77,9.60,N/A,5613.15,N/A,0,0,0,0,N/A,UNAVAILABLE
1786654304137,Forge,CAPTURE_ON,1,World Flythrough,85.63,11.68,9.60,N/A,5613.15,N/A,0,0,0,0,N/A,UNAVAILABLE
1786654304152,Forge,CAPTURE_ON,1,World Flythrough,62.12,16.10,9.60,N/A,5613.15,N/A,0,0,0,0,N/A,UNAVAILABLE
1786654304176,Forge,CAPTURE_ON,1,World Flythrough,42.82,23.35,9.60,N/A,5613.15,N/A,0,0,0,0,N/A,UNAVAILABLE
1786654304187,Forge,CAPTURE_ON,1,World Flythrough,91.89,10.88,9.60,N/A,5613.15,N/A,0,0,0,0,N/A,UNAVAILABLE
1786654304203,Forge,CAPTURE_ON,1,World Flythrough,62.00,16.13,9.60,N/A,5613.15,N/A,0,0,0,0,N/A,UNAVAILABLE
1786654304224,Forge,CAPTURE_ON,1,World Flythrough,47.82,20.91,9.60,N/A,5613.15,N/A,0,0,0,0,N/A,UNAVAILABLE
1786654304235,Forge,CAPTURE_ON,1,World Flythrough,88.35,11.32,9.60,N/A,5613.15,N/A,0,0,0,0,N/A,UNAVAILABLE
1786654304248,Forge,CAPTURE_ON,1,World Flythrough,79.44,12.59,9.60,N/A,5613.15,N/A,0,0,0,0,N/A,UNAVAILABLE
1786654304266,Forge,CAPTURE_ON,1,World Flythrough,54.03,18.51,9.60,N/A,5613.15,N/A,0,0,0,0,N/A,UNAVAILABLE
1786654304281,Forge,CAPTURE_ON,1,World Flythrough,70.55,14.17,9.60,N/A,5613.15,N/A,0,0,0,0,N/A,UNAVAILABLE
1786654304296,Forge,CAPTURE_ON,1,World Flythrough,66.39,15.06,9.60,N/A,5613.15,N/A,0,0,0,0,N/A,UNAVAILABLE
1786654304313,Forge,CAPTURE_ON,1,World Flythrough,57.48,17.40,9.60,N/A,5613.15,N/A,0,0,0,0,N/A,UNAVAILABLE
1786654304322,Forge,CAPTURE_ON,1,World Flythrough,104.91,9.53,9.60,N/A,5613.15,N/A,0,0,0,0,N/A,UNAVAILABLE
1786654304339,Forge,CAPTURE_ON,1,World Flythrough,61.63,16.23,9.60,N/A,5613.15,N/A,0,0,0,0,N/A,UNAVAILABLE
1786654304349,Forge,CAPTURE_ON,1,World Flythrough,98.51,10.15,9.60,N/A,5613.15,N/A,0,0,0,0,N/A,UNAVAILABLE
1786654304367,Forge,CAPTURE_ON,1,World Flythrough,55.13,18.14,9.60,N/A,5613.15,N/A,0,0,0,0,N/A,UNAVAILABLE
1786654304377,Forge,CAPTURE_ON,1,World Flythrough,98.88,10.11,9.60,N/A,5613.15,N/A,0,0,0,0,N/A,UNAVAILABLE
1786654304392,Forge,CAPTURE_ON,1,World Flythrough,66.21,15.10,9.60,N/A,5613.15,N/A,0,0,0,0,N/A,UNAVAILABLE
1786654304405,Forge,CAPTURE_ON,1,World Flythrough,79.55,12.57,9.60,N/A,5613.15,N/A,0,0,0,0,N/A,UNAVAILABLE
1786654304422,Forge,CAPTURE_ON,1,World Flythrough,56.91,17.57,9.60,N/A,5613.15,N/A,0,0,0,0,N/A,UNAVAILABLE
1786654304444,Forge,CAPTURE_ON,1,World Flythrough,46.04,21.72,9.60,N/A,5613.15,N/A,0,0,0,0,N/A,UNAVAILABLE
1786654304455,Forge,CAPTURE_ON,1,World Flythrough,100.11,9.99,9.60,N/A,5613.15,N/A,0,0,0,0,N/A,UNAVAILABLE
1786654304473,Forge,CAPTURE_ON,1,World Flythrough,52.06,19.21,9.60,N/A,5613.15,N/A,0,0,0,0,N/A,UNAVAILABLE
1786654304483,Forge,CAPTURE_ON,1,World Flythrough,100.62,9.94,9.60,N/A,5613.15,N/A,0,0,0,0,N/A,UNAVAILABLE
1786654304499,Forge,CAPTURE_ON,1,World Flythrough,67.06,14.91,9.60,N/A,5613.15,N/A,0,0,0,0,N/A,UNAVAILABLE
1786654304517,Forge,CAPTURE_ON,1,World Flythrough,53.85,18.57,9.60,N/A,5613.15,N/A,0,0,0,0,N/A,UNAVAILABLE
1786654304529,Forge,CAPTURE_ON,1,World Flythrough,81.06,12.34,9.60,N/A,5613.15,N/A,0,0,0,0,N/A,UNAVAILABLE
1786654304542,Forge,CAPTURE_ON,1,World Flythrough,74.46,13.43,9.60,N/A,5613.15,N/A,0,0,0,0,N/A,UNAVAILABLE
1786654304557,Forge,CAPTURE_ON,1,World Flythrough,70.19,14.25,9.60,N/A,5613.15,N/A,0,0,0,0,N/A,UNAVAILABLE
1786654304580,Forge,CAPTURE_ON,1,World Flythrough,43.45,23.02,9.60,N/A,5613.15,N/A,0,0,0,0,N/A,UNAVAILABLE
1786654304591,Forge,CAPTURE_ON,1,World Flythrough,90.78,11.02,9.60,N/A,5613.15,N/A,0,0,0,0,N/A,UNAVAILABLE
1786654304602,Forge,CAPTURE_ON,1,World Flythrough,90.35,11.07,9.60,N/A,5613.15,N/A,0,0,0,0,N/A,UNAVAILABLE
1786654304623,Forge,CAPTURE_ON,1,World Flythrough,45.23,22.11,9.60,N/A,5613.15,N/A,0,0,0,0,N/A,UNAVAILABLE
1786654304638,Forge,CAPTURE_ON,1,World Flythrough,72.50,13.79,9.60,N/A,5613.15,N/A,0,0,0,0,N/A,UNAVAILABLE
1786654304648,Forge,CAPTURE_ON,1,World Flythrough,101.74,9.83,9.60,N/A,5613.15,N/A,0,0,0,0,N/A,UNAVAILABLE
1786654304667,Forge,CAPTURE_ON,1,World Flythrough,51.02,19.60,9.60,N/A,5613.15,N/A,0,0,0,0,N/A,UNAVAILABLE
1786654304677,Forge,CAPTURE_ON,1,World Flythrough,90.45,11.06,9.60,N/A,5613.15,N/A,0,0,0,0,N/A,UNAVAILABLE
1786654304698,Forge,CAPTURE_ON,1,World Flythrough,51.88,19.28,9.60,N/A,5613.15,N/A,0,0,0,0,N/A,UNAVAILABLE
1786654304716,Forge,CAPTURE_ON,1,World Flythrough,54.15,18.47,9.60,N/A,5613.15,N/A,0,0,0,0,N/A,UNAVAILABLE
1786654304728,Forge,CAPTURE_ON,1,World Flythrough,83.51,11.97,9.60,N/A,5613.15,N/A,0,0,0,0,N/A,UNAVAILABLE
1786654304749,Forge,CAPTURE_ON,1,World Flythrough,49.48,20.21,9.60,N/A,5613.15,N/A,0,0,0,0,N/A,UNAVAILABLE
1786654304772,Forge,CAPTURE_ON,1,World Flythrough,41.72,23.97,9.60,N/A,5613.15,N/A,0,0,0,0,N/A,UNAVAILABLE
1786654304788,Forge,CAPTURE_ON,1,World Flythrough,61.77,16.19,9.60,N/A,5613.15,N/A,0,0,0,0,N/A,UNAVAILABLE
1786654304803,Forge,CAPTURE_ON,1,World Flythrough,66.63,15.01,9.60,N/A,5613.15,N/A,0,0,0,0,N/A,UNAVAILABLE
1786654304821,Forge,CAPTURE_ON,1,World Flythrough,53.89,18.56,9.60,N/A,5613.15,N/A,0,0,0,0,N/A,UNAVAILABLE
1786654304834,Forge,CAPTURE_ON,1,World Flythrough,84.73,11.80,9.60,N/A,5613.15,N/A,0,0,0,0,N/A,UNAVAILABLE
1786654304880,Forge,CAPTURE_ON,1,World Flythrough,76.55,13.06,11.45,N/A,5927.16,N/A,0,0,0,0,N/A,UNAVAILABLE
1786654304897,Forge,CAPTURE_ON,1,World Flythrough,19.95,50.12,11.45,N/A,5927.16,N/A,0,0,0,0,N/A,UNAVAILABLE
1786654304915,Forge,CAPTURE_ON,1,World Flythrough,54.81,18.24,11.45,N/A,5927.16,N/A,0,0,0,0,N/A,UNAVAILABLE
1786654304927,Forge,CAPTURE_ON,1,World Flythrough,83.49,11.98,11.45,N/A,5927.16,N/A,0,0,0,0,N/A,UNAVAILABLE
1786654304937,Forge,CAPTURE_ON,1,World Flythrough,92.01,10.87,11.45,N/A,5927.16,N/A,0,0,0,0,N/A,UNAVAILABLE
1786654304950,Forge,CAPTURE_ON,1,World Flythrough,80.68,12.39,11.45,N/A,5927.16,N/A,0,0,0,0,N/A,UNAVAILABLE
1786654304968,Forge,CAPTURE_ON,1,World Flythrough,57.46,17.40,11.45,N/A,5927.16,N/A,0,0,0,0,N/A,UNAVAILABLE
1786654304988,Forge,CAPTURE_ON,1,World Flythrough,49.00,20.41,11.45,N/A,5927.16,N/A,0,0,0,0,N/A,UNAVAILABLE
1786654305001,Forge,CAPTURE_ON,1,World Flythrough,76.03,13.15,11.45,N/A,5927.16,N/A,0,0,0,0,N/A,UNAVAILABLE
1786654305017,Forge,CAPTURE_ON,1,World Flythrough,65.54,15.26,11.45,N/A,5927.16,N/A,0,0,0,0,N/A,UNAVAILABLE
1786654305031,Forge,CAPTURE_ON,1,World Flythrough,70.14,14.26,11.45,N/A,5927.16,N/A,0,0,0,0,N/A,UNAVAILABLE
1786654305045,Forge,CAPTURE_ON,1,World Flythrough,71.47,13.99,11.45,N/A,5927.16,N/A,0,0,0,0,N/A,UNAVAILABLE
1786654305059,Forge,CAPTURE_ON,1,World Flythrough,68.13,14.68,11.45,N/A,5927.16,N/A,0,0,0,0,N/A,UNAVAILABLE
1786654305074,Forge,CAPTURE_ON,1,World Flythrough,68.58,14.58,11.45,N/A,5927.16,N/A,0,0,0,0,N/A,UNAVAILABLE
1786654305092,Forge,CAPTURE_ON,1,World Flythrough,56.57,17.68,11.45,N/A,5927.16,N/A,0,0,0,0,N/A,UNAVAILABLE
1786654305103,Forge,CAPTURE_ON,1,World Flythrough,93.65,10.68,11.45,N/A,5927.16,N/A,0,0,0,0,N/A,UNAVAILABLE
1786654305124,Forge,CAPTURE_ON,1,World Flythrough,45.55,21.96,11.45,N/A,5927.16,N/A,0,0,0,0,N/A,UNAVAILABLE
1786654305136,Forge,CAPTURE_ON,1,World Flythrough,85.82,11.65,11.45,N/A,5927.16,N/A,0,0,0,0,N/A,UNAVAILABLE
1786654305150,Forge,CAPTURE_ON,1,World Flythrough,68.22,14.66,11.45,N/A,5927.16,N/A,0,0,0,0,N/A,UNAVAILABLE
1786654305169,Forge,CAPTURE_ON,1,World Flythrough,52.16,19.17,11.45,N/A,5927.16,N/A,0,0,0,0,N/A,UNAVAILABLE
1786654305182,Forge,CAPTURE_ON,1,World Flythrough,78.40,12.75,11.45,N/A,5927.16,N/A,0,0,0,0,N/A,UNAVAILABLE
1786654305197,Forge,CAPTURE_ON,1,World Flythrough,68.88,14.52,11.45,N/A,5927.16,N/A,0,0,0,0,N/A,UNAVAILABLE
1786654305216,Forge,CAPTURE_ON,1,World Flythrough,52.41,19.08,11.45,N/A,5927.16,N/A,0,0,0,0,N/A,UNAVAILABLE
1786654305234,Forge,CAPTURE_ON,1,World Flythrough,55.56,18.00,11.45,N/A,5927.16,N/A,0,0,0,0,N/A,UNAVAILABLE
1786654305248,Forge,CAPTURE_ON,1,World Flythrough,75.15,13.31,11.45,N/A,5927.16,N/A,0,0,0,0,N/A,UNAVAILABLE
1786654305265,Forge,CAPTURE_ON,1,World Flythrough,59.30,16.86,11.45,N/A,5927.16,N/A,0,0,0,0,N/A,UNAVAILABLE
1786654305278,Forge,CAPTURE_ON,1,World Flythrough,73.42,13.62,11.45,N/A,5927.16,N/A,0,0,0,0,N/A,UNAVAILABLE
1786654305293,Forge,CAPTURE_ON,1,World Flythrough,64.75,15.44,11.45,N/A,5927.16,N/A,0,0,0,0,N/A,UNAVAILABLE
1786654305304,Forge,CAPTURE_ON,1,World Flythrough,93.29,10.72,11.45,N/A,5927.16,N/A,0,0,0,0,N/A,UNAVAILABLE
1786654305319,Forge,CAPTURE_ON,1,World Flythrough,67.18,14.88,11.45,N/A,5927.16,N/A,0,0,0,0,N/A,UNAVAILABLE
1786654305331,Forge,CAPTURE_ON,1,World Flythrough,88.15,11.34,11.45,N/A,5927.16,N/A,0,0,0,0,N/A,UNAVAILABLE
1786654305343,Forge,CAPTURE_ON,1,World Flythrough,78.79,12.69,11.45,N/A,5927.16,N/A,0,0,0,0,N/A,UNAVAILABLE
1786654305353,Forge,CAPTURE_ON,1,World Flythrough,100.28,9.97,11.45,N/A,5927.16,N/A,0,0,0,0,N/A,UNAVAILABLE
1786654305368,Forge,CAPTURE_ON,1,World Flythrough,67.85,14.74,11.45,N/A,5927.16,N/A,0,0,0,0,N/A,UNAVAILABLE
1786654305379,Forge,CAPTURE_ON,1,World Flythrough,92.79,10.78,11.45,N/A,5927.16,N/A,0,0,0,0,N/A,UNAVAILABLE
1786654305394,Forge,CAPTURE_ON,1,World Flythrough,67.47,14.82,11.45,N/A,5927.16,N/A,0,0,0,0,N/A,UNAVAILABLE
1786654305405,Forge,CAPTURE_ON,1,World Flythrough,91.23,10.96,11.45,N/A,5927.16,N/A,0,0,0,0,N/A,UNAVAILABLE
1786654305426,Forge,CAPTURE_ON,1,World Flythrough,48.23,20.73,11.45,N/A,5927.16,N/A,0,0,0,0,N/A,UNAVAILABLE
1786654305436,Forge,CAPTURE_ON,1,World Flythrough,91.39,10.94,11.45,N/A,5927.16,N/A,0,0,0,0,N/A,UNAVAILABLE
1786654305450,Forge,CAPTURE_ON,1,World Flythrough,73.43,13.62,11.45,N/A,5927.16,N/A,0,0,0,0,N/A,UNAVAILABLE
1786654305465,Forge,CAPTURE_ON,1,World Flythrough,65.17,15.34,11.45,N/A,5927.16,N/A,0,0,0,0,N/A,UNAVAILABLE
1786654305476,Forge,CAPTURE_ON,1,World Flythrough,94.95,10.53,11.45,N/A,5927.16,N/A,0,0,0,0,N/A,UNAVAILABLE
1786654305490,Forge,CAPTURE_ON,1,World Flythrough,73.65,13.58,11.45,N/A,5927.16,N/A,0,0,0,0,N/A,UNAVAILABLE
1786654305499,Forge,CAPTURE_ON,1,World Flythrough,102.11,9.79,11.45,N/A,5927.16,N/A,0,0,0,0,N/A,UNAVAILABLE
1786654305515,Forge,CAPTURE_ON,1,World Flythrough,63.37,15.78,11.45,N/A,5927.16,N/A,0,0,0,0,N/A,UNAVAILABLE
1786654305533,Forge,CAPTURE_ON,1,World Flythrough,54.00,18.52,11.45,N/A,5927.16,N/A,0,0,0,0,N/A,UNAVAILABLE
1786654305546,Forge,CAPTURE_ON,1,World Flythrough,77.78,12.86,11.45,N/A,5927.16,N/A,0,0,0,0,N/A,UNAVAILABLE
1786654305567,Forge,CAPTURE_ON,1,World Flythrough,45.80,21.83,11.45,N/A,5927.16,N/A,0,0,0,0,N/A,UNAVAILABLE
1786654305578,Forge,CAPTURE_ON,1,World Flythrough,101.90,9.81,11.45,N/A,5927.16,N/A,0,0,0,0,N/A,UNAVAILABLE
1786654305589,Forge,CAPTURE_ON,1,World Flythrough,91.11,10.98,11.45,N/A,5927.16,N/A,0,0,0,0,N/A,UNAVAILABLE
1786654305599,Forge,CAPTURE_ON,1,World Flythrough,100.52,9.95,11.45,N/A,5927.16,N/A,0,0,0,0,N/A,UNAVAILABLE
1786654305619,Forge,CAPTURE_ON,1,World Flythrough,49.96,20.02,11.45,N/A,5927.16,N/A,0,0,0,0,N/A,UNAVAILABLE
1786654305630,Forge,CAPTURE_ON,1,World Flythrough,88.32,11.32,11.45,N/A,5927.16,N/A,0,0,0,0,N/A,UNAVAILABLE
1786654305639,Forge,CAPTURE_ON,1,World Flythrough,108.49,9.22,11.45,N/A,5927.16,N/A,0,0,0,0,N/A,UNAVAILABLE
1786654305651,Forge,CAPTURE_ON,1,World Flythrough,87.31,11.45,11.45,N/A,5927.16,N/A,0,0,0,0,N/A,UNAVAILABLE
1786654305665,Forge,CAPTURE_ON,1,World Flythrough,67.06,14.91,11.45,N/A,5927.16,N/A,0,0,0,0,N/A,UNAVAILABLE
1786654305679,Forge,CAPTURE_ON,1,World Flythrough,73.98,13.52,11.45,N/A,5927.16,N/A,0,0,0,0,N/A,UNAVAILABLE
1786654305690,Forge,CAPTURE_ON,1,World Flythrough,88.59,11.29,11.45,N/A,5927.16,N/A,0,0,0,0,N/A,UNAVAILABLE
1786654305701,Forge,CAPTURE_ON,1,World Flythrough,101.79,9.82,11.45,N/A,5927.16,N/A,0,0,0,0,N/A,UNAVAILABLE
1786654305716,Forge,CAPTURE_ON,1,World Flythrough,60.50,16.53,11.45,N/A,5927.16,N/A,0,0,0,0,N/A,UNAVAILABLE
1786654305727,Forge,CAPTURE_ON,1,World Flythrough,100.38,9.96,11.45,N/A,5927.16,N/A,0,0,0,0,N/A,UNAVAILABLE
1786654305737,Forge,CAPTURE_ON,1,World Flythrough,87.03,11.49,11.45,N/A,5927.16,N/A,0,0,0,0,N/A,UNAVAILABLE
1786654305747,Forge,CAPTURE_ON,1,World Flythrough,99.64,10.04,11.45,N/A,5927.16,N/A,0,0,0,0,N/A,UNAVAILABLE
1786654305763,Forge,CAPTURE_ON,1,World Flythrough,64.91,15.41,11.45,N/A,5927.16,N/A,0,0,0,0,N/A,UNAVAILABLE
1786654305775,Forge,CAPTURE_ON,1,World Flythrough,85.81,11.65,11.45,N/A,5927.16,N/A,0,0,0,0,N/A,UNAVAILABLE
1786654305785,Forge,CAPTURE_ON,1,World Flythrough,96.08,10.41,11.45,N/A,5927.16,N/A,0,0,0,0,N/A,UNAVAILABLE
1786654305796,Forge,CAPTURE_ON,1,World Flythrough,100.67,9.93,11.45,N/A,5927.16,N/A,0,0,0,0,N/A,UNAVAILABLE
1786654305816,Forge,CAPTURE_ON,1,World Flythrough,49.42,20.23,11.45,N/A,5927.16,N/A,0,0,0,0,N/A,UNAVAILABLE
1786654305826,Forge,CAPTURE_ON,1,World Flythrough,101.38,9.86,11.45,N/A,5927.16,N/A,0,0,0,0,N/A,UNAVAILABLE
1786654305840,Forge,CAPTURE_ON,1,World Flythrough,69.90,14.31,11.45,N/A,5927.16,N/A,0,0,0,0,N/A,UNAVAILABLE
1786654305887,Forge,CAPTURE_ON,1,World Flythrough,92.90,10.76,13.11,N/A,5558.64,N/A,0,0,0,0,N/A,UNAVAILABLE
1786654305904,Forge,CAPTURE_ON,1,World Flythrough,18.73,53.38,13.11,N/A,5558.64,N/A,0,0,0,0,N/A,UNAVAILABLE
1786654305917,Forge,CAPTURE_ON,1,World Flythrough,73.78,13.55,13.11,N/A,5558.64,N/A,0,0,0,0,N/A,UNAVAILABLE
1786654305928,Forge,CAPTURE_ON,1,World Flythrough,102.46,9.76,13.11,N/A,5558.64,N/A,0,0,0,0,N/A,UNAVAILABLE
1786654305938,Forge,CAPTURE_ON,1,World Flythrough,101.16,9.88,13.11,N/A,5558.64,N/A,0,0,0,0,N/A,UNAVAILABLE
1786654305949,Forge,CAPTURE_ON,1,World Flythrough,87.88,11.38,13.11,N/A,5558.64,N/A,0,0,0,0,N/A,UNAVAILABLE
1786654305971,Forge,CAPTURE_ON,1,World Flythrough,44.73,22.36,13.11,N/A,5558.64,N/A,0,0,0,0,N/A,UNAVAILABLE
1786654305982,Forge,CAPTURE_ON,1,World Flythrough,88.82,11.26,13.11,N/A,5558.64,N/A,0,0,0,0,N/A,UNAVAILABLE
1786654305993,Forge,CAPTURE_ON,1,World Flythrough,92.45,10.82,13.11,N/A,5558.64,N/A,0,0,0,0,N/A,UNAVAILABLE
1786654306006,Forge,CAPTURE_ON,1,World Flythrough,74.89,13.35,13.11,N/A,5558.64,N/A,0,0,0,0,N/A,UNAVAILABLE
1786654306027,Forge,CAPTURE_ON,1,World Flythrough,48.58,20.58,13.11,N/A,5558.64,N/A,0,0,0,0,N/A,UNAVAILABLE
1786654306040,Forge,CAPTURE_ON,1,World Flythrough,79.13,12.64,13.11,N/A,5558.64,N/A,0,0,0,0,N/A,UNAVAILABLE
1786654306053,Forge,CAPTURE_ON,1,World Flythrough,77.13,12.97,13.11,N/A,5558.64,N/A,0,0,0,0,N/A,UNAVAILABLE
1786654306072,Forge,CAPTURE_ON,1,World Flythrough,51.22,19.52,13.11,N/A,5558.64,N/A,0,0,0,0,N/A,UNAVAILABLE
1786654306094,Forge,CAPTURE_ON,1,World Flythrough,45.00,22.22,13.11,N/A,5558.64,N/A,0,0,0,0,N/A,UNAVAILABLE
1786654306104,Forge,CAPTURE_ON,1,World Flythrough,101.57,9.85,13.11,N/A,5558.64,N/A,0,0,0,0,N/A,UNAVAILABLE
1786654306125,Forge,CAPTURE_ON,1,World Flythrough,49.76,20.10,13.11,N/A,5558.64,N/A,0,0,0,0,N/A,UNAVAILABLE
1786654306135,Forge,CAPTURE_ON,1,World Flythrough,92.87,10.77,13.11,N/A,5558.64,N/A,0,0,0,0,N/A,UNAVAILABLE
1786654306146,Forge,CAPTURE_ON,1,World Flythrough,89.57,11.16,13.11,N/A,5558.64,N/A,0,0,0,0,N/A,UNAVAILABLE
1786654306168,Forge,CAPTURE_ON,1,World Flythrough,46.85,21.35,13.11,N/A,5558.64,N/A,0,0,0,0,N/A,UNAVAILABLE
1786654306177,Forge,CAPTURE_ON,1,World Flythrough,98.46,10.16,13.11,N/A,5558.64,N/A,0,0,0,0,N/A,UNAVAILABLE
1786654306188,Forge,CAPTURE_ON,1,World Flythrough,97.56,10.25,13.11,N/A,5558.64,N/A,0,0,0,0,N/A,UNAVAILABLE
1786654306199,Forge,CAPTURE_ON,1,World Flythrough,97.01,10.31,13.11,N/A,5558.64,N/A,0,0,0,0,N/A,UNAVAILABLE
1786654306221,Forge,CAPTURE_ON,1,World Flythrough,43.89,22.78,13.11,N/A,5558.64,N/A,0,0,0,0,N/A,UNAVAILABLE
1786654306234,Forge,CAPTURE_ON,1,World Flythrough,79.56,12.57,13.11,N/A,5558.64,N/A,0,0,0,0,N/A,UNAVAILABLE
1786654306245,Forge,CAPTURE_ON,1,World Flythrough,92.20,10.85,13.11,N/A,5558.64,N/A,0,0,0,0,N/A,UNAVAILABLE
1786654306259,Forge,CAPTURE_ON,1,World Flythrough,71.75,13.94,13.11,N/A,5558.64,N/A,0,0,0,0,N/A,UNAVAILABLE
1786654306279,Forge,CAPTURE_ON,1,World Flythrough,49.71,20.12,13.11,N/A,5558.64,N/A,0,0,0,0,N/A,UNAVAILABLE
1786654306294,Forge,CAPTURE_ON,1,World Flythrough,65.30,15.31,13.11,N/A,5558.64,N/A,0,0,0,0,N/A,UNAVAILABLE
1786654306303,Forge,CAPTURE_ON,1,World Flythrough,104.02,9.61,13.11,N/A,5558.64,N/A,0,0,0,0,N/A,UNAVAILABLE
1786654306319,Forge,CAPTURE_ON,1,World Flythrough,65.18,15.34,13.11,N/A,5558.64,N/A,0,0,0,0,N/A,UNAVAILABLE
1786654306330,Forge,CAPTURE_ON,1,World Flythrough,87.23,11.46,13.11,N/A,5558.64,N/A,0,0,0,0,N/A,UNAVAILABLE
1786654306340,Forge,CAPTURE_ON,1,World Flythrough,98.97,10.10,13.11,N/A,5558.64,N/A,0,0,0,0,N/A,UNAVAILABLE
1786654306353,Forge,CAPTURE_ON,1,World Flythrough,79.16,12.63,13.11,N/A,5558.64,N/A,0,0,0,0,N/A,UNAVAILABLE
1786654306369,Forge,CAPTURE_ON,1,World Flythrough,65.12,15.36,13.11,N/A,5558.64,N/A,0,0,0,0,N/A,UNAVAILABLE
1786654306382,Forge,CAPTURE_ON,1,World Flythrough,72.76,13.74,13.11,N/A,5558.64,N/A,0,0,0,0,N/A,UNAVAILABLE
1786654306394,Forge,CAPTURE_ON,1,World Flythrough,87.71,11.40,13.11,N/A,5558.64,N/A,0,0,0,0,N/A,UNAVAILABLE
1786654306407,Forge,CAPTURE_ON,1,World Flythrough,73.80,13.55,13.11,N/A,5558.64,N/A,0,0,0,0,N/A,UNAVAILABLE
1786654306426,Forge,CAPTURE_ON,1,World Flythrough,51.84,19.29,13.11,N/A,5558.64,N/A,0,0,0,0,N/A,UNAVAILABLE
1786654306437,Forge,CAPTURE_ON,1,World Flythrough,95.05,10.52,13.11,N/A,5558.64,N/A,0,0,0,0,N/A,UNAVAILABLE
1786654306447,Forge,CAPTURE_ON,1,World Flythrough,103.43,9.67,13.11,N/A,5558.64,N/A,0,0,0,0,N/A,UNAVAILABLE
1786654306462,Forge,CAPTURE_ON,1,World Flythrough,65.06,15.37,13.11,N/A,5558.64,N/A,0,0,0,0,N/A,UNAVAILABLE
1786654306473,Forge,CAPTURE_ON,1,World Flythrough,91.25,10.96,13.11,N/A,5558.64,N/A,0,0,0,0,N/A,UNAVAILABLE
1786654306486,Forge,CAPTURE_ON,1,World Flythrough,77.41,12.92,13.11,N/A,5558.64,N/A,0,0,0,0,N/A,UNAVAILABLE
1786654306495,Forge,CAPTURE_ON,1,World Flythrough,97.62,10.24,13.11,N/A,5558.64,N/A,0,0,0,0,N/A,UNAVAILABLE
1786654306506,Forge,CAPTURE_ON,1,World Flythrough,104.46,9.57,13.11,N/A,5558.64,N/A,0,0,0,0,N/A,UNAVAILABLE
1786654306523,Forge,CAPTURE_ON,1,World Flythrough,57.31,17.45,13.11,N/A,5558.64,N/A,0,0,0,0,N/A,UNAVAILABLE
1786654306534,Forge,CAPTURE_ON,1,World Flythrough,90.55,11.04,13.11,N/A,5558.64,N/A,0,0,0,0,N/A,UNAVAILABLE
1786654306549,Forge,CAPTURE_ON,1,World Flythrough,66.95,14.94,13.11,N/A,5558.64,N/A,0,0,0,0,N/A,UNAVAILABLE
1786654306563,Forge,CAPTURE_ON,1,World Flythrough,67.76,14.76,13.11,N/A,5558.64,N/A,0,0,0,0,N/A,UNAVAILABLE
1786654306573,Forge,CAPTURE_ON,1,World Flythrough,105.74,9.46,13.11,N/A,5558.64,N/A,0,0,0,0,N/A,UNAVAILABLE
1786654306583,Forge,CAPTURE_ON,1,World Flythrough,103.37,9.67,13.11,N/A,5558.64,N/A,0,0,0,0,N/A,UNAVAILABLE
1786654306594,Forge,CAPTURE_ON,1,World Flythrough,94.65,10.57,13.11,N/A,5558.64,N/A,0,0,0,0,N/A,UNAVAILABLE
1786654306606,Forge,CAPTURE_ON,1,World Flythrough,80.29,12.46,13.11,N/A,5558.64,N/A,0,0,0,0,N/A,UNAVAILABLE
1786654306625,Forge,CAPTURE_ON,1,World Flythrough,55.26,18.10,13.11,N/A,5558.64,N/A,0,0,0,0,N/A,UNAVAILABLE
1786654306645,Forge,CAPTURE_ON,1,World Flythrough,49.41,20.24,13.11,N/A,5558.64,N/A,0,0,0,0,N/A,UNAVAILABLE
1786654306656,Forge,CAPTURE_ON,1,World Flythrough,85.28,11.73,13.11,N/A,5558.64,N/A,0,0,0,0,N/A,UNAVAILABLE
1786654306671,Forge,CAPTURE_ON,1,World Flythrough,69.71,14.35,13.11,N/A,5558.64,N/A,0,0,0,0,N/A,UNAVAILABLE
1786654306686,Forge,CAPTURE_ON,1,World Flythrough,66.36,15.07,13.11,N/A,5558.64,N/A,0,0,0,0,N/A,UNAVAILABLE
1786654306700,Forge,CAPTURE_ON,1,World Flythrough,69.28,14.43,13.11,N/A,5558.64,N/A,0,0,0,0,N/A,UNAVAILABLE
1786654306717,Forge,CAPTURE_ON,1,World Flythrough,59.88,16.70,13.11,N/A,5558.64,N/A,0,0,0,0,N/A,UNAVAILABLE
1786654306727,Forge,CAPTURE_ON,1,World Flythrough,93.63,10.68,13.11,N/A,5558.64,N/A,0,0,0,0,N/A,UNAVAILABLE
1786654306739,Forge,CAPTURE_ON,1,World Flythrough,89.24,11.21,13.11,N/A,5558.64,N/A,0,0,0,0,N/A,UNAVAILABLE
1786654306753,Forge,CAPTURE_ON,1,World Flythrough,71.99,13.89,13.11,N/A,5558.64,N/A,0,0,0,0,N/A,UNAVAILABLE
1786654306773,Forge,CAPTURE_ON,1,World Flythrough,49.87,20.05,13.11,N/A,5558.64,N/A,0,0,0,0,N/A,UNAVAILABLE
1786654306784,Forge,CAPTURE_ON,1,World Flythrough,86.43,11.57,13.11,N/A,5558.64,N/A,0,0,0,0,N/A,UNAVAILABLE
1786654306795,Forge,CAPTURE_ON,1,World Flythrough,96.27,10.39,13.11,N/A,5558.64,N/A,0,0,0,0,N/A,UNAVAILABLE
1786654306805,Forge,CAPTURE_ON,1,World Flythrough,95.19,10.51,13.11,N/A,5558.64,N/A,0,0,0,0,N/A,UNAVAILABLE
1786654306830,Forge,CAPTURE_ON,1,World Flythrough,40.00,25.00,13.11,N/A,5558.64,N/A,0,0,0,0,N/A,UNAVAILABLE
1786654306842,Forge,CAPTURE_ON,1,World Flythrough,82.68,12.09,13.11,N/A,5558.64,N/A,0,0,0,0,N/A,UNAVAILABLE
1786654306890,Forge,CAPTURE_ON,1,World Flythrough,103.32,9.68,11.50,N/A,5912.64,N/A,0,0,0,0,N/A,UNAVAILABLE
1786654306910,Forge,CAPTURE_ON,1,World Flythrough,17.16,58.27,11.50,N/A,5912.64,N/A,0,0,0,0,N/A,UNAVAILABLE
1786654306925,Forge,CAPTURE_ON,1,World Flythrough,66.45,15.05,11.50,N/A,5912.64,N/A,0,0,0,0,N/A,UNAVAILABLE
1786654306939,Forge,CAPTURE_ON,1,World Flythrough,71.19,14.05,11.50,N/A,5912.64,N/A,0,0,0,0,N/A,UNAVAILABLE
1786654306950,Forge,CAPTURE_ON,1,World Flythrough,88.19,11.34,11.50,N/A,5912.64,N/A,0,0,0,0,N/A,UNAVAILABLE
1786654306969,Forge,CAPTURE_ON,1,World Flythrough,55.87,17.90,11.50,N/A,5912.64,N/A,0,0,0,0,N/A,UNAVAILABLE
1786654306980,Forge,CAPTURE_ON,1,World Flythrough,82.41,12.13,11.50,N/A,5912.64,N/A,0,0,0,0,N/A,UNAVAILABLE
1786654306993,Forge,CAPTURE_ON,1,World Flythrough,78.25,12.78,11.50,N/A,5912.64,N/A,0,0,0,0,N/A,UNAVAILABLE
1786654307004,Forge,CAPTURE_ON,1,World Flythrough,89.27,11.20,11.50,N/A,5912.64,N/A,0,0,0,0,N/A,UNAVAILABLE
1786654307023,Forge,CAPTURE_ON,1,World Flythrough,51.39,19.46,11.50,N/A,5912.64,N/A,0,0,0,0,N/A,UNAVAILABLE
1786654307035,Forge,CAPTURE_ON,1,World Flythrough,86.30,11.59,11.50,N/A,5912.64,N/A,0,0,0,0,N/A,UNAVAILABLE
1786654307051,Forge,CAPTURE_ON,1,World Flythrough,63.48,15.75,11.50,N/A,5912.64,N/A,0,0,0,0,N/A,UNAVAILABLE
1786654307074,Forge,CAPTURE_ON,1,World Flythrough,44.22,22.61,11.50,N/A,5912.64,N/A,0,0,0,0,N/A,UNAVAILABLE
1786654307085,Forge,CAPTURE_ON,1,World Flythrough,89.84,11.13,11.50,N/A,5912.64,N/A,0,0,0,0,N/A,UNAVAILABLE
1786654307100,Forge,CAPTURE_ON,1,World Flythrough,69.54,14.38,11.50,N/A,5912.64,N/A,0,0,0,0,N/A,UNAVAILABLE
1786654307114,Forge,CAPTURE_ON,1,World Flythrough,65.19,15.34,11.50,N/A,5912.64,N/A,0,0,0,0,N/A,UNAVAILABLE
1786654307130,Forge,CAPTURE_ON,1,World Flythrough,66.63,15.01,11.50,N/A,5912.64,N/A,0,0,0,0,N/A,UNAVAILABLE
1786654307149,Forge,CAPTURE_ON,1,World Flythrough,50.80,19.68,11.50,N/A,5912.64,N/A,0,0,0,0,N/A,UNAVAILABLE
1786654307165,Forge,CAPTURE_ON,1,World Flythrough,62.08,16.11,11.50,N/A,5912.64,N/A,0,0,0,0,N/A,UNAVAILABLE
1786654307185,Forge,CAPTURE_ON,1,World Flythrough,51.71,19.34,11.50,N/A,5912.64,N/A,0,0,0,0,N/A,UNAVAILABLE
1786654307197,Forge,CAPTURE_ON,1,World Flythrough,80.38,12.44,11.50,N/A,5912.64,N/A,0,0,0,0,N/A,UNAVAILABLE
1786654307212,Forge,CAPTURE_ON,1,World Flythrough,70.95,14.10,11.50,N/A,5912.64,N/A,0,0,0,0,N/A,UNAVAILABLE
1786654307221,Forge,CAPTURE_ON,1,World Flythrough,96.44,10.37,11.50,N/A,5912.64,N/A,0,0,0,0,N/A,UNAVAILABLE
1786654307233,Forge,CAPTURE_ON,1,World Flythrough,91.40,10.94,11.50,N/A,5912.64,N/A,0,0,0,0,N/A,UNAVAILABLE
1786654307244,Forge,CAPTURE_ON,1,World Flythrough,89.79,11.14,11.50,N/A,5912.64,N/A,0,0,0,0,N/A,UNAVAILABLE
1786654307255,Forge,CAPTURE_ON,1,World Flythrough,88.90,11.25,11.50,N/A,5912.64,N/A,0,0,0,0,N/A,UNAVAILABLE
1786654307276,Forge,CAPTURE_ON,1,World Flythrough,47.74,20.95,11.50,N/A,5912.64,N/A,0,0,0,0,N/A,UNAVAILABLE
1786654307287,Forge,CAPTURE_ON,1,World Flythrough,92.86,10.77,11.50,N/A,5912.64,N/A,0,0,0,0,N/A,UNAVAILABLE
1786654307301,Forge,CAPTURE_ON,1,World Flythrough,69.57,14.37,11.50,N/A,5912.64,N/A,0,0,0,0,N/A,UNAVAILABLE
1786654307316,Forge,CAPTURE_ON,1,World Flythrough,67.94,14.72,11.50,N/A,5912.64,N/A,0,0,0,0,N/A,UNAVAILABLE
1786654307329,Forge,CAPTURE_ON,1,World Flythrough,71.69,13.95,11.50,N/A,5912.64,N/A,0,0,0,0,N/A,UNAVAILABLE
1786654307341,Forge,CAPTURE_ON,1,World Flythrough,89.48,11.18,11.50,N/A,5912.64,N/A,0,0,0,0,N/A,UNAVAILABLE
1786654307351,Forge,CAPTURE_ON,1,World Flythrough,105.96,9.44,11.50,N/A,5912.64,N/A,0,0,0,0,N/A,UNAVAILABLE
1786654307366,Forge,CAPTURE_ON,1,World Flythrough,68.34,14.63,11.50,N/A,5912.64,N/A,0,0,0,0,N/A,UNAVAILABLE
1786654307380,Forge,CAPTURE_ON,1,World Flythrough,67.22,14.88,11.50,N/A,5912.64,N/A,0,0,0,0,N/A,UNAVAILABLE
1786654307393,Forge,CAPTURE_ON,1,World Flythrough,76.15,13.13,11.50,N/A,5912.64,N/A,0,0,0,0,N/A,UNAVAILABLE
1786654307403,Forge,CAPTURE_ON,1,World Flythrough,106.46,9.39,11.50,N/A,5912.64,N/A,0,0,0,0,N/A,UNAVAILABLE
1786654307417,Forge,CAPTURE_ON,1,World Flythrough,64.83,15.42,11.50,N/A,5912.64,N/A,0,0,0,0,N/A,UNAVAILABLE
1786654307429,Forge,CAPTURE_ON,1,World Flythrough,90.03,11.11,11.50,N/A,5912.64,N/A,0,0,0,0,N/A,UNAVAILABLE
1786654307442,Forge,CAPTURE_ON,1,World Flythrough,72.67,13.76,11.50,N/A,5912.64,N/A,0,0,0,0,N/A,UNAVAILABLE
1786654307452,Forge,CAPTURE_ON,1,World Flythrough,102.18,9.79,11.50,N/A,5912.64,N/A,0,0,0,0,N/A,UNAVAILABLE
1786654307474,Forge,CAPTURE_ON,1,World Flythrough,47.76,20.94,11.50,N/A,5912.64,N/A,0,0,0,0,N/A,UNAVAILABLE
1786654307486,Forge,CAPTURE_ON,1,World Flythrough,83.32,12.00,11.50,N/A,5912.64,N/A,0,0,0,0,N/A,UNAVAILABLE
1786654307503,Forge,CAPTURE_ON,1,World Flythrough,57.13,17.50,11.50,N/A,5912.64,N/A,0,0,0,0,N/A,UNAVAILABLE
1786654307520,Forge,CAPTURE_ON,1,World Flythrough,58.69,17.04,11.50,N/A,5912.64,N/A,0,0,0,0,N/A,UNAVAILABLE
1786654307534,Forge,CAPTURE_ON,1,World Flythrough,69.80,14.33,11.50,N/A,5912.64,N/A,0,0,0,0,N/A,UNAVAILABLE
1786654307545,Forge,CAPTURE_ON,1,World Flythrough,88.36,11.32,11.50,N/A,5912.64,N/A,0,0,0,0,N/A,UNAVAILABLE
1786654307556,Forge,CAPTURE_ON,1,World Flythrough,96.84,10.33,11.50,N/A,5912.64,N/A,0,0,0,0,N/A,UNAVAILABLE
1786654307577,Forge,CAPTURE_ON,1,World Flythrough,46.11,21.69,11.50,N/A,5912.64,N/A,0,0,0,0,N/A,UNAVAILABLE
1786654307587,Forge,CAPTURE_ON,1,World Flythrough,101.24,9.88,11.50,N/A,5912.64,N/A,0,0,0,0,N/A,UNAVAILABLE
1786654307597,Forge,CAPTURE_ON,1,World Flythrough,103.65,9.65,11.50,N/A,5912.64,N/A,0,0,0,0,N/A,UNAVAILABLE
1786654307607,Forge,CAPTURE_ON,1,World Flythrough,104.21,9.60,11.50,N/A,5912.64,N/A,0,0,0,0,N/A,UNAVAILABLE
1786654307627,Forge,CAPTURE_ON,1,World Flythrough,46.79,21.37,11.50,N/A,5912.64,N/A,0,0,0,0,N/A,UNAVAILABLE
1786654307640,Forge,CAPTURE_ON,1,World Flythrough,89.12,11.22,11.50,N/A,5912.64,N/A,0,0,0,0,N/A,UNAVAILABLE
1786654307650,Forge,CAPTURE_ON,1,World Flythrough,93.82,10.66,11.50,N/A,5912.64,N/A,0,0,0,0,N/A,UNAVAILABLE
1786654307666,Forge,CAPTURE_ON,1,World Flythrough,59.74,16.74,11.50,N/A,5912.64,N/A,0,0,0,0,N/A,UNAVAILABLE
1786654307681,Forge,CAPTURE_ON,1,World Flythrough,69.35,14.42,11.50,N/A,5912.64,N/A,0,0,0,0,N/A,UNAVAILABLE
1786654307691,Forge,CAPTURE_ON,1,World Flythrough,97.32,10.28,11.50,N/A,5912.64,N/A,0,0,0,0,N/A,UNAVAILABLE
1786654307703,Forge,CAPTURE_ON,1,World Flythrough,89.78,11.14,11.50,N/A,5912.64,N/A,0,0,0,0,N/A,UNAVAILABLE
1786654307725,Forge,CAPTURE_ON,1,World Flythrough,44.60,22.42,11.50,N/A,5912.64,N/A,0,0,0,0,N/A,UNAVAILABLE
1786654307743,Forge,CAPTURE_ON,1,World Flythrough,55.11,18.15,11.50,N/A,5912.64,N/A,0,0,0,0,N/A,UNAVAILABLE
1786654307753,Forge,CAPTURE_ON,1,World Flythrough,104.77,9.54,11.50,N/A,5912.64,N/A,0,0,0,0,N/A,UNAVAILABLE
1786654307772,Forge,CAPTURE_ON,1,World Flythrough,51.53,19.40,11.50,N/A,5912.64,N/A,0,0,0,0,N/A,UNAVAILABLE
1786654307785,Forge,CAPTURE_ON,1,World Flythrough,77.17,12.96,11.50,N/A,5912.64,N/A,0,0,0,0,N/A,UNAVAILABLE
1786654307795,Forge,CAPTURE_ON,1,World Flythrough,97.65,10.24,11.50,N/A,5912.64,N/A,0,0,0,0,N/A,UNAVAILABLE
1786654307805,Forge,CAPTURE_ON,1,World Flythrough,103.22,9.69,11.50,N/A,5912.64,N/A,0,0,0,0,N/A,UNAVAILABLE
1786654307822,Forge,CAPTURE_ON,1,World Flythrough,57.21,17.48,11.50,N/A,5912.64,N/A,0,0,0,0,N/A,UNAVAILABLE
1786654307833,Forge,CAPTURE_ON,1,World Flythrough,92.55,10.81,11.50,N/A,5912.64,N/A,0,0,0,0,N/A,UNAVAILABLE
1786654307847,Forge,CAPTURE_ON,1,World Flythrough,75.09,13.32,11.50,N/A,5912.64,N/A,0,0,0,0,N/A,UNAVAILABLE
1786654307892,Forge,CAPTURE_ON,1,World Flythrough,112.27,8.91,10.42,N/A,5536.83,N/A,0,0,0,0,N/A,UNAVAILABLE
1786654307910,Forge,CAPTURE_ON,1,World Flythrough,18.48,54.12,10.42,N/A,5536.83,N/A,0,0,0,0,N/A,UNAVAILABLE
1786654307929,Forge,CAPTURE_ON,1,World Flythrough,51.52,19.41,10.42,N/A,5536.83,N/A,0,0,0,0,N/A,UNAVAILABLE
1786654307939,Forge,CAPTURE_ON,1,World Flythrough,98.86,10.12,10.42,N/A,5536.83,N/A,0,0,0,0,N/A,UNAVAILABLE
1786654307954,Forge,CAPTURE_ON,1,World Flythrough,70.34,14.22,10.42,N/A,5536.83,N/A,0,0,0,0,N/A,UNAVAILABLE
1786654307971,Forge,CAPTURE_ON,1,World Flythrough,56.14,17.81,10.42,N/A,5536.83,N/A,0,0,0,0,N/A,UNAVAILABLE
1786654307982,Forge,CAPTURE_ON,1,World Flythrough,88.47,11.30,10.42,N/A,5536.83,N/A,0,0,0,0,N/A,UNAVAILABLE
1786654307992,Forge,CAPTURE_ON,1,World Flythrough,99.23,10.08,10.42,N/A,5536.83,N/A,0,0,0,0,N/A,UNAVAILABLE
1786654308007,Forge,CAPTURE_ON,1,World Flythrough,67.55,14.80,10.42,N/A,5536.83,N/A,0,0,0,0,N/A,UNAVAILABLE
1786654308024,Forge,CAPTURE_ON,1,World Flythrough,59.42,16.83,10.42,N/A,5536.83,N/A,0,0,0,0,N/A,UNAVAILABLE
1786654308035,Forge,CAPTURE_ON,1,World Flythrough,95.81,10.44,10.42,N/A,5536.83,N/A,0,0,0,0,N/A,UNAVAILABLE
1786654308044,Forge,CAPTURE_ON,1,World Flythrough,107.72,9.28,10.42,N/A,5536.83,N/A,0,0,0,0,N/A,UNAVAILABLE
1786654308057,Forge,CAPTURE_ON,1,World Flythrough,71.35,14.01,10.42,N/A,5536.83,N/A,0,0,0,0,N/A,UNAVAILABLE
1786654308076,Forge,CAPTURE_ON,1,World Flythrough,56.53,17.69,10.42,N/A,5536.83,N/A,0,0,0,0,N/A,UNAVAILABLE
1786654308085,Forge,CAPTURE_ON,1,World Flythrough,106.08,9.43,10.42,N/A,5536.83,N/A,0,0,0,0,N/A,UNAVAILABLE
1786654308094,Forge,CAPTURE_ON,1,World Flythrough,110.93,9.01,10.42,N/A,5536.83,N/A,0,0,0,0,N/A,UNAVAILABLE
1786654308108,Forge,CAPTURE_ON,1,World Flythrough,75.08,13.32,10.42,N/A,5536.83,N/A,0,0,0,0,N/A,UNAVAILABLE
1786654308124,Forge,CAPTURE_ON,1,World Flythrough,58.42,17.12,10.42,N/A,5536.83,N/A,0,0,0,0,N/A,UNAVAILABLE
1786654308135,Forge,CAPTURE_ON,1,World Flythrough,98.35,10.17,10.42,N/A,5536.83,N/A,0,0,0,0,N/A,UNAVAILABLE
1786654308145,Forge,CAPTURE_ON,1,World Flythrough,99.97,10.00,10.42,N/A,5536.83,N/A,0,0,0,0,N/A,UNAVAILABLE
1786654308159,Forge,CAPTURE_ON,1,World Flythrough,73.96,13.52,10.42,N/A,5536.83,N/A,0,0,0,0,N/A,UNAVAILABLE
1786654308175,Forge,CAPTURE_ON,1,World Flythrough,59.47,16.81,10.42,N/A,5536.83,N/A,0,0,0,0,N/A,UNAVAILABLE
1786654308184,Forge,CAPTURE_ON,1,World Flythrough,103.96,9.62,10.42,N/A,5536.83,N/A,0,0,0,0,N/A,UNAVAILABLE
1786654308193,Forge,CAPTURE_ON,1,World Flythrough,107.51,9.30,10.42,N/A,5536.83,N/A,0,0,0,0,N/A,UNAVAILABLE
1786654308207,Forge,CAPTURE_ON,1,World Flythrough,76.07,13.15,10.42,N/A,5536.83,N/A,0,0,0,0,N/A,UNAVAILABLE
1786654308225,Forge,CAPTURE_ON,1,World Flythrough,54.87,18.23,10.42,N/A,5536.83,N/A,0,0,0,0,N/A,UNAVAILABLE
1786654308236,Forge,CAPTURE_ON,1,World Flythrough,96.25,10.39,10.42,N/A,5536.83,N/A,0,0,0,0,N/A,UNAVAILABLE
1786654308246,Forge,CAPTURE_ON,1,World Flythrough,91.52,10.93,10.42,N/A,5536.83,N/A,0,0,0,0,N/A,UNAVAILABLE
1786654308258,Forge,CAPTURE_ON,1,World Flythrough,85.37,11.71,10.42,N/A,5536.83,N/A,0,0,0,0,N/A,UNAVAILABLE
1786654308274,Forge,CAPTURE_ON,1,World Flythrough,63.09,15.85,10.42,N/A,5536.83,N/A,0,0,0,0,N/A,UNAVAILABLE
1786654308299,Forge,CAPTURE_ON,1,World Flythrough,40.57,24.65,10.42,N/A,5536.83,N/A,0,0,0,0,N/A,UNAVAILABLE
1786654308317,Forge,CAPTURE_ON,1,World Flythrough,55.45,18.03,10.42,N/A,5536.83,N/A,0,0,0,0,N/A,UNAVAILABLE
1786654308329,Forge,CAPTURE_ON,1,World Flythrough,82.25,12.16,10.42,N/A,5536.83,N/A,0,0,0,0,N/A,UNAVAILABLE
1786654308343,Forge,CAPTURE_ON,1,World Flythrough,73.55,13.60,10.42,N/A,5536.83,N/A,0,0,0,0,N/A,UNAVAILABLE
1786654308357,Forge,CAPTURE_ON,1,World Flythrough,71.28,14.03,10.42,N/A,5536.83,N/A,0,0,0,0,N/A,UNAVAILABLE
1786654308372,Forge,CAPTURE_ON,1,World Flythrough,67.48,14.82,10.42,N/A,5536.83,N/A,0,0,0,0,N/A,UNAVAILABLE
1786654308382,Forge,CAPTURE_ON,1,World Flythrough,92.57,10.80,10.42,N/A,5536.83,N/A,0,0,0,0,N/A,UNAVAILABLE
1786654308393,Forge,CAPTURE_ON,1,World Flythrough,89.31,11.20,10.42,N/A,5536.83,N/A,0,0,0,0,N/A,UNAVAILABLE
1786654308409,Forge,CAPTURE_ON,1,World Flythrough,65.51,15.26,10.42,N/A,5536.83,N/A,0,0,0,0,N/A,UNAVAILABLE
1786654308423,Forge,CAPTURE_ON,1,World Flythrough,66.86,14.96,10.42,N/A,5536.83,N/A,0,0,0,0,N/A,UNAVAILABLE
1786654308435,Forge,CAPTURE_ON,1,World Flythrough,90.52,11.05,10.42,N/A,5536.83,N/A,0,0,0,0,N/A,UNAVAILABLE
1786654308445,Forge,CAPTURE_ON,1,World Flythrough,97.66,10.24,10.42,N/A,5536.83,N/A,0,0,0,0,N/A,UNAVAILABLE
1786654308462,Forge,CAPTURE_ON,1,World Flythrough,58.63,17.06,10.42,N/A,5536.83,N/A,0,0,0,0,N/A,UNAVAILABLE
1786654308477,Forge,CAPTURE_ON,1,World Flythrough,67.38,14.84,10.42,N/A,5536.83,N/A,0,0,0,0,N/A,UNAVAILABLE
1786654308487,Forge,CAPTURE_ON,1,World Flythrough,103.31,9.68,10.42,N/A,5536.83,N/A,0,0,0,0,N/A,UNAVAILABLE
1786654308496,Forge,CAPTURE_ON,1,World Flythrough,108.59,9.21,10.42,N/A,5536.83,N/A,0,0,0,0,N/A,UNAVAILABLE
1786654308509,Forge,CAPTURE_ON,1,World Flythrough,77.79,12.86,10.42,N/A,5536.83,N/A,0,0,0,0,N/A,UNAVAILABLE
1786654308522,Forge,CAPTURE_ON,1,World Flythrough,71.55,13.98,10.42,N/A,5536.83,N/A,0,0,0,0,N/A,UNAVAILABLE
1786654308533,Forge,CAPTURE_ON,1,World Flythrough,95.29,10.49,10.42,N/A,5536.83,N/A,0,0,0,0,N/A,UNAVAILABLE
1786654308544,Forge,CAPTURE_ON,1,World Flythrough,95.93,10.42,10.42,N/A,5536.83,N/A,0,0,0,0,N/A,UNAVAILABLE
1786654308557,Forge,CAPTURE_ON,1,World Flythrough,72.84,13.73,10.42,N/A,5536.83,N/A,0,0,0,0,N/A,UNAVAILABLE
1786654308575,Forge,CAPTURE_ON,1,World Flythrough,53.80,18.59,10.42,N/A,5536.83,N/A,0,0,0,0,N/A,UNAVAILABLE
1786654308587,Forge,CAPTURE_ON,1,World Flythrough,90.19,11.09,10.42,N/A,5536.83,N/A,0,0,0,0,N/A,UNAVAILABLE
1786654308599,Forge,CAPTURE_ON,1,World Flythrough,81.67,12.25,10.42,N/A,5536.83,N/A,0,0,0,0,N/A,UNAVAILABLE
1786654308617,Forge,CAPTURE_ON,1,World Flythrough,57.46,17.40,10.42,N/A,5536.83,N/A,0,0,0,0,N/A,UNAVAILABLE
1786654308629,Forge,CAPTURE_ON,1,World Flythrough,82.35,12.14,10.42,N/A,5536.83,N/A,0,0,0,0,N/A,UNAVAILABLE
1786654308637,Forge,CAPTURE_ON,1,World Flythrough,107.07,9.34,10.42,N/A,5536.83,N/A,0,0,0,0,N/A,UNAVAILABLE
1786654308652,Forge,CAPTURE_ON,1,World Flythrough,71.95,13.90,10.42,N/A,5536.83,N/A,0,0,0,0,N/A,UNAVAILABLE
1786654308673,Forge,CAPTURE_ON,1,World Flythrough,46.26,21.62,10.42,N/A,5536.83,N/A,0,0,0,0,N/A,UNAVAILABLE
1786654308685,Forge,CAPTURE_ON,1,World Flythrough,91.20,10.96,10.42,N/A,5536.83,N/A,0,0,0,0,N/A,UNAVAILABLE
1786654308698,Forge,CAPTURE_ON,1,World Flythrough,74.44,13.43,10.42,N/A,5536.83,N/A,0,0,0,0,N/A,UNAVAILABLE
1786654308712,Forge,CAPTURE_ON,1,World Flythrough,70.28,14.23,10.42,N/A,5536.83,N/A,0,0,0,0,N/A,UNAVAILABLE
1786654308722,Forge,CAPTURE_ON,1,World Flythrough,100.18,9.98,10.42,N/A,5536.83,N/A,0,0,0,0,N/A,UNAVAILABLE
1786654308737,Forge,CAPTURE_ON,1,World Flythrough,66.41,15.06,10.42,N/A,5536.83,N/A,0,0,0,0,N/A,UNAVAILABLE
1786654308751,Forge,CAPTURE_ON,1,World Flythrough,71.08,14.07,10.42,N/A,5536.83,N/A,0,0,0,0,N/A,UNAVAILABLE
1786654308766,Forge,CAPTURE_ON,1,World Flythrough,66.41,15.06,10.42,N/A,5536.83,N/A,0,0,0,0,N/A,UNAVAILABLE
1786654308776,Forge,CAPTURE_ON,1,World Flythrough,103.23,9.69,10.42,N/A,5536.83,N/A,0,0,0,0,N/A,UNAVAILABLE
1786654308786,Forge,CAPTURE_ON,1,World Flythrough,96.87,10.32,10.42,N/A,5536.83,N/A,0,0,0,0,N/A,UNAVAILABLE
1786654308805,Forge,CAPTURE_ON,1,World Flythrough,55.25,18.10,10.42,N/A,5536.83,N/A,0,0,0,0,N/A,UNAVAILABLE
1786654308820,Forge,CAPTURE_ON,1,World Flythrough,66.65,15.00,10.42,N/A,5536.83,N/A,0,0,0,0,N/A,UNAVAILABLE
1786654308840,Forge,CAPTURE_ON,1,World Flythrough,47.68,20.97,10.42,N/A,5536.83,N/A,0,0,0,0,N/A,UNAVAILABLE
1786654308893,Forge,CAPTURE_ON,1,World Flythrough,56.94,17.56,8.88,N/A,5894.83,N/A,0,0,0,0,N/A,UNAVAILABLE
1786654308913,Forge,CAPTURE_ON,1,World Flythrough,17.97,55.65,8.88,N/A,5894.83,N/A,0,0,0,0,N/A,UNAVAILABLE
1786654308932,Forge,CAPTURE_ON,1,World Flythrough,54.59,18.32,8.88,N/A,5894.83,N/A,0,0,0,0,N/A,UNAVAILABLE
1786654308945,Forge,CAPTURE_ON,1,World Flythrough,73.49,13.61,8.88,N/A,5894.83,N/A,0,0,0,0,N/A,UNAVAILABLE
1786654308970,Forge,CAPTURE_ON,1,World Flythrough,41.37,24.17,8.88,N/A,5894.83,N/A,0,0,0,0,N/A,UNAVAILABLE
1786654308985,Forge,CAPTURE_ON,1,World Flythrough,64.86,15.42,8.88,N/A,5894.83,N/A,0,0,0,0,N/A,UNAVAILABLE
1786654309001,Forge,CAPTURE_ON,1,World Flythrough,64.37,15.54,8.88,N/A,5894.83,N/A,0,0,0,0,N/A,UNAVAILABLE
1786654309020,Forge,CAPTURE_ON,1,World Flythrough,53.63,18.65,8.88,N/A,5894.83,N/A,0,0,0,0,N/A,UNAVAILABLE
1786654309037,Forge,CAPTURE_ON,1,World Flythrough,56.99,17.55,8.88,N/A,5894.83,N/A,0,0,0,0,N/A,UNAVAILABLE
1786654309051,Forge,CAPTURE_ON,1,World Flythrough,74.08,13.50,8.88,N/A,5894.83,N/A,0,0,0,0,N/A,UNAVAILABLE
1786654309066,Forge,CAPTURE_ON,1,World Flythrough,63.82,15.67,8.88,N/A,5894.83,N/A,0,0,0,0,N/A,UNAVAILABLE
1786654309079,Forge,CAPTURE_ON,1,World Flythrough,78.46,12.75,8.88,N/A,5894.83,N/A,0,0,0,0,N/A,UNAVAILABLE
1786654309095,Forge,CAPTURE_ON,1,World Flythrough,61.95,16.14,8.88,N/A,5894.83,N/A,0,0,0,0,N/A,UNAVAILABLE
1786654309104,Forge,CAPTURE_ON,1,World Flythrough,101.65,9.84,8.88,N/A,5894.83,N/A,0,0,0,0,N/A,UNAVAILABLE
1786654309118,Forge,CAPTURE_ON,1,World Flythrough,73.91,13.53,8.88,N/A,5894.83,N/A,0,0,0,0,N/A,UNAVAILABLE
1786654309128,Forge,CAPTURE_ON,1,World Flythrough,103.08,9.70,8.88,N/A,5894.83,N/A,0,0,0,0,N/A,UNAVAILABLE
1786654309146,Forge,CAPTURE_ON,1,World Flythrough,56.49,17.70,8.88,N/A,5894.83,N/A,0,0,0,0,N/A,UNAVAILABLE
1786654309157,Forge,CAPTURE_ON,1,World Flythrough,95.23,10.50,8.88,N/A,5894.83,N/A,0,0,0,0,N/A,UNAVAILABLE
1786654309171,Forge,CAPTURE_ON,1,World Flythrough,69.67,14.35,8.88,N/A,5894.83,N/A,0,0,0,0,N/A,UNAVAILABLE
1786654309184,Forge,CAPTURE_ON,1,World Flythrough,72.11,13.87,8.88,N/A,5894.83,N/A,0,0,0,0,N/A,UNAVAILABLE
1786654309194,Forge,CAPTURE_ON,1,World Flythrough,104.53,9.57,8.88,N/A,5894.83,N/A,0,0,0,0,N/A,UNAVAILABLE
1786654309209,Forge,CAPTURE_ON,1,World Flythrough,69.10,14.47,8.88,N/A,5894.83,N/A,0,0,0,0,N/A,UNAVAILABLE
1786654309223,Forge,CAPTURE_ON,1,World Flythrough,66.89,14.95,8.88,N/A,5894.83,N/A,0,0,0,0,N/A,UNAVAILABLE
1786654309237,Forge,CAPTURE_ON,1,World Flythrough,78.72,12.70,8.88,N/A,5894.83,N/A,0,0,0,0,N/A,UNAVAILABLE
1786654309253,Forge,CAPTURE_ON,1,World Flythrough,58.89,16.98,8.88,N/A,5894.83,N/A,0,0,0,0,N/A,UNAVAILABLE
1786654309271,Forge,CAPTURE_ON,1,World Flythrough,56.32,17.76,8.88,N/A,5894.83,N/A,0,0,0,0,N/A,UNAVAILABLE
1786654309282,Forge,CAPTURE_ON,1,World Flythrough,83.38,11.99,8.88,N/A,5894.83,N/A,0,0,0,0,N/A,UNAVAILABLE
1786654309299,Forge,CAPTURE_ON,1,World Flythrough,62.34,16.04,8.88,N/A,5894.83,N/A,0,0,0,0,N/A,UNAVAILABLE
1786654309317,Forge,CAPTURE_ON,1,World Flythrough,55.81,17.92,8.88,N/A,5894.83,N/A,0,0,0,0,N/A,UNAVAILABLE
1786654309331,Forge,CAPTURE_ON,1,World Flythrough,73.07,13.69,8.88,N/A,5894.83,N/A,0,0,0,0,N/A,UNAVAILABLE
1786654309345,Forge,CAPTURE_ON,1,World Flythrough,71.50,13.99,8.88,N/A,5894.83,N/A,0,0,0,0,N/A,UNAVAILABLE
1786654309355,Forge,CAPTURE_ON,1,World Flythrough,94.72,10.56,8.88,N/A,5894.83,N/A,0,0,0,0,N/A,UNAVAILABLE
1786654309374,Forge,CAPTURE_ON,1,World Flythrough,51.98,19.24,8.88,N/A,5894.83,N/A,0,0,0,0,N/A,UNAVAILABLE
1786654309393,Forge,CAPTURE_ON,1,World Flythrough,52.30,19.12,8.88,N/A,5894.83,N/A,0,0,0,0,N/A,UNAVAILABLE
1786654309406,Forge,CAPTURE_ON,1,World Flythrough,77.16,12.96,8.88,N/A,5894.83,N/A,0,0,0,0,N/A,UNAVAILABLE
1786654309421,Forge,CAPTURE_ON,1,World Flythrough,69.73,14.34,8.88,N/A,5894.83,N/A,0,0,0,0,N/A,UNAVAILABLE
1786654309437,Forge,CAPTURE_ON,1,World Flythrough,61.95,16.14,8.88,N/A,5894.83,N/A,0,0,0,0,N/A,UNAVAILABLE
1786654309450,Forge,CAPTURE_ON,1,World Flythrough,73.57,13.59,8.88,N/A,5894.83,N/A,0,0,0,0,N/A,UNAVAILABLE
1786654309466,Forge,CAPTURE_ON,1,World Flythrough,66.46,15.05,8.88,N/A,5894.83,N/A,0,0,0,0,N/A,UNAVAILABLE
1786654309475,Forge,CAPTURE_ON,1,World Flythrough,107.44,9.31,8.88,N/A,5894.83,N/A,0,0,0,0,N/A,UNAVAILABLE
1786654309488,Forge,CAPTURE_ON,1,World Flythrough,75.84,13.19,8.88,N/A,5894.83,N/A,0,0,0,0,N/A,UNAVAILABLE
1786654309504,Forge,CAPTURE_ON,1,World Flythrough,64.96,15.39,8.88,N/A,5894.83,N/A,0,0,0,0,N/A,UNAVAILABLE
1786654309519,Forge,CAPTURE_ON,1,World Flythrough,63.53,15.74,8.88,N/A,5894.83,N/A,0,0,0,0,N/A,UNAVAILABLE
1786654309529,Forge,CAPTURE_ON,1,World Flythrough,92.64,10.79,8.88,N/A,5894.83,N/A,0,0,0,0,N/A,UNAVAILABLE
1786654309541,Forge,CAPTURE_ON,1,World Flythrough,92.18,10.85,8.88,N/A,5894.83,N/A,0,0,0,0,N/A,UNAVAILABLE
1786654309555,Forge,CAPTURE_ON,1,World Flythrough,69.66,14.36,8.88,N/A,5894.83,N/A,0,0,0,0,N/A,UNAVAILABLE
1786654309569,Forge,CAPTURE_ON,1,World Flythrough,71.26,14.03,8.88,N/A,5894.83,N/A,0,0,0,0,N/A,UNAVAILABLE
1786654309582,Forge,CAPTURE_ON,1,World Flythrough,80.82,12.37,8.88,N/A,5894.83,N/A,0,0,0,0,N/A,UNAVAILABLE
1786654309597,Forge,CAPTURE_ON,1,World Flythrough,65.44,15.28,8.88,N/A,5894.83,N/A,0,0,0,0,N/A,UNAVAILABLE
1786654309608,Forge,CAPTURE_ON,1,World Flythrough,95.45,10.48,8.88,N/A,5894.83,N/A,0,0,0,0,N/A,UNAVAILABLE
1786654309623,Forge,CAPTURE_ON,1,World Flythrough,63.71,15.70,8.88,N/A,5894.83,N/A,0,0,0,0,N/A,UNAVAILABLE
1786654309633,Forge,CAPTURE_ON,1,World Flythrough,101.97,9.81,8.88,N/A,5894.83,N/A,0,0,0,0,N/A,UNAVAILABLE
1786654309646,Forge,CAPTURE_ON,1,World Flythrough,76.57,13.06,8.88,N/A,5894.83,N/A,0,0,0,0,N/A,UNAVAILABLE
1786654309655,Forge,CAPTURE_ON,1,World Flythrough,110.74,9.03,8.88,N/A,5894.83,N/A,0,0,0,0,N/A,UNAVAILABLE
1786654309669,Forge,CAPTURE_ON,1,World Flythrough,71.48,13.99,8.88,N/A,5894.83,N/A,0,0,0,0,N/A,UNAVAILABLE
1786654309679,Forge,CAPTURE_ON,1,World Flythrough,101.23,9.88,8.88,N/A,5894.83,N/A,0,0,0,0,N/A,UNAVAILABLE
1786654309694,Forge,CAPTURE_ON,1,World Flythrough,66.79,14.97,8.88,N/A,5894.83,N/A,0,0,0,0,N/A,UNAVAILABLE
1786654309707,Forge,CAPTURE_ON,1,World Flythrough,72.13,13.86,8.88,N/A,5894.83,N/A,0,0,0,0,N/A,UNAVAILABLE
1786654309724,Forge,CAPTURE_ON,1,World Flythrough,59.62,16.77,8.88,N/A,5894.83,N/A,0,0,0,0,N/A,UNAVAILABLE
1786654309738,Forge,CAPTURE_ON,1,World Flythrough,71.41,14.00,8.88,N/A,5894.83,N/A,0,0,0,0,N/A,UNAVAILABLE
1786654309754,Forge,CAPTURE_ON,1,World Flythrough,67.98,14.71,8.88,N/A,5894.83,N/A,0,0,0,0,N/A,UNAVAILABLE
1786654309770,Forge,CAPTURE_ON,1,World Flythrough,58.81,17.00,8.88,N/A,5894.83,N/A,0,0,0,0,N/A,UNAVAILABLE
1786654309780,Forge,CAPTURE_ON,1,World Flythrough,101.55,9.85,8.88,N/A,5894.83,N/A,0,0,0,0,N/A,UNAVAILABLE
1786654309794,Forge,CAPTURE_ON,1,World Flythrough,72.01,13.89,8.88,N/A,5894.83,N/A,0,0,0,0,N/A,UNAVAILABLE
1786654309804,Forge,CAPTURE_ON,1,World Flythrough,95.26,10.50,8.88,N/A,5894.83,N/A,0,0,0,0,N/A,UNAVAILABLE
1786654309820,Forge,CAPTURE_ON,1,World Flythrough,60.67,16.48,8.88,N/A,5894.83,N/A,0,0,0,0,N/A,UNAVAILABLE
1786654309832,Forge,CAPTURE_ON,1,World Flythrough,88.56,11.29,8.88,N/A,5894.83,N/A,0,0,0,0,N/A,UNAVAILABLE
1786654309845,Forge,CAPTURE_ON,1,World Flythrough,78.91,12.67,8.88,N/A,5894.83,N/A,0,0,0,0,N/A,UNAVAILABLE
1786654309853,Forge,CAPTURE_ON,1,World Flythrough,109.72,9.11,8.88,N/A,5894.83,N/A,0,0,0,0,N/A,UNAVAILABLE
1786654309908,Forge,CAPTURE_ON,1,World Flythrough,63.43,15.77,10.00,N/A,5517.03,N/A,0,0,0,0,N/A,UNAVAILABLE
1786654309932,Forge,CAPTURE_ON,1,World Flythrough,15.90,62.88,10.00,N/A,5517.03,N/A,0,0,0,0,N/A,UNAVAILABLE
1786654309945,Forge,CAPTURE_ON,1,World Flythrough,78.69,12.71,10.00,N/A,5517.03,N/A,0,0,0,0,N/A,UNAVAILABLE
1786654309953,Forge,CAPTURE_ON,1,World Flythrough,124.57,8.03,10.00,N/A,5517.03,N/A,0,0,0,0,N/A,UNAVAILABLE
1786654309970,Forge,CAPTURE_ON,1,World Flythrough,61.34,16.30,10.00,N/A,5517.03,N/A,0,0,0,0,N/A,UNAVAILABLE
1786654309979,Forge,CAPTURE_ON,1,World Flythrough,114.39,8.74,10.00,N/A,5517.03,N/A,0,0,0,0,N/A,UNAVAILABLE
1786654309989,Forge,CAPTURE_ON,1,World Flythrough,91.82,10.89,10.00,N/A,5517.03,N/A,0,0,0,0,N/A,UNAVAILABLE
1786654310001,Forge,CAPTURE_ON,1,World Flythrough,85.44,11.70,10.00,N/A,5517.03,N/A,0,0,0,0,N/A,UNAVAILABLE
1786654310022,Forge,CAPTURE_ON,1,World Flythrough,47.47,21.07,10.00,N/A,5517.03,N/A,0,0,0,0,N/A,UNAVAILABLE
1786654310033,Forge,CAPTURE_ON,1,World Flythrough,84.98,11.77,10.00,N/A,5517.03,N/A,0,0,0,0,N/A,UNAVAILABLE
1786654310049,Forge,CAPTURE_ON,1,World Flythrough,69.82,14.32,10.00,N/A,5517.03,N/A,0,0,0,0,N/A,UNAVAILABLE
1786654310057,Forge,CAPTURE_ON,1,World Flythrough,96.51,10.36,10.00,N/A,5517.03,N/A,0,0,0,0,N/A,UNAVAILABLE
1786654310075,Forge,CAPTURE_ON,1,World Flythrough,60.30,16.58,10.00,N/A,5517.03,N/A,0,0,0,0,N/A,UNAVAILABLE
1786654310086,Forge,CAPTURE_ON,1,World Flythrough,88.88,11.25,10.00,N/A,5517.03,N/A,0,0,0,0,N/A,UNAVAILABLE
1786654310103,Forge,CAPTURE_ON,1,World Flythrough,60.04,16.66,10.00,N/A,5517.03,N/A,0,0,0,0,N/A,UNAVAILABLE
1786654310120,Forge,CAPTURE_ON,1,World Flythrough,58.61,17.06,10.00,N/A,5517.03,N/A,0,0,0,0,N/A,UNAVAILABLE
1786654310130,Forge,CAPTURE_ON,1,World Flythrough,90.81,11.01,10.00,N/A,5517.03,N/A,0,0,0,0,N/A,UNAVAILABLE
1786654310143,Forge,CAPTURE_ON,1,World Flythrough,84.91,11.78,10.00,N/A,5517.03,N/A,0,0,0,0,N/A,UNAVAILABLE
1786654310155,Forge,CAPTURE_ON,1,World Flythrough,86.64,11.54,10.00,N/A,5517.03,N/A,0,0,0,0,N/A,UNAVAILABLE
1786654310172,Forge,CAPTURE_ON,1,World Flythrough,55.93,17.88,10.00,N/A,5517.03,N/A,0,0,0,0,N/A,UNAVAILABLE
1786654310185,Forge,CAPTURE_ON,1,World Flythrough,76.22,13.12,10.00,N/A,5517.03,N/A,0,0,0,0,N/A,UNAVAILABLE
1786654310199,Forge,CAPTURE_ON,1,World Flythrough,73.23,13.66,10.00,N/A,5517.03,N/A,0,0,0,0,N/A,UNAVAILABLE
1786654310210,Forge,CAPTURE_ON,1,World Flythrough,97.73,10.23,10.00,N/A,5517.03,N/A,0,0,0,0,N/A,UNAVAILABLE
1786654310225,Forge,CAPTURE_ON,1,World Flythrough,61.71,16.21,10.00,N/A,5517.03,N/A,0,0,0,0,N/A,UNAVAILABLE
1786654310236,Forge,CAPTURE_ON,1,World Flythrough,96.28,10.39,10.00,N/A,5517.03,N/A,0,0,0,0,N/A,UNAVAILABLE
1786654310244,Forge,CAPTURE_ON,1,World Flythrough,114.59,8.73,10.00,N/A,5517.03,N/A,0,0,0,0,N/A,UNAVAILABLE
1786654310255,Forge,CAPTURE_ON,1,World Flythrough,99.12,10.09,10.00,N/A,5517.03,N/A,0,0,0,0,N/A,UNAVAILABLE
1786654310275,Forge,CAPTURE_ON,1,World Flythrough,49.39,20.25,10.00,N/A,5517.03,N/A,0,0,0,0,N/A,UNAVAILABLE
1786654310285,Forge,CAPTURE_ON,1,World Flythrough,105.82,9.45,10.00,N/A,5517.03,N/A,0,0,0,0,N/A,UNAVAILABLE
1786654310297,Forge,CAPTURE_ON,1,World Flythrough,77.02,12.98,10.00,N/A,5517.03,N/A,0,0,0,0,N/A,UNAVAILABLE
1786654310310,Forge,CAPTURE_ON,1,World Flythrough,76.48,13.08,10.00,N/A,5517.03,N/A,0,0,0,0,N/A,UNAVAILABLE
1786654310327,Forge,CAPTURE_ON,1,World Flythrough,57.80,17.30,10.00,N/A,5517.03,N/A,0,0,0,0,N/A,UNAVAILABLE
1786654310339,Forge,CAPTURE_ON,1,World Flythrough,86.81,11.52,10.00,N/A,5517.03,N/A,0,0,0,0,N/A,UNAVAILABLE
1786654310352,Forge,CAPTURE_ON,1,World Flythrough,81.64,12.25,10.00,N/A,5517.03,N/A,0,0,0,0,N/A,UNAVAILABLE
1786654310371,Forge,CAPTURE_ON,1,World Flythrough,52.09,19.20,10.00,N/A,5517.03,N/A,0,0,0,0,N/A,UNAVAILABLE
1786654310381,Forge,CAPTURE_ON,1,World Flythrough,92.87,10.77,10.00,N/A,5517.03,N/A,0,0,0,0,N/A,UNAVAILABLE
1786654310391,Forge,CAPTURE_ON,1,World Flythrough,101.92,9.81,10.00,N/A,5517.03,N/A,0,0,0,0,N/A,UNAVAILABLE
1786654310402,Forge,CAPTURE_ON,1,World Flythrough,97.53,10.25,10.00,N/A,5517.03,N/A,0,0,0,0,N/A,UNAVAILABLE
1786654310414,Forge,CAPTURE_ON,1,World Flythrough,76.53,13.07,10.00,N/A,5517.03,N/A,0,0,0,0,N/A,UNAVAILABLE
1786654310423,Forge,CAPTURE_ON,1,World Flythrough,110.63,9.04,10.00,N/A,5517.03,N/A,0,0,0,0,N/A,UNAVAILABLE
1786654310432,Forge,CAPTURE_ON,1,World Flythrough,114.82,8.71,10.00,N/A,5517.03,N/A,0,0,0,0,N/A,UNAVAILABLE
1786654310440,Forge,CAPTURE_ON,1,World Flythrough,122.65,8.15,10.00,N/A,5517.03,N/A,0,0,0,0,N/A,UNAVAILABLE
1786654310449,Forge,CAPTURE_ON,1,World Flythrough,117.36,8.52,10.00,N/A,5517.03,N/A,0,0,0,0,N/A,UNAVAILABLE
1786654310457,Forge,CAPTURE_ON,1,World Flythrough,118.98,8.40,10.00,N/A,5517.03,N/A,0,0,0,0,N/A,UNAVAILABLE
1786654310467,Forge,CAPTURE_ON,1,World Flythrough,94.64,10.57,10.00,N/A,5517.03,N/A,0,0,0,0,N/A,UNAVAILABLE
1786654310474,Forge,CAPTURE_ON,1,World Flythrough,162.20,6.17,10.00,N/A,5517.03,N/A,0,0,0,0,N/A,UNAVAILABLE
1786654310480,Forge,CAPTURE_ON,1,World Flythrough,169.99,5.88,10.00,N/A,5517.03,N/A,0,0,0,0,N/A,UNAVAILABLE
1786654310486,Forge,CAPTURE_ON,1,World Flythrough,160.46,6.23,10.00,N/A,5517.03,N/A,0,0,0,0,N/A,UNAVAILABLE
1786654310493,Forge,CAPTURE_ON,1,World Flythrough,144.44,6.92,10.00,N/A,5517.03,N/A,0,0,0,0,N/A,UNAVAILABLE
1786654310499,Forge,CAPTURE_ON,1,World Flythrough,159.01,6.29,10.00,N/A,5517.03,N/A,0,0,0,0,N/A,UNAVAILABLE
1786654310510,Forge,CAPTURE_ON,1,World Flythrough,91.99,10.87,10.00,N/A,5517.03,N/A,0,0,0,0,N/A,UNAVAILABLE
1786654310520,Forge,CAPTURE_ON,1,World Flythrough,104.85,9.54,10.00,N/A,5517.03,N/A,0,0,0,0,N/A,UNAVAILABLE
1786654310527,Forge,CAPTURE_ON,1,World Flythrough,140.87,7.10,10.00,N/A,5517.03,N/A,0,0,0,0,N/A,UNAVAILABLE
1786654310537,Forge,CAPTURE_ON,1,World Flythrough,98.35,10.17,10.00,N/A,5517.03,N/A,0,0,0,0,N/A,UNAVAILABLE
1786654310544,Forge,CAPTURE_ON,1,World Flythrough,146.08,6.85,10.00,N/A,5517.03,N/A,0,0,0,0,N/A,UNAVAILABLE
1786654310555,Forge,CAPTURE_ON,1,World Flythrough,93.01,10.75,10.00,N/A,5517.03,N/A,0,0,0,0,N/A,UNAVAILABLE
1786654310574,Forge,CAPTURE_ON,1,World Flythrough,51.20,19.53,10.00,N/A,5517.03,N/A,0,0,0,0,N/A,UNAVAILABLE
1786654310581,Forge,CAPTURE_ON,1,World Flythrough,137.27,7.28,10.00,N/A,5517.03,N/A,0,0,0,0,N/A,UNAVAILABLE
1786654310594,Forge,CAPTURE_ON,1,World Flythrough,79.82,12.53,10.00,N/A,5517.03,N/A,0,0,0,0,N/A,UNAVAILABLE
1786654310604,Forge,CAPTURE_ON,1,World Flythrough,99.07,10.09,10.00,N/A,5517.03,N/A,0,0,0,0,N/A,UNAVAILABLE
1786654310621,Forge,CAPTURE_ON,1,World Flythrough,61.49,16.26,10.00,N/A,5517.03,N/A,0,0,0,0,N/A,UNAVAILABLE
1786654310628,Forge,CAPTURE_ON,1,World Flythrough,129.30,7.73,10.00,N/A,5517.03,N/A,0,0,0,0,N/A,UNAVAILABLE
1786654310640,Forge,CAPTURE_ON,1,World Flythrough,79.15,12.63,10.00,N/A,5517.03,N/A,0,0,0,0,N/A,UNAVAILABLE
1786654310648,Forge,CAPTURE_ON,1,World Flythrough,150.35,6.65,10.00,N/A,5517.03,N/A,0,0,0,0,N/A,UNAVAILABLE
1786654310657,Forge,CAPTURE_ON,1,World Flythrough,101.39,9.86,10.00,N/A,5517.03,N/A,0,0,0,0,N/A,UNAVAILABLE
1786654310672,Forge,CAPTURE_ON,1,World Flythrough,68.77,14.54,10.00,N/A,5517.03,N/A,0,0,0,0,N/A,UNAVAILABLE
1786654310679,Forge,CAPTURE_ON,1,World Flythrough,142.49,7.02,10.00,N/A,5517.03,N/A,0,0,0,0,N/A,UNAVAILABLE
1786654310685,Forge,CAPTURE_ON,1,World Flythrough,182.32,5.48,10.00,N/A,5517.03,N/A,0,0,0,0,N/A,UNAVAILABLE
1786654310695,Forge,CAPTURE_ON,1,World Flythrough,92.75,10.78,10.00,N/A,5517.03,N/A,0,0,0,0,N/A,UNAVAILABLE
1786654310704,Forge,CAPTURE_ON,1,World Flythrough,117.09,8.54,10.00,N/A,5517.03,N/A,0,0,0,0,N/A,UNAVAILABLE
1786654310720,Forge,CAPTURE_ON,1,World Flythrough,60.77,16.45,10.00,N/A,5517.03,N/A,0,0,0,0,N/A,UNAVAILABLE
1786654310726,Forge,CAPTURE_ON,1,World Flythrough,156.44,6.39,10.00,N/A,5517.03,N/A,0,0,0,0,N/A,UNAVAILABLE
1786654310733,Forge,CAPTURE_ON,1,World Flythrough,163.15,6.13,10.00,N/A,5517.03,N/A,0,0,0,0,N/A,UNAVAILABLE
1786654310742,Forge,CAPTURE_ON,1,World Flythrough,105.20,9.51,10.00,N/A,5517.03,N/A,0,0,0,0,N/A,UNAVAILABLE
1786654310750,Forge,CAPTURE_ON,1,World Flythrough,125.67,7.96,10.00,N/A,5517.03,N/A,0,0,0,0,N/A,UNAVAILABLE
1786654310766,Forge,CAPTURE_ON,1,World Flythrough,61.61,16.23,10.00,N/A,5517.03,N/A,0,0,0,0,N/A,UNAVAILABLE
1786654310774,Forge,CAPTURE_ON,1,World Flythrough,129.88,7.70,10.00,N/A,5517.03,N/A,0,0,0,0,N/A,UNAVAILABLE
1786654310780,Forge,CAPTURE_ON,1,World Flythrough,155.48,6.43,10.00,N/A,5517.03,N/A,0,0,0,0,N/A,UNAVAILABLE
1786654310791,Forge,CAPTURE_ON,1,World Flythrough,95.69,10.45,10.00,N/A,5517.03,N/A,0,0,0,0,N/A,UNAVAILABLE
1786654310804,Forge,CAPTURE_ON,1,World Flythrough,78.27,12.78,10.00,N/A,5517.03,N/A,0,0,0,0,N/A,UNAVAILABLE
1786654310819,Forge,CAPTURE_ON,1,World Flythrough,63.50,15.75,10.00,N/A,5517.03,N/A,0,0,0,0,N/A,UNAVAILABLE
1786654310827,Forge,CAPTURE_ON,1,World Flythrough,117.86,8.48,10.00,N/A,5517.03,N/A,0,0,0,0,N/A,UNAVAILABLE
1786654310837,Forge,CAPTURE_ON,1,World Flythrough,110.96,9.01,10.00,N/A,5517.03,N/A,0,0,0,0,N/A,UNAVAILABLE
1786654310846,Forge,CAPTURE_ON,1,World Flythrough,114.34,8.75,10.00,N/A,5517.03,N/A,0,0,0,0,N/A,UNAVAILABLE
1786654310854,Forge,CAPTURE_ON,1,World Flythrough,114.63,8.72,10.00,N/A,5517.03,N/A,0,0,0,0,N/A,UNAVAILABLE
1786654310869,Forge,CAPTURE_ON,1,World Flythrough,67.95,14.72,10.00,N/A,5517.03,N/A,0,0,0,0,N/A,UNAVAILABLE
1786654310916,Forge,CAPTURE_ON,1,World Flythrough,98.60,10.14,8.03,N/A,5719.29,N/A,0,0,0,0,N/A,UNAVAILABLE
1786654310928,Forge,CAPTURE_ON,1,World Flythrough,20.45,48.90,8.03,N/A,5719.29,N/A,0,0,0,0,N/A,UNAVAILABLE
1786654310935,Forge,CAPTURE_ON,1,World Flythrough,142.32,7.03,8.03,N/A,5719.29,N/A,0,0,0,0,N/A,UNAVAILABLE
1786654310945,Forge,CAPTURE_ON,1,World Flythrough,101.25,9.88,8.03,N/A,5719.29,N/A,0,0,0,0,N/A,UNAVAILABLE
1786654310951,Forge,CAPTURE_ON,1,World Flythrough,154.76,6.46,8.03,N/A,5719.29,N/A,0,0,0,0,N/A,UNAVAILABLE
1786654310965,Forge,CAPTURE_ON,1,World Flythrough,75.26,13.29,8.03,N/A,5719.29,N/A,0,0,0,0,N/A,UNAVAILABLE
1786654310974,Forge,CAPTURE_ON,1,World Flythrough,108.27,9.24,8.03,N/A,5719.29,N/A,0,0,0,0,N/A,UNAVAILABLE
1786654310980,Forge,CAPTURE_ON,1,World Flythrough,163.47,6.12,8.03,N/A,5719.29,N/A,0,0,0,0,N/A,UNAVAILABLE
1786654310989,Forge,CAPTURE_ON,1,World Flythrough,116.45,8.59,8.03,N/A,5719.29,N/A,0,0,0,0,N/A,UNAVAILABLE
1786654310999,Forge,CAPTURE_ON,1,World Flythrough,102.98,9.71,8.03,N/A,5719.29,N/A,0,0,0,0,N/A,UNAVAILABLE
1786654311006,Forge,CAPTURE_ON,1,World Flythrough,132.94,7.52,8.03,N/A,5719.29,N/A,0,0,0,0,N/A,UNAVAILABLE
1786654311023,Forge,CAPTURE_ON,1,World Flythrough,58.69,17.04,8.03,N/A,5719.29,N/A,0,0,0,0,N/A,UNAVAILABLE
1786654311034,Forge,CAPTURE_ON,1,World Flythrough,92.37,10.83,8.03,N/A,5719.29,N/A,0,0,0,0,N/A,UNAVAILABLE
1786654311045,Forge,CAPTURE_ON,1,World Flythrough,88.82,11.26,8.03,N/A,5719.29,N/A,0,0,0,0,N/A,UNAVAILABLE
1786654311055,Forge,CAPTURE_ON,1,World Flythrough,106.52,9.39,8.03,N/A,5719.29,N/A,0,0,0,0,N/A,UNAVAILABLE
1786654311073,Forge,CAPTURE_ON,1,World Flythrough,53.99,18.52,8.03,N/A,5719.29,N/A,0,0,0,0,N/A,UNAVAILABLE
1786654311084,Forge,CAPTURE_ON,1,World Flythrough,93.89,10.65,8.03,N/A,5719.29,N/A,0,0,0,0,N/A,UNAVAILABLE
1786654311095,Forge,CAPTURE_ON,1,World Flythrough,82.81,12.08,8.03,N/A,5719.29,N/A,0,0,0,0,N/A,UNAVAILABLE
1786654311107,Forge,CAPTURE_ON,1,World Flythrough,93.28,10.72,8.03,N/A,5719.29,N/A,0,0,0,0,N/A,UNAVAILABLE
1786654311123,Forge,CAPTURE_ON,1,World Flythrough,62.51,16.00,8.03,N/A,5719.29,N/A,0,0,0,0,N/A,UNAVAILABLE
1786654311132,Forge,CAPTURE_ON,1,World Flythrough,101.12,9.89,8.03,N/A,5719.29,N/A,0,0,0,0,N/A,UNAVAILABLE
1786654311144,Forge,CAPTURE_ON,1,World Flythrough,86.19,11.60,8.03,N/A,5719.29,N/A,0,0,0,0,N/A,UNAVAILABLE
1786654311155,Forge,CAPTURE_ON,1,World Flythrough,93.75,10.67,8.03,N/A,5719.29,N/A,0,0,0,0,N/A,UNAVAILABLE
1786654311171,Forge,CAPTURE_ON,1,World Flythrough,59.72,16.74,8.03,N/A,5719.29,N/A,0,0,0,0,N/A,UNAVAILABLE
1786654311181,Forge,CAPTURE_ON,1,World Flythrough,96.46,10.37,8.03,N/A,5719.29,N/A,0,0,0,0,N/A,UNAVAILABLE
1786654311194,Forge,CAPTURE_ON,1,World Flythrough,79.61,12.56,8.03,N/A,5719.29,N/A,0,0,0,0,N/A,UNAVAILABLE
1786654311203,Forge,CAPTURE_ON,1,World Flythrough,115.06,8.69,8.03,N/A,5719.29,N/A,0,0,0,0,N/A,UNAVAILABLE
1786654311219,Forge,CAPTURE_ON,1,World Flythrough,62.89,15.90,8.03,N/A,5719.29,N/A,0,0,0,0,N/A,UNAVAILABLE
1786654311230,Forge,CAPTURE_ON,1,World Flythrough,93.10,10.74,8.03,N/A,5719.29,N/A,0,0,0,0,N/A,UNAVAILABLE
1786654311239,Forge,CAPTURE_ON,1,World Flythrough,110.56,9.05,8.03,N/A,5719.29,N/A,0,0,0,0,N/A,UNAVAILABLE
1786654311249,Forge,CAPTURE_ON,1,World Flythrough,94.79,10.55,8.03,N/A,5719.29,N/A,0,0,0,0,N/A,UNAVAILABLE
1786654311266,Forge,CAPTURE_ON,1,World Flythrough,59.50,16.81,8.03,N/A,5719.29,N/A,0,0,0,0,N/A,UNAVAILABLE
1786654311277,Forge,CAPTURE_ON,1,World Flythrough,90.31,11.07,8.03,N/A,5719.29,N/A,0,0,0,0,N/A,UNAVAILABLE
1786654311287,Forge,CAPTURE_ON,1,World Flythrough,93.55,10.69,8.03,N/A,5719.29,N/A,0,0,0,0,N/A,UNAVAILABLE
1786654311296,Forge,CAPTURE_ON,1,World Flythrough,123.11,8.12,8.03,N/A,5719.29,N/A,0,0,0,0,N/A,UNAVAILABLE
1786654311309,Forge,CAPTURE_ON,1,World Flythrough,78.64,12.72,8.03,N/A,5719.29,N/A,0,0,0,0,N/A,UNAVAILABLE
1786654311327,Forge,CAPTURE_ON,1,World Flythrough,53.21,18.79,8.03,N/A,5719.29,N/A,0,0,0,0,N/A,UNAVAILABLE
1786654311339,Forge,CAPTURE_ON,1,World Flythrough,85.81,11.65,8.03,N/A,5719.29,N/A,0,0,0,0,N/A,UNAVAILABLE
1786654311347,Forge,CAPTURE_ON,1,World Flythrough,109.28,9.15,8.03,N/A,5719.29,N/A,0,0,0,0,N/A,UNAVAILABLE
1786654311359,Forge,CAPTURE_ON,1,World Flythrough,89.92,11.12,8.03,N/A,5719.29,N/A,0,0,0,0,N/A,UNAVAILABLE
1786654311376,Forge,CAPTURE_ON,1,World Flythrough,58.93,16.97,8.03,N/A,5719.29,N/A,0,0,0,0,N/A,UNAVAILABLE
1786654311386,Forge,CAPTURE_ON,1,World Flythrough,102.42,9.76,8.03,N/A,5719.29,N/A,0,0,0,0,N/A,UNAVAILABLE
1786654311395,Forge,CAPTURE_ON,1,World Flythrough,115.83,8.63,8.03,N/A,5719.29,N/A,0,0,0,0,N/A,UNAVAILABLE
1786654311402,Forge,CAPTURE_ON,1,World Flythrough,130.31,7.67,8.03,N/A,5719.29,N/A,0,0,0,0,N/A,UNAVAILABLE
1786654311416,Forge,CAPTURE_ON,1,World Flythrough,77.28,12.94,8.03,N/A,5719.29,N/A,0,0,0,0,N/A,UNAVAILABLE
1786654311424,Forge,CAPTURE_ON,1,World Flythrough,106.78,9.36,8.03,N/A,5719.29,N/A,0,0,0,0,N/A,UNAVAILABLE
1786654311433,Forge,CAPTURE_ON,1,World Flythrough,117.39,8.52,8.03,N/A,5719.29,N/A,0,0,0,0,N/A,UNAVAILABLE
1786654311441,Forge,CAPTURE_ON,1,World Flythrough,117.20,8.53,8.03,N/A,5719.29,N/A,0,0,0,0,N/A,UNAVAILABLE
1786654311452,Forge,CAPTURE_ON,1,World Flythrough,97.26,10.28,8.03,N/A,5719.29,N/A,0,0,0,0,N/A,UNAVAILABLE
1786654311465,Forge,CAPTURE_ON,1,World Flythrough,78.76,12.70,8.03,N/A,5719.29,N/A,0,0,0,0,N/A,UNAVAILABLE
1786654311474,Forge,CAPTURE_ON,1,World Flythrough,106.89,9.36,8.03,N/A,5719.29,N/A,0,0,0,0,N/A,UNAVAILABLE
1786654311482,Forge,CAPTURE_ON,1,World Flythrough,115.10,8.69,8.03,N/A,5719.29,N/A,0,0,0,0,N/A,UNAVAILABLE
1786654311494,Forge,CAPTURE_ON,1,World Flythrough,88.27,11.33,8.03,N/A,5719.29,N/A,0,0,0,0,N/A,UNAVAILABLE
1786654311503,Forge,CAPTURE_ON,1,World Flythrough,109.80,9.11,8.03,N/A,5719.29,N/A,0,0,0,0,N/A,UNAVAILABLE
1786654311522,Forge,CAPTURE_ON,1,World Flythrough,51.36,19.47,8.03,N/A,5719.29,N/A,0,0,0,0,N/A,UNAVAILABLE
1786654311532,Forge,CAPTURE_ON,1,World Flythrough,104.59,9.56,8.03,N/A,5719.29,N/A,0,0,0,0,N/A,UNAVAILABLE
1786654311544,Forge,CAPTURE_ON,1,World Flythrough,85.15,11.74,8.03,N/A,5719.29,N/A,0,0,0,0,N/A,UNAVAILABLE
1786654311553,Forge,CAPTURE_ON,1,World Flythrough,111.38,8.98,8.03,N/A,5719.29,N/A,0,0,0,0,N/A,UNAVAILABLE
1786654311574,Forge,CAPTURE_ON,1,World Flythrough,48.36,20.68,8.03,N/A,5719.29,N/A,0,0,0,0,N/A,UNAVAILABLE
1786654311587,Forge,CAPTURE_ON,1,World Flythrough,70.46,14.19,8.03,N/A,5719.29,N/A,0,0,0,0,N/A,UNAVAILABLE
1786654311596,Forge,CAPTURE_ON,1,World Flythrough,117.72,8.49,8.03,N/A,5719.29,N/A,0,0,0,0,N/A,UNAVAILABLE
1786654311607,Forge,CAPTURE_ON,1,World Flythrough,86.71,11.53,8.03,N/A,5719.29,N/A,0,0,0,0,N/A,UNAVAILABLE
1786654311623,Forge,CAPTURE_ON,1,World Flythrough,64.16,15.59,8.03,N/A,5719.29,N/A,0,0,0,0,N/A,UNAVAILABLE
1786654311636,Forge,CAPTURE_ON,1,World Flythrough,78.71,12.70,8.03,N/A,5719.29,N/A,0,0,0,0,N/A,UNAVAILABLE
1786654311649,Forge,CAPTURE_ON,1,World Flythrough,80.67,12.40,8.03,N/A,5719.29,N/A,0,0,0,0,N/A,UNAVAILABLE
1786654311665,Forge,CAPTURE_ON,1,World Flythrough,61.67,16.21,8.03,N/A,5719.29,N/A,0,0,0,0,N/A,UNAVAILABLE
1786654311675,Forge,CAPTURE_ON,1,World Flythrough,104.22,9.59,8.03,N/A,5719.29,N/A,0,0,0,0,N/A,UNAVAILABLE
1786654311687,Forge,CAPTURE_ON,1,World Flythrough,82.49,12.12,8.03,N/A,5719.29,N/A,0,0,0,0,N/A,UNAVAILABLE
1786654311697,Forge,CAPTURE_ON,1,World Flythrough,88.97,11.24,8.03,N/A,5719.29,N/A,0,0,0,0,N/A,UNAVAILABLE
1786654311715,Forge,CAPTURE_ON,1,World Flythrough,59.55,16.79,8.03,N/A,5719.29,N/A,0,0,0,0,N/A,UNAVAILABLE
1786654311726,Forge,CAPTURE_ON,1,World Flythrough,91.91,10.88,8.03,N/A,5719.29,N/A,0,0,0,0,N/A,UNAVAILABLE
1786654311738,Forge,CAPTURE_ON,1,World Flythrough,77.24,12.95,8.03,N/A,5719.29,N/A,0,0,0,0,N/A,UNAVAILABLE
1786654311750,Forge,CAPTURE_ON,1,World Flythrough,82.59,12.11,8.03,N/A,5719.29,N/A,0,0,0,0,N/A,UNAVAILABLE
1786654311767,Forge,CAPTURE_ON,1,World Flythrough,59.45,16.82,8.03,N/A,5719.29,N/A,0,0,0,0,N/A,UNAVAILABLE
1786654311778,Forge,CAPTURE_ON,1,World Flythrough,95.08,10.52,8.03,N/A,5719.29,N/A,0,0,0,0,N/A,UNAVAILABLE
1786654311789,Forge,CAPTURE_ON,1,World Flythrough,91.91,10.88,8.03,N/A,5719.29,N/A,0,0,0,0,N/A,UNAVAILABLE
1786654311799,Forge,CAPTURE_ON,1,World Flythrough,96.82,10.33,8.03,N/A,5719.29,N/A,0,0,0,0,N/A,UNAVAILABLE
1786654311811,Forge,CAPTURE_ON,1,World Flythrough,87.12,11.48,8.03,N/A,5719.29,N/A,0,0,0,0,N/A,UNAVAILABLE
1786654311824,Forge,CAPTURE_ON,1,World Flythrough,72.34,13.82,8.03,N/A,5719.29,N/A,0,0,0,0,N/A,UNAVAILABLE
1786654311834,Forge,CAPTURE_ON,1,World Flythrough,103.19,9.69,8.03,N/A,5719.29,N/A,0,0,0,0,N/A,UNAVAILABLE
1786654311849,Forge,CAPTURE_ON,1,World Flythrough,69.59,14.37,8.03,N/A,5719.29,N/A,0,0,0,0,N/A,UNAVAILABLE
1786654311862,Forge,CAPTURE_ON,1,World Flythrough,73.34,13.64,8.03,N/A,5719.29,N/A,0,0,0,0,N/A,UNAVAILABLE
1786654311876,Forge,CAPTURE_ON,1,World Flythrough,70.20,14.24,8.03,N/A,5719.29,N/A,0,0,0,0,N/A,UNAVAILABLE
1786654311925,Forge,CAPTURE_ON,1,World Flythrough,99.56,10.04,9.68,N/A,5978.76,N/A,0,0,0,0,N/A,UNAVAILABLE
1786654311939,Forge,CAPTURE_ON,1,World Flythrough,19.05,52.51,9.68,N/A,5978.76,N/A,0,0,0,0,N/A,UNAVAILABLE
1786654311951,Forge,CAPTURE_ON,1,World Flythrough,83.13,12.03,9.68,N/A,5978.76,N/A,0,0,0,0,N/A,UNAVAILABLE
1786654311963,Forge,CAPTURE_ON,1,World Flythrough,77.64,12.88,9.68,N/A,5978.76,N/A,0,0,0,0,N/A,UNAVAILABLE
1786654311977,Forge,CAPTURE_ON,1,World Flythrough,73.92,13.53,9.68,N/A,5978.76,N/A,0,0,0,0,N/A,UNAVAILABLE
1786654311986,Forge,CAPTURE_ON,1,World Flythrough,115.10,8.69,9.68,N/A,5978.76,N/A,0,0,0,0,N/A,UNAVAILABLE
1786654311994,Forge,CAPTURE_ON,1,World Flythrough,125.54,7.97,9.68,N/A,5978.76,N/A,0,0,0,0,N/A,UNAVAILABLE
1786654312005,Forge,CAPTURE_ON,1,World Flythrough,90.85,11.01,9.68,N/A,5978.76,N/A,0,0,0,0,N/A,UNAVAILABLE
1786654312024,Forge,CAPTURE_ON,1,World Flythrough,50.36,19.86,9.68,N/A,5978.76,N/A,0,0,0,0,N/A,UNAVAILABLE
1786654312037,Forge,CAPTURE_ON,1,World Flythrough,83.03,12.04,9.68,N/A,5978.76,N/A,0,0,0,0,N/A,UNAVAILABLE
1786654312049,Forge,CAPTURE_ON,1,World Flythrough,76.24,13.12,9.68,N/A,5978.76,N/A,0,0,0,0,N/A,UNAVAILABLE
1786654312068,Forge,CAPTURE_ON,1,World Flythrough,54.73,18.27,9.68,N/A,5978.76,N/A,0,0,0,0,N/A,UNAVAILABLE
1786654312082,Forge,CAPTURE_ON,1,World Flythrough,72.75,13.75,9.68,N/A,5978.76,N/A,0,0,0,0,N/A,UNAVAILABLE
1786654312095,Forge,CAPTURE_ON,1,World Flythrough,75.32,13.28,9.68,N/A,5978.76,N/A,0,0,0,0,N/A,UNAVAILABLE
1786654312103,Forge,CAPTURE_ON,1,World Flythrough,125.57,7.96,9.68,N/A,5978.76,N/A,0,0,0,0,N/A,UNAVAILABLE
1786654312123,Forge,CAPTURE_ON,1,World Flythrough,49.76,20.10,9.68,N/A,5978.76,N/A,0,0,0,0,N/A,UNAVAILABLE
1786654312132,Forge,CAPTURE_ON,1,World Flythrough,119.10,8.40,9.68,N/A,5978.76,N/A,0,0,0,0,N/A,UNAVAILABLE
1786654312144,Forge,CAPTURE_ON,1,World Flythrough,80.17,12.47,9.68,N/A,5978.76,N/A,0,0,0,0,N/A,UNAVAILABLE
1786654312153,Forge,CAPTURE_ON,1,World Flythrough,119.63,8.36,9.68,N/A,5978.76,N/A,0,0,0,0,N/A,UNAVAILABLE
1786654312175,Forge,CAPTURE_ON,1,World Flythrough,43.76,22.85,9.68,N/A,5978.76,N/A,0,0,0,0,N/A,UNAVAILABLE
1786654312189,Forge,CAPTURE_ON,1,World Flythrough,72.45,13.80,9.68,N/A,5978.76,N/A,0,0,0,0,N/A,UNAVAILABLE
1786654312200,Forge,CAPTURE_ON,1,World Flythrough,95.84,10.43,9.68,N/A,5978.76,N/A,0,0,0,0,N/A,UNAVAILABLE
1786654312216,Forge,CAPTURE_ON,1,World Flythrough,60.87,16.43,9.68,N/A,5978.76,N/A,0,0,0,0,N/A,UNAVAILABLE
1786654312230,Forge,CAPTURE_ON,1,World Flythrough,72.06,13.88,9.68,N/A,5978.76,N/A,0,0,0,0,N/A,UNAVAILABLE
1786654312239,Forge,CAPTURE_ON,1,World Flythrough,103.06,9.70,9.68,N/A,5978.76,N/A,0,0,0,0,N/A,UNAVAILABLE
1786654312250,Forge,CAPTURE_ON,1,World Flythrough,95.39,10.48,9.68,N/A,5978.76,N/A,0,0,0,0,N/A,UNAVAILABLE
1786654312267,Forge,CAPTURE_ON,1,World Flythrough,59.17,16.90,9.68,N/A,5978.76,N/A,0,0,0,0,N/A,UNAVAILABLE
1786654312276,Forge,CAPTURE_ON,1,World Flythrough,118.62,8.43,9.68,N/A,5978.76,N/A,0,0,0,0,N/A,UNAVAILABLE
1786654312289,Forge,CAPTURE_ON,1,World Flythrough,75.44,13.26,9.68,N/A,5978.76,N/A,0,0,0,0,N/A,UNAVAILABLE
1786654312302,Forge,CAPTURE_ON,1,World Flythrough,77.29,12.94,9.68,N/A,5978.76,N/A,0,0,0,0,N/A,UNAVAILABLE
1786654312316,Forge,CAPTURE_ON,1,World Flythrough,65.79,15.20,9.68,N/A,5978.76,N/A,0,0,0,0,N/A,UNAVAILABLE
1786654312331,Forge,CAPTURE_ON,1,World Flythrough,70.95,14.09,9.68,N/A,5978.76,N/A,0,0,0,0,N/A,UNAVAILABLE
1786654312343,Forge,CAPTURE_ON,1,World Flythrough,81.65,12.25,9.68,N/A,5978.76,N/A,0,0,0,0,N/A,UNAVAILABLE
1786654312354,Forge,CAPTURE_ON,1,World Flythrough,93.67,10.68,9.68,N/A,5978.76,N/A,0,0,0,0,N/A,UNAVAILABLE
1786654312371,Forge,CAPTURE_ON,1,World Flythrough,58.17,17.19,9.68,N/A,5978.76,N/A,0,0,0,0,N/A,UNAVAILABLE
1786654312382,Forge,CAPTURE_ON,1,World Flythrough,86.78,11.52,9.68,N/A,5978.76,N/A,0,0,0,0,N/A,UNAVAILABLE
1786654312392,Forge,CAPTURE_ON,1,World Flythrough,101.57,9.85,9.68,N/A,5978.76,N/A,0,0,0,0,N/A,UNAVAILABLE
1786654312406,Forge,CAPTURE_ON,1,World Flythrough,74.71,13.38,9.68,N/A,5978.76,N/A,0,0,0,0,N/A,UNAVAILABLE
1786654312425,Forge,CAPTURE_ON,1,World Flythrough,53.15,18.81,9.68,N/A,5978.76,N/A,0,0,0,0,N/A,UNAVAILABLE
1786654312439,Forge,CAPTURE_ON,1,World Flythrough,66.15,15.12,9.68,N/A,5978.76,N/A,0,0,0,0,N/A,UNAVAILABLE
1786654312453,Forge,CAPTURE_ON,1,World Flythrough,71.01,14.08,9.68,N/A,5978.76,N/A,0,0,0,0,N/A,UNAVAILABLE
1786654312472,Forge,CAPTURE_ON,1,World Flythrough,54.46,18.36,9.68,N/A,5978.76,N/A,0,0,0,0,N/A,UNAVAILABLE
1786654312486,Forge,CAPTURE_ON,1,World Flythrough,74.72,13.38,9.68,N/A,5978.76,N/A,0,0,0,0,N/A,UNAVAILABLE
1786654312497,Forge,CAPTURE_ON,1,World Flythrough,89.57,11.16,9.68,N/A,5978.76,N/A,0,0,0,0,N/A,UNAVAILABLE
1786654312509,Forge,CAPTURE_ON,1,World Flythrough,83.38,11.99,9.68,N/A,5978.76,N/A,0,0,0,0,N/A,UNAVAILABLE
1786654312523,Forge,CAPTURE_ON,1,World Flythrough,71.52,13.98,9.68,N/A,5978.76,N/A,0,0,0,0,N/A,UNAVAILABLE
1786654312537,Forge,CAPTURE_ON,1,World Flythrough,73.62,13.58,9.68,N/A,5978.76,N/A,0,0,0,0,N/A,UNAVAILABLE
1786654312545,Forge,CAPTURE_ON,1,World Flythrough,109.45,9.14,9.68,N/A,5978.76,N/A,0,0,0,0,N/A,UNAVAILABLE
1786654312554,Forge,CAPTURE_ON,1,World Flythrough,121.42,8.24,9.68,N/A,5978.76,N/A,0,0,0,0,N/A,UNAVAILABLE
1786654312571,Forge,CAPTURE_ON,1,World Flythrough,57.90,17.27,9.68,N/A,5978.76,N/A,0,0,0,0,N/A,UNAVAILABLE
1786654312579,Forge,CAPTURE_ON,1,World Flythrough,120.46,8.30,9.68,N/A,5978.76,N/A,0,0,0,0,N/A,UNAVAILABLE
1786654312591,Forge,CAPTURE_ON,1,World Flythrough,83.04,12.04,9.68,N/A,5978.76,N/A,0,0,0,0,N/A,UNAVAILABLE
1786654312601,Forge,CAPTURE_ON,1,World Flythrough,102.72,9.73,9.68,N/A,5978.76,N/A,0,0,0,0,N/A,UNAVAILABLE
1786654312618,Forge,CAPTURE_ON,1,World Flythrough,60.06,16.65,9.68,N/A,5978.76,N/A,0,0,0,0,N/A,UNAVAILABLE
1786654312630,Forge,CAPTURE_ON,1,World Flythrough,80.39,12.44,9.68,N/A,5978.76,N/A,0,0,0,0,N/A,UNAVAILABLE
1786654312642,Forge,CAPTURE_ON,1,World Flythrough,83.24,12.01,9.68,N/A,5978.76,N/A,0,0,0,0,N/A,UNAVAILABLE
1786654312651,Forge,CAPTURE_ON,1,World Flythrough,104.22,9.60,9.68,N/A,5978.76,N/A,0,0,0,0,N/A,UNAVAILABLE
1786654312669,Forge,CAPTURE_ON,1,World Flythrough,55.65,17.97,9.68,N/A,5978.76,N/A,0,0,0,0,N/A,UNAVAILABLE
1786654312682,Forge,CAPTURE_ON,1,World Flythrough,80.70,12.39,9.68,N/A,5978.76,N/A,0,0,0,0,N/A,UNAVAILABLE
1786654312692,Forge,CAPTURE_ON,1,World Flythrough,96.35,10.38,9.68,N/A,5978.76,N/A,0,0,0,0,N/A,UNAVAILABLE
1786654312704,Forge,CAPTURE_ON,1,World Flythrough,92.02,10.87,9.68,N/A,5978.76,N/A,0,0,0,0,N/A,UNAVAILABLE
1786654312716,Forge,CAPTURE_ON,1,World Flythrough,78.61,12.72,9.68,N/A,5978.76,N/A,0,0,0,0,N/A,UNAVAILABLE
1786654312727,Forge,CAPTURE_ON,1,World Flythrough,84.64,11.82,9.68,N/A,5978.76,N/A,0,0,0,0,N/A,UNAVAILABLE
1786654312740,Forge,CAPTURE_ON,1,World Flythrough,83.30,12.00,9.68,N/A,5978.76,N/A,0,0,0,0,N/A,UNAVAILABLE
1786654312753,Forge,CAPTURE_ON,1,World Flythrough,76.28,13.11,9.68,N/A,5978.76,N/A,0,0,0,0,N/A,UNAVAILABLE
1786654312769,Forge,CAPTURE_ON,1,World Flythrough,64.89,15.41,9.68,N/A,5978.76,N/A,0,0,0,0,N/A,UNAVAILABLE
1786654312778,Forge,CAPTURE_ON,1,World Flythrough,102.94,9.71,9.68,N/A,5978.76,N/A,0,0,0,0,N/A,UNAVAILABLE
1786654312791,Forge,CAPTURE_ON,1,World Flythrough,80.76,12.38,9.68,N/A,5978.76,N/A,0,0,0,0,N/A,UNAVAILABLE
1786654312801,Forge,CAPTURE_ON,1,World Flythrough,92.48,10.81,9.68,N/A,5978.76,N/A,0,0,0,0,N/A,UNAVAILABLE
1786654312815,Forge,CAPTURE_ON,1,World Flythrough,73.38,13.63,9.68,N/A,5978.76,N/A,0,0,0,0,N/A,UNAVAILABLE
1786654312827,Forge,CAPTURE_ON,1,World Flythrough,83.68,11.95,9.68,N/A,5978.76,N/A,0,0,0,0,N/A,UNAVAILABLE
1786654312837,Forge,CAPTURE_ON,1,World Flythrough,101.85,9.82,9.68,N/A,5978.76,N/A,0,0,0,0,N/A,UNAVAILABLE
1786654312845,Forge,CAPTURE_ON,1,World Flythrough,116.39,8.59,9.68,N/A,5978.76,N/A,0,0,0,0,N/A,UNAVAILABLE
1786654312854,Forge,CAPTURE_ON,1,World Flythrough,117.20,8.53,9.68,N/A,5978.76,N/A,0,0,0,0,N/A,UNAVAILABLE
1786654312871,Forge,CAPTURE_ON,1,World Flythrough,58.72,17.03,9.68,N/A,5978.76,N/A,0,0,0,0,N/A,UNAVAILABLE
1786654312882,Forge,CAPTURE_ON,1,World Flythrough,89.59,11.16,9.68,N/A,5978.76,N/A,0,0,0,0,N/A,UNAVAILABLE
1786654312934,Forge,CAPTURE_ON,1,World Flythrough,73.97,13.52,14.73,N/A,5501.84,N/A,0,0,0,0,N/A,UNAVAILABLE
1786654312953,Forge,CAPTURE_ON,1,World Flythrough,17.31,57.77,14.73,N/A,5501.84,N/A,0,0,0,0,N/A,UNAVAILABLE
1786654312975,Forge,CAPTURE_ON,1,World Flythrough,45.67,21.90,14.73,N/A,5501.84,N/A,0,0,0,0,N/A,UNAVAILABLE
1786654312986,Forge,CAPTURE_ON,1,World Flythrough,91.68,10.91,14.73,N/A,5501.84,N/A,0,0,0,0,N/A,UNAVAILABLE
1786654312995,Forge,CAPTURE_ON,1,World Flythrough,109.78,9.11,14.73,N/A,5501.84,N/A,0,0,0,0,N/A,UNAVAILABLE
1786654313005,Forge,CAPTURE_ON,1,World Flythrough,107.06,9.34,14.73,N/A,5501.84,N/A,0,0,0,0,N/A,UNAVAILABLE
1786654313023,Forge,CAPTURE_ON,1,World Flythrough,53.68,18.63,14.73,N/A,5501.84,N/A,0,0,0,0,N/A,UNAVAILABLE
1786654313032,Forge,CAPTURE_ON,1,World Flythrough,111.07,9.00,14.73,N/A,5501.84,N/A,0,0,0,0,N/A,UNAVAILABLE
1786654313043,Forge,CAPTURE_ON,1,World Flythrough,93.82,10.66,14.73,N/A,5501.84,N/A,0,0,0,0,N/A,UNAVAILABLE
1786654313053,Forge,CAPTURE_ON,1,World Flythrough,99.97,10.00,14.73,N/A,5501.84,N/A,0,0,0,0,N/A,UNAVAILABLE
1786654313068,Forge,CAPTURE_ON,1,World Flythrough,66.28,15.09,14.73,N/A,5501.84,N/A,0,0,0,0,N/A,UNAVAILABLE
1786654313078,Forge,CAPTURE_ON,1,World Flythrough,99.57,10.04,14.73,N/A,5501.84,N/A,0,0,0,0,N/A,UNAVAILABLE
1786654313089,Forge,CAPTURE_ON,1,World Flythrough,92.88,10.77,14.73,N/A,5501.84,N/A,0,0,0,0,N/A,UNAVAILABLE
1786654313099,Forge,CAPTURE_ON,1,World Flythrough,100.88,9.91,14.73,N/A,5501.84,N/A,0,0,0,0,N/A,UNAVAILABLE
1786654313108,Forge,CAPTURE_ON,1,World Flythrough,106.51,9.39,14.73,N/A,5501.84,N/A,0,0,0,0,N/A,UNAVAILABLE
1786654313123,Forge,CAPTURE_ON,1,World Flythrough,66.26,15.09,14.73,N/A,5501.84,N/A,0,0,0,0,N/A,UNAVAILABLE
1786654313134,Forge,CAPTURE_ON,1,World Flythrough,89.42,11.18,14.73,N/A,5501.84,N/A,0,0,0,0,N/A,UNAVAILABLE
1786654313149,Forge,CAPTURE_ON,1,World Flythrough,70.39,14.21,14.73,N/A,5501.84,N/A,0,0,0,0,N/A,UNAVAILABLE
1786654313162,Forge,CAPTURE_ON,1,World Flythrough,72.59,13.78,14.73,N/A,5501.84,N/A,0,0,0,0,N/A,UNAVAILABLE
1786654313182,Forge,CAPTURE_ON,1,World Flythrough,49.34,20.27,14.73,N/A,5501.84,N/A,0,0,0,0,N/A,UNAVAILABLE
1786654313195,Forge,CAPTURE_ON,1,World Flythrough,77.40,12.92,14.73,N/A,5501.84,N/A,0,0,0,0,N/A,UNAVAILABLE
1786654313208,Forge,CAPTURE_ON,1,World Flythrough,83.08,12.04,14.73,N/A,5501.84,N/A,0,0,0,0,N/A,UNAVAILABLE
1786654313226,Forge,CAPTURE_ON,1,World Flythrough,55.38,18.06,14.73,N/A,5501.84,N/A,0,0,0,0,N/A,UNAVAILABLE
1786654313236,Forge,CAPTURE_ON,1,World Flythrough,89.81,11.13,14.73,N/A,5501.84,N/A,0,0,0,0,N/A,UNAVAILABLE
1786654313247,Forge,CAPTURE_ON,1,World Flythrough,99.63,10.04,14.73,N/A,5501.84,N/A,0,0,0,0,N/A,UNAVAILABLE
1786654313257,Forge,CAPTURE_ON,1,World Flythrough,102.56,9.75,14.73,N/A,5501.84,N/A,0,0,0,0,N/A,UNAVAILABLE
1786654313270,Forge,CAPTURE_ON,1,World Flythrough,71.17,14.05,14.73,N/A,5501.84,N/A,0,0,0,0,N/A,UNAVAILABLE
1786654313279,Forge,CAPTURE_ON,1,World Flythrough,119.09,8.40,14.73,N/A,5501.84,N/A,0,0,0,0,N/A,UNAVAILABLE
1786654313287,Forge,CAPTURE_ON,1,World Flythrough,121.80,8.21,14.73,N/A,5501.84,N/A,0,0,0,0,N/A,UNAVAILABLE
1786654313295,Forge,CAPTURE_ON,1,World Flythrough,118.17,8.46,14.73,N/A,5501.84,N/A,0,0,0,0,N/A,UNAVAILABLE
1786654313304,Forge,CAPTURE_ON,1,World Flythrough,115.73,8.64,14.73,N/A,5501.84,N/A,0,0,0,0,N/A,UNAVAILABLE
1786654313317,Forge,CAPTURE_ON,1,World Flythrough,82.61,12.11,14.73,N/A,5501.84,N/A,0,0,0,0,N/A,UNAVAILABLE
1786654313324,Forge,CAPTURE_ON,1,World Flythrough,120.37,8.31,14.73,N/A,5501.84,N/A,0,0,0,0,N/A,UNAVAILABLE
1786654313333,Forge,CAPTURE_ON,1,World Flythrough,116.64,8.57,14.73,N/A,5501.84,N/A,0,0,0,0,N/A,UNAVAILABLE
1786654313341,Forge,CAPTURE_ON,1,World Flythrough,120.97,8.27,14.73,N/A,5501.84,N/A,0,0,0,0,N/A,UNAVAILABLE
1786654313351,Forge,CAPTURE_ON,1,World Flythrough,103.21,9.69,14.73,N/A,5501.84,N/A,0,0,0,0,N/A,UNAVAILABLE
1786654313365,Forge,CAPTURE_ON,1,World Flythrough,68.01,14.70,14.73,N/A,5501.84,N/A,0,0,0,0,N/A,UNAVAILABLE
1786654313375,Forge,CAPTURE_ON,1,World Flythrough,105.10,9.51,14.73,N/A,5501.84,N/A,0,0,0,0,N/A,UNAVAILABLE
1786654313384,Forge,CAPTURE_ON,1,World Flythrough,112.08,8.92,14.73,N/A,5501.84,N/A,0,0,0,0,N/A,UNAVAILABLE
1786654313394,Forge,CAPTURE_ON,1,World Flythrough,106.48,9.39,14.73,N/A,5501.84,N/A,0,0,0,0,N/A,UNAVAILABLE
1786654313402,Forge,CAPTURE_ON,1,World Flythrough,122.10,8.19,14.73,N/A,5501.84,N/A,0,0,0,0,N/A,UNAVAILABLE
1786654313415,Forge,CAPTURE_ON,1,World Flythrough,78.91,12.67,14.73,N/A,5501.84,N/A,0,0,0,0,N/A,UNAVAILABLE
1786654313423,Forge,CAPTURE_ON,1,World Flythrough,117.66,8.50,14.73,N/A,5501.84,N/A,0,0,0,0,N/A,UNAVAILABLE
1786654313431,Forge,CAPTURE_ON,1,World Flythrough,117.82,8.49,14.73,N/A,5501.84,N/A,0,0,0,0,N/A,UNAVAILABLE
1786654313440,Forge,CAPTURE_ON,1,World Flythrough,128.18,7.80,14.73,N/A,5501.84,N/A,0,0,0,0,N/A,UNAVAILABLE
1786654313448,Forge,CAPTURE_ON,1,World Flythrough,115.45,8.66,14.73,N/A,5501.84,N/A,0,0,0,0,N/A,UNAVAILABLE
1786654313460,Forge,CAPTURE_ON,1,World Flythrough,83.22,12.02,14.73,N/A,5501.84,N/A,0,0,0,0,N/A,UNAVAILABLE
1786654313476,Forge,CAPTURE_ON,1,World Flythrough,62.27,16.06,14.73,N/A,5501.84,N/A,0,0,0,0,N/A,UNAVAILABLE
1786654313485,Forge,CAPTURE_ON,1,World Flythrough,114.71,8.72,14.73,N/A,5501.84,N/A,0,0,0,0,N/A,UNAVAILABLE
1786654313493,Forge,CAPTURE_ON,1,World Flythrough,114.82,8.71,14.73,N/A,5501.84,N/A,0,0,0,0,N/A,UNAVAILABLE
1786654313503,Forge,CAPTURE_ON,1,World Flythrough,109.56,9.13,14.73,N/A,5501.84,N/A,0,0,0,0,N/A,UNAVAILABLE
1786654313519,Forge,CAPTURE_ON,1,World Flythrough,64.22,15.57,14.73,N/A,5501.84,N/A,0,0,0,0,N/A,UNAVAILABLE
1786654313527,Forge,CAPTURE_ON,1,World Flythrough,102.26,9.78,14.73,N/A,5501.84,N/A,0,0,0,0,N/A,UNAVAILABLE
1786654313540,Forge,CAPTURE_ON,1,World Flythrough,80.92,12.36,14.73,N/A,5501.84,N/A,0,0,0,0,N/A,UNAVAILABLE
1786654313549,Forge,CAPTURE_ON,1,World Flythrough,107.90,9.27,14.73,N/A,5501.84,N/A,0,0,0,0,N/A,UNAVAILABLE
1786654313567,Forge,CAPTURE_ON,1,World Flythrough,57.07,17.52,14.73,N/A,5501.84,N/A,0,0,0,0,N/A,UNAVAILABLE
1786654313574,Forge,CAPTURE_ON,1,World Flythrough,125.31,7.98,14.73,N/A,5501.84,N/A,0,0,0,0,N/A,UNAVAILABLE
1786654313589,Forge,CAPTURE_ON,1,World Flythrough,75.36,13.27,14.73,N/A,5501.84,N/A,0,0,0,0,N/A,UNAVAILABLE
1786654313599,Forge,CAPTURE_ON,1,World Flythrough,93.34,10.71,14.73,N/A,5501.84,N/A,0,0,0,0,N/A,UNAVAILABLE
1786654313615,Forge,CAPTURE_ON,1,World Flythrough,61.60,16.23,14.73,N/A,5501.84,N/A,0,0,0,0,N/A,UNAVAILABLE
1786654313624,Forge,CAPTURE_ON,1,World Flythrough,105.12,9.51,14.73,N/A,5501.84,N/A,0,0,0,0,N/A,UNAVAILABLE
1786654313637,Forge,CAPTURE_ON,1,World Flythrough,82.06,12.19,14.73,N/A,5501.84,N/A,0,0,0,0,N/A,UNAVAILABLE
1786654313645,Forge,CAPTURE_ON,1,World Flythrough,111.35,8.98,14.73,N/A,5501.84,N/A,0,0,0,0,N/A,UNAVAILABLE
1786654313657,Forge,CAPTURE_ON,1,World Flythrough,85.25,11.73,14.73,N/A,5501.84,N/A,0,0,0,0,N/A,UNAVAILABLE
1786654313671,Forge,CAPTURE_ON,1,World Flythrough,70.76,14.13,14.73,N/A,5501.84,N/A,0,0,0,0,N/A,UNAVAILABLE
1786654313683,Forge,CAPTURE_ON,1,World Flythrough,88.26,11.33,14.73,N/A,5501.84,N/A,0,0,0,0,N/A,UNAVAILABLE
1786654313695,Forge,CAPTURE_ON,1,World Flythrough,87.47,11.43,14.73,N/A,5501.84,N/A,0,0,0,0,N/A,UNAVAILABLE
1786654313706,Forge,CAPTURE_ON,1,World Flythrough,92.93,10.76,14.73,N/A,5501.84,N/A,0,0,0,0,N/A,UNAVAILABLE
1786654313727,Forge,CAPTURE_ON,1,World Flythrough,47.04,21.26,14.73,N/A,5501.84,N/A,0,0,0,0,N/A,UNAVAILABLE
1786654313735,Forge,CAPTURE_ON,1,World Flythrough,109.24,9.15,14.73,N/A,5501.84,N/A,0,0,0,0,N/A,UNAVAILABLE
1786654313749,Forge,CAPTURE_ON,1,World Flythrough,77.51,12.90,14.73,N/A,5501.84,N/A,0,0,0,0,N/A,UNAVAILABLE
1786654313761,Forge,CAPTURE_ON,1,World Flythrough,81.36,12.29,14.73,N/A,5501.84,N/A,0,0,0,0,N/A,UNAVAILABLE
1786654313780,Forge,CAPTURE_ON,1,World Flythrough,52.44,19.07,14.73,N/A,5501.84,N/A,0,0,0,0,N/A,UNAVAILABLE
1786654313794,Forge,CAPTURE_ON,1,World Flythrough,74.70,13.39,14.73,N/A,5501.84,N/A,0,0,0,0,N/A,UNAVAILABLE
1786654313804,Forge,CAPTURE_ON,1,World Flythrough,94.71,10.56,14.73,N/A,5501.84,N/A,0,0,0,0,N/A,UNAVAILABLE
1786654313825,Forge,CAPTURE_ON,1,World Flythrough,47.48,21.06,14.73,N/A,5501.84,N/A,0,0,0,0,N/A,UNAVAILABLE
1786654313835,Forge,CAPTURE_ON,1,World Flythrough,100.93,9.91,14.73,N/A,5501.84,N/A,0,0,0,0,N/A,UNAVAILABLE
1786654313843,Forge,CAPTURE_ON,1,World Flythrough,112.43,8.89,14.73,N/A,5501.84,N/A,0,0,0,0,N/A,UNAVAILABLE
1786654313855,Forge,CAPTURE_ON,1,World Flythrough,87.38,11.44,14.73,N/A,5501.84,N/A,0,0,0,0,N/A,UNAVAILABLE
1786654313874,Forge,CAPTURE_ON,1,World Flythrough,53.34,18.75,14.73,N/A,5501.84,N/A,0,0,0,0,N/A,UNAVAILABLE
1786654313882,Forge,CAPTURE_ON,1,World Flythrough,129.25,7.74,14.73,N/A,5501.84,N/A,0,0,0,0,N/A,UNAVAILABLE
1786654313890,Forge,CAPTURE_ON,1,World Flythrough,127.50,7.84,14.73,N/A,5501.84,N/A,0,0,0,0,N/A,UNAVAILABLE
1786654313937,Forge,CAPTURE_ON,1,World Flythrough,86.31,11.59,13.73,N/A,5779.02,N/A,0,0,0,0,N/A,UNAVAILABLE
1786654313953,Forge,CAPTURE_ON,1,World Flythrough,19.51,51.26,13.73,N/A,5779.02,N/A,0,0,0,0,N/A,UNAVAILABLE
1786654313967,Forge,CAPTURE_ON,1,World Flythrough,65.75,15.21,13.73,N/A,5779.02,N/A,0,0,0,0,N/A,UNAVAILABLE
1786654313979,Forge,CAPTURE_ON,1,World Flythrough,90.91,11.00,13.73,N/A,5779.02,N/A,0,0,0,0,N/A,UNAVAILABLE
1786654313991,Forge,CAPTURE_ON,1,World Flythrough,82.74,12.09,13.73,N/A,5779.02,N/A,0,0,0,0,N/A,UNAVAILABLE
1786654314003,Forge,CAPTURE_ON,1,World Flythrough,87.77,11.39,13.73,N/A,5779.02,N/A,0,0,0,0,N/A,UNAVAILABLE
1786654314019,Forge,CAPTURE_ON,1,World Flythrough,58.89,16.98,13.73,N/A,5779.02,N/A,0,0,0,0,N/A,UNAVAILABLE
1786654314029,Forge,CAPTURE_ON,1,World Flythrough,99.31,10.07,13.73,N/A,5779.02,N/A,0,0,0,0,N/A,UNAVAILABLE
1786654314044,Forge,CAPTURE_ON,1,World Flythrough,66.10,15.13,13.73,N/A,5779.02,N/A,0,0,0,0,N/A,UNAVAILABLE
1786654314054,Forge,CAPTURE_ON,1,World Flythrough,95.67,10.45,13.73,N/A,5779.02,N/A,0,0,0,0,N/A,UNAVAILABLE
1786654314079,Forge,CAPTURE_ON,1,World Flythrough,40.49,24.70,13.73,N/A,5779.02,N/A,0,0,0,0,N/A,UNAVAILABLE
1786654314088,Forge,CAPTURE_ON,1,World Flythrough,103.98,9.62,13.73,N/A,5779.02,N/A,0,0,0,0,N/A,UNAVAILABLE
1786654314097,Forge,CAPTURE_ON,1,World Flythrough,117.38,8.52,13.73,N/A,5779.02,N/A,0,0,0,0,N/A,UNAVAILABLE
1786654314109,Forge,CAPTURE_ON,1,World Flythrough,87.43,11.44,13.73,N/A,5779.02,N/A,0,0,0,0,N/A,UNAVAILABLE
1786654314124,Forge,CAPTURE_ON,1,World Flythrough,69.22,14.45,13.73,N/A,5779.02,N/A,0,0,0,0,N/A,UNAVAILABLE
1786654314134,Forge,CAPTURE_ON,1,World Flythrough,88.32,11.32,13.73,N/A,5779.02,N/A,0,0,0,0,N/A,UNAVAILABLE
1786654314144,Forge,CAPTURE_ON,1,World Flythrough,103.87,9.63,13.73,N/A,5779.02,N/A,0,0,0,0,N/A,UNAVAILABLE
1786654314157,Forge,CAPTURE_ON,1,World Flythrough,79.56,12.57,13.73,N/A,5779.02,N/A,0,0,0,0,N/A,UNAVAILABLE
1786654314171,Forge,CAPTURE_ON,1,World Flythrough,72.30,13.83,13.73,N/A,5779.02,N/A,0,0,0,0,N/A,UNAVAILABLE
1786654314184,Forge,CAPTURE_ON,1,World Flythrough,76.94,13.00,13.73,N/A,5779.02,N/A,0,0,0,0,N/A,UNAVAILABLE
1786654314195,Forge,CAPTURE_ON,1,World Flythrough,87.64,11.41,13.73,N/A,5779.02,N/A,0,0,0,0,N/A,UNAVAILABLE
1786654314205,Forge,CAPTURE_ON,1,World Flythrough,104.38,9.58,13.73,N/A,5779.02,N/A,0,0,0,0,N/A,UNAVAILABLE
1786654314225,Forge,CAPTURE_ON,1,World Flythrough,51.28,19.50,13.73,N/A,5779.02,N/A,0,0,0,0,N/A,UNAVAILABLE
1786654314234,Forge,CAPTURE_ON,1,World Flythrough,100.16,9.98,13.73,N/A,5779.02,N/A,0,0,0,0,N/A,UNAVAILABLE
1786654314244,Forge,CAPTURE_ON,1,World Flythrough,104.61,9.56,13.73,N/A,5779.02,N/A,0,0,0,0,N/A,UNAVAILABLE
1786654314254,Forge,CAPTURE_ON,1,World Flythrough,93.81,10.66,13.73,N/A,5779.02,N/A,0,0,0,0,N/A,UNAVAILABLE
1786654314269,Forge,CAPTURE_ON,1,World Flythrough,66.11,15.13,13.73,N/A,5779.02,N/A,0,0,0,0,N/A,UNAVAILABLE
1786654314283,Forge,CAPTURE_ON,1,World Flythrough,79.20,12.63,13.73,N/A,5779.02,N/A,0,0,0,0,N/A,UNAVAILABLE
1786654314291,Forge,CAPTURE_ON,1,World Flythrough,112.79,8.87,13.73,N/A,5779.02,N/A,0,0,0,0,N/A,UNAVAILABLE
1786654314304,Forge,CAPTURE_ON,1,World Flythrough,81.88,12.21,13.73,N/A,5779.02,N/A,0,0,0,0,N/A,UNAVAILABLE
1786654314323,Forge,CAPTURE_ON,1,World Flythrough,49.26,20.30,13.73,N/A,5779.02,N/A,0,0,0,0,N/A,UNAVAILABLE
1786654314335,Forge,CAPTURE_ON,1,World Flythrough,92.28,10.84,13.73,N/A,5779.02,N/A,0,0,0,0,N/A,UNAVAILABLE
1786654314351,Forge,CAPTURE_ON,1,World Flythrough,61.68,16.21,13.73,N/A,5779.02,N/A,0,0,0,0,N/A,UNAVAILABLE
1786654314369,Forge,CAPTURE_ON,1,World Flythrough,55.74,17.94,13.73,N/A,5779.02,N/A,0,0,0,0,N/A,UNAVAILABLE
1786654314381,Forge,CAPTURE_ON,1,World Flythrough,78.77,12.70,13.73,N/A,5779.02,N/A,0,0,0,0,N/A,UNAVAILABLE
1786654314393,Forge,CAPTURE_ON,1,World Flythrough,81.13,12.33,13.73,N/A,5779.02,N/A,0,0,0,0,N/A,UNAVAILABLE
1786654314401,Forge,CAPTURE_ON,1,World Flythrough,134.96,7.41,13.73,N/A,5779.02,N/A,0,0,0,0,N/A,UNAVAILABLE
1786654314417,Forge,CAPTURE_ON,1,World Flythrough,63.25,15.81,13.73,N/A,5779.02,N/A,0,0,0,0,N/A,UNAVAILABLE
1786654314424,Forge,CAPTURE_ON,1,World Flythrough,131.09,7.63,13.73,N/A,5779.02,N/A,0,0,0,0,N/A,UNAVAILABLE
1786654314435,Forge,CAPTURE_ON,1,World Flythrough,102.64,9.74,13.73,N/A,5779.02,N/A,0,0,0,0,N/A,UNAVAILABLE
1786654314447,Forge,CAPTURE_ON,1,World Flythrough,76.91,13.00,13.73,N/A,5779.02,N/A,0,0,0,0,N/A,UNAVAILABLE
1786654314455,Forge,CAPTURE_ON,1,World Flythrough,128.46,7.78,13.73,N/A,5779.02,N/A,0,0,0,0,N/A,UNAVAILABLE
1786654314471,Forge,CAPTURE_ON,1,World Flythrough,65.20,15.34,13.73,N/A,5779.02,N/A,0,0,0,0,N/A,UNAVAILABLE
1786654314480,Forge,CAPTURE_ON,1,World Flythrough,104.20,9.60,13.73,N/A,5779.02,N/A,0,0,0,0,N/A,UNAVAILABLE
1786654314492,Forge,CAPTURE_ON,1,World Flythrough,84.87,11.78,13.73,N/A,5779.02,N/A,0,0,0,0,N/A,UNAVAILABLE
1786654314501,Forge,CAPTURE_ON,1,World Flythrough,106.18,9.42,13.73,N/A,5779.02,N/A,0,0,0,0,N/A,UNAVAILABLE
1786654314515,Forge,CAPTURE_ON,1,World Flythrough,70.71,14.14,13.73,N/A,5779.02,N/A,0,0,0,0,N/A,UNAVAILABLE
1786654314524,Forge,CAPTURE_ON,1,World Flythrough,113.62,8.80,13.73,N/A,5779.02,N/A,0,0,0,0,N/A,UNAVAILABLE
1786654314533,Forge,CAPTURE_ON,1,World Flythrough,109.80,9.11,13.73,N/A,5779.02,N/A,0,0,0,0,N/A,UNAVAILABLE
1786654314545,Forge,CAPTURE_ON,1,World Flythrough,90.09,11.10,13.73,N/A,5779.02,N/A,0,0,0,0,N/A,UNAVAILABLE
1786654314556,Forge,CAPTURE_ON,1,World Flythrough,81.79,12.23,13.73,N/A,5779.02,N/A,0,0,0,0,N/A,UNAVAILABLE
1786654314572,Forge,CAPTURE_ON,1,World Flythrough,63.83,15.67,13.73,N/A,5779.02,N/A,0,0,0,0,N/A,UNAVAILABLE
1786654314585,Forge,CAPTURE_ON,1,World Flythrough,77.54,12.90,13.73,N/A,5779.02,N/A,0,0,0,0,N/A,UNAVAILABLE
1786654314599,Forge,CAPTURE_ON,1,World Flythrough,75.06,13.32,13.73,N/A,5779.02,N/A,0,0,0,0,N/A,UNAVAILABLE
1786654314611,Forge,CAPTURE_ON,1,World Flythrough,80.76,12.38,13.73,N/A,5779.02,N/A,0,0,0,0,N/A,UNAVAILABLE
1786654314626,Forge,CAPTURE_ON,1,World Flythrough,65.14,15.35,13.73,N/A,5779.02,N/A,0,0,0,0,N/A,UNAVAILABLE
1786654314636,Forge,CAPTURE_ON,1,World Flythrough,104.26,9.59,13.73,N/A,5779.02,N/A,0,0,0,0,N/A,UNAVAILABLE
1786654314646,Forge,CAPTURE_ON,1,World Flythrough,92.00,10.87,13.73,N/A,5779.02,N/A,0,0,0,0,N/A,UNAVAILABLE
1786654314657,Forge,CAPTURE_ON,1,World Flythrough,97.32,10.28,13.73,N/A,5779.02,N/A,0,0,0,0,N/A,UNAVAILABLE
1786654314673,Forge,CAPTURE_ON,1,World Flythrough,59.82,16.72,13.73,N/A,5779.02,N/A,0,0,0,0,N/A,UNAVAILABLE
1786654314683,Forge,CAPTURE_ON,1,World Flythrough,104.90,9.53,13.73,N/A,5779.02,N/A,0,0,0,0,N/A,UNAVAILABLE
1786654314694,Forge,CAPTURE_ON,1,World Flythrough,93.02,10.75,13.73,N/A,5779.02,N/A,0,0,0,0,N/A,UNAVAILABLE
1786654314704,Forge,CAPTURE_ON,1,World Flythrough,96.90,10.32,13.73,N/A,5779.02,N/A,0,0,0,0,N/A,UNAVAILABLE
1786654314718,Forge,CAPTURE_ON,1,World Flythrough,74.16,13.48,13.73,N/A,5779.02,N/A,0,0,0,0,N/A,UNAVAILABLE
1786654314727,Forge,CAPTURE_ON,1,World Flythrough,109.88,9.10,13.73,N/A,5779.02,N/A,0,0,0,0,N/A,UNAVAILABLE
1786654314736,Forge,CAPTURE_ON,1,World Flythrough,110.88,9.02,13.73,N/A,5779.02,N/A,0,0,0,0,N/A,UNAVAILABLE
1786654314749,Forge,CAPTURE_ON,1,World Flythrough,74.84,13.36,13.73,N/A,5779.02,N/A,0,0,0,0,N/A,UNAVAILABLE
1786654314770,Forge,CAPTURE_ON,1,World Flythrough,47.66,20.98,13.73,N/A,5779.02,N/A,0,0,0,0,N/A,UNAVAILABLE
1786654314783,Forge,CAPTURE_ON,1,World Flythrough,75.47,13.25,13.73,N/A,5779.02,N/A,0,0,0,0,N/A,UNAVAILABLE
1786654314791,Forge,CAPTURE_ON,1,World Flythrough,134.97,7.41,13.73,N/A,5779.02,N/A,0,0,0,0,N/A,UNAVAILABLE
1786654314800,Forge,CAPTURE_ON,1,World Flythrough,115.14,8.68,13.73,N/A,5779.02,N/A,0,0,0,0,N/A,UNAVAILABLE
1786654314815,Forge,CAPTURE_ON,1,World Flythrough,65.34,15.30,13.73,N/A,5779.02,N/A,0,0,0,0,N/A,UNAVAILABLE
1786654314824,Forge,CAPTURE_ON,1,World Flythrough,121.48,8.23,13.73,N/A,5779.02,N/A,0,0,0,0,N/A,UNAVAILABLE
1786654314834,Forge,CAPTURE_ON,1,World Flythrough,93.74,10.67,13.73,N/A,5779.02,N/A,0,0,0,0,N/A,UNAVAILABLE
1786654314845,Forge,CAPTURE_ON,1,World Flythrough,93.32,10.72,13.73,N/A,5779.02,N/A,0,0,0,0,N/A,UNAVAILABLE
1786654314854,Forge,CAPTURE_ON,1,World Flythrough,102.98,9.71,13.73,N/A,5779.02,N/A,0,0,0,0,N/A,UNAVAILABLE
1786654314866,Forge,CAPTURE_ON,1,World Flythrough,85.84,11.65,13.73,N/A,5779.02,N/A,0,0,0,0,N/A,UNAVAILABLE
1786654314875,Forge,CAPTURE_ON,1,World Flythrough,114.28,8.75,13.73,N/A,5779.02,N/A,0,0,0,0,N/A,UNAVAILABLE
1786654314884,Forge,CAPTURE_ON,1,World Flythrough,109.42,9.14,13.73,N/A,5779.02,N/A,0,0,0,0,N/A,UNAVAILABLE
1786654314894,Forge,CAPTURE_ON,1,World Flythrough,101.65,9.84,13.73,N/A,5779.02,N/A,0,0,0,0,N/A,UNAVAILABLE
1786654314941,Forge,CAPTURE_ON,1,World Flythrough,77.79,12.85,10.89,N/A,5318.87,N/A,0,0,0,0,N/A,UNAVAILABLE
1786654314955,Forge,CAPTURE_ON,1,World Flythrough,20.20,49.49,10.89,N/A,5318.87,N/A,0,0,0,0,N/A,UNAVAILABLE
1786654314969,Forge,CAPTURE_ON,1,World Flythrough,73.68,13.57,10.89,N/A,5318.87,N/A,0,0,0,0,N/A,UNAVAILABLE
1786654314977,Forge,CAPTURE_ON,1,World Flythrough,126.02,7.94,10.89,N/A,5318.87,N/A,0,0,0,0,N/A,UNAVAILABLE
1786654314990,Forge,CAPTURE_ON,1,World Flythrough,80.57,12.41,10.89,N/A,5318.87,N/A,0,0,0,0,N/A,UNAVAILABLE
1786654314997,Forge,CAPTURE_ON,1,World Flythrough,135.91,7.36,10.89,N/A,5318.87,N/A,0,0,0,0,N/A,UNAVAILABLE
1786654315005,Forge,CAPTURE_ON,1,World Flythrough,131.75,7.59,10.89,N/A,5318.87,N/A,0,0,0,0,N/A,UNAVAILABLE
1786654315024,Forge,CAPTURE_ON,1,World Flythrough,52.45,19.07,10.89,N/A,5318.87,N/A,0,0,0,0,N/A,UNAVAILABLE
1786654315034,Forge,CAPTURE_ON,1,World Flythrough,91.80,10.89,10.89,N/A,5318.87,N/A,0,0,0,0,N/A,UNAVAILABLE
1786654315042,Forge,CAPTURE_ON,1,World Flythrough,145.87,6.86,10.89,N/A,5318.87,N/A,0,0,0,0,N/A,UNAVAILABLE
1786654315051,Forge,CAPTURE_ON,1,World Flythrough,102.52,9.75,10.89,N/A,5318.87,N/A,0,0,0,0,N/A,UNAVAILABLE
1786654315067,Forge,CAPTURE_ON,1,World Flythrough,63.65,15.71,10.89,N/A,5318.87,N/A,0,0,0,0,N/A,UNAVAILABLE
1786654315074,Forge,CAPTURE_ON,1,World Flythrough,138.59,7.22,10.89,N/A,5318.87,N/A,0,0,0,0,N/A,UNAVAILABLE
1786654315085,Forge,CAPTURE_ON,1,World Flythrough,92.41,10.82,10.89,N/A,5318.87,N/A,0,0,0,0,N/A,UNAVAILABLE
1786654315096,Forge,CAPTURE_ON,1,World Flythrough,93.88,10.65,10.89,N/A,5318.87,N/A,0,0,0,0,N/A,UNAVAILABLE
1786654315107,Forge,CAPTURE_ON,1,World Flythrough,85.62,11.68,10.89,N/A,5318.87,N/A,0,0,0,0,N/A,UNAVAILABLE
1786654315117,Forge,CAPTURE_ON,1,World Flythrough,99.01,10.10,10.89,N/A,5318.87,N/A,0,0,0,0,N/A,UNAVAILABLE
1786654315123,Forge,CAPTURE_ON,1,World Flythrough,161.91,6.18,10.89,N/A,5318.87,N/A,0,0,0,0,N/A,UNAVAILABLE
1786654315134,Forge,CAPTURE_ON,1,World Flythrough,100.73,9.93,10.89,N/A,5318.87,N/A,0,0,0,0,N/A,UNAVAILABLE
1786654315143,Forge,CAPTURE_ON,1,World Flythrough,102.40,9.77,10.89,N/A,5318.87,N/A,0,0,0,0,N/A,UNAVAILABLE
1786654315153,Forge,CAPTURE_ON,1,World Flythrough,107.50,9.30,10.89,N/A,5318.87,N/A,0,0,0,0,N/A,UNAVAILABLE
1786654315168,Forge,CAPTURE_ON,1,World Flythrough,66.22,15.10,10.89,N/A,5318.87,N/A,0,0,0,0,N/A,UNAVAILABLE
1786654315175,Forge,CAPTURE_ON,1,World Flythrough,146.98,6.80,10.89,N/A,5318.87,N/A,0,0,0,0,N/A,UNAVAILABLE
1786654315181,Forge,CAPTURE_ON,1,World Flythrough,172.94,5.78,10.89,N/A,5318.87,N/A,0,0,0,0,N/A,UNAVAILABLE
1786654315190,Forge,CAPTURE_ON,1,World Flythrough,107.65,9.29,10.89,N/A,5318.87,N/A,0,0,0,0,N/A,UNAVAILABLE
1786654315197,Forge,CAPTURE_ON,1,World Flythrough,130.69,7.65,10.89,N/A,5318.87,N/A,0,0,0,0,N/A,UNAVAILABLE
1786654315209,Forge,CAPTURE_ON,1,World Flythrough,88.16,11.34,10.89,N/A,5318.87,N/A,0,0,0,0,N/A,UNAVAILABLE
1786654315226,Forge,CAPTURE_ON,1,World Flythrough,57.49,17.39,10.89,N/A,5318.87,N/A,0,0,0,0,N/A,UNAVAILABLE
1786654315234,Forge,CAPTURE_ON,1,World Flythrough,126.00,7.94,10.89,N/A,5318.87,N/A,0,0,0,0,N/A,UNAVAILABLE
1786654315242,Forge,CAPTURE_ON,1,World Flythrough,113.08,8.84,10.89,N/A,5318.87,N/A,0,0,0,0,N/A,UNAVAILABLE
1786654315250,Forge,CAPTURE_ON,1,World Flythrough,146.02,6.85,10.89,N/A,5318.87,N/A,0,0,0,0,N/A,UNAVAILABLE
1786654315262,Forge,CAPTURE_ON,1,World Flythrough,77.16,12.96,10.89,N/A,5318.87,N/A,0,0,0,0,N/A,UNAVAILABLE
1786654315271,Forge,CAPTURE_ON,1,World Flythrough,113.53,8.81,10.89,N/A,5318.87,N/A,0,0,0,0,N/A,UNAVAILABLE
1786654315278,Forge,CAPTURE_ON,1,World Flythrough,146.24,6.84,10.89,N/A,5318.87,N/A,0,0,0,0,N/A,UNAVAILABLE
1786654315286,Forge,CAPTURE_ON,1,World Flythrough,129.08,7.75,10.89,N/A,5318.87,N/A,0,0,0,0,N/A,UNAVAILABLE
1786654315294,Forge,CAPTURE_ON,1,World Flythrough,130.23,7.68,10.89,N/A,5318.87,N/A,0,0,0,0,N/A,UNAVAILABLE
1786654315302,Forge,CAPTURE_ON,1,World Flythrough,130.03,7.69,10.89,N/A,5318.87,N/A,0,0,0,0,N/A,UNAVAILABLE
1786654315316,Forge,CAPTURE_ON,1,World Flythrough,69.79,14.33,10.89,N/A,5318.87,N/A,0,0,0,0,N/A,UNAVAILABLE
1786654315323,Forge,CAPTURE_ON,1,World Flythrough,135.30,7.39,10.89,N/A,5318.87,N/A,0,0,0,0,N/A,UNAVAILABLE
1786654315330,Forge,CAPTURE_ON,1,World Flythrough,148.79,6.72,10.89,N/A,5318.87,N/A,0,0,0,0,N/A,UNAVAILABLE
1786654315339,Forge,CAPTURE_ON,1,World Flythrough,107.08,9.34,10.89,N/A,5318.87,N/A,0,0,0,0,N/A,UNAVAILABLE
1786654315347,Forge,CAPTURE_ON,1,World Flythrough,126.90,7.88,10.89,N/A,5318.87,N/A,0,0,0,0,N/A,UNAVAILABLE
1786654315354,Forge,CAPTURE_ON,1,World Flythrough,136.22,7.34,10.89,N/A,5318.87,N/A,0,0,0,0,N/A,UNAVAILABLE
1786654315368,Forge,CAPTURE_ON,1,World Flythrough,77.06,12.98,10.89,N/A,5318.87,N/A,0,0,0,0,N/A,UNAVAILABLE
1786654315377,Forge,CAPTURE_ON,1,World Flythrough,104.00,9.62,10.89,N/A,5318.87,N/A,0,0,0,0,N/A,UNAVAILABLE
1786654315387,Forge,CAPTURE_ON,1,World Flythrough,97.16,10.29,10.89,N/A,5318.87,N/A,0,0,0,0,N/A,UNAVAILABLE
1786654315394,Forge,CAPTURE_ON,1,World Flythrough,149.44,6.69,10.89,N/A,5318.87,N/A,0,0,0,0,N/A,UNAVAILABLE
1786654315401,Forge,CAPTURE_ON,1,World Flythrough,153.01,6.54,10.89,N/A,5318.87,N/A,0,0,0,0,N/A,UNAVAILABLE
1786654315410,Forge,CAPTURE_ON,1,World Flythrough,98.15,10.19,10.89,N/A,5318.87,N/A,0,0,0,0,N/A,UNAVAILABLE
1786654315418,Forge,CAPTURE_ON,1,World Flythrough,133.58,7.49,10.89,N/A,5318.87,N/A,0,0,0,0,N/A,UNAVAILABLE
1786654315424,Forge,CAPTURE_ON,1,World Flythrough,162.09,6.17,10.89,N/A,5318.87,N/A,0,0,0,0,N/A,UNAVAILABLE
1786654315433,Forge,CAPTURE_ON,1,World Flythrough,124.00,8.06,10.89,N/A,5318.87,N/A,0,0,0,0,N/A,UNAVAILABLE
1786654315439,Forge,CAPTURE_ON,1,World Flythrough,134.33,7.44,10.89,N/A,5318.87,N/A,0,0,0,0,N/A,UNAVAILABLE
1786654315450,Forge,CAPTURE_ON,1,World Flythrough,101.33,9.87,10.89,N/A,5318.87,N/A,0,0,0,0,N/A,UNAVAILABLE
1786654315462,Forge,CAPTURE_ON,1,World Flythrough,81.07,12.34,10.89,N/A,5318.87,N/A,0,0,0,0,N/A,UNAVAILABLE
1786654315469,Forge,CAPTURE_ON,1,World Flythrough,146.41,6.83,10.89,N/A,5318.87,N/A,0,0,0,0,N/A,UNAVAILABLE
1786654315477,Forge,CAPTURE_ON,1,World Flythrough,117.03,8.54,10.89,N/A,5318.87,N/A,0,0,0,0,N/A,UNAVAILABLE
1786654315484,Forge,CAPTURE_ON,1,World Flythrough,149.17,6.70,10.89,N/A,5318.87,N/A,0,0,0,0,N/A,UNAVAILABLE
1786654315492,Forge,CAPTURE_ON,1,World Flythrough,132.90,7.52,10.89,N/A,5318.87,N/A,0,0,0,0,N/A,UNAVAILABLE
1786654315497,Forge,CAPTURE_ON,1,World Flythrough,175.68,5.69,10.89,N/A,5318.87,N/A,0,0,0,0,N/A,UNAVAILABLE
1786654315504,Forge,CAPTURE_ON,1,World Flythrough,173.37,5.77,10.89,N/A,5318.87,N/A,0,0,0,0,N/A,UNAVAILABLE
1786654315515,Forge,CAPTURE_ON,1,World Flythrough,81.42,12.28,10.89,N/A,5318.87,N/A,0,0,0,0,N/A,UNAVAILABLE
1786654315522,Forge,CAPTURE_ON,1,World Flythrough,150.87,6.63,10.89,N/A,5318.87,N/A,0,0,0,0,N/A,UNAVAILABLE
1786654315529,Forge,CAPTURE_ON,1,World Flythrough,134.72,7.42,10.89,N/A,5318.87,N/A,0,0,0,0,N/A,UNAVAILABLE
1786654315537,Forge,CAPTURE_ON,1,World Flythrough,132.46,7.55,10.89,N/A,5318.87,N/A,0,0,0,0,N/A,UNAVAILABLE
1786654315546,Forge,CAPTURE_ON,1,World Flythrough,119.03,8.40,10.89,N/A,5318.87,N/A,0,0,0,0,N/A,UNAVAILABLE
1786654315555,Forge,CAPTURE_ON,1,World Flythrough,105.16,9.51,10.89,N/A,5318.87,N/A,0,0,0,0,N/A,UNAVAILABLE
1786654315566,Forge,CAPTURE_ON,1,World Flythrough,86.73,11.53,10.89,N/A,5318.87,N/A,0,0,0,0,N/A,UNAVAILABLE
1786654315574,Forge,CAPTURE_ON,1,World Flythrough,131.44,7.61,10.89,N/A,5318.87,N/A,0,0,0,0,N/A,UNAVAILABLE
1786654315584,Forge,CAPTURE_ON,1,World Flythrough,106.08,9.43,10.89,N/A,5318.87,N/A,0,0,0,0,N/A,UNAVAILABLE
1786654315590,Forge,CAPTURE_ON,1,World Flythrough,148.08,6.75,10.89,N/A,5318.87,N/A,0,0,0,0,N/A,UNAVAILABLE
1786654315601,Forge,CAPTURE_ON,1,World Flythrough,97.31,10.28,10.89,N/A,5318.87,N/A,0,0,0,0,N/A,UNAVAILABLE
1786654315614,Forge,CAPTURE_ON,1,World Flythrough,71.82,13.92,10.89,N/A,5318.87,N/A,0,0,0,0,N/A,UNAVAILABLE
1786654315622,Forge,CAPTURE_ON,1,World Flythrough,121.39,8.24,10.89,N/A,5318.87,N/A,0,0,0,0,N/A,UNAVAILABLE
1786654315630,Forge,CAPTURE_ON,1,World Flythrough,131.77,7.59,10.89,N/A,5318.87,N/A,0,0,0,0,N/A,UNAVAILABLE
1786654315638,Forge,CAPTURE_ON,1,World Flythrough,119.30,8.38,10.89,N/A,5318.87,N/A,0,0,0,0,N/A,UNAVAILABLE
1786654315649,Forge,CAPTURE_ON,1,World Flythrough,94.00,10.64,10.89,N/A,5318.87,N/A,0,0,0,0,N/A,UNAVAILABLE
1786654315666,Forge,CAPTURE_ON,1,World Flythrough,61.90,16.15,10.89,N/A,5318.87,N/A,0,0,0,0,N/A,UNAVAILABLE
1786654315675,Forge,CAPTURE_ON,1,World Flythrough,104.80,9.54,10.89,N/A,5318.87,N/A,0,0,0,0,N/A,UNAVAILABLE
1786654315685,Forge,CAPTURE_ON,1,World Flythrough,93.28,10.72,10.89,N/A,5318.87,N/A,0,0,0,0,N/A,UNAVAILABLE
1786654315694,Forge,CAPTURE_ON,1,World Flythrough,123.01,8.13,10.89,N/A,5318.87,N/A,0,0,0,0,N/A,UNAVAILABLE
1786654315705,Forge,CAPTURE_ON,1,World Flythrough,89.56,11.17,10.89,N/A,5318.87,N/A,0,0,0,0,N/A,UNAVAILABLE
1786654315719,Forge,CAPTURE_ON,1,World Flythrough,71.83,13.92,10.89,N/A,5318.87,N/A,0,0,0,0,N/A,UNAVAILABLE
1786654315726,Forge,CAPTURE_ON,1,World Flythrough,132.15,7.57,10.89,N/A,5318.87,N/A,0,0,0,0,N/A,UNAVAILABLE
1786654315733,Forge,CAPTURE_ON,1,World Flythrough,160.03,6.25,10.89,N/A,5318.87,N/A,0,0,0,0,N/A,UNAVAILABLE
1786654315739,Forge,CAPTURE_ON,1,World Flythrough,163.08,6.13,10.89,N/A,5318.87,N/A,0,0,0,0,N/A,UNAVAILABLE
1786654315749,Forge,CAPTURE_ON,1,World Flythrough,104.57,9.56,10.89,N/A,5318.87,N/A,0,0,0,0,N/A,UNAVAILABLE
1786654315755,Forge,CAPTURE_ON,1,World Flythrough,172.59,5.79,10.89,N/A,5318.87,N/A,0,0,0,0,N/A,UNAVAILABLE
1786654315767,Forge,CAPTURE_ON,1,World Flythrough,73.52,13.60,10.89,N/A,5318.87,N/A,0,0,0,0,N/A,UNAVAILABLE
1786654315775,Forge,CAPTURE_ON,1,World Flythrough,146.37,6.83,10.89,N/A,5318.87,N/A,0,0,0,0,N/A,UNAVAILABLE
1786654315786,Forge,CAPTURE_ON,1,World Flythrough,86.99,11.50,10.89,N/A,5318.87,N/A,0,0,0,0,N/A,UNAVAILABLE
1786654315793,Forge,CAPTURE_ON,1,World Flythrough,137.81,7.26,10.89,N/A,5318.87,N/A,0,0,0,0,N/A,UNAVAILABLE
1786654315803,Forge,CAPTURE_ON,1,World Flythrough,105.51,9.48,10.89,N/A,5318.87,N/A,0,0,0,0,N/A,UNAVAILABLE
1786654315814,Forge,CAPTURE_ON,1,World Flythrough,86.10,11.61,10.89,N/A,5318.87,N/A,0,0,0,0,N/A,UNAVAILABLE
1786654315821,Forge,CAPTURE_ON,1,World Flythrough,147.96,6.76,10.89,N/A,5318.87,N/A,0,0,0,0,N/A,UNAVAILABLE
1786654315832,Forge,CAPTURE_ON,1,World Flythrough,97.61,10.24,10.89,N/A,5318.87,N/A,0,0,0,0,N/A,UNAVAILABLE
1786654315839,Forge,CAPTURE_ON,1,World Flythrough,133.01,7.52,10.89,N/A,5318.87,N/A,0,0,0,0,N/A,UNAVAILABLE
1786654315849,Forge,CAPTURE_ON,1,World Flythrough,98.96,10.10,10.89,N/A,5318.87,N/A,0,0,0,0,N/A,UNAVAILABLE
1786654315864,Forge,CAPTURE_ON,1,World Flythrough,68.32,14.64,10.89,N/A,5318.87,N/A,0,0,0,0,N/A,UNAVAILABLE
1786654315871,Forge,CAPTURE_ON,1,World Flythrough,138.16,7.24,10.89,N/A,5318.87,N/A,0,0,0,0,N/A,UNAVAILABLE
1786654315878,Forge,CAPTURE_ON,1,World Flythrough,158.00,6.33,10.89,N/A,5318.87,N/A,0,0,0,0,N/A,UNAVAILABLE
1786654315886,Forge,CAPTURE_ON,1,World Flythrough,113.44,8.82,10.89,N/A,5318.87,N/A,0,0,0,0,N/A,UNAVAILABLE
1786654315894,Forge,CAPTURE_ON,1,World Flythrough,130.62,7.66,10.89,N/A,5318.87,N/A,0,0,0,0,N/A,UNAVAILABLE
1786654315902,Forge,CAPTURE_ON,1,World Flythrough,118.93,8.41,10.89,N/A,5318.87,N/A,0,0,0,0,N/A,UNAVAILABLE
1786654315953,Forge,CAPTURE_ON,1,World Flythrough,73.70,13.57,11.48,N/A,5478.87,N/A,0,0,0,0,N/A,UNAVAILABLE
1786654315965,Forge,CAPTURE_ON,1,World Flythrough,20.07,49.84,11.48,N/A,5478.87,N/A,0,0,0,0,N/A,UNAVAILABLE
1786654315972,Forge,CAPTURE_ON,1,World Flythrough,159.44,6.27,11.48,N/A,5478.87,N/A,0,0,0,0,N/A,UNAVAILABLE
1786654315982,Forge,CAPTURE_ON,1,World Flythrough,95.24,10.50,11.48,N/A,5478.87,N/A,0,0,0,0,N/A,UNAVAILABLE
1786654315989,Forge,CAPTURE_ON,1,World Flythrough,159.48,6.27,11.48,N/A,5478.87,N/A,0,0,0,0,N/A,UNAVAILABLE
1786654315996,Forge,CAPTURE_ON,1,World Flythrough,129.27,7.74,11.48,N/A,5478.87,N/A,0,0,0,0,N/A,UNAVAILABLE
1786654316008,Forge,CAPTURE_ON,1,World Flythrough,85.74,11.66,11.48,N/A,5478.87,N/A,0,0,0,0,N/A,UNAVAILABLE
1786654316023,Forge,CAPTURE_ON,1,World Flythrough,64.46,15.51,11.48,N/A,5478.87,N/A,0,0,0,0,N/A,UNAVAILABLE
1786654316033,Forge,CAPTURE_ON,1,World Flythrough,107.80,9.28,11.48,N/A,5478.87,N/A,0,0,0,0,N/A,UNAVAILABLE
1786654316039,Forge,CAPTURE_ON,1,World Flythrough,175.15,5.71,11.48,N/A,5478.87,N/A,0,0,0,0,N/A,UNAVAILABLE
1786654316045,Forge,CAPTURE_ON,1,World Flythrough,143.91,6.95,11.48,N/A,5478.87,N/A,0,0,0,0,N/A,UNAVAILABLE
1786654316055,Forge,CAPTURE_ON,1,World Flythrough,103.22,9.69,11.48,N/A,5478.87,N/A,0,0,0,0,N/A,UNAVAILABLE
1786654316070,Forge,CAPTURE_ON,1,World Flythrough,64.76,15.44,11.48,N/A,5478.87,N/A,0,0,0,0,N/A,UNAVAILABLE
1786654316077,Forge,CAPTURE_ON,1,World Flythrough,142.18,7.03,11.48,N/A,5478.87,N/A,0,0,0,0,N/A,UNAVAILABLE
1786654316087,Forge,CAPTURE_ON,1,World Flythrough,100.06,9.99,11.48,N/A,5478.87,N/A,0,0,0,0,N/A,UNAVAILABLE
1786654316093,Forge,CAPTURE_ON,1,World Flythrough,181.07,5.52,11.48,N/A,5478.87,N/A,0,0,0,0,N/A,UNAVAILABLE
1786654316101,Forge,CAPTURE_ON,1,World Flythrough,130.31,7.67,11.48,N/A,5478.87,N/A,0,0,0,0,N/A,UNAVAILABLE
1786654316115,Forge,CAPTURE_ON,1,World Flythrough,70.71,14.14,11.48,N/A,5478.87,N/A,0,0,0,0,N/A,UNAVAILABLE
1786654316125,Forge,CAPTURE_ON,1,World Flythrough,102.00,9.80,11.48,N/A,5478.87,N/A,0,0,0,0,N/A,UNAVAILABLE
1786654316135,Forge,CAPTURE_ON,1,World Flythrough,103.43,9.67,11.48,N/A,5478.87,N/A,0,0,0,0,N/A,UNAVAILABLE
1786654316144,Forge,CAPTURE_ON,1,World Flythrough,101.34,9.87,11.48,N/A,5478.87,N/A,0,0,0,0,N/A,UNAVAILABLE
1786654316154,Forge,CAPTURE_ON,1,World Flythrough,96.85,10.33,11.48,N/A,5478.87,N/A,0,0,0,0,N/A,UNAVAILABLE
1786654316170,Forge,CAPTURE_ON,1,World Flythrough,63.73,15.69,11.48,N/A,5478.87,N/A,0,0,0,0,N/A,UNAVAILABLE
1786654316176,Forge,CAPTURE_ON,1,World Flythrough,168.93,5.92,11.48,N/A,5478.87,N/A,0,0,0,0,N/A,UNAVAILABLE
1786654316185,Forge,CAPTURE_ON,1,World Flythrough,120.83,8.28,11.48,N/A,5478.87,N/A,0,0,0,0,N/A,UNAVAILABLE
1786654316194,Forge,CAPTURE_ON,1,World Flythrough,107.75,9.28,11.48,N/A,5478.87,N/A,0,0,0,0,N/A,UNAVAILABLE
1786654316203,Forge,CAPTURE_ON,1,World Flythrough,112.35,8.90,11.48,N/A,5478.87,N/A,0,0,0,0,N/A,UNAVAILABLE
1786654316221,Forge,CAPTURE_ON,1,World Flythrough,53.05,18.85,11.48,N/A,5478.87,N/A,0,0,0,0,N/A,UNAVAILABLE
1786654316231,Forge,CAPTURE_ON,1,World Flythrough,103.82,9.63,11.48,N/A,5478.87,N/A,0,0,0,0,N/A,UNAVAILABLE
1786654316238,Forge,CAPTURE_ON,1,World Flythrough,151.69,6.59,11.48,N/A,5478.87,N/A,0,0,0,0,N/A,UNAVAILABLE
1786654316245,Forge,CAPTURE_ON,1,World Flythrough,140.54,7.12,11.48,N/A,5478.87,N/A,0,0,0,0,N/A,UNAVAILABLE
1786654316252,Forge,CAPTURE_ON,1,World Flythrough,137.87,7.25,11.48,N/A,5478.87,N/A,0,0,0,0,N/A,UNAVAILABLE
1786654316268,Forge,CAPTURE_ON,1,World Flythrough,62.01,16.13,11.48,N/A,5478.87,N/A,0,0,0,0,N/A,UNAVAILABLE
1786654316276,Forge,CAPTURE_ON,1,World Flythrough,134.94,7.41,11.48,N/A,5478.87,N/A,0,0,0,0,N/A,UNAVAILABLE
1786654316282,Forge,CAPTURE_ON,1,World Flythrough,171.72,5.82,11.48,N/A,5478.87,N/A,0,0,0,0,N/A,UNAVAILABLE
1786654316290,Forge,CAPTURE_ON,1,World Flythrough,113.17,8.84,11.48,N/A,5478.87,N/A,0,0,0,0,N/A,UNAVAILABLE
1786654316297,Forge,CAPTURE_ON,1,World Flythrough,141.84,7.05,11.48,N/A,5478.87,N/A,0,0,0,0,N/A,UNAVAILABLE
1786654316306,Forge,CAPTURE_ON,1,World Flythrough,115.68,8.64,11.48,N/A,5478.87,N/A,0,0,0,0,N/A,UNAVAILABLE
1786654316322,Forge,CAPTURE_ON,1,World Flythrough,64.21,15.57,11.48,N/A,5478.87,N/A,0,0,0,0,N/A,UNAVAILABLE
1786654316329,Forge,CAPTURE_ON,1,World Flythrough,141.97,7.04,11.48,N/A,5478.87,N/A,0,0,0,0,N/A,UNAVAILABLE
1786654316338,Forge,CAPTURE_ON,1,World Flythrough,114.51,8.73,11.48,N/A,5478.87,N/A,0,0,0,0,N/A,UNAVAILABLE
1786654316343,Forge,CAPTURE_ON,1,World Flythrough,170.96,5.85,11.48,N/A,5478.87,N/A,0,0,0,0,N/A,UNAVAILABLE
1786654316351,Forge,CAPTURE_ON,1,World Flythrough,129.17,7.74,11.48,N/A,5478.87,N/A,0,0,0,0,N/A,UNAVAILABLE
1786654316368,Forge,CAPTURE_ON,1,World Flythrough,59.43,16.83,11.48,N/A,5478.87,N/A,0,0,0,0,N/A,UNAVAILABLE
1786654316375,Forge,CAPTURE_ON,1,World Flythrough,137.97,7.25,11.48,N/A,5478.87,N/A,0,0,0,0,N/A,UNAVAILABLE
1786654316381,Forge,CAPTURE_ON,1,World Flythrough,167.21,5.98,11.48,N/A,5478.87,N/A,0,0,0,0,N/A,UNAVAILABLE
1786654316388,Forge,CAPTURE_ON,1,World Flythrough,147.38,6.79,11.48,N/A,5478.87,N/A,0,0,0,0,N/A,UNAVAILABLE
1786654316397,Forge,CAPTURE_ON,1,World Flythrough,107.48,9.30,11.48,N/A,5478.87,N/A,0,0,0,0,N/A,UNAVAILABLE
1786654316404,Forge,CAPTURE_ON,1,World Flythrough,137.38,7.28,11.48,N/A,5478.87,N/A,0,0,0,0,N/A,UNAVAILABLE
1786654316420,Forge,CAPTURE_ON,1,World Flythrough,60.76,16.46,11.48,N/A,5478.87,N/A,0,0,0,0,N/A,UNAVAILABLE
1786654316427,Forge,CAPTURE_ON,1,World Flythrough,154.06,6.49,11.48,N/A,5478.87,N/A,0,0,0,0,N/A,UNAVAILABLE
1786654316436,Forge,CAPTURE_ON,1,World Flythrough,120.69,8.29,11.48,N/A,5478.87,N/A,0,0,0,0,N/A,UNAVAILABLE
1786654316444,Forge,CAPTURE_ON,1,World Flythrough,110.38,9.06,11.48,N/A,5478.87,N/A,0,0,0,0,N/A,UNAVAILABLE
1786654316451,Forge,CAPTURE_ON,1,World Flythrough,160.75,6.22,11.48,N/A,5478.87,N/A,0,0,0,0,N/A,UNAVAILABLE
1786654316467,Forge,CAPTURE_ON,1,World Flythrough,65.30,15.31,11.48,N/A,5478.87,N/A,0,0,0,0,N/A,UNAVAILABLE
1786654316476,Forge,CAPTURE_ON,1,World Flythrough,98.20,10.18,11.48,N/A,5478.87,N/A,0,0,0,0,N/A,UNAVAILABLE
1786654316485,Forge,CAPTURE_ON,1,World Flythrough,118.31,8.45,11.48,N/A,5478.87,N/A,0,0,0,0,N/A,UNAVAILABLE
1786654316496,Forge,CAPTURE_ON,1,World Flythrough,94.96,10.53,11.48,N/A,5478.87,N/A,0,0,0,0,N/A,UNAVAILABLE
1786654316507,Forge,CAPTURE_ON,1,World Flythrough,86.15,11.61,11.48,N/A,5478.87,N/A,0,0,0,0,N/A,UNAVAILABLE
1786654316525,Forge,CAPTURE_ON,1,World Flythrough,57.42,17.41,11.48,N/A,5478.87,N/A,0,0,0,0,N/A,UNAVAILABLE
1786654316531,Forge,CAPTURE_ON,1,World Flythrough,150.94,6.63,11.48,N/A,5478.87,N/A,0,0,0,0,N/A,UNAVAILABLE
1786654316541,Forge,CAPTURE_ON,1,World Flythrough,108.12,9.25,11.48,N/A,5478.87,N/A,0,0,0,0,N/A,UNAVAILABLE
1786654316549,Forge,CAPTURE_ON,1,World Flythrough,127.43,7.85,11.48,N/A,5478.87,N/A,0,0,0,0,N/A,UNAVAILABLE
1786654316555,Forge,CAPTURE_ON,1,World Flythrough,140.12,7.14,11.48,N/A,5478.87,N/A,0,0,0,0,N/A,UNAVAILABLE
1786654316573,Forge,CAPTURE_ON,1,World Flythrough,57.57,17.37,11.48,N/A,5478.87,N/A,0,0,0,0,N/A,UNAVAILABLE
1786654316581,Forge,CAPTURE_ON,1,World Flythrough,120.06,8.33,11.48,N/A,5478.87,N/A,0,0,0,0,N/A,UNAVAILABLE
1786654316589,Forge,CAPTURE_ON,1,World Flythrough,134.21,7.45,11.48,N/A,5478.87,N/A,0,0,0,0,N/A,UNAVAILABLE
1786654316597,Forge,CAPTURE_ON,1,World Flythrough,121.09,8.26,11.48,N/A,5478.87,N/A,0,0,0,0,N/A,UNAVAILABLE
1786654316605,Forge,CAPTURE_ON,1,World Flythrough,118.40,8.45,11.48,N/A,5478.87,N/A,0,0,0,0,N/A,UNAVAILABLE
1786654316622,Forge,CAPTURE_ON,1,World Flythrough,59.82,16.72,11.48,N/A,5478.87,N/A,0,0,0,0,N/A,UNAVAILABLE
1786654316630,Forge,CAPTURE_ON,1,World Flythrough,138.44,7.22,11.48,N/A,5478.87,N/A,0,0,0,0,N/A,UNAVAILABLE
1786654316636,Forge,CAPTURE_ON,1,World Flythrough,143.41,6.97,11.48,N/A,5478.87,N/A,0,0,0,0,N/A,UNAVAILABLE
1786654316646,Forge,CAPTURE_ON,1,World Flythrough,102.82,9.73,11.48,N/A,5478.87,N/A,0,0,0,0,N/A,UNAVAILABLE
1786654316652,Forge,CAPTURE_ON,1,World Flythrough,170.57,5.86,11.48,N/A,5478.87,N/A,0,0,0,0,N/A,UNAVAILABLE
1786654316665,Forge,CAPTURE_ON,1,World Flythrough,74.90,13.35,11.48,N/A,5478.87,N/A,0,0,0,0,N/A,UNAVAILABLE
1786654316671,Forge,CAPTURE_ON,1,World Flythrough,163.41,6.12,11.48,N/A,5478.87,N/A,0,0,0,0,N/A,UNAVAILABLE
1786654316683,Forge,CAPTURE_ON,1,World Flythrough,90.50,11.05,11.48,N/A,5478.87,N/A,0,0,0,0,N/A,UNAVAILABLE
1786654316689,Forge,CAPTURE_ON,1,World Flythrough,140.72,7.11,11.48,N/A,5478.87,N/A,0,0,0,0,N/A,UNAVAILABLE
1786654316699,Forge,CAPTURE_ON,1,World Flythrough,105.73,9.46,11.48,N/A,5478.87,N/A,0,0,0,0,N/A,UNAVAILABLE
1786654316705,Forge,CAPTURE_ON,1,World Flythrough,162.48,6.15,11.48,N/A,5478.87,N/A,0,0,0,0,N/A,UNAVAILABLE
1786654316719,Forge,CAPTURE_ON,1,World Flythrough,72.27,13.84,11.48,N/A,5478.87,N/A,0,0,0,0,N/A,UNAVAILABLE
1786654316725,Forge,CAPTURE_ON,1,World Flythrough,144.98,6.90,11.48,N/A,5478.87,N/A,0,0,0,0,N/A,UNAVAILABLE
1786654316732,Forge,CAPTURE_ON,1,World Flythrough,159.72,6.26,11.48,N/A,5478.87,N/A,0,0,0,0,N/A,UNAVAILABLE
1786654316737,Forge,CAPTURE_ON,1,World Flythrough,179.10,5.58,11.48,N/A,5478.87,N/A,0,0,0,0,N/A,UNAVAILABLE
1786654316743,Forge,CAPTURE_ON,1,World Flythrough,158.68,6.30,11.48,N/A,5478.87,N/A,0,0,0,0,N/A,UNAVAILABLE
1786654316754,Forge,CAPTURE_ON,1,World Flythrough,101.53,9.85,11.48,N/A,5478.87,N/A,0,0,0,0,N/A,UNAVAILABLE
1786654316770,Forge,CAPTURE_ON,1,World Flythrough,62.45,16.01,11.48,N/A,5478.87,N/A,0,0,0,0,N/A,UNAVAILABLE
1786654316778,Forge,CAPTURE_ON,1,World Flythrough,118.61,8.43,11.48,N/A,5478.87,N/A,0,0,0,0,N/A,UNAVAILABLE
1786654316789,Forge,CAPTURE_ON,1,World Flythrough,90.85,11.01,11.48,N/A,5478.87,N/A,0,0,0,0,N/A,UNAVAILABLE
1786654316797,Forge,CAPTURE_ON,1,World Flythrough,124.86,8.01,11.48,N/A,5478.87,N/A,0,0,0,0,N/A,UNAVAILABLE
1786654316807,Forge,CAPTURE_ON,1,World Flythrough,100.68,9.93,11.48,N/A,5478.87,N/A,0,0,0,0,N/A,UNAVAILABLE
1786654316822,Forge,CAPTURE_ON,1,World Flythrough,66.39,15.06,11.48,N/A,5478.87,N/A,0,0,0,0,N/A,UNAVAILABLE
1786654316830,Forge,CAPTURE_ON,1,World Flythrough,135.79,7.36,11.48,N/A,5478.87,N/A,0,0,0,0,N/A,UNAVAILABLE
1786654316837,Forge,CAPTURE_ON,1,World Flythrough,136.23,7.34,11.48,N/A,5478.87,N/A,0,0,0,0,N/A,UNAVAILABLE
1786654316847,Forge,CAPTURE_ON,1,World Flythrough,96.66,10.35,11.48,N/A,5478.87,N/A,0,0,0,0,N/A,UNAVAILABLE
1786654316854,Forge,CAPTURE_ON,1,World Flythrough,149.34,6.70,11.48,N/A,5478.87,N/A,0,0,0,0,N/A,UNAVAILABLE
1786654316869,Forge,CAPTURE_ON,1,World Flythrough,67.25,14.87,11.48,N/A,5478.87,N/A,0,0,0,0,N/A,UNAVAILABLE
1786654316875,Forge,CAPTURE_ON,1,World Flythrough,146.55,6.82,11.48,N/A,5478.87,N/A,0,0,0,0,N/A,UNAVAILABLE
1786654316886,Forge,CAPTURE_ON,1,World Flythrough,98.94,10.11,11.48,N/A,5478.87,N/A,0,0,0,0,N/A,UNAVAILABLE
1786654316896,Forge,CAPTURE_ON,1,World Flythrough,91.07,10.98,11.48,N/A,5478.87,N/A,0,0,0,0,N/A,UNAVAILABLE
1786654316907,Forge,CAPTURE_ON,1,World Flythrough,96.64,10.35,11.48,N/A,5478.87,N/A,0,0,0,0,N/A,UNAVAILABLE
1786654316953,Forge,CAPTURE_ON,1,World Flythrough,95.32,10.49,10.74,N/A,5626.87,N/A,0,0,0,0,N/A,UNAVAILABLE
1786654316966,Forge,CAPTURE_ON,1,World Flythrough,20.45,48.89,10.74,N/A,5626.87,N/A,0,0,0,0,N/A,UNAVAILABLE
1786654316973,Forge,CAPTURE_ON,1,World Flythrough,150.93,6.63,10.74,N/A,5626.87,N/A,0,0,0,0,N/A,UNAVAILABLE
1786654316984,Forge,CAPTURE_ON,1,World Flythrough,89.48,11.18,10.74,N/A,5626.87,N/A,0,0,0,0,N/A,UNAVAILABLE
1786654316995,Forge,CAPTURE_ON,1,World Flythrough,93.95,10.64,10.74,N/A,5626.87,N/A,0,0,0,0,N/A,UNAVAILABLE
1786654317005,Forge,CAPTURE_ON,1,World Flythrough,96.97,10.31,10.74,N/A,5626.87,N/A,0,0,0,0,N/A,UNAVAILABLE
1786654317019,Forge,CAPTURE_ON,1,World Flythrough,73.86,13.54,10.74,N/A,5626.87,N/A,0,0,0,0,N/A,UNAVAILABLE
1786654317025,Forge,CAPTURE_ON,1,World Flythrough,144.47,6.92,10.74,N/A,5626.87,N/A,0,0,0,0,N/A,UNAVAILABLE
1786654317032,Forge,CAPTURE_ON,1,World Flythrough,180.98,5.53,10.74,N/A,5626.87,N/A,0,0,0,0,N/A,UNAVAILABLE
1786654317040,Forge,CAPTURE_ON,1,World Flythrough,113.33,8.82,10.74,N/A,5626.87,N/A,0,0,0,0,N/A,UNAVAILABLE
1786654317047,Forge,CAPTURE_ON,1,World Flythrough,149.59,6.68,10.74,N/A,5626.87,N/A,0,0,0,0,N/A,UNAVAILABLE
1786654317055,Forge,CAPTURE_ON,1,World Flythrough,120.11,8.33,10.74,N/A,5626.87,N/A,0,0,0,0,N/A,UNAVAILABLE
1786654317070,Forge,CAPTURE_ON,1,World Flythrough,65.66,15.23,10.74,N/A,5626.87,N/A,0,0,0,0,N/A,UNAVAILABLE
1786654317076,Forge,CAPTURE_ON,1,World Flythrough,169.76,5.89,10.74,N/A,5626.87,N/A,0,0,0,0,N/A,UNAVAILABLE
1786654317082,Forge,CAPTURE_ON,1,World Flythrough,168.44,5.94,10.74,N/A,5626.87,N/A,0,0,0,0,N/A,UNAVAILABLE
1786654317091,Forge,CAPTURE_ON,1,World Flythrough,109.02,9.17,10.74,N/A,5626.87,N/A,0,0,0,0,N/A,UNAVAILABLE
1786654317097,Forge,CAPTURE_ON,1,World Flythrough,172.90,5.78,10.74,N/A,5626.87,N/A,0,0,0,0,N/A,UNAVAILABLE
1786654317103,Forge,CAPTURE_ON,1,World Flythrough,169.75,5.89,10.74,N/A,5626.87,N/A,0,0,0,0,N/A,UNAVAILABLE
1786654317120,Forge,CAPTURE_ON,1,World Flythrough,55.93,17.88,10.74,N/A,5626.87,N/A,0,0,0,0,N/A,UNAVAILABLE
1786654317130,Forge,CAPTURE_ON,1,World Flythrough,101.83,9.82,10.74,N/A,5626.87,N/A,0,0,0,0,N/A,UNAVAILABLE
1786654317136,Forge,CAPTURE_ON,1,World Flythrough,181.44,5.51,10.74,N/A,5626.87,N/A,0,0,0,0,N/A,UNAVAILABLE
1786654317146,Forge,CAPTURE_ON,1,World Flythrough,101.50,9.85,10.74,N/A,5626.87,N/A,0,0,0,0,N/A,UNAVAILABLE
1786654317155,Forge,CAPTURE_ON,1,World Flythrough,112.50,8.89,10.74,N/A,5626.87,N/A,0,0,0,0,N/A,UNAVAILABLE
1786654317171,Forge,CAPTURE_ON,1,World Flythrough,59.12,16.91,10.74,N/A,5626.87,N/A,0,0,0,0,N/A,UNAVAILABLE
1786654317178,Forge,CAPTURE_ON,1,World Flythrough,153.26,6.52,10.74,N/A,5626.87,N/A,0,0,0,0,N/A,UNAVAILABLE
1786654317186,Forge,CAPTURE_ON,1,World Flythrough,119.04,8.40,10.74,N/A,5626.87,N/A,0,0,0,0,N/A,UNAVAILABLE
1786654317195,Forge,CAPTURE_ON,1,World Flythrough,129.45,7.72,10.74,N/A,5626.87,N/A,0,0,0,0,N/A,UNAVAILABLE
1786654317204,Forge,CAPTURE_ON,1,World Flythrough,107.34,9.32,10.74,N/A,5626.87,N/A,0,0,0,0,N/A,UNAVAILABLE
1786654317215,Forge,CAPTURE_ON,1,World Flythrough,89.09,11.22,10.74,N/A,5626.87,N/A,0,0,0,0,N/A,UNAVAILABLE
1786654317222,Forge,CAPTURE_ON,1,World Flythrough,130.72,7.65,10.74,N/A,5626.87,N/A,0,0,0,0,N/A,UNAVAILABLE
1786654317232,Forge,CAPTURE_ON,1,World Flythrough,106.51,9.39,10.74,N/A,5626.87,N/A,0,0,0,0,N/A,UNAVAILABLE
1786654317240,Forge,CAPTURE_ON,1,World Flythrough,127.44,7.85,10.74,N/A,5626.87,N/A,0,0,0,0,N/A,UNAVAILABLE
1786654317247,Forge,CAPTURE_ON,1,World Flythrough,128.02,7.81,10.74,N/A,5626.87,N/A,0,0,0,0,N/A,UNAVAILABLE
1786654317255,Forge,CAPTURE_ON,1,World Flythrough,129.21,7.74,10.74,N/A,5626.87,N/A,0,0,0,0,N/A,UNAVAILABLE
1786654317269,Forge,CAPTURE_ON,1,World Flythrough,72.26,13.84,10.74,N/A,5626.87,N/A,0,0,0,0,N/A,UNAVAILABLE
1786654317278,Forge,CAPTURE_ON,1,World Flythrough,113.77,8.79,10.74,N/A,5626.87,N/A,0,0,0,0,N/A,UNAVAILABLE
1786654317287,Forge,CAPTURE_ON,1,World Flythrough,109.85,9.10,10.74,N/A,5626.87,N/A,0,0,0,0,N/A,UNAVAILABLE
1786654317295,Forge,CAPTURE_ON,1,World Flythrough,112.44,8.89,10.74,N/A,5626.87,N/A,0,0,0,0,N/A,UNAVAILABLE
1786654317302,Forge,CAPTURE_ON,1,World Flythrough,173.85,5.75,10.74,N/A,5626.87,N/A,0,0,0,0,N/A,UNAVAILABLE
1786654317317,Forge,CAPTURE_ON,1,World Flythrough,67.18,14.89,10.74,N/A,5626.87,N/A,0,0,0,0,N/A,UNAVAILABLE
1786654317323,Forge,CAPTURE_ON,1,World Flythrough,148.95,6.71,10.74,N/A,5626.87,N/A,0,0,0,0,N/A,UNAVAILABLE
1786654317333,Forge,CAPTURE_ON,1,World Flythrough,101.11,9.89,10.74,N/A,5626.87,N/A,0,0,0,0,N/A,UNAVAILABLE
1786654317339,Forge,CAPTURE_ON,1,World Flythrough,182.22,5.49,10.74,N/A,5626.87,N/A,0,0,0,0,N/A,UNAVAILABLE
1786654317345,Forge,CAPTURE_ON,1,World Flythrough,155.44,6.43,10.74,N/A,5626.87,N/A,0,0,0,0,N/A,UNAVAILABLE
1786654317354,Forge,CAPTURE_ON,1,World Flythrough,114.72,8.72,10.74,N/A,5626.87,N/A,0,0,0,0,N/A,UNAVAILABLE
1786654317366,Forge,CAPTURE_ON,1,World Flythrough,82.79,12.08,10.74,N/A,5626.87,N/A,0,0,0,0,N/A,UNAVAILABLE
1786654317375,Forge,CAPTURE_ON,1,World Flythrough,107.79,9.28,10.74,N/A,5626.87,N/A,0,0,0,0,N/A,UNAVAILABLE
1786654317381,Forge,CAPTURE_ON,1,World Flythrough,159.95,6.25,10.74,N/A,5626.87,N/A,0,0,0,0,N/A,UNAVAILABLE
1786654317391,Forge,CAPTURE_ON,1,World Flythrough,104.89,9.53,10.74,N/A,5626.87,N/A,0,0,0,0,N/A,UNAVAILABLE
1786654317397,Forge,CAPTURE_ON,1,World Flythrough,151.56,6.60,10.74,N/A,5626.87,N/A,0,0,0,0,N/A,UNAVAILABLE
1786654317408,Forge,CAPTURE_ON,1,World Flythrough,97.51,10.26,10.74,N/A,5626.87,N/A,0,0,0,0,N/A,UNAVAILABLE
1786654317424,Forge,CAPTURE_ON,1,World Flythrough,60.87,16.43,10.74,N/A,5626.87,N/A,0,0,0,0,N/A,UNAVAILABLE
1786654317437,Forge,CAPTURE_ON,1,World Flythrough,78.45,12.75,10.74,N/A,5626.87,N/A,0,0,0,0,N/A,UNAVAILABLE
1786654317443,Forge,CAPTURE_ON,1,World Flythrough,160.05,6.25,10.74,N/A,5626.87,N/A,0,0,0,0,N/A,UNAVAILABLE
1786654317448,Forge,CAPTURE_ON,1,World Flythrough,175.19,5.71,10.74,N/A,5626.87,N/A,0,0,0,0,N/A,UNAVAILABLE
1786654317457,Forge,CAPTURE_ON,1,World Flythrough,111.46,8.97,10.74,N/A,5626.87,N/A,0,0,0,0,N/A,UNAVAILABLE
1786654317473,Forge,CAPTURE_ON,1,World Flythrough,62.71,15.95,10.74,N/A,5626.87,N/A,0,0,0,0,N/A,UNAVAILABLE
1786654317484,Forge,CAPTURE_ON,1,World Flythrough,105.45,9.48,10.74,N/A,5626.87,N/A,0,0,0,0,N/A,UNAVAILABLE
1786654317489,Forge,CAPTURE_ON,1,World Flythrough,194.16,5.15,10.74,N/A,5626.87,N/A,0,0,0,0,N/A,UNAVAILABLE
1786654317495,Forge,CAPTURE_ON,1,World Flythrough,137.56,7.27,10.74,N/A,5626.87,N/A,0,0,0,0,N/A,UNAVAILABLE
1786654317504,Forge,CAPTURE_ON,1,World Flythrough,123.58,8.09,10.74,N/A,5626.87,N/A,0,0,0,0,N/A,UNAVAILABLE
1786654317515,Forge,CAPTURE_ON,1,World Flythrough,92.34,10.83,10.74,N/A,5626.87,N/A,0,0,0,0,N/A,UNAVAILABLE
1786654317523,Forge,CAPTURE_ON,1,World Flythrough,111.61,8.96,10.74,N/A,5626.87,N/A,0,0,0,0,N/A,UNAVAILABLE
1786654317531,Forge,CAPTURE_ON,1,World Flythrough,128.93,7.76,10.74,N/A,5626.87,N/A,0,0,0,0,N/A,UNAVAILABLE
1786654317542,Forge,CAPTURE_ON,1,World Flythrough,93.12,10.74,10.74,N/A,5626.87,N/A,0,0,0,0,N/A,UNAVAILABLE
1786654317551,Forge,CAPTURE_ON,1,World Flythrough,113.29,8.83,10.74,N/A,5626.87,N/A,0,0,0,0,N/A,UNAVAILABLE
1786654317565,Forge,CAPTURE_ON,1,World Flythrough,73.91,13.53,10.74,N/A,5626.87,N/A,0,0,0,0,N/A,UNAVAILABLE
1786654317572,Forge,CAPTURE_ON,1,World Flythrough,132.71,7.54,10.74,N/A,5626.87,N/A,0,0,0,0,N/A,UNAVAILABLE
1786654317577,Forge,CAPTURE_ON,1,World Flythrough,162.94,6.14,10.74,N/A,5626.87,N/A,0,0,0,0,N/A,UNAVAILABLE
1786654317587,Forge,CAPTURE_ON,1,World Flythrough,112.09,8.92,10.74,N/A,5626.87,N/A,0,0,0,0,N/A,UNAVAILABLE
1786654317593,Forge,CAPTURE_ON,1,World Flythrough,172.96,5.78,10.74,N/A,5626.87,N/A,0,0,0,0,N/A,UNAVAILABLE
1786654317602,Forge,CAPTURE_ON,1,World Flythrough,107.39,9.31,10.74,N/A,5626.87,N/A,0,0,0,0,N/A,UNAVAILABLE
1786654317619,Forge,CAPTURE_ON,1,World Flythrough,58.31,17.15,10.74,N/A,5626.87,N/A,0,0,0,0,N/A,UNAVAILABLE
1786654317627,Forge,CAPTURE_ON,1,World Flythrough,127.65,7.83,10.74,N/A,5626.87,N/A,0,0,0,0,N/A,UNAVAILABLE
1786654317632,Forge,CAPTURE_ON,1,World Flythrough,187.68,5.33,10.74,N/A,5626.87,N/A,0,0,0,0,N/A,UNAVAILABLE
1786654317637,Forge,CAPTURE_ON,1,World Flythrough,188.82,5.30,10.74,N/A,5626.87,N/A,0,0,0,0,N/A,UNAVAILABLE
1786654317647,Forge,CAPTURE_ON,1,World Flythrough,116.46,8.59,10.74,N/A,5626.87,N/A,0,0,0,0,N/A,UNAVAILABLE
1786654317653,Forge,CAPTURE_ON,1,World Flythrough,160.22,6.24,10.74,N/A,5626.87,N/A,0,0,0,0,N/A,UNAVAILABLE
1786654317667,Forge,CAPTURE_ON,1,World Flythrough,73.80,13.55,10.74,N/A,5626.87,N/A,0,0,0,0,N/A,UNAVAILABLE
1786654317674,Forge,CAPTURE_ON,1,World Flythrough,129.33,7.73,10.74,N/A,5626.87,N/A,0,0,0,0,N/A,UNAVAILABLE
1786654317685,Forge,CAPTURE_ON,1,World Flythrough,90.71,11.02,10.74,N/A,5626.87,N/A,0,0,0,0,N/A,UNAVAILABLE
1786654317692,Forge,CAPTURE_ON,1,World Flythrough,137.31,7.28,10.74,N/A,5626.87,N/A,0,0,0,0,N/A,UNAVAILABLE
1786654317703,Forge,CAPTURE_ON,1,World Flythrough,91.98,10.87,10.74,N/A,5626.87,N/A,0,0,0,0,N/A,UNAVAILABLE
1786654317719,Forge,CAPTURE_ON,1,World Flythrough,61.96,16.14,10.74,N/A,5626.87,N/A,0,0,0,0,N/A,UNAVAILABLE
1786654317729,Forge,CAPTURE_ON,1,World Flythrough,98.04,10.20,10.74,N/A,5626.87,N/A,0,0,0,0,N/A,UNAVAILABLE
1786654317737,Forge,CAPTURE_ON,1,World Flythrough,118.91,8.41,10.74,N/A,5626.87,N/A,0,0,0,0,N/A,UNAVAILABLE
1786654317746,Forge,CAPTURE_ON,1,World Flythrough,124.27,8.05,10.74,N/A,5626.87,N/A,0,0,0,0,N/A,UNAVAILABLE
1786654317757,Forge,CAPTURE_ON,1,World Flythrough,89.56,11.17,10.74,N/A,5626.87,N/A,0,0,0,0,N/A,UNAVAILABLE
1786654317776,Forge,CAPTURE_ON,1,World Flythrough,53.36,18.74,10.74,N/A,5626.87,N/A,0,0,0,0,N/A,UNAVAILABLE
1786654317785,Forge,CAPTURE_ON,1,World Flythrough,109.76,9.11,10.74,N/A,5626.87,N/A,0,0,0,0,N/A,UNAVAILABLE
1786654317793,Forge,CAPTURE_ON,1,World Flythrough,121.33,8.24,10.74,N/A,5626.87,N/A,0,0,0,0,N/A,UNAVAILABLE
1786654317805,Forge,CAPTURE_ON,1,World Flythrough,89.15,11.22,10.74,N/A,5626.87,N/A,0,0,0,0,N/A,UNAVAILABLE
1786654317816,Forge,CAPTURE_ON,1,World Flythrough,85.52,11.69,10.74,N/A,5626.87,N/A,0,0,0,0,N/A,UNAVAILABLE
1786654317825,Forge,CAPTURE_ON,1,World Flythrough,116.84,8.56,10.74,N/A,5626.87,N/A,0,0,0,0,N/A,UNAVAILABLE
1786654317834,Forge,CAPTURE_ON,1,World Flythrough,103.74,9.64,10.74,N/A,5626.87,N/A,0,0,0,0,N/A,UNAVAILABLE
1786654317842,Forge,CAPTURE_ON,1,World Flythrough,124.58,8.03,10.74,N/A,5626.87,N/A,0,0,0,0,N/A,UNAVAILABLE
1786654317851,Forge,CAPTURE_ON,1,World Flythrough,112.87,8.86,10.74,N/A,5626.87,N/A,0,0,0,0,N/A,UNAVAILABLE
1786654317864,Forge,CAPTURE_ON,1,World Flythrough,72.83,13.73,10.74,N/A,5626.87,N/A,0,0,0,0,N/A,UNAVAILABLE
1786654317872,Forge,CAPTURE_ON,1,World Flythrough,135.50,7.38,10.74,N/A,5626.87,N/A,0,0,0,0,N/A,UNAVAILABLE
1786654317883,Forge,CAPTURE_ON,1,World Flythrough,92.73,10.78,10.74,N/A,5626.87,N/A,0,0,0,0,N/A,UNAVAILABLE
1786654317889,Forge,CAPTURE_ON,1,World Flythrough,160.32,6.24,10.74,N/A,5626.87,N/A,0,0,0,0,N/A,UNAVAILABLE
1786654317898,Forge,CAPTURE_ON,1,World Flythrough,110.74,9.03,10.74,N/A,5626.87,N/A,0,0,0,0,N/A,UNAVAILABLE
1786654317910,Forge,CAPTURE_ON,1,World Flythrough,82.76,12.08,10.74,N/A,5626.87,N/A,0,0,0,0,N/A,UNAVAILABLE
1786654317951,Forge,CAPTURE_ON,1,World Flythrough,140.61,7.11,9.01,N/A,5778.87,N/A,0,0,0,0,N/A,UNAVAILABLE
1786654317966,Forge,CAPTURE_ON,1,World Flythrough,20.21,49.49,9.01,N/A,5778.87,N/A,0,0,0,0,N/A,UNAVAILABLE
1786654317977,Forge,CAPTURE_ON,1,World Flythrough,103.01,9.71,9.01,N/A,5778.87,N/A,0,0,0,0,N/A,UNAVAILABLE
1786654317985,Forge,CAPTURE_ON,1,World Flythrough,121.41,8.24,9.01,N/A,5778.87,N/A,0,0,0,0,N/A,UNAVAILABLE
1786654317992,Forge,CAPTURE_ON,1,World Flythrough,148.44,6.74,9.01,N/A,5778.87,N/A,0,0,0,0,N/A,UNAVAILABLE
1786654317997,Forge,CAPTURE_ON,1,World Flythrough,167.20,5.98,9.01,N/A,5778.87,N/A,0,0,0,0,N/A,UNAVAILABLE
1786654318004,Forge,CAPTURE_ON,1,World Flythrough,161.59,6.19,9.01,N/A,5778.87,N/A,0,0,0,0,N/A,UNAVAILABLE
1786654318021,Forge,CAPTURE_ON,1,World Flythrough,57.63,17.35,9.01,N/A,5778.87,N/A,0,0,0,0,N/A,UNAVAILABLE
1786654318029,Forge,CAPTURE_ON,1,World Flythrough,130.38,7.67,9.01,N/A,5778.87,N/A,0,0,0,0,N/A,UNAVAILABLE
1786654318038,Forge,CAPTURE_ON,1,World Flythrough,100.92,9.91,9.01,N/A,5778.87,N/A,0,0,0,0,N/A,UNAVAILABLE
1786654318045,Forge,CAPTURE_ON,1,World Flythrough,157.49,6.35,9.01,N/A,5778.87,N/A,0,0,0,0,N/A,UNAVAILABLE
1786654318057,Forge,CAPTURE_ON,1,World Flythrough,81.70,12.24,9.01,N/A,5778.87,N/A,0,0,0,0,N/A,UNAVAILABLE
1786654318070,Forge,CAPTURE_ON,1,World Flythrough,77.92,12.83,9.01,N/A,5778.87,N/A,0,0,0,0,N/A,UNAVAILABLE
1786654318082,Forge,CAPTURE_ON,1,World Flythrough,84.67,11.81,9.01,N/A,5778.87,N/A,0,0,0,0,N/A,UNAVAILABLE
1786654318088,Forge,CAPTURE_ON,1,World Flythrough,158.15,6.32,9.01,N/A,5778.87,N/A,0,0,0,0,N/A,UNAVAILABLE
1786654318095,Forge,CAPTURE_ON,1,World Flythrough,137.60,7.27,9.01,N/A,5778.87,N/A,0,0,0,0,N/A,UNAVAILABLE
1786654318107,Forge,CAPTURE_ON,1,World Flythrough,88.25,11.33,9.01,N/A,5778.87,N/A,0,0,0,0,N/A,UNAVAILABLE
1786654318118,Forge,CAPTURE_ON,1,World Flythrough,90.16,11.09,9.01,N/A,5778.87,N/A,0,0,0,0,N/A,UNAVAILABLE
1786654318126,Forge,CAPTURE_ON,1,World Flythrough,126.10,7.93,9.01,N/A,5778.87,N/A,0,0,0,0,N/A,UNAVAILABLE
1786654318132,Forge,CAPTURE_ON,1,World Flythrough,152.10,6.57,9.01,N/A,5778.87,N/A,0,0,0,0,N/A,UNAVAILABLE
1786654318139,Forge,CAPTURE_ON,1,World Flythrough,152.65,6.55,9.01,N/A,5778.87,N/A,0,0,0,0,N/A,UNAVAILABLE
1786654318146,Forge,CAPTURE_ON,1,World Flythrough,146.18,6.84,9.01,N/A,5778.87,N/A,0,0,0,0,N/A,UNAVAILABLE
1786654318154,Forge,CAPTURE_ON,1,World Flythrough,117.77,8.49,9.01,N/A,5778.87,N/A,0,0,0,0,N/A,UNAVAILABLE
1786654318169,Forge,CAPTURE_ON,1,World Flythrough,70.63,14.16,9.01,N/A,5778.87,N/A,0,0,0,0,N/A,UNAVAILABLE
1786654318176,Forge,CAPTURE_ON,1,World Flythrough,148.47,6.74,9.01,N/A,5778.87,N/A,0,0,0,0,N/A,UNAVAILABLE
1786654318185,Forge,CAPTURE_ON,1,World Flythrough,103.65,9.65,9.01,N/A,5778.87,N/A,0,0,0,0,N/A,UNAVAILABLE
1786654318191,Forge,CAPTURE_ON,1,World Flythrough,172.21,5.81,9.01,N/A,5778.87,N/A,0,0,0,0,N/A,UNAVAILABLE
1786654318198,Forge,CAPTURE_ON,1,World Flythrough,130.03,7.69,9.01,N/A,5778.87,N/A,0,0,0,0,N/A,UNAVAILABLE
1786654318213,Forge,CAPTURE_ON,1,World Flythrough,70.45,14.20,9.01,N/A,5778.87,N/A,0,0,0,0,N/A,UNAVAILABLE
1786654318220,Forge,CAPTURE_ON,1,World Flythrough,127.68,7.83,9.01,N/A,5778.87,N/A,0,0,0,0,N/A,UNAVAILABLE
1786654318227,Forge,CAPTURE_ON,1,World Flythrough,159.49,6.27,9.01,N/A,5778.87,N/A,0,0,0,0,N/A,UNAVAILABLE
1786654318233,Forge,CAPTURE_ON,1,World Flythrough,157.56,6.35,9.01,N/A,5778.87,N/A,0,0,0,0,N/A,UNAVAILABLE
1786654318240,Forge,CAPTURE_ON,1,World Flythrough,158.94,6.29,9.01,N/A,5778.87,N/A,0,0,0,0,N/A,UNAVAILABLE
1786654318247,Forge,CAPTURE_ON,1,World Flythrough,140.96,7.09,9.01,N/A,5778.87,N/A,0,0,0,0,N/A,UNAVAILABLE
1786654318255,Forge,CAPTURE_ON,1,World Flythrough,114.73,8.72,9.01,N/A,5778.87,N/A,0,0,0,0,N/A,UNAVAILABLE
1786654318269,Forge,CAPTURE_ON,1,World Flythrough,69.56,14.38,9.01,N/A,5778.87,N/A,0,0,0,0,N/A,UNAVAILABLE
1786654318278,Forge,CAPTURE_ON,1,World Flythrough,116.23,8.60,9.01,N/A,5778.87,N/A,0,0,0,0,N/A,UNAVAILABLE
1786654318287,Forge,CAPTURE_ON,1,World Flythrough,117.20,8.53,9.01,N/A,5778.87,N/A,0,0,0,0,N/A,UNAVAILABLE
1786654318292,Forge,CAPTURE_ON,1,World Flythrough,181.77,5.50,9.01,N/A,5778.87,N/A,0,0,0,0,N/A,UNAVAILABLE
1786654318299,Forge,CAPTURE_ON,1,World Flythrough,143.74,6.96,9.01,N/A,5778.87,N/A,0,0,0,0,N/A,UNAVAILABLE
1786654318316,Forge,CAPTURE_ON,1,World Flythrough,58.44,17.11,9.01,N/A,5778.87,N/A,0,0,0,0,N/A,UNAVAILABLE
1786654318327,Forge,CAPTURE_ON,1,World Flythrough,97.99,10.20,9.01,N/A,5778.87,N/A,0,0,0,0,N/A,UNAVAILABLE
1786654318335,Forge,CAPTURE_ON,1,World Flythrough,110.61,9.04,9.01,N/A,5778.87,N/A,0,0,0,0,N/A,UNAVAILABLE
1786654318342,Forge,CAPTURE_ON,1,World Flythrough,152.15,6.57,9.01,N/A,5778.87,N/A,0,0,0,0,N/A,UNAVAILABLE
1786654318352,Forge,CAPTURE_ON,1,World Flythrough,97.95,10.21,9.01,N/A,5778.87,N/A,0,0,0,0,N/A,UNAVAILABLE
1786654318365,Forge,CAPTURE_ON,1,World Flythrough,77.80,12.85,9.01,N/A,5778.87,N/A,0,0,0,0,N/A,UNAVAILABLE
1786654318372,Forge,CAPTURE_ON,1,World Flythrough,141.76,7.05,9.01,N/A,5778.87,N/A,0,0,0,0,N/A,UNAVAILABLE
1786654318379,Forge,CAPTURE_ON,1,World Flythrough,154.71,6.46,9.01,N/A,5778.87,N/A,0,0,0,0,N/A,UNAVAILABLE
1786654318385,Forge,CAPTURE_ON,1,World Flythrough,165.30,6.05,9.01,N/A,5778.87,N/A,0,0,0,0,N/A,UNAVAILABLE
1786654318394,Forge,CAPTURE_ON,1,World Flythrough,108.96,9.18,9.01,N/A,5778.87,N/A,0,0,0,0,N/A,UNAVAILABLE
1786654318401,Forge,CAPTURE_ON,1,World Flythrough,141.16,7.08,9.01,N/A,5778.87,N/A,0,0,0,0,N/A,UNAVAILABLE
1786654318417,Forge,CAPTURE_ON,1,World Flythrough,62.06,16.11,9.01,N/A,5778.87,N/A,0,0,0,0,N/A,UNAVAILABLE
1786654318423,Forge,CAPTURE_ON,1,World Flythrough,153.52,6.51,9.01,N/A,5778.87,N/A,0,0,0,0,N/A,UNAVAILABLE
1786654318435,Forge,CAPTURE_ON,1,World Flythrough,84.72,11.80,9.01,N/A,5778.87,N/A,0,0,0,0,N/A,UNAVAILABLE
1786654318444,Forge,CAPTURE_ON,1,World Flythrough,112.85,8.86,9.01,N/A,5778.87,N/A,0,0,0,0,N/A,UNAVAILABLE
1786654318454,Forge,CAPTURE_ON,1,World Flythrough,107.56,9.30,9.01,N/A,5778.87,N/A,0,0,0,0,N/A,UNAVAILABLE
1786654318467,Forge,CAPTURE_ON,1,World Flythrough,73.69,13.57,9.01,N/A,5778.87,N/A,0,0,0,0,N/A,UNAVAILABLE
1786654318474,Forge,CAPTURE_ON,1,World Flythrough,140.56,7.11,9.01,N/A,5778.87,N/A,0,0,0,0,N/A,UNAVAILABLE
1786654318480,Forge,CAPTURE_ON,1,World Flythrough,179.09,5.58,9.01,N/A,5778.87,N/A,0,0,0,0,N/A,UNAVAILABLE
1786654318486,Forge,CAPTURE_ON,1,World Flythrough,181.12,5.52,9.01,N/A,5778.87,N/A,0,0,0,0,N/A,UNAVAILABLE
1786654318494,Forge,CAPTURE_ON,1,World Flythrough,116.75,8.57,9.01,N/A,5778.87,N/A,0,0,0,0,N/A,UNAVAILABLE
1786654318500,Forge,CAPTURE_ON,1,World Flythrough,163.35,6.12,9.01,N/A,5778.87,N/A,0,0,0,0,N/A,UNAVAILABLE
1786654318520,Forge,CAPTURE_ON,1,World Flythrough,50.91,19.64,9.01,N/A,5778.87,N/A,0,0,0,0,N/A,UNAVAILABLE
1786654318529,Forge,CAPTURE_ON,1,World Flythrough,112.56,8.88,9.01,N/A,5778.87,N/A,0,0,0,0,N/A,UNAVAILABLE
1786654318538,Forge,CAPTURE_ON,1,World Flythrough,101.88,9.82,9.01,N/A,5778.87,N/A,0,0,0,0,N/A,UNAVAILABLE
1786654318548,Forge,CAPTURE_ON,1,World Flythrough,100.68,9.93,9.01,N/A,5778.87,N/A,0,0,0,0,N/A,UNAVAILABLE
1786654318557,Forge,CAPTURE_ON,1,World Flythrough,107.49,9.30,9.01,N/A,5778.87,N/A,0,0,0,0,N/A,UNAVAILABLE
1786654318571,Forge,CAPTURE_ON,1,World Flythrough,73.92,13.53,9.01,N/A,5778.87,N/A,0,0,0,0,N/A,UNAVAILABLE
1786654318579,Forge,CAPTURE_ON,1,World Flythrough,127.51,7.84,9.01,N/A,5778.87,N/A,0,0,0,0,N/A,UNAVAILABLE
1786654318586,Forge,CAPTURE_ON,1,World Flythrough,138.58,7.22,9.01,N/A,5778.87,N/A,0,0,0,0,N/A,UNAVAILABLE
1786654318594,Forge,CAPTURE_ON,1,World Flythrough,126.55,7.90,9.01,N/A,5778.87,N/A,0,0,0,0,N/A,UNAVAILABLE
1786654318601,Forge,CAPTURE_ON,1,World Flythrough,145.39,6.88,9.01,N/A,5778.87,N/A,0,0,0,0,N/A,UNAVAILABLE
1786654318612,Forge,CAPTURE_ON,1,World Flythrough,90.09,11.10,9.01,N/A,5778.87,N/A,0,0,0,0,N/A,UNAVAILABLE
1786654318619,Forge,CAPTURE_ON,1,World Flythrough,127.04,7.87,9.01,N/A,5778.87,N/A,0,0,0,0,N/A,UNAVAILABLE
1786654318625,Forge,CAPTURE_ON,1,World Flythrough,176.49,5.67,9.01,N/A,5778.87,N/A,0,0,0,0,N/A,UNAVAILABLE
1786654318633,Forge,CAPTURE_ON,1,World Flythrough,133.75,7.48,9.01,N/A,5778.87,N/A,0,0,0,0,N/A,UNAVAILABLE
1786654318642,Forge,CAPTURE_ON,1,World Flythrough,113.25,8.83,9.01,N/A,5778.87,N/A,0,0,0,0,N/A,UNAVAILABLE
1786654318647,Forge,CAPTURE_ON,1,World Flythrough,178.04,5.62,9.01,N/A,5778.87,N/A,0,0,0,0,N/A,UNAVAILABLE
1786654318653,Forge,CAPTURE_ON,1,World Flythrough,177.83,5.62,9.01,N/A,5778.87,N/A,0,0,0,0,N/A,UNAVAILABLE
1786654318666,Forge,CAPTURE_ON,1,World Flythrough,78.58,12.73,9.01,N/A,5778.87,N/A,0,0,0,0,N/A,UNAVAILABLE
1786654318674,Forge,CAPTURE_ON,1,World Flythrough,130.38,7.67,9.01,N/A,5778.87,N/A,0,0,0,0,N/A,UNAVAILABLE
1786654318681,Forge,CAPTURE_ON,1,World Flythrough,122.49,8.16,9.01,N/A,5778.87,N/A,0,0,0,0,N/A,UNAVAILABLE
1786654318688,Forge,CAPTURE_ON,1,World Flythrough,151.94,6.58,9.01,N/A,5778.87,N/A,0,0,0,0,N/A,UNAVAILABLE
1786654318696,Forge,CAPTURE_ON,1,World Flythrough,130.76,7.65,9.01,N/A,5778.87,N/A,0,0,0,0,N/A,UNAVAILABLE
1786654318702,Forge,CAPTURE_ON,1,World Flythrough,178.31,5.61,9.01,N/A,5778.87,N/A,0,0,0,0,N/A,UNAVAILABLE
1786654318712,Forge,CAPTURE_ON,1,World Flythrough,94.79,10.55,9.01,N/A,5778.87,N/A,0,0,0,0,N/A,UNAVAILABLE
1786654318718,Forge,CAPTURE_ON,1,World Flythrough,159.62,6.26,9.01,N/A,5778.87,N/A,0,0,0,0,N/A,UNAVAILABLE
1786654318729,Forge,CAPTURE_ON,1,World Flythrough,93.35,10.71,9.01,N/A,5778.87,N/A,0,0,0,0,N/A,UNAVAILABLE
1786654318736,Forge,CAPTURE_ON,1,World Flythrough,139.92,7.15,9.01,N/A,5778.87,N/A,0,0,0,0,N/A,UNAVAILABLE
1786654318747,Forge,CAPTURE_ON,1,World Flythrough,98.36,10.17,9.01,N/A,5778.87,N/A,0,0,0,0,N/A,UNAVAILABLE
1786654318755,Forge,CAPTURE_ON,1,World Flythrough,109.11,9.16,9.01,N/A,5778.87,N/A,0,0,0,0,N/A,UNAVAILABLE
1786654318772,Forge,CAPTURE_ON,1,World Flythrough,59.99,16.67,9.01,N/A,5778.87,N/A,0,0,0,0,N/A,UNAVAILABLE
1786654318777,Forge,CAPTURE_ON,1,World Flythrough,176.99,5.65,9.01,N/A,5778.87,N/A,0,0,0,0,N/A,UNAVAILABLE
1786654318786,Forge,CAPTURE_ON,1,World Flythrough,114.68,8.72,9.01,N/A,5778.87,N/A,0,0,0,0,N/A,UNAVAILABLE
1786654318795,Forge,CAPTURE_ON,1,World Flythrough,121.81,8.21,9.01,N/A,5778.87,N/A,0,0,0,0,N/A,UNAVAILABLE
1786654318804,Forge,CAPTURE_ON,1,World Flythrough,109.33,9.15,9.01,N/A,5778.87,N/A,0,0,0,0,N/A,UNAVAILABLE
1786654318815,Forge,CAPTURE_ON,1,World Flythrough,90.50,11.05,9.01,N/A,5778.87,N/A,0,0,0,0,N/A,UNAVAILABLE
1786654318821,Forge,CAPTURE_ON,1,World Flythrough,151.19,6.61,9.01,N/A,5778.87,N/A,0,0,0,0,N/A,UNAVAILABLE
1786654318832,Forge,CAPTURE_ON,1,World Flythrough,95.52,10.47,9.01,N/A,5778.87,N/A,0,0,0,0,N/A,UNAVAILABLE
1786654318839,Forge,CAPTURE_ON,1,World Flythrough,141.46,7.07,9.01,N/A,5778.87,N/A,0,0,0,0,N/A,UNAVAILABLE
1786654318849,Forge,CAPTURE_ON,1,World Flythrough,100.74,9.93,9.01,N/A,5778.87,N/A,0,0,0,0,N/A,UNAVAILABLE
1786654318856,Forge,CAPTURE_ON,1,World Flythrough,160.48,6.23,9.01,N/A,5778.87,N/A,0,0,0,0,N/A,UNAVAILABLE
1786654318868,Forge,CAPTURE_ON,1,World Flythrough,71.51,13.98,9.01,N/A,5778.87,N/A,0,0,0,0,N/A,UNAVAILABLE
1786654318876,Forge,CAPTURE_ON,1,World Flythrough,151.15,6.62,9.01,N/A,5778.87,N/A,0,0,0,0,N/A,UNAVAILABLE
1786654318886,Forge,CAPTURE_ON,1,World Flythrough,94.84,10.54,9.01,N/A,5778.87,N/A,0,0,0,0,N/A,UNAVAILABLE
1786654318892,Forge,CAPTURE_ON,1,World Flythrough,151.99,6.58,9.01,N/A,5778.87,N/A,0,0,0,0,N/A,UNAVAILABLE
1786654318900,Forge,CAPTURE_ON,1,World Flythrough,151.45,6.60,9.01,N/A,5778.87,N/A,0,0,0,0,N/A,UNAVAILABLE
1786654318913,Forge,CAPTURE_ON,1,World Flythrough,70.76,14.13,9.01,N/A,5778.87,N/A,0,0,0,0,N/A,UNAVAILABLE
1786654318953,Forge,CAPTURE_ON,1,World Flythrough,187.91,5.32,10.12,N/A,5933.12,N/A,0,0,0,0,N/A,UNAVAILABLE
1786654318969,Forge,CAPTURE_ON,1,World Flythrough,20.05,49.87,10.12,N/A,5933.12,N/A,0,0,0,0,N/A,UNAVAILABLE
1786654318977,Forge,CAPTURE_ON,1,World Flythrough,123.74,8.08,10.12,N/A,5933.12,N/A,0,0,0,0,N/A,UNAVAILABLE
1786654318987,Forge,CAPTURE_ON,1,World Flythrough,99.77,10.02,10.12,N/A,5933.12,N/A,0,0,0,0,N/A,UNAVAILABLE
1786654318996,Forge,CAPTURE_ON,1,World Flythrough,105.94,9.44,10.12,N/A,5933.12,N/A,0,0,0,0,N/A,UNAVAILABLE
1786654319005,Forge,CAPTURE_ON,1,World Flythrough,117.55,8.51,10.12,N/A,5933.12,N/A,0,0,0,0,N/A,UNAVAILABLE
1786654319017,Forge,CAPTURE_ON,1,World Flythrough,75.55,13.24,10.12,N/A,5933.12,N/A,0,0,0,0,N/A,UNAVAILABLE
1786654319025,Forge,CAPTURE_ON,1,World Flythrough,147.58,6.78,10.12,N/A,5933.12,N/A,0,0,0,0,N/A,UNAVAILABLE
1786654319031,Forge,CAPTURE_ON,1,World Flythrough,188.81,5.30,10.12,N/A,5933.12,N/A,0,0,0,0,N/A,UNAVAILABLE
1786654319036,Forge,CAPTURE_ON,1,World Flythrough,176.18,5.68,10.12,N/A,5933.12,N/A,0,0,0,0,N/A,UNAVAILABLE
1786654319045,Forge,CAPTURE_ON,1,World Flythrough,115.36,8.67,10.12,N/A,5933.12,N/A,0,0,0,0,N/A,UNAVAILABLE
1786654319051,Forge,CAPTURE_ON,1,World Flythrough,182.58,5.48,10.12,N/A,5933.12,N/A,0,0,0,0,N/A,UNAVAILABLE
1786654319065,Forge,CAPTURE_ON,1,World Flythrough,67.28,14.86,10.12,N/A,5933.12,N/A,0,0,0,0,N/A,UNAVAILABLE
1786654319073,Forge,CAPTURE_ON,1,World Flythrough,136.97,7.30,10.12,N/A,5933.12,N/A,0,0,0,0,N/A,UNAVAILABLE
1786654319081,Forge,CAPTURE_ON,1,World Flythrough,118.88,8.41,10.12,N/A,5933.12,N/A,0,0,0,0,N/A,UNAVAILABLE
1786654319087,Forge,CAPTURE_ON,1,World Flythrough,179.62,5.57,10.12,N/A,5933.12,N/A,0,0,0,0,N/A,UNAVAILABLE
1786654319095,Forge,CAPTURE_ON,1,World Flythrough,112.37,8.90,10.12,N/A,5933.12,N/A,0,0,0,0,N/A,UNAVAILABLE
1786654319104,Forge,CAPTURE_ON,1,World Flythrough,106.89,9.36,10.12,N/A,5933.12,N/A,0,0,0,0,N/A,UNAVAILABLE
1786654319121,Forge,CAPTURE_ON,1,World Flythrough,58.71,17.03,10.12,N/A,5933.12,N/A,0,0,0,0,N/A,UNAVAILABLE
1786654319127,Forge,CAPTURE_ON,1,World Flythrough,164.99,6.06,10.12,N/A,5933.12,N/A,0,0,0,0,N/A,UNAVAILABLE
1786654319137,Forge,CAPTURE_ON,1,World Flythrough,100.37,9.96,10.12,N/A,5933.12,N/A,0,0,0,0,N/A,UNAVAILABLE
1786654319145,Forge,CAPTURE_ON,1,World Flythrough,131.93,7.58,10.12,N/A,5933.12,N/A,0,0,0,0,N/A,UNAVAILABLE
1786654319155,Forge,CAPTURE_ON,1,World Flythrough,97.95,10.21,10.12,N/A,5933.12,N/A,0,0,0,0,N/A,UNAVAILABLE
1786654319170,Forge,CAPTURE_ON,1,World Flythrough,68.18,14.67,10.12,N/A,5933.12,N/A,0,0,0,0,N/A,UNAVAILABLE
1786654319177,Forge,CAPTURE_ON,1,World Flythrough,143.25,6.98,10.12,N/A,5933.12,N/A,0,0,0,0,N/A,UNAVAILABLE
1786654319187,Forge,CAPTURE_ON,1,World Flythrough,103.54,9.66,10.12,N/A,5933.12,N/A,0,0,0,0,N/A,UNAVAILABLE
1786654319192,Forge,CAPTURE_ON,1,World Flythrough,192.39,5.20,10.12,N/A,5933.12,N/A,0,0,0,0,N/A,UNAVAILABLE
1786654319202,Forge,CAPTURE_ON,1,World Flythrough,106.11,9.42,10.12,N/A,5933.12,N/A,0,0,0,0,N/A,UNAVAILABLE
1786654319216,Forge,CAPTURE_ON,1,World Flythrough,68.55,14.59,10.12,N/A,5933.12,N/A,0,0,0,0,N/A,UNAVAILABLE
1786654319225,Forge,CAPTURE_ON,1,World Flythrough,109.11,9.17,10.12,N/A,5933.12,N/A,0,0,0,0,N/A,UNAVAILABLE
1786654319234,Forge,CAPTURE_ON,1,World Flythrough,107.30,9.32,10.12,N/A,5933.12,N/A,0,0,0,0,N/A,UNAVAILABLE
1786654319244,Forge,CAPTURE_ON,1,World Flythrough,102.39,9.77,10.12,N/A,5933.12,N/A,0,0,0,0,N/A,UNAVAILABLE
1786654319255,Forge,CAPTURE_ON,1,World Flythrough,97.00,10.31,10.12,N/A,5933.12,N/A,0,0,0,0,N/A,UNAVAILABLE
1786654319269,Forge,CAPTURE_ON,1,World Flythrough,70.18,14.25,10.12,N/A,5933.12,N/A,0,0,0,0,N/A,UNAVAILABLE
1786654319277,Forge,CAPTURE_ON,1,World Flythrough,109.56,9.13,10.12,N/A,5933.12,N/A,0,0,0,0,N/A,UNAVAILABLE
1786654319285,Forge,CAPTURE_ON,1,World Flythrough,140.33,7.13,10.12,N/A,5933.12,N/A,0,0,0,0,N/A,UNAVAILABLE
1786654319292,Forge,CAPTURE_ON,1,World Flythrough,133.94,7.47,10.12,N/A,5933.12,N/A,0,0,0,0,N/A,UNAVAILABLE
1786654319300,Forge,CAPTURE_ON,1,World Flythrough,140.82,7.10,10.12,N/A,5933.12,N/A,0,0,0,0,N/A,UNAVAILABLE
1786654319310,Forge,CAPTURE_ON,1,World Flythrough,96.31,10.38,10.12,N/A,5933.12,N/A,0,0,0,0,N/A,UNAVAILABLE
1786654319316,Forge,CAPTURE_ON,1,World Flythrough,160.83,6.22,10.12,N/A,5933.12,N/A,0,0,0,0,N/A,UNAVAILABLE
1786654319324,Forge,CAPTURE_ON,1,World Flythrough,134.26,7.45,10.12,N/A,5933.12,N/A,0,0,0,0,N/A,UNAVAILABLE
1786654319330,Forge,CAPTURE_ON,1,World Flythrough,156.72,6.38,10.12,N/A,5933.12,N/A,0,0,0,0,N/A,UNAVAILABLE
1786654319336,Forge,CAPTURE_ON,1,World Flythrough,181.23,5.52,10.12,N/A,5933.12,N/A,0,0,0,0,N/A,UNAVAILABLE
1786654319342,Forge,CAPTURE_ON,1,World Flythrough,145.06,6.89,10.12,N/A,5933.12,N/A,0,0,0,0,N/A,UNAVAILABLE
1786654319349,Forge,CAPTURE_ON,1,World Flythrough,165.91,6.03,10.12,N/A,5933.12,N/A,0,0,0,0,N/A,UNAVAILABLE
1786654319354,Forge,CAPTURE_ON,1,World Flythrough,179.49,5.57,10.12,N/A,5933.12,N/A,0,0,0,0,N/A,UNAVAILABLE
1786654319366,Forge,CAPTURE_ON,1,World Flythrough,78.17,12.79,10.12,N/A,5933.12,N/A,0,0,0,0,N/A,UNAVAILABLE
1786654319375,Forge,CAPTURE_ON,1,World Flythrough,134.20,7.45,10.12,N/A,5933.12,N/A,0,0,0,0,N/A,UNAVAILABLE
1786654319380,Forge,CAPTURE_ON,1,World Flythrough,177.47,5.63,10.12,N/A,5933.12,N/A,0,0,0,0,N/A,UNAVAILABLE
1786654319386,Forge,CAPTURE_ON,1,World Flythrough,155.60,6.43,10.12,N/A,5933.12,N/A,0,0,0,0,N/A,UNAVAILABLE
1786654319394,Forge,CAPTURE_ON,1,World Flythrough,123.20,8.12,10.12,N/A,5933.12,N/A,0,0,0,0,N/A,UNAVAILABLE
1786654319402,Forge,CAPTURE_ON,1,World Flythrough,132.68,7.54,10.12,N/A,5933.12,N/A,0,0,0,0,N/A,UNAVAILABLE
1786654319415,Forge,CAPTURE_ON,1,World Flythrough,77.09,12.97,10.12,N/A,5933.12,N/A,0,0,0,0,N/A,UNAVAILABLE
1786654319427,Forge,CAPTURE_ON,1,World Flythrough,77.47,12.91,10.12,N/A,5933.12,N/A,0,0,0,0,N/A,UNAVAILABLE
1786654319434,Forge,CAPTURE_ON,1,World Flythrough,148.99,6.71,10.12,N/A,5933.12,N/A,0,0,0,0,N/A,UNAVAILABLE
1786654319442,Forge,CAPTURE_ON,1,World Flythrough,121.61,8.22,10.12,N/A,5933.12,N/A,0,0,0,0,N/A,UNAVAILABLE
1786654319454,Forge,CAPTURE_ON,1,World Flythrough,86.33,11.58,10.12,N/A,5933.12,N/A,0,0,0,0,N/A,UNAVAILABLE
1786654319469,Forge,CAPTURE_ON,1,World Flythrough,70.28,14.23,10.12,N/A,5933.12,N/A,0,0,0,0,N/A,UNAVAILABLE
1786654319475,Forge,CAPTURE_ON,1,World Flythrough,156.15,6.40,10.12,N/A,5933.12,N/A,0,0,0,0,N/A,UNAVAILABLE
1786654319481,Forge,CAPTURE_ON,1,World Flythrough,166.32,6.01,10.12,N/A,5933.12,N/A,0,0,0,0,N/A,UNAVAILABLE
1786654319487,Forge,CAPTURE_ON,1,World Flythrough,175.01,5.71,10.12,N/A,5933.12,N/A,0,0,0,0,N/A,UNAVAILABLE
1786654319495,Forge,CAPTURE_ON,1,World Flythrough,123.99,8.07,10.12,N/A,5933.12,N/A,0,0,0,0,N/A,UNAVAILABLE
1786654319501,Forge,CAPTURE_ON,1,World Flythrough,171.46,5.83,10.12,N/A,5933.12,N/A,0,0,0,0,N/A,UNAVAILABLE
1786654319516,Forge,CAPTURE_ON,1,World Flythrough,63.96,15.64,10.12,N/A,5933.12,N/A,0,0,0,0,N/A,UNAVAILABLE
1786654319526,Forge,CAPTURE_ON,1,World Flythrough,106.67,9.37,10.12,N/A,5933.12,N/A,0,0,0,0,N/A,UNAVAILABLE
1786654319532,Forge,CAPTURE_ON,1,World Flythrough,174.21,5.74,10.12,N/A,5933.12,N/A,0,0,0,0,N/A,UNAVAILABLE
1786654319537,Forge,CAPTURE_ON,1,World Flythrough,201.52,4.96,10.12,N/A,5933.12,N/A,0,0,0,0,N/A,UNAVAILABLE
1786654319543,Forge,CAPTURE_ON,1,World Flythrough,142.06,7.04,10.12,N/A,5933.12,N/A,0,0,0,0,N/A,UNAVAILABLE
1786654319551,Forge,CAPTURE_ON,1,World Flythrough,136.15,7.34,10.12,N/A,5933.12,N/A,0,0,0,0,N/A,UNAVAILABLE
1786654319566,Forge,CAPTURE_ON,1,World Flythrough,66.71,14.99,10.12,N/A,5933.12,N/A,0,0,0,0,N/A,UNAVAILABLE
1786654319572,Forge,CAPTURE_ON,1,World Flythrough,178.17,5.61,10.12,N/A,5933.12,N/A,0,0,0,0,N/A,UNAVAILABLE
1786654319580,Forge,CAPTURE_ON,1,World Flythrough,116.24,8.60,10.12,N/A,5933.12,N/A,0,0,0,0,N/A,UNAVAILABLE
1786654319587,Forge,CAPTURE_ON,1,World Flythrough,135.98,7.35,10.12,N/A,5933.12,N/A,0,0,0,0,N/A,UNAVAILABLE
1786654319596,Forge,CAPTURE_ON,1,World Flythrough,122.05,8.19,10.12,N/A,5933.12,N/A,0,0,0,0,N/A,UNAVAILABLE
1786654319602,Forge,CAPTURE_ON,1,World Flythrough,150.13,6.66,10.12,N/A,5933.12,N/A,0,0,0,0,N/A,UNAVAILABLE
1786654319617,Forge,CAPTURE_ON,1,World Flythrough,65.13,15.35,10.12,N/A,5933.12,N/A,0,0,0,0,N/A,UNAVAILABLE
1786654319623,Forge,CAPTURE_ON,1,World Flythrough,169.12,5.91,10.12,N/A,5933.12,N/A,0,0,0,0,N/A,UNAVAILABLE
1786654319629,Forge,CAPTURE_ON,1,World Flythrough,176.82,5.66,10.12,N/A,5933.12,N/A,0,0,0,0,N/A,UNAVAILABLE
1786654319637,Forge,CAPTURE_ON,1,World Flythrough,118.74,8.42,10.12,N/A,5933.12,N/A,0,0,0,0,N/A,UNAVAILABLE
1786654319647,Forge,CAPTURE_ON,1,World Flythrough,109.42,9.14,10.12,N/A,5933.12,N/A,0,0,0,0,N/A,UNAVAILABLE
1786654319655,Forge,CAPTURE_ON,1,World Flythrough,111.51,8.97,10.12,N/A,5933.12,N/A,0,0,0,0,N/A,UNAVAILABLE
1786654319670,Forge,CAPTURE_ON,1,World Flythrough,69.57,14.37,10.12,N/A,5933.12,N/A,0,0,0,0,N/A,UNAVAILABLE
1786654319679,Forge,CAPTURE_ON,1,World Flythrough,111.37,8.98,10.12,N/A,5933.12,N/A,0,0,0,0,N/A,UNAVAILABLE
1786654319684,Forge,CAPTURE_ON,1,World Flythrough,186.37,5.37,10.12,N/A,5933.12,N/A,0,0,0,0,N/A,UNAVAILABLE
1786654319691,Forge,CAPTURE_ON,1,World Flythrough,158.01,6.33,10.12,N/A,5933.12,N/A,0,0,0,0,N/A,UNAVAILABLE
1786654319699,Forge,CAPTURE_ON,1,World Flythrough,119.76,8.35,10.12,N/A,5933.12,N/A,0,0,0,0,N/A,UNAVAILABLE
1786654319716,Forge,CAPTURE_ON,1,World Flythrough,59.35,16.85,10.12,N/A,5933.12,N/A,0,0,0,0,N/A,UNAVAILABLE
1786654319725,Forge,CAPTURE_ON,1,World Flythrough,112.12,8.92,10.12,N/A,5933.12,N/A,0,0,0,0,N/A,UNAVAILABLE
1786654319731,Forge,CAPTURE_ON,1,World Flythrough,172.91,5.78,10.12,N/A,5933.12,N/A,0,0,0,0,N/A,UNAVAILABLE
1786654319737,Forge,CAPTURE_ON,1,World Flythrough,158.08,6.33,10.12,N/A,5933.12,N/A,0,0,0,0,N/A,UNAVAILABLE
1786654319746,Forge,CAPTURE_ON,1,World Flythrough,113.20,8.83,10.12,N/A,5933.12,N/A,0,0,0,0,N/A,UNAVAILABLE
1786654319753,Forge,CAPTURE_ON,1,World Flythrough,139.95,7.15,10.12,N/A,5933.12,N/A,0,0,0,0,N/A,UNAVAILABLE
1786654319770,Forge,CAPTURE_ON,1,World Flythrough,59.02,16.94,10.12,N/A,5933.12,N/A,0,0,0,0,N/A,UNAVAILABLE
1786654319777,Forge,CAPTURE_ON,1,World Flythrough,128.55,7.78,10.12,N/A,5933.12,N/A,0,0,0,0,N/A,UNAVAILABLE
1786654319786,Forge,CAPTURE_ON,1,World Flythrough,118.09,8.47,10.12,N/A,5933.12,N/A,0,0,0,0,N/A,UNAVAILABLE
1786654319792,Forge,CAPTURE_ON,1,World Flythrough,177.25,5.64,10.12,N/A,5933.12,N/A,0,0,0,0,N/A,UNAVAILABLE
1786654319800,Forge,CAPTURE_ON,1,World Flythrough,113.78,8.79,10.12,N/A,5933.12,N/A,0,0,0,0,N/A,UNAVAILABLE
1786654319811,Forge,CAPTURE_ON,1,World Flythrough,91.82,10.89,10.12,N/A,5933.12,N/A,0,0,0,0,N/A,UNAVAILABLE
1786654319817,Forge,CAPTURE_ON,1,World Flythrough,159.27,6.28,10.12,N/A,5933.12,N/A,0,0,0,0,N/A,UNAVAILABLE
1786654319827,Forge,CAPTURE_ON,1,World Flythrough,97.33,10.27,10.12,N/A,5933.12,N/A,0,0,0,0,N/A,UNAVAILABLE
1786654319837,Forge,CAPTURE_ON,1,World Flythrough,113.20,8.83,10.12,N/A,5933.12,N/A,0,0,0,0,N/A,UNAVAILABLE
1786654319847,Forge,CAPTURE_ON,1,World Flythrough,93.92,10.65,10.12,N/A,5933.12,N/A,0,0,0,0,N/A,UNAVAILABLE
1786654319854,Forge,CAPTURE_ON,1,World Flythrough,162.16,6.17,10.12,N/A,5933.12,N/A,0,0,0,0,N/A,UNAVAILABLE
1786654319869,Forge,CAPTURE_ON,1,World Flythrough,68.36,14.63,10.12,N/A,5933.12,N/A,0,0,0,0,N/A,UNAVAILABLE
1786654319874,Forge,CAPTURE_ON,1,World Flythrough,169.53,5.90,10.12,N/A,5933.12,N/A,0,0,0,0,N/A,UNAVAILABLE
1786654319882,Forge,CAPTURE_ON,1,World Flythrough,137.44,7.28,10.12,N/A,5933.12,N/A,0,0,0,0,N/A,UNAVAILABLE
1786654319889,Forge,CAPTURE_ON,1,World Flythrough,127.92,7.82,10.12,N/A,5933.12,N/A,0,0,0,0,N/A,UNAVAILABLE
1786654319898,Forge,CAPTURE_ON,1,World Flythrough,115.84,8.63,10.12,N/A,5933.12,N/A,0,0,0,0,N/A,UNAVAILABLE
1786654319907,Forge,CAPTURE_ON,1,World Flythrough,109.84,9.10,10.12,N/A,5933.12,N/A,0,0,0,0,N/A,UNAVAILABLE
1786654319956,Forge,CAPTURE_ON,1,World Flythrough,71.58,13.97,8.00,N/A,5347.20,N/A,0,0,0,0,N/A,UNAVAILABLE
1786654319971,Forge,CAPTURE_ON,1,World Flythrough,19.88,50.31,8.00,N/A,5347.20,N/A,0,0,0,0,N/A,UNAVAILABLE
1786654319977,Forge,CAPTURE_ON,1,World Flythrough,188.48,5.31,8.00,N/A,5347.20,N/A,0,0,0,0,N/A,UNAVAILABLE
1786654319984,Forge,CAPTURE_ON,1,World Flythrough,122.06,8.19,8.00,N/A,5347.20,N/A,0,0,0,0,N/A,UNAVAILABLE
1786654319991,Forge,CAPTURE_ON,1,World Flythrough,143.83,6.95,8.00,N/A,5347.20,N/A,0,0,0,0,N/A,UNAVAILABLE
1786654319996,Forge,CAPTURE_ON,1,World Flythrough,200.69,4.98,8.00,N/A,5347.20,N/A,0,0,0,0,N/A,UNAVAILABLE
1786654320006,Forge,CAPTURE_ON,1,World Flythrough,113.63,8.80,8.00,N/A,5347.20,N/A,0,0,0,0,N/A,UNAVAILABLE
1786654320022,Forge,CAPTURE_ON,1,World Flythrough,58.74,17.02,8.00,N/A,5347.20,N/A,0,0,0,0,N/A,UNAVAILABLE
1786654320032,Forge,CAPTURE_ON,1,World Flythrough,104.51,9.57,8.00,N/A,5347.20,N/A,0,0,0,0,N/A,UNAVAILABLE
1786654320041,Forge,CAPTURE_ON,1,World Flythrough,104.71,9.55,8.00,N/A,5347.20,N/A,0,0,0,0,N/A,UNAVAILABLE
1786654320050,Forge,CAPTURE_ON,1,World Flythrough,109.65,9.12,8.00,N/A,5347.20,N/A,0,0,0,0,N/A,UNAVAILABLE
1786654320068,Forge,CAPTURE_ON,1,World Flythrough,56.39,17.73,8.00,N/A,5347.20,N/A,0,0,0,0,N/A,UNAVAILABLE
1786654320075,Forge,CAPTURE_ON,1,World Flythrough,147.11,6.80,8.00,N/A,5347.20,N/A,0,0,0,0,N/A,UNAVAILABLE
1786654320086,Forge,CAPTURE_ON,1,World Flythrough,98.19,10.18,8.00,N/A,5347.20,N/A,0,0,0,0,N/A,UNAVAILABLE
1786654320093,Forge,CAPTURE_ON,1,World Flythrough,141.18,7.08,8.00,N/A,5347.20,N/A,0,0,0,0,N/A,UNAVAILABLE
1786654320099,Forge,CAPTURE_ON,1,World Flythrough,149.90,6.67,8.00,N/A,5347.20,N/A,0,0,0,0,N/A,UNAVAILABLE
1786654320117,Forge,CAPTURE_ON,1,World Flythrough,57.17,17.49,8.00,N/A,5347.20,N/A,0,0,0,0,N/A,UNAVAILABLE
1786654320124,Forge,CAPTURE_ON,1,World Flythrough,123.17,8.12,8.00,N/A,5347.20,N/A,0,0,0,0,N/A,UNAVAILABLE
1786654320133,Forge,CAPTURE_ON,1,World Flythrough,119.89,8.34,8.00,N/A,5347.20,N/A,0,0,0,0,N/A,UNAVAILABLE
1786654320139,Forge,CAPTURE_ON,1,World Flythrough,170.25,5.87,8.00,N/A,5347.20,N/A,0,0,0,0,N/A,UNAVAILABLE
1786654320144,Forge,CAPTURE_ON,1,World Flythrough,183.51,5.45,8.00,N/A,5347.20,N/A,0,0,0,0,N/A,UNAVAILABLE
1786654320152,Forge,CAPTURE_ON,1,World Flythrough,120.81,8.28,8.00,N/A,5347.20,N/A,0,0,0,0,N/A,UNAVAILABLE
1786654320168,Forge,CAPTURE_ON,1,World Flythrough,67.66,14.78,8.00,N/A,5347.20,N/A,0,0,0,0,N/A,UNAVAILABLE
1786654320177,Forge,CAPTURE_ON,1,World Flythrough,105.08,9.52,8.00,N/A,5347.20,N/A,0,0,0,0,N/A,UNAVAILABLE
1786654320186,Forge,CAPTURE_ON,1,World Flythrough,107.74,9.28,8.00,N/A,5347.20,N/A,0,0,0,0,N/A,UNAVAILABLE
1786654320193,Forge,CAPTURE_ON,1,World Flythrough,148.72,6.72,8.00,N/A,5347.20,N/A,0,0,0,0,N/A,UNAVAILABLE
1786654320202,Forge,CAPTURE_ON,1,World Flythrough,112.69,8.87,8.00,N/A,5347.20,N/A,0,0,0,0,N/A,UNAVAILABLE
1786654320215,Forge,CAPTURE_ON,1,World Flythrough,79.03,12.65,8.00,N/A,5347.20,N/A,0,0,0,0,N/A,UNAVAILABLE
1786654320222,Forge,CAPTURE_ON,1,World Flythrough,134.59,7.43,8.00,N/A,5347.20,N/A,0,0,0,0,N/A,UNAVAILABLE
1786654320230,Forge,CAPTURE_ON,1,World Flythrough,119.79,8.35,8.00,N/A,5347.20,N/A,0,0,0,0,N/A,UNAVAILABLE
1786654320238,Forge,CAPTURE_ON,1,World Flythrough,137.29,7.28,8.00,N/A,5347.20,N/A,0,0,0,0,N/A,UNAVAILABLE
1786654320246,Forge,CAPTURE_ON,1,World Flythrough,121.01,8.26,8.00,N/A,5347.20,N/A,0,0,0,0,N/A,UNAVAILABLE
1786654320254,Forge,CAPTURE_ON,1,World Flythrough,124.88,8.01,8.00,N/A,5347.20,N/A,0,0,0,0,N/A,UNAVAILABLE
1786654320269,Forge,CAPTURE_ON,1,World Flythrough,65.51,15.26,8.00,N/A,5347.20,N/A,0,0,0,0,N/A,UNAVAILABLE
1786654320276,Forge,CAPTURE_ON,1,World Flythrough,153.01,6.54,8.00,N/A,5347.20,N/A,0,0,0,0,N/A,UNAVAILABLE
1786654320281,Forge,CAPTURE_ON,1,World Flythrough,170.70,5.86,8.00,N/A,5347.20,N/A,0,0,0,0,N/A,UNAVAILABLE
1786654320290,Forge,CAPTURE_ON,1,World Flythrough,116.04,8.62,8.00,N/A,5347.20,N/A,0,0,0,0,N/A,UNAVAILABLE
1786654320299,Forge,CAPTURE_ON,1,World Flythrough,111.73,8.95,8.00,N/A,5347.20,N/A,0,0,0,0,N/A,UNAVAILABLE
1786654320315,Forge,CAPTURE_ON,1,World Flythrough,65.34,15.31,8.00,N/A,5347.20,N/A,0,0,0,0,N/A,UNAVAILABLE
1786654320321,Forge,CAPTURE_ON,1,World Flythrough,153.03,6.53,8.00,N/A,5347.20,N/A,0,0,0,0,N/A,UNAVAILABLE
1786654320327,Forge,CAPTURE_ON,1,World Flythrough,166.44,6.01,8.00,N/A,5347.20,N/A,0,0,0,0,N/A,UNAVAILABLE
1786654320336,Forge,CAPTURE_ON,1,World Flythrough,105.68,9.46,8.00,N/A,5347.20,N/A,0,0,0,0,N/A,UNAVAILABLE
1786654320346,Forge,CAPTURE_ON,1,World Flythrough,103.81,9.63,8.00,N/A,5347.20,N/A,0,0,0,0,N/A,UNAVAILABLE
1786654320355,Forge,CAPTURE_ON,1,World Flythrough,112.67,8.88,8.00,N/A,5347.20,N/A,0,0,0,0,N/A,UNAVAILABLE
1786654320372,Forge,CAPTURE_ON,1,World Flythrough,58.85,16.99,8.00,N/A,5347.20,N/A,0,0,0,0,N/A,UNAVAILABLE
1786654320378,Forge,CAPTURE_ON,1,World Flythrough,172.10,5.81,8.00,N/A,5347.20,N/A,0,0,0,0,N/A,UNAVAILABLE
1786654320382,Forge,CAPTURE_ON,1,World Flythrough,202.58,4.94,8.00,N/A,5347.20,N/A,0,0,0,0,N/A,UNAVAILABLE
1786654320387,Forge,CAPTURE_ON,1,World Flythrough,202.08,4.95,8.00,N/A,5347.20,N/A,0,0,0,0,N/A,UNAVAILABLE
1786654320395,Forge,CAPTURE_ON,1,World Flythrough,124.88,8.01,8.00,N/A,5347.20,N/A,0,0,0,0,N/A,UNAVAILABLE
1786654320403,Forge,CAPTURE_ON,1,World Flythrough,137.71,7.26,8.00,N/A,5347.20,N/A,0,0,0,0,N/A,UNAVAILABLE
1786654320420,Forge,CAPTURE_ON,1,World Flythrough,57.13,17.50,8.00,N/A,5347.20,N/A,0,0,0,0,N/A,UNAVAILABLE
1786654320428,Forge,CAPTURE_ON,1,World Flythrough,136.56,7.32,8.00,N/A,5347.20,N/A,0,0,0,0,N/A,UNAVAILABLE
1786654320438,Forge,CAPTURE_ON,1,World Flythrough,103.72,9.64,8.00,N/A,5347.20,N/A,0,0,0,0,N/A,UNAVAILABLE
1786654320443,Forge,CAPTURE_ON,1,World Flythrough,183.98,5.44,8.00,N/A,5347.20,N/A,0,0,0,0,N/A,UNAVAILABLE
1786654320452,Forge,CAPTURE_ON,1,World Flythrough,112.57,8.88,8.00,N/A,5347.20,N/A,0,0,0,0,N/A,UNAVAILABLE
1786654320463,Forge,CAPTURE_ON,1,World Flythrough,91.77,10.90,8.00,N/A,5347.20,N/A,0,0,0,0,N/A,UNAVAILABLE
1786654320471,Forge,CAPTURE_ON,1,World Flythrough,115.40,8.67,8.00,N/A,5347.20,N/A,0,0,0,0,N/A,UNAVAILABLE
1786654320481,Forge,CAPTURE_ON,1,World Flythrough,101.59,9.84,8.00,N/A,5347.20,N/A,0,0,0,0,N/A,UNAVAILABLE
1786654320490,Forge,CAPTURE_ON,1,World Flythrough,117.96,8.48,8.00,N/A,5347.20,N/A,0,0,0,0,N/A,UNAVAILABLE
1786654320500,Forge,CAPTURE_ON,1,World Flythrough,98.52,10.15,8.00,N/A,5347.20,N/A,0,0,0,0,N/A,UNAVAILABLE
1786654320518,Forge,CAPTURE_ON,1,World Flythrough,55.16,18.13,8.00,N/A,5347.20,N/A,0,0,0,0,N/A,UNAVAILABLE
1786654320528,Forge,CAPTURE_ON,1,World Flythrough,98.77,10.12,8.00,N/A,5347.20,N/A,0,0,0,0,N/A,UNAVAILABLE
1786654320535,Forge,CAPTURE_ON,1,World Flythrough,131.82,7.59,8.00,N/A,5347.20,N/A,0,0,0,0,N/A,UNAVAILABLE
1786654320546,Forge,CAPTURE_ON,1,World Flythrough,98.58,10.14,8.00,N/A,5347.20,N/A,0,0,0,0,N/A,UNAVAILABLE
1786654320551,Forge,CAPTURE_ON,1,World Flythrough,165.24,6.05,8.00,N/A,5347.20,N/A,0,0,0,0,N/A,UNAVAILABLE
1786654320563,Forge,CAPTURE_ON,1,World Flythrough,90.40,11.06,8.00,N/A,5347.20,N/A,0,0,0,0,N/A,UNAVAILABLE
1786654320571,Forge,CAPTURE_ON,1,World Flythrough,124.43,8.04,8.00,N/A,5347.20,N/A,0,0,0,0,N/A,UNAVAILABLE
1786654320579,Forge,CAPTURE_ON,1,World Flythrough,117.94,8.48,8.00,N/A,5347.20,N/A,0,0,0,0,N/A,UNAVAILABLE
1786654320588,Forge,CAPTURE_ON,1,World Flythrough,106.95,9.35,8.00,N/A,5347.20,N/A,0,0,0,0,N/A,UNAVAILABLE
1786654320598,Forge,CAPTURE_ON,1,World Flythrough,104.45,9.57,8.00,N/A,5347.20,N/A,0,0,0,0,N/A,UNAVAILABLE
1786654320610,Forge,CAPTURE_ON,1,World Flythrough,85.60,11.68,8.00,N/A,5347.20,N/A,0,0,0,0,N/A,UNAVAILABLE
1786654320616,Forge,CAPTURE_ON,1,World Flythrough,167.86,5.96,8.00,N/A,5347.20,N/A,0,0,0,0,N/A,UNAVAILABLE
1786654320626,Forge,CAPTURE_ON,1,World Flythrough,96.69,10.34,8.00,N/A,5347.20,N/A,0,0,0,0,N/A,UNAVAILABLE
1786654320634,Forge,CAPTURE_ON,1,World Flythrough,123.20,8.12,8.00,N/A,5347.20,N/A,0,0,0,0,N/A,UNAVAILABLE
1786654320644,Forge,CAPTURE_ON,1,World Flythrough,106.96,9.35,8.00,N/A,5347.20,N/A,0,0,0,0,N/A,UNAVAILABLE
1786654320649,Forge,CAPTURE_ON,1,World Flythrough,173.92,5.75,8.00,N/A,5347.20,N/A,0,0,0,0,N/A,UNAVAILABLE
1786654320666,Forge,CAPTURE_ON,1,World Flythrough,59.67,16.76,8.00,N/A,5347.20,N/A,0,0,0,0,N/A,UNAVAILABLE
1786654320672,Forge,CAPTURE_ON,1,World Flythrough,163.26,6.13,8.00,N/A,5347.20,N/A,0,0,0,0,N/A,UNAVAILABLE
1786654320679,Forge,CAPTURE_ON,1,World Flythrough,139.65,7.16,8.00,N/A,5347.20,N/A,0,0,0,0,N/A,UNAVAILABLE
1786654320688,Forge,CAPTURE_ON,1,World Flythrough,117.35,8.52,8.00,N/A,5347.20,N/A,0,0,0,0,N/A,UNAVAILABLE
1786654320694,Forge,CAPTURE_ON,1,World Flythrough,169.66,5.89,8.00,N/A,5347.20,N/A,0,0,0,0,N/A,UNAVAILABLE
1786654320701,Forge,CAPTURE_ON,1,World Flythrough,129.08,7.75,8.00,N/A,5347.20,N/A,0,0,0,0,N/A,UNAVAILABLE
1786654320717,Forge,CAPTURE_ON,1,World Flythrough,62.36,16.04,8.00,N/A,5347.20,N/A,0,0,0,0,N/A,UNAVAILABLE
1786654320725,Forge,CAPTURE_ON,1,World Flythrough,128.23,7.80,8.00,N/A,5347.20,N/A,0,0,0,0,N/A,UNAVAILABLE
1786654320730,Forge,CAPTURE_ON,1,World Flythrough,191.32,5.23,8.00,N/A,5347.20,N/A,0,0,0,0,N/A,UNAVAILABLE
1786654320735,Forge,CAPTURE_ON,1,World Flythrough,209.52,4.77,8.00,N/A,5347.20,N/A,0,0,0,0,N/A,UNAVAILABLE
1786654320743,Forge,CAPTURE_ON,1,World Flythrough,132.99,7.52,8.00,N/A,5347.20,N/A,0,0,0,0,N/A,UNAVAILABLE
1786654320749,Forge,CAPTURE_ON,1,World Flythrough,157.91,6.33,8.00,N/A,5347.20,N/A,0,0,0,0,N/A,UNAVAILABLE
1786654320756,Forge,CAPTURE_ON,1,World Flythrough,163.36,6.12,8.00,N/A,5347.20,N/A,0,0,0,0,N/A,UNAVAILABLE
1786654320770,Forge,CAPTURE_ON,1,World Flythrough,65.80,15.20,8.00,N/A,5347.20,N/A,0,0,0,0,N/A,UNAVAILABLE
1786654320781,Forge,CAPTURE_ON,1,World Flythrough,90.56,11.04,8.00,N/A,5347.20,N/A,0,0,0,0,N/A,UNAVAILABLE
1786654320793,Forge,CAPTURE_ON,1,World Flythrough,93.41,10.71,8.00,N/A,5347.20,N/A,0,0,0,0,N/A,UNAVAILABLE
1786654320802,Forge,CAPTURE_ON,1,World Flythrough,104.46,9.57,8.00,N/A,5347.20,N/A,0,0,0,0,N/A,UNAVAILABLE
1786654320815,Forge,CAPTURE_ON,1,World Flythrough,76.19,13.12,8.00,N/A,5347.20,N/A,0,0,0,0,N/A,UNAVAILABLE
1786654320823,Forge,CAPTURE_ON,1,World Flythrough,136.67,7.32,8.00,N/A,5347.20,N/A,0,0,0,0,N/A,UNAVAILABLE
1786654320827,Forge,CAPTURE_ON,1,World Flythrough,189.61,5.27,8.00,N/A,5347.20,N/A,0,0,0,0,N/A,UNAVAILABLE
1786654320836,Forge,CAPTURE_ON,1,World Flythrough,120.53,8.30,8.00,N/A,5347.20,N/A,0,0,0,0,N/A,UNAVAILABLE
1786654320847,Forge,CAPTURE_ON,1,World Flythrough,90.32,11.07,8.00,N/A,5347.20,N/A,0,0,0,0,N/A,UNAVAILABLE
1786654320852,Forge,CAPTURE_ON,1,World Flythrough,174.65,5.73,8.00,N/A,5347.20,N/A,0,0,0,0,N/A,UNAVAILABLE
1786654320864,Forge,CAPTURE_ON,1,World Flythrough,94.25,10.61,8.00,N/A,5347.20,N/A,0,0,0,0,N/A,UNAVAILABLE
1786654320872,Forge,CAPTURE_ON,1,World Flythrough,109.27,9.15,8.00,N/A,5347.20,N/A,0,0,0,0,N/A,UNAVAILABLE
1786654320879,Forge,CAPTURE_ON,1,World Flythrough,145.54,6.87,8.00,N/A,5347.20,N/A,0,0,0,0,N/A,UNAVAILABLE
1786654320888,Forge,CAPTURE_ON,1,World Flythrough,114.12,8.76,8.00,N/A,5347.20,N/A,0,0,0,0,N/A,UNAVAILABLE
1786654320897,Forge,CAPTURE_ON,1,World Flythrough,110.32,9.06,8.00,N/A,5347.20,N/A,0,0,0,0,N/A,UNAVAILABLE
1786654320904,Forge,CAPTURE_ON,1,World Flythrough,159.64,6.26,8.00,N/A,5347.20,N/A,0,0,0,0,N/A,UNAVAILABLE
1786654320962,Forge,CAPTURE_ON,1,World Flythrough,51.66,19.36,7.75,N/A,5487.47,N/A,0,0,0,0,N/A,UNAVAILABLE
1786654320975,Forge,CAPTURE_ON,1,World Flythrough,18.96,52.75,7.75,N/A,5487.47,N/A,0,0,0,0,N/A,UNAVAILABLE
1786654320992,Forge,CAPTURE_ON,1,World Flythrough,63.15,15.83,7.75,N/A,5487.47,N/A,0,0,0,0,N/A,UNAVAILABLE
1786654320999,Forge,CAPTURE_ON,1,World Flythrough,129.05,7.75,7.75,N/A,5487.47,N/A,0,0,0,0,N/A,UNAVAILABLE
1786654321015,Forge,CAPTURE_ON,1,World Flythrough,66.91,14.95,7.75,N/A,5487.47,N/A,0,0,0,0,N/A,UNAVAILABLE
1786654321022,Forge,CAPTURE_ON,1,World Flythrough,122.52,8.16,7.75,N/A,5487.47,N/A,0,0,0,0,N/A,UNAVAILABLE
1786654321031,Forge,CAPTURE_ON,1,World Flythrough,117.03,8.54,7.75,N/A,5487.47,N/A,0,0,0,0,N/A,UNAVAILABLE
1786654321042,Forge,CAPTURE_ON,1,World Flythrough,82.25,12.16,7.75,N/A,5487.47,N/A,0,0,0,0,N/A,UNAVAILABLE
1786654321054,Forge,CAPTURE_ON,1,World Flythrough,89.11,11.22,7.75,N/A,5487.47,N/A,0,0,0,0,N/A,UNAVAILABLE
1786654321070,Forge,CAPTURE_ON,1,World Flythrough,63.39,15.78,7.75,N/A,5487.47,N/A,0,0,0,0,N/A,UNAVAILABLE
1786654321077,Forge,CAPTURE_ON,1,World Flythrough,129.09,7.75,7.75,N/A,5487.47,N/A,0,0,0,0,N/A,UNAVAILABLE
1786654321090,Forge,CAPTURE_ON,1,World Flythrough,82.84,12.07,7.75,N/A,5487.47,N/A,0,0,0,0,N/A,UNAVAILABLE
1786654321097,Forge,CAPTURE_ON,1,World Flythrough,135.98,7.35,7.75,N/A,5487.47,N/A,0,0,0,0,N/A,UNAVAILABLE
1786654321115,Forge,CAPTURE_ON,1,World Flythrough,55.31,18.08,7.75,N/A,5487.47,N/A,0,0,0,0,N/A,UNAVAILABLE
1786654321125,Forge,CAPTURE_ON,1,World Flythrough,93.56,10.69,7.75,N/A,5487.47,N/A,0,0,0,0,N/A,UNAVAILABLE
1786654321136,Forge,CAPTURE_ON,1,World Flythrough,91.77,10.90,7.75,N/A,5487.47,N/A,0,0,0,0,N/A,UNAVAILABLE
1786654321146,Forge,CAPTURE_ON,1,World Flythrough,104.25,9.59,7.75,N/A,5487.47,N/A,0,0,0,0,N/A,UNAVAILABLE
1786654321165,Forge,CAPTURE_ON,1,World Flythrough,55.04,18.17,7.75,N/A,5487.47,N/A,0,0,0,0,N/A,UNAVAILABLE
1786654321172,Forge,CAPTURE_ON,1,World Flythrough,127.04,7.87,7.75,N/A,5487.47,N/A,0,0,0,0,N/A,UNAVAILABLE
1786654321186,Forge,CAPTURE_ON,1,World Flythrough,74.57,13.41,7.75,N/A,5487.47,N/A,0,0,0,0,N/A,UNAVAILABLE
1786654321197,Forge,CAPTURE_ON,1,World Flythrough,83.94,11.91,7.75,N/A,5487.47,N/A,0,0,0,0,N/A,UNAVAILABLE
1786654321214,Forge,CAPTURE_ON,1,World Flythrough,63.73,15.69,7.75,N/A,5487.47,N/A,0,0,0,0,N/A,UNAVAILABLE
1786654321224,Forge,CAPTURE_ON,1,World Flythrough,89.41,11.18,7.75,N/A,5487.47,N/A,0,0,0,0,N/A,UNAVAILABLE
1786654321238,Forge,CAPTURE_ON,1,World Flythrough,74.81,13.37,7.75,N/A,5487.47,N/A,0,0,0,0,N/A,UNAVAILABLE
1786654321250,Forge,CAPTURE_ON,1,World Flythrough,88.71,11.27,7.75,N/A,5487.47,N/A,0,0,0,0,N/A,UNAVAILABLE
1786654321264,Forge,CAPTURE_ON,1,World Flythrough,69.83,14.32,7.75,N/A,5487.47,N/A,0,0,0,0,N/A,UNAVAILABLE
1786654321272,Forge,CAPTURE_ON,1,World Flythrough,119.61,8.36,7.75,N/A,5487.47,N/A,0,0,0,0,N/A,UNAVAILABLE
1786654321285,Forge,CAPTURE_ON,1,World Flythrough,77.35,12.93,7.75,N/A,5487.47,N/A,0,0,0,0,N/A,UNAVAILABLE
1786654321294,Forge,CAPTURE_ON,1,World Flythrough,100.80,9.92,7.75,N/A,5487.47,N/A,0,0,0,0,N/A,UNAVAILABLE
1786654321304,Forge,CAPTURE_ON,1,World Flythrough,110.06,9.09,7.75,N/A,5487.47,N/A,0,0,0,0,N/A,UNAVAILABLE
1786654321319,Forge,CAPTURE_ON,1,World Flythrough,64.20,15.58,7.75,N/A,5487.47,N/A,0,0,0,0,N/A,UNAVAILABLE
1786654321328,Forge,CAPTURE_ON,1,World Flythrough,116.15,8.61,7.75,N/A,5487.47,N/A,0,0,0,0,N/A,UNAVAILABLE
1786654321340,Forge,CAPTURE_ON,1,World Flythrough,81.47,12.27,7.75,N/A,5487.47,N/A,0,0,0,0,N/A,UNAVAILABLE
1786654321348,Forge,CAPTURE_ON,1,World Flythrough,130.83,7.64,7.75,N/A,5487.47,N/A,0,0,0,0,N/A,UNAVAILABLE
1786654321365,Forge,CAPTURE_ON,1,World Flythrough,58.37,17.13,7.75,N/A,5487.47,N/A,0,0,0,0,N/A,UNAVAILABLE
1786654321373,Forge,CAPTURE_ON,1,World Flythrough,135.36,7.39,7.75,N/A,5487.47,N/A,0,0,0,0,N/A,UNAVAILABLE
1786654321380,Forge,CAPTURE_ON,1,World Flythrough,130.78,7.65,7.75,N/A,5487.47,N/A,0,0,0,0,N/A,UNAVAILABLE
1786654321390,Forge,CAPTURE_ON,1,World Flythrough,89.98,11.11,7.75,N/A,5487.47,N/A,0,0,0,0,N/A,UNAVAILABLE
1786654321402,Forge,CAPTURE_ON,1,World Flythrough,95.74,10.45,7.75,N/A,5487.47,N/A,0,0,0,0,N/A,UNAVAILABLE
1786654321421,Forge,CAPTURE_ON,1,World Flythrough,52.77,18.95,7.75,N/A,5487.47,N/A,0,0,0,0,N/A,UNAVAILABLE
1786654321429,Forge,CAPTURE_ON,1,World Flythrough,119.22,8.39,7.75,N/A,5487.47,N/A,0,0,0,0,N/A,UNAVAILABLE
1786654321442,Forge,CAPTURE_ON,1,World Flythrough,78.20,12.79,7.75,N/A,5487.47,N/A,0,0,0,0,N/A,UNAVAILABLE
1786654321454,Forge,CAPTURE_ON,1,World Flythrough,83.82,11.93,7.75,N/A,5487.47,N/A,0,0,0,0,N/A,UNAVAILABLE
1786654321468,Forge,CAPTURE_ON,1,World Flythrough,69.43,14.40,7.75,N/A,5487.47,N/A,0,0,0,0,N/A,UNAVAILABLE
1786654321480,Forge,CAPTURE_ON,1,World Flythrough,84.77,11.80,7.75,N/A,5487.47,N/A,0,0,0,0,N/A,UNAVAILABLE
1786654321491,Forge,CAPTURE_ON,1,World Flythrough,87.28,11.46,7.75,N/A,5487.47,N/A,0,0,0,0,N/A,UNAVAILABLE
1786654321504,Forge,CAPTURE_ON,1,World Flythrough,80.17,12.47,7.75,N/A,5487.47,N/A,0,0,0,0,N/A,UNAVAILABLE
1786654321522,Forge,CAPTURE_ON,1,World Flythrough,54.87,18.22,7.75,N/A,5487.47,N/A,0,0,0,0,N/A,UNAVAILABLE
1786654321539,Forge,CAPTURE_ON,1,World Flythrough,58.51,17.09,7.75,N/A,5487.47,N/A,0,0,0,0,N/A,UNAVAILABLE
1786654321547,Forge,CAPTURE_ON,1,World Flythrough,125.92,7.94,7.75,N/A,5487.47,N/A,0,0,0,0,N/A,UNAVAILABLE
1786654321564,Forge,CAPTURE_ON,1,World Flythrough,62.19,16.08,7.75,N/A,5487.47,N/A,0,0,0,0,N/A,UNAVAILABLE
1786654321571,Forge,CAPTURE_ON,1,World Flythrough,130.74,7.65,7.75,N/A,5487.47,N/A,0,0,0,0,N/A,UNAVAILABLE
1786654321583,Forge,CAPTURE_ON,1,World Flythrough,79.75,12.54,7.75,N/A,5487.47,N/A,0,0,0,0,N/A,UNAVAILABLE
1786654321594,Forge,CAPTURE_ON,1,World Flythrough,93.47,10.70,7.75,N/A,5487.47,N/A,0,0,0,0,N/A,UNAVAILABLE
1786654321606,Forge,CAPTURE_ON,1,World Flythrough,86.83,11.52,7.75,N/A,5487.47,N/A,0,0,0,0,N/A,UNAVAILABLE
1786654321620,Forge,CAPTURE_ON,1,World Flythrough,67.16,14.89,7.75,N/A,5487.47,N/A,0,0,0,0,N/A,UNAVAILABLE
1786654321629,Forge,CAPTURE_ON,1,World Flythrough,110.64,9.04,7.75,N/A,5487.47,N/A,0,0,0,0,N/A,UNAVAILABLE
1786654321637,Forge,CAPTURE_ON,1,World Flythrough,121.98,8.20,7.75,N/A,5487.47,N/A,0,0,0,0,N/A,UNAVAILABLE
1786654321651,Forge,CAPTURE_ON,1,World Flythrough,80.35,12.45,7.75,N/A,5487.47,N/A,0,0,0,0,N/A,UNAVAILABLE
1786654321667,Forge,CAPTURE_ON,1,World Flythrough,61.54,16.25,7.75,N/A,5487.47,N/A,0,0,0,0,N/A,UNAVAILABLE
1786654321676,Forge,CAPTURE_ON,1,World Flythrough,99.48,10.05,7.75,N/A,5487.47,N/A,0,0,0,0,N/A,UNAVAILABLE
1786654321688,Forge,CAPTURE_ON,1,World Flythrough,81.16,12.32,7.75,N/A,5487.47,N/A,0,0,0,0,N/A,UNAVAILABLE
1786654321697,Forge,CAPTURE_ON,1,World Flythrough,114.42,8.74,7.75,N/A,5487.47,N/A,0,0,0,0,N/A,UNAVAILABLE
1786654321713,Forge,CAPTURE_ON,1,World Flythrough,62.91,15.89,7.75,N/A,5487.47,N/A,0,0,0,0,N/A,UNAVAILABLE
1786654321723,Forge,CAPTURE_ON,1,World Flythrough,102.49,9.76,7.75,N/A,5487.47,N/A,0,0,0,0,N/A,UNAVAILABLE
1786654321734,Forge,CAPTURE_ON,1,World Flythrough,96.26,10.39,7.75,N/A,5487.47,N/A,0,0,0,0,N/A,UNAVAILABLE
1786654321745,Forge,CAPTURE_ON,1,World Flythrough,91.12,10.97,7.75,N/A,5487.47,N/A,0,0,0,0,N/A,UNAVAILABLE
1786654321756,Forge,CAPTURE_ON,1,World Flythrough,93.77,10.66,7.75,N/A,5487.47,N/A,0,0,0,0,N/A,UNAVAILABLE
1786654321771,Forge,CAPTURE_ON,1,World Flythrough,63.84,15.67,7.75,N/A,5487.47,N/A,0,0,0,0,N/A,UNAVAILABLE
1786654321780,Forge,CAPTURE_ON,1,World Flythrough,103.52,9.66,7.75,N/A,5487.47,N/A,0,0,0,0,N/A,UNAVAILABLE
1786654321788,Forge,CAPTURE_ON,1,World Flythrough,131.15,7.62,7.75,N/A,5487.47,N/A,0,0,0,0,N/A,UNAVAILABLE
1786654321796,Forge,CAPTURE_ON,1,World Flythrough,132.78,7.53,7.75,N/A,5487.47,N/A,0,0,0,0,N/A,UNAVAILABLE
1786654321811,Forge,CAPTURE_ON,1,World Flythrough,62.92,15.89,7.75,N/A,5487.47,N/A,0,0,0,0,N/A,UNAVAILABLE
1786654321824,Forge,CAPTURE_ON,1,World Flythrough,85.15,11.74,7.75,N/A,5487.47,N/A,0,0,0,0,N/A,UNAVAILABLE
1786654321832,Forge,CAPTURE_ON,1,World Flythrough,117.23,8.53,7.75,N/A,5487.47,N/A,0,0,0,0,N/A,UNAVAILABLE
1786654321844,Forge,CAPTURE_ON,1,World Flythrough,84.52,11.83,7.75,N/A,5487.47,N/A,0,0,0,0,N/A,UNAVAILABLE
1786654321852,Forge,CAPTURE_ON,1,World Flythrough,114.72,8.72,7.75,N/A,5487.47,N/A,0,0,0,0,N/A,UNAVAILABLE
1786654321868,Forge,CAPTURE_ON,1,World Flythrough,64.71,15.45,7.75,N/A,5487.47,N/A,0,0,0,0,N/A,UNAVAILABLE
1786654321877,Forge,CAPTURE_ON,1,World Flythrough,118.56,8.43,7.75,N/A,5487.47,N/A,0,0,0,0,N/A,UNAVAILABLE
1786654321886,Forge,CAPTURE_ON,1,World Flythrough,98.29,10.17,7.75,N/A,5487.47,N/A,0,0,0,0,N/A,UNAVAILABLE
1786654321901,Forge,CAPTURE_ON,1,World Flythrough,69.34,14.42,7.75,N/A,5487.47,N/A,0,0,0,0,N/A,UNAVAILABLE
1786654321918,Forge,CAPTURE_ON,1,World Flythrough,58.03,17.23,7.75,N/A,5487.47,N/A,0,0,0,0,N/A,UNAVAILABLE
1786654321966,Forge,CAPTURE_ON,1,World Flythrough,104.14,9.60,9.54,N/A,5739.19,N/A,0,0,0,0,N/A,UNAVAILABLE
1786654321985,Forge,CAPTURE_ON,1,World Flythrough,17.45,57.32,9.54,N/A,5739.19,N/A,0,0,0,0,N/A,UNAVAILABLE
1786654321996,Forge,CAPTURE_ON,1,World Flythrough,90.65,11.03,9.54,N/A,5739.19,N/A,0,0,0,0,N/A,UNAVAILABLE
1786654322014,Forge,CAPTURE_ON,1,World Flythrough,57.78,17.31,9.54,N/A,5739.19,N/A,0,0,0,0,N/A,UNAVAILABLE
1786654322022,Forge,CAPTURE_ON,1,World Flythrough,111.56,8.96,9.54,N/A,5739.19,N/A,0,0,0,0,N/A,UNAVAILABLE
1786654322029,Forge,CAPTURE_ON,1,World Flythrough,134.80,7.42,9.54,N/A,5739.19,N/A,0,0,0,0,N/A,UNAVAILABLE
1786654322041,Forge,CAPTURE_ON,1,World Flythrough,83.75,11.94,9.54,N/A,5739.19,N/A,0,0,0,0,N/A,UNAVAILABLE
1786654322050,Forge,CAPTURE_ON,1,World Flythrough,117.77,8.49,9.54,N/A,5739.19,N/A,0,0,0,0,N/A,UNAVAILABLE
1786654322067,Forge,CAPTURE_ON,1,World Flythrough,59.34,16.85,9.54,N/A,5739.19,N/A,0,0,0,0,N/A,UNAVAILABLE
1786654322086,Forge,CAPTURE_ON,1,World Flythrough,52.21,19.15,9.54,N/A,5739.19,N/A,0,0,0,0,N/A,UNAVAILABLE
1786654322097,Forge,CAPTURE_ON,1,World Flythrough,87.31,11.45,9.54,N/A,5739.19,N/A,0,0,0,0,N/A,UNAVAILABLE
1786654322114,Forge,CAPTURE_ON,1,World Flythrough,62.36,16.04,9.54,N/A,5739.19,N/A,0,0,0,0,N/A,UNAVAILABLE
1786654322121,Forge,CAPTURE_ON,1,World Flythrough,130.68,7.65,9.54,N/A,5739.19,N/A,0,0,0,0,N/A,UNAVAILABLE
1786654322129,Forge,CAPTURE_ON,1,World Flythrough,122.86,8.14,9.54,N/A,5739.19,N/A,0,0,0,0,N/A,UNAVAILABLE
1786654322141,Forge,CAPTURE_ON,1,World Flythrough,85.70,11.67,9.54,N/A,5739.19,N/A,0,0,0,0,N/A,UNAVAILABLE
1786654322148,Forge,CAPTURE_ON,1,World Flythrough,140.34,7.13,9.54,N/A,5739.19,N/A,0,0,0,0,N/A,UNAVAILABLE
1786654322164,Forge,CAPTURE_ON,1,World Flythrough,63.71,15.70,9.54,N/A,5739.19,N/A,0,0,0,0,N/A,UNAVAILABLE
1786654322170,Forge,CAPTURE_ON,1,World Flythrough,159.21,6.28,9.54,N/A,5739.19,N/A,0,0,0,0,N/A,UNAVAILABLE
1786654322182,Forge,CAPTURE_ON,1,World Flythrough,83.57,11.97,9.54,N/A,5739.19,N/A,0,0,0,0,N/A,UNAVAILABLE
1786654322191,Forge,CAPTURE_ON,1,World Flythrough,116.60,8.58,9.54,N/A,5739.19,N/A,0,0,0,0,N/A,UNAVAILABLE
1786654322202,Forge,CAPTURE_ON,1,World Flythrough,86.71,11.53,9.54,N/A,5739.19,N/A,0,0,0,0,N/A,UNAVAILABLE
1786654322216,Forge,CAPTURE_ON,1,World Flythrough,74.13,13.49,9.54,N/A,5739.19,N/A,0,0,0,0,N/A,UNAVAILABLE
1786654322226,Forge,CAPTURE_ON,1,World Flythrough,94.29,10.61,9.54,N/A,5739.19,N/A,0,0,0,0,N/A,UNAVAILABLE
1786654322235,Forge,CAPTURE_ON,1,World Flythrough,118.48,8.44,9.54,N/A,5739.19,N/A,0,0,0,0,N/A,UNAVAILABLE
1786654322247,Forge,CAPTURE_ON,1,World Flythrough,81.34,12.29,9.54,N/A,5739.19,N/A,0,0,0,0,N/A,UNAVAILABLE
1786654322264,Forge,CAPTURE_ON,1,World Flythrough,57.34,17.44,9.54,N/A,5739.19,N/A,0,0,0,0,N/A,UNAVAILABLE
1786654322274,Forge,CAPTURE_ON,1,World Flythrough,103.14,9.70,9.54,N/A,5739.19,N/A,0,0,0,0,N/A,UNAVAILABLE
1786654322283,Forge,CAPTURE_ON,1,World Flythrough,117.84,8.49,9.54,N/A,5739.19,N/A,0,0,0,0,N/A,UNAVAILABLE
1786654322297,Forge,CAPTURE_ON,1,World Flythrough,71.94,13.90,9.54,N/A,5739.19,N/A,0,0,0,0,N/A,UNAVAILABLE
1786654322305,Forge,CAPTURE_ON,1,World Flythrough,124.08,8.06,9.54,N/A,5739.19,N/A,0,0,0,0,N/A,UNAVAILABLE
1786654322324,Forge,CAPTURE_ON,1,World Flythrough,51.83,19.30,9.54,N/A,5739.19,N/A,0,0,0,0,N/A,UNAVAILABLE
1786654322332,Forge,CAPTURE_ON,1,World Flythrough,120.02,8.33,9.54,N/A,5739.19,N/A,0,0,0,0,N/A,UNAVAILABLE
1786654322342,Forge,CAPTURE_ON,1,World Flythrough,100.99,9.90,9.54,N/A,5739.19,N/A,0,0,0,0,N/A,UNAVAILABLE
1786654322351,Forge,CAPTURE_ON,1,World Flythrough,108.41,9.22,9.54,N/A,5739.19,N/A,0,0,0,0,N/A,UNAVAILABLE
1786654322368,Forge,CAPTURE_ON,1,World Flythrough,58.19,17.19,9.54,N/A,5739.19,N/A,0,0,0,0,N/A,UNAVAILABLE
1786654322377,Forge,CAPTURE_ON,1,World Flythrough,125.40,7.97,9.54,N/A,5739.19,N/A,0,0,0,0,N/A,UNAVAILABLE
1786654322387,Forge,CAPTURE_ON,1,World Flythrough,91.48,10.93,9.54,N/A,5739.19,N/A,0,0,0,0,N/A,UNAVAILABLE
1786654322395,Forge,CAPTURE_ON,1,World Flythrough,120.77,8.28,9.54,N/A,5739.19,N/A,0,0,0,0,N/A,UNAVAILABLE
1786654322409,Forge,CAPTURE_ON,1,World Flythrough,78.31,12.77,9.54,N/A,5739.19,N/A,0,0,0,0,N/A,UNAVAILABLE
1786654322426,Forge,CAPTURE_ON,1,World Flythrough,56.96,17.56,9.54,N/A,5739.19,N/A,0,0,0,0,N/A,UNAVAILABLE
1786654322436,Forge,CAPTURE_ON,1,World Flythrough,110.36,9.06,9.54,N/A,5739.19,N/A,0,0,0,0,N/A,UNAVAILABLE
1786654322444,Forge,CAPTURE_ON,1,World Flythrough,115.93,8.63,9.54,N/A,5739.19,N/A,0,0,0,0,N/A,UNAVAILABLE
1786654322455,Forge,CAPTURE_ON,1,World Flythrough,97.35,10.27,9.54,N/A,5739.19,N/A,0,0,0,0,N/A,UNAVAILABLE
1786654322474,Forge,CAPTURE_ON,1,World Flythrough,50.71,19.72,9.54,N/A,5739.19,N/A,0,0,0,0,N/A,UNAVAILABLE
1786654322482,Forge,CAPTURE_ON,1,World Flythrough,118.34,8.45,9.54,N/A,5739.19,N/A,0,0,0,0,N/A,UNAVAILABLE
1786654322492,Forge,CAPTURE_ON,1,World Flythrough,103.93,9.62,9.54,N/A,5739.19,N/A,0,0,0,0,N/A,UNAVAILABLE
1786654322502,Forge,CAPTURE_ON,1,World Flythrough,97.13,10.30,9.54,N/A,5739.19,N/A,0,0,0,0,N/A,UNAVAILABLE
1786654322520,Forge,CAPTURE_ON,1,World Flythrough,54.95,18.20,9.54,N/A,5739.19,N/A,0,0,0,0,N/A,UNAVAILABLE
1786654322528,Forge,CAPTURE_ON,1,World Flythrough,139.67,7.16,9.54,N/A,5739.19,N/A,0,0,0,0,N/A,UNAVAILABLE
1786654322540,Forge,CAPTURE_ON,1,World Flythrough,78.95,12.67,9.54,N/A,5739.19,N/A,0,0,0,0,N/A,UNAVAILABLE
1786654322548,Forge,CAPTURE_ON,1,World Flythrough,117.23,8.53,9.54,N/A,5739.19,N/A,0,0,0,0,N/A,UNAVAILABLE
1786654322566,Forge,CAPTURE_ON,1,World Flythrough,57.90,17.27,9.54,N/A,5739.19,N/A,0,0,0,0,N/A,UNAVAILABLE
1786654322575,Forge,CAPTURE_ON,1,World Flythrough,105.19,9.51,9.54,N/A,5739.19,N/A,0,0,0,0,N/A,UNAVAILABLE
1786654322588,Forge,CAPTURE_ON,1,World Flythrough,80.28,12.46,9.54,N/A,5739.19,N/A,0,0,0,0,N/A,UNAVAILABLE
1786654322599,Forge,CAPTURE_ON,1,World Flythrough,94.52,10.58,9.54,N/A,5739.19,N/A,0,0,0,0,N/A,UNAVAILABLE
1786654322615,Forge,CAPTURE_ON,1,World Flythrough,59.02,16.94,9.54,N/A,5739.19,N/A,0,0,0,0,N/A,UNAVAILABLE
1786654322634,Forge,CAPTURE_ON,1,World Flythrough,53.60,18.66,9.54,N/A,5739.19,N/A,0,0,0,0,N/A,UNAVAILABLE
1786654322647,Forge,CAPTURE_ON,1,World Flythrough,74.86,13.36,9.54,N/A,5739.19,N/A,0,0,0,0,N/A,UNAVAILABLE
1786654322667,Forge,CAPTURE_ON,1,World Flythrough,52.22,19.15,9.54,N/A,5739.19,N/A,0,0,0,0,N/A,UNAVAILABLE
1786654322681,Forge,CAPTURE_ON,1,World Flythrough,70.55,14.17,9.54,N/A,5739.19,N/A,0,0,0,0,N/A,UNAVAILABLE
1786654322694,Forge,CAPTURE_ON,1,World Flythrough,76.94,13.00,9.54,N/A,5739.19,N/A,0,0,0,0,N/A,UNAVAILABLE
1786654322716,Forge,CAPTURE_ON,1,World Flythrough,44.91,22.27,9.54,N/A,5739.19,N/A,0,0,0,0,N/A,UNAVAILABLE
1786654322730,Forge,CAPTURE_ON,1,World Flythrough,70.57,14.17,9.54,N/A,5739.19,N/A,0,0,0,0,N/A,UNAVAILABLE
1786654322744,Forge,CAPTURE_ON,1,World Flythrough,75.55,13.24,9.54,N/A,5739.19,N/A,0,0,0,0,N/A,UNAVAILABLE
1786654322762,Forge,CAPTURE_ON,1,World Flythrough,53.91,18.55,9.54,N/A,5739.19,N/A,0,0,0,0,N/A,UNAVAILABLE
1786654322774,Forge,CAPTURE_ON,1,World Flythrough,82.81,12.08,9.54,N/A,5739.19,N/A,0,0,0,0,N/A,UNAVAILABLE
1786654322788,Forge,CAPTURE_ON,1,World Flythrough,75.25,13.29,9.54,N/A,5739.19,N/A,0,0,0,0,N/A,UNAVAILABLE
1786654322796,Forge,CAPTURE_ON,1,World Flythrough,112.57,8.88,9.54,N/A,5739.19,N/A,0,0,0,0,N/A,UNAVAILABLE
1786654322822,Forge,CAPTURE_ON,1,World Flythrough,38.73,25.82,9.54,N/A,5739.19,N/A,0,0,0,0,N/A,UNAVAILABLE
1786654322834,Forge,CAPTURE_ON,1,World Flythrough,81.25,12.31,9.54,N/A,5739.19,N/A,0,0,0,0,N/A,UNAVAILABLE
1786654322846,Forge,CAPTURE_ON,1,World Flythrough,87.82,11.39,9.54,N/A,5739.19,N/A,0,0,0,0,N/A,UNAVAILABLE
1786654322863,Forge,CAPTURE_ON,1,World Flythrough,55.57,18.00,9.54,N/A,5739.19,N/A,0,0,0,0,N/A,UNAVAILABLE
1786654322876,Forge,CAPTURE_ON,1,World Flythrough,82.02,12.19,9.54,N/A,5739.19,N/A,0,0,0,0,N/A,UNAVAILABLE
1786654322893,Forge,CAPTURE_ON,1,World Flythrough,57.46,17.40,9.54,N/A,5739.19,N/A,0,0,0,0,N/A,UNAVAILABLE
1786654322912,Forge,CAPTURE_ON,1,World Flythrough,52.62,19.01,9.54,N/A,5739.19,N/A,0,0,0,0,N/A,UNAVAILABLE
1786654322969,Forge,CAPTURE_ON,1,World Flythrough,62.08,16.11,9.94,N/A,5981.19,N/A,0,0,0,0,N/A,UNAVAILABLE
1786654322986,Forge,CAPTURE_ON,1,World Flythrough,17.38,57.53,9.94,N/A,5981.19,N/A,0,0,0,0,N/A,UNAVAILABLE
1786654322999,Forge,CAPTURE_ON,1,World Flythrough,82.92,12.06,9.94,N/A,5981.19,N/A,0,0,0,0,N/A,UNAVAILABLE
1786654323020,Forge,CAPTURE_ON,1,World Flythrough,45.68,21.89,9.94,N/A,5981.19,N/A,0,0,0,0,N/A,UNAVAILABLE
1786654323032,Forge,CAPTURE_ON,1,World Flythrough,83.82,11.93,9.94,N/A,5981.19,N/A,0,0,0,0,N/A,UNAVAILABLE
1786654323043,Forge,CAPTURE_ON,1,World Flythrough,91.33,10.95,9.94,N/A,5981.19,N/A,0,0,0,0,N/A,UNAVAILABLE
1786654323050,Forge,CAPTURE_ON,1,World Flythrough,140.17,7.13,9.94,N/A,5981.19,N/A,0,0,0,0,N/A,UNAVAILABLE
1786654323069,Forge,CAPTURE_ON,1,World Flythrough,54.40,18.38,9.94,N/A,5981.19,N/A,0,0,0,0,N/A,UNAVAILABLE
1786654323077,Forge,CAPTURE_ON,1,World Flythrough,115.31,8.67,9.94,N/A,5981.19,N/A,0,0,0,0,N/A,UNAVAILABLE
1786654323085,Forge,CAPTURE_ON,1,World Flythrough,128.16,7.80,9.94,N/A,5981.19,N/A,0,0,0,0,N/A,UNAVAILABLE
1786654323093,Forge,CAPTURE_ON,1,World Flythrough,118.85,8.41,9.94,N/A,5981.19,N/A,0,0,0,0,N/A,UNAVAILABLE
1786654323103,Forge,CAPTURE_ON,1,World Flythrough,99.94,10.01,9.94,N/A,5981.19,N/A,0,0,0,0,N/A,UNAVAILABLE
1786654323117,Forge,CAPTURE_ON,1,World Flythrough,69.02,14.49,9.94,N/A,5981.19,N/A,0,0,0,0,N/A,UNAVAILABLE
1786654323128,Forge,CAPTURE_ON,1,World Flythrough,101.59,9.84,9.94,N/A,5981.19,N/A,0,0,0,0,N/A,UNAVAILABLE
1786654323135,Forge,CAPTURE_ON,1,World Flythrough,138.90,7.20,9.94,N/A,5981.19,N/A,0,0,0,0,N/A,UNAVAILABLE
1786654323148,Forge,CAPTURE_ON,1,World Flythrough,79.22,12.62,9.94,N/A,5981.19,N/A,0,0,0,0,N/A,UNAVAILABLE
1786654323168,Forge,CAPTURE_ON,1,World Flythrough,48.16,20.76,9.94,N/A,5981.19,N/A,0,0,0,0,N/A,UNAVAILABLE
1786654323184,Forge,CAPTURE_ON,1,World Flythrough,66.48,15.04,9.94,N/A,5981.19,N/A,0,0,0,0,N/A,UNAVAILABLE
1786654323190,Forge,CAPTURE_ON,1,World Flythrough,149.43,6.69,9.94,N/A,5981.19,N/A,0,0,0,0,N/A,UNAVAILABLE
1786654323201,Forge,CAPTURE_ON,1,World Flythrough,91.38,10.94,9.94,N/A,5981.19,N/A,0,0,0,0,N/A,UNAVAILABLE
1786654323215,Forge,CAPTURE_ON,1,World Flythrough,73.05,13.69,9.94,N/A,5981.19,N/A,0,0,0,0,N/A,UNAVAILABLE
1786654323224,Forge,CAPTURE_ON,1,World Flythrough,100.84,9.92,9.94,N/A,5981.19,N/A,0,0,0,0,N/A,UNAVAILABLE
1786654323234,Forge,CAPTURE_ON,1,World Flythrough,101.55,9.85,9.94,N/A,5981.19,N/A,0,0,0,0,N/A,UNAVAILABLE
1786654323244,Forge,CAPTURE_ON,1,World Flythrough,102.88,9.72,9.94,N/A,5981.19,N/A,0,0,0,0,N/A,UNAVAILABLE
1786654323253,Forge,CAPTURE_ON,1,World Flythrough,126.74,7.89,9.94,N/A,5981.19,N/A,0,0,0,0,N/A,UNAVAILABLE
1786654323266,Forge,CAPTURE_ON,1,World Flythrough,70.85,14.11,9.94,N/A,5981.19,N/A,0,0,0,0,N/A,UNAVAILABLE
1786654323277,Forge,CAPTURE_ON,1,World Flythrough,97.77,10.23,9.94,N/A,5981.19,N/A,0,0,0,0,N/A,UNAVAILABLE
1786654323285,Forge,CAPTURE_ON,1,World Flythrough,110.58,9.04,9.94,N/A,5981.19,N/A,0,0,0,0,N/A,UNAVAILABLE
1786654323297,Forge,CAPTURE_ON,1,World Flythrough,90.76,11.02,9.94,N/A,5981.19,N/A,0,0,0,0,N/A,UNAVAILABLE
1786654323318,Forge,CAPTURE_ON,1,World Flythrough,45.46,22.00,9.94,N/A,5981.19,N/A,0,0,0,0,N/A,UNAVAILABLE
1786654323329,Forge,CAPTURE_ON,1,World Flythrough,94.25,10.61,9.94,N/A,5981.19,N/A,0,0,0,0,N/A,UNAVAILABLE
1786654323342,Forge,CAPTURE_ON,1,World Flythrough,81.10,12.33,9.94,N/A,5981.19,N/A,0,0,0,0,N/A,UNAVAILABLE
1786654323354,Forge,CAPTURE_ON,1,World Flythrough,77.82,12.85,9.94,N/A,5981.19,N/A,0,0,0,0,N/A,UNAVAILABLE
1786654323369,Forge,CAPTURE_ON,1,World Flythrough,66.84,14.96,9.94,N/A,5981.19,N/A,0,0,0,0,N/A,UNAVAILABLE
1786654323379,Forge,CAPTURE_ON,1,World Flythrough,101.55,9.85,9.94,N/A,5981.19,N/A,0,0,0,0,N/A,UNAVAILABLE
1786654323387,Forge,CAPTURE_ON,1,World Flythrough,117.85,8.49,9.94,N/A,5981.19,N/A,0,0,0,0,N/A,UNAVAILABLE
1786654323398,Forge,CAPTURE_ON,1,World Flythrough,92.14,10.85,9.94,N/A,5981.19,N/A,0,0,0,0,N/A,UNAVAILABLE
1786654323422,Forge,CAPTURE_ON,1,World Flythrough,41.44,24.13,9.94,N/A,5981.19,N/A,0,0,0,0,N/A,UNAVAILABLE
1786654323433,Forge,CAPTURE_ON,1,World Flythrough,104.60,9.56,9.94,N/A,5981.19,N/A,0,0,0,0,N/A,UNAVAILABLE
1786654323441,Forge,CAPTURE_ON,1,World Flythrough,111.87,8.94,9.94,N/A,5981.19,N/A,0,0,0,0,N/A,UNAVAILABLE
1786654323452,Forge,CAPTURE_ON,1,World Flythrough,90.42,11.06,9.94,N/A,5981.19,N/A,0,0,0,0,N/A,UNAVAILABLE
1786654323466,Forge,CAPTURE_ON,1,World Flythrough,73.67,13.57,9.94,N/A,5981.19,N/A,0,0,0,0,N/A,UNAVAILABLE
1786654323475,Forge,CAPTURE_ON,1,World Flythrough,103.02,9.71,9.94,N/A,5981.19,N/A,0,0,0,0,N/A,UNAVAILABLE
1786654323483,Forge,CAPTURE_ON,1,World Flythrough,135.63,7.37,9.94,N/A,5981.19,N/A,0,0,0,0,N/A,UNAVAILABLE
1786654323496,Forge,CAPTURE_ON,1,World Flythrough,71.71,13.95,9.94,N/A,5981.19,N/A,0,0,0,0,N/A,UNAVAILABLE
1786654323513,Forge,CAPTURE_ON,1,World Flythrough,61.10,16.37,9.94,N/A,5981.19,N/A,0,0,0,0,N/A,UNAVAILABLE
1786654323523,Forge,CAPTURE_ON,1,World Flythrough,98.64,10.14,9.94,N/A,5981.19,N/A,0,0,0,0,N/A,UNAVAILABLE
1786654323533,Forge,CAPTURE_ON,1,World Flythrough,94.64,10.57,9.94,N/A,5981.19,N/A,0,0,0,0,N/A,UNAVAILABLE
1786654323542,Forge,CAPTURE_ON,1,World Flythrough,121.17,8.25,9.94,N/A,5981.19,N/A,0,0,0,0,N/A,UNAVAILABLE
1786654323553,Forge,CAPTURE_ON,1,World Flythrough,96.12,10.40,9.94,N/A,5981.19,N/A,0,0,0,0,N/A,UNAVAILABLE
1786654323570,Forge,CAPTURE_ON,1,World Flythrough,55.69,17.96,9.94,N/A,5981.19,N/A,0,0,0,0,N/A,UNAVAILABLE
1786654323579,Forge,CAPTURE_ON,1,World Flythrough,106.35,9.40,9.94,N/A,5981.19,N/A,0,0,0,0,N/A,UNAVAILABLE
1786654323586,Forge,CAPTURE_ON,1,World Flythrough,145.00,6.90,9.94,N/A,5981.19,N/A,0,0,0,0,N/A,UNAVAILABLE
1786654323595,Forge,CAPTURE_ON,1,World Flythrough,124.32,8.04,9.94,N/A,5981.19,N/A,0,0,0,0,N/A,UNAVAILABLE
1786654323605,Forge,CAPTURE_ON,1,World Flythrough,103.01,9.71,9.94,N/A,5981.19,N/A,0,0,0,0,N/A,UNAVAILABLE
1786654323617,Forge,CAPTURE_ON,1,World Flythrough,76.43,13.08,9.94,N/A,5981.19,N/A,0,0,0,0,N/A,UNAVAILABLE
1786654323627,Forge,CAPTURE_ON,1,World Flythrough,96.50,10.36,9.94,N/A,5981.19,N/A,0,0,0,0,N/A,UNAVAILABLE
1786654323639,Forge,CAPTURE_ON,1,World Flythrough,86.19,11.60,9.94,N/A,5981.19,N/A,0,0,0,0,N/A,UNAVAILABLE
1786654323651,Forge,CAPTURE_ON,1,World Flythrough,85.80,11.65,9.94,N/A,5981.19,N/A,0,0,0,0,N/A,UNAVAILABLE
1786654323663,Forge,CAPTURE_ON,1,World Flythrough,84.57,11.82,9.94,N/A,5981.19,N/A,0,0,0,0,N/A,UNAVAILABLE
1786654323670,Forge,CAPTURE_ON,1,World Flythrough,132.95,7.52,9.94,N/A,5981.19,N/A,0,0,0,0,N/A,UNAVAILABLE
1786654323682,Forge,CAPTURE_ON,1,World Flythrough,82.28,12.15,9.94,N/A,5981.19,N/A,0,0,0,0,N/A,UNAVAILABLE
1786654323690,Forge,CAPTURE_ON,1,World Flythrough,139.52,7.17,9.94,N/A,5981.19,N/A,0,0,0,0,N/A,UNAVAILABLE
1786654323703,Forge,CAPTURE_ON,1,World Flythrough,78.28,12.77,9.94,N/A,5981.19,N/A,0,0,0,0,N/A,UNAVAILABLE
1786654323719,Forge,CAPTURE_ON,1,World Flythrough,59.95,16.68,9.94,N/A,5981.19,N/A,0,0,0,0,N/A,UNAVAILABLE
1786654323739,Forge,CAPTURE_ON,1,World Flythrough,52.78,18.95,9.94,N/A,5981.19,N/A,0,0,0,0,N/A,UNAVAILABLE
1786654323746,Forge,CAPTURE_ON,1,World Flythrough,125.30,7.98,9.94,N/A,5981.19,N/A,0,0,0,0,N/A,UNAVAILABLE
1786654323753,Forge,CAPTURE_ON,1,World Flythrough,133.45,7.49,9.94,N/A,5981.19,N/A,0,0,0,0,N/A,UNAVAILABLE
1786654323770,Forge,CAPTURE_ON,1,World Flythrough,63.34,15.79,9.94,N/A,5981.19,N/A,0,0,0,0,N/A,UNAVAILABLE
1786654323777,Forge,CAPTURE_ON,1,World Flythrough,127.45,7.85,9.94,N/A,5981.19,N/A,0,0,0,0,N/A,UNAVAILABLE
1786654323787,Forge,CAPTURE_ON,1,World Flythrough,97.59,10.25,9.94,N/A,5981.19,N/A,0,0,0,0,N/A,UNAVAILABLE
1786654323799,Forge,CAPTURE_ON,1,World Flythrough,90.41,11.06,9.94,N/A,5981.19,N/A,0,0,0,0,N/A,UNAVAILABLE
1786654323816,Forge,CAPTURE_ON,1,World Flythrough,58.05,17.23,9.94,N/A,5981.19,N/A,0,0,0,0,N/A,UNAVAILABLE
1786654323823,Forge,CAPTURE_ON,1,World Flythrough,141.17,7.08,9.94,N/A,5981.19,N/A,0,0,0,0,N/A,UNAVAILABLE
1786654323830,Forge,CAPTURE_ON,1,World Flythrough,132.74,7.53,9.94,N/A,5981.19,N/A,0,0,0,0,N/A,UNAVAILABLE
1786654328883,Forge,CAPTURE_ON,2,World Flythrough,141.24,7.08,10.17,N/A,5543.98,N/A,0,0,0,0,N/A,UNAVAILABLE
1786654328898,Forge,CAPTURE_ON,2,World Flythrough,19.77,50.58,10.17,N/A,5543.98,N/A,0,0,0,0,N/A,UNAVAILABLE
1786654328915,Forge,CAPTURE_ON,2,World Flythrough,58.98,16.96,10.17,N/A,5543.98,N/A,0,0,0,0,N/A,UNAVAILABLE
1786654328926,Forge,CAPTURE_ON,2,World Flythrough,97.80,10.23,10.17,N/A,5543.98,N/A,0,0,0,0,N/A,UNAVAILABLE
1786654328940,Forge,CAPTURE_ON,2,World Flythrough,67.29,14.86,10.17,N/A,5543.98,N/A,0,0,0,0,N/A,UNAVAILABLE
1786654328947,Forge,CAPTURE_ON,2,World Flythrough,130.37,7.67,10.17,N/A,5543.98,N/A,0,0,0,0,N/A,UNAVAILABLE
1786654328960,Forge,CAPTURE_ON,2,World Flythrough,79.79,12.53,10.17,N/A,5543.98,N/A,0,0,0,0,N/A,UNAVAILABLE
1786654328967,Forge,CAPTURE_ON,2,World Flythrough,141.11,7.09,10.17,N/A,5543.98,N/A,0,0,0,0,N/A,UNAVAILABLE
1786654328975,Forge,CAPTURE_ON,2,World Flythrough,129.59,7.72,10.17,N/A,5543.98,N/A,0,0,0,0,N/A,UNAVAILABLE
1786654328988,Forge,CAPTURE_ON,2,World Flythrough,74.76,13.38,10.17,N/A,5543.98,N/A,0,0,0,0,N/A,UNAVAILABLE
1786654328997,Forge,CAPTURE_ON,2,World Flythrough,118.04,8.47,10.17,N/A,5543.98,N/A,0,0,0,0,N/A,UNAVAILABLE
1786654329011,Forge,CAPTURE_ON,2,World Flythrough,72.98,13.70,10.17,N/A,5543.98,N/A,0,0,0,0,N/A,UNAVAILABLE
1786654329019,Forge,CAPTURE_ON,2,World Flythrough,132.16,7.57,10.17,N/A,5543.98,N/A,0,0,0,0,N/A,UNAVAILABLE
1786654329030,Forge,CAPTURE_ON,2,World Flythrough,86.38,11.58,10.17,N/A,5543.98,N/A,0,0,0,0,N/A,UNAVAILABLE
1786654329037,Forge,CAPTURE_ON,2,World Flythrough,138.59,7.22,10.17,N/A,5543.98,N/A,0,0,0,0,N/A,UNAVAILABLE
1786654329047,Forge,CAPTURE_ON,2,World Flythrough,106.55,9.39,10.17,N/A,5543.98,N/A,0,0,0,0,N/A,UNAVAILABLE
1786654329063,Forge,CAPTURE_ON,2,World Flythrough,61.14,16.36,10.17,N/A,5543.98,N/A,0,0,0,0,N/A,UNAVAILABLE
1786654329071,Forge,CAPTURE_ON,2,World Flythrough,117.24,8.53,10.17,N/A,5543.98,N/A,0,0,0,0,N/A,UNAVAILABLE
1786654329078,Forge,CAPTURE_ON,2,World Flythrough,147.94,6.76,10.17,N/A,5543.98,N/A,0,0,0,0,N/A,UNAVAILABLE
1786654329087,Forge,CAPTURE_ON,2,World Flythrough,115.88,8.63,10.17,N/A,5543.98,N/A,0,0,0,0,N/A,UNAVAILABLE
1786654329095,Forge,CAPTURE_ON,2,World Flythrough,119.93,8.34,10.17,N/A,5543.98,N/A,0,0,0,0,N/A,UNAVAILABLE
1786654329106,Forge,CAPTURE_ON,2,World Flythrough,93.99,10.64,10.17,N/A,5543.98,N/A,0,0,0,0,N/A,UNAVAILABLE
1786654329121,Forge,CAPTURE_ON,2,World Flythrough,65.42,15.29,10.17,N/A,5543.98,N/A,0,0,0,0,N/A,UNAVAILABLE
1786654329129,Forge,CAPTURE_ON,2,World Flythrough,114.71,8.72,10.17,N/A,5543.98,N/A,0,0,0,0,N/A,UNAVAILABLE
1786654329139,Forge,CAPTURE_ON,2,World Flythrough,105.46,9.48,10.17,N/A,5543.98,N/A,0,0,0,0,N/A,UNAVAILABLE
1786654329150,Forge,CAPTURE_ON,2,World Flythrough,87.65,11.41,10.17,N/A,5543.98,N/A,0,0,0,0,N/A,UNAVAILABLE
1786654329163,Forge,CAPTURE_ON,2,World Flythrough,75.53,13.24,10.17,N/A,5543.98,N/A,0,0,0,0,N/A,UNAVAILABLE
1786654329172,Forge,CAPTURE_ON,2,World Flythrough,117.52,8.51,10.17,N/A,5543.98,N/A,0,0,0,0,N/A,UNAVAILABLE
1786654329184,Forge,CAPTURE_ON,2,World Flythrough,86.02,11.63,10.17,N/A,5543.98,N/A,0,0,0,0,N/A,UNAVAILABLE
1786654329196,Forge,CAPTURE_ON,2,World Flythrough,84.33,11.86,10.17,N/A,5543.98,N/A,0,0,0,0,N/A,UNAVAILABLE
1786654329204,Forge,CAPTURE_ON,2,World Flythrough,116.48,8.59,10.17,N/A,5543.98,N/A,0,0,0,0,N/A,UNAVAILABLE
1786654329221,Forge,CAPTURE_ON,2,World Flythrough,58.97,16.96,10.17,N/A,5543.98,N/A,0,0,0,0,N/A,UNAVAILABLE
1786654329240,Forge,CAPTURE_ON,2,World Flythrough,54.07,18.49,10.17,N/A,5543.98,N/A,0,0,0,0,N/A,UNAVAILABLE
1786654329251,Forge,CAPTURE_ON,2,World Flythrough,88.59,11.29,10.17,N/A,5543.98,N/A,0,0,0,0,N/A,UNAVAILABLE
1786654329269,Forge,CAPTURE_ON,2,World Flythrough,54.06,18.50,10.17,N/A,5543.98,N/A,0,0,0,0,N/A,UNAVAILABLE
1786654329279,Forge,CAPTURE_ON,2,World Flythrough,106.25,9.41,10.17,N/A,5543.98,N/A,0,0,0,0,N/A,UNAVAILABLE
1786654329287,Forge,CAPTURE_ON,2,World Flythrough,127.09,7.87,10.17,N/A,5543.98,N/A,0,0,0,0,N/A,UNAVAILABLE
1786654329295,Forge,CAPTURE_ON,2,World Flythrough,129.83,7.70,10.17,N/A,5543.98,N/A,0,0,0,0,N/A,UNAVAILABLE
1786654329304,Forge,CAPTURE_ON,2,World Flythrough,102.19,9.79,10.17,N/A,5543.98,N/A,0,0,0,0,N/A,UNAVAILABLE
1786654329317,Forge,CAPTURE_ON,2,World Flythrough,82.00,12.20,10.17,N/A,5543.98,N/A,0,0,0,0,N/A,UNAVAILABLE
1786654329324,Forge,CAPTURE_ON,2,World Flythrough,131.14,7.63,10.17,N/A,5543.98,N/A,0,0,0,0,N/A,UNAVAILABLE
1786654329332,Forge,CAPTURE_ON,2,World Flythrough,128.56,7.78,10.17,N/A,5543.98,N/A,0,0,0,0,N/A,UNAVAILABLE
1786654329340,Forge,CAPTURE_ON,2,World Flythrough,122.86,8.14,10.17,N/A,5543.98,N/A,0,0,0,0,N/A,UNAVAILABLE
1786654329348,Forge,CAPTURE_ON,2,World Flythrough,117.10,8.54,10.17,N/A,5543.98,N/A,0,0,0,0,N/A,UNAVAILABLE
1786654329362,Forge,CAPTURE_ON,2,World Flythrough,80.69,12.39,10.17,N/A,5543.98,N/A,0,0,0,0,N/A,UNAVAILABLE
1786654329370,Forge,CAPTURE_ON,2,World Flythrough,116.30,8.60,10.17,N/A,5543.98,N/A,0,0,0,0,N/A,UNAVAILABLE
1786654329377,Forge,CAPTURE_ON,2,World Flythrough,142.25,7.03,10.17,N/A,5543.98,N/A,0,0,0,0,N/A,UNAVAILABLE
1786654329384,Forge,CAPTURE_ON,2,World Flythrough,130.99,7.63,10.17,N/A,5543.98,N/A,0,0,0,0,N/A,UNAVAILABLE
1786654329392,Forge,CAPTURE_ON,2,World Flythrough,134.81,7.42,10.17,N/A,5543.98,N/A,0,0,0,0,N/A,UNAVAILABLE
1786654329399,Forge,CAPTURE_ON,2,World Flythrough,142.05,7.04,10.17,N/A,5543.98,N/A,0,0,0,0,N/A,UNAVAILABLE
1786654329410,Forge,CAPTURE_ON,2,World Flythrough,90.28,11.08,10.17,N/A,5543.98,N/A,0,0,0,0,N/A,UNAVAILABLE
1786654329417,Forge,CAPTURE_ON,2,World Flythrough,133.87,7.47,10.17,N/A,5543.98,N/A,0,0,0,0,N/A,UNAVAILABLE
1786654329427,Forge,CAPTURE_ON,2,World Flythrough,107.11,9.34,10.17,N/A,5543.98,N/A,0,0,0,0,N/A,UNAVAILABLE
1786654329436,Forge,CAPTURE_ON,2,World Flythrough,114.35,8.74,10.17,N/A,5543.98,N/A,0,0,0,0,N/A,UNAVAILABLE
1786654329443,Forge,CAPTURE_ON,2,World Flythrough,121.98,8.20,10.17,N/A,5543.98,N/A,0,0,0,0,N/A,UNAVAILABLE
1786654329451,Forge,CAPTURE_ON,2,World Flythrough,132.60,7.54,10.17,N/A,5543.98,N/A,0,0,0,0,N/A,UNAVAILABLE
1786654329472,Forge,CAPTURE_ON,2,World Flythrough,48.24,20.73,10.17,N/A,5543.98,N/A,0,0,0,0,N/A,UNAVAILABLE
1786654329480,Forge,CAPTURE_ON,2,World Flythrough,120.69,8.29,10.17,N/A,5543.98,N/A,0,0,0,0,N/A,UNAVAILABLE
1786654329487,Forge,CAPTURE_ON,2,World Flythrough,140.43,7.12,10.17,N/A,5543.98,N/A,0,0,0,0,N/A,UNAVAILABLE
1786654329494,Forge,CAPTURE_ON,2,World Flythrough,138.20,7.24,10.17,N/A,5543.98,N/A,0,0,0,0,N/A,UNAVAILABLE
1786654329506,Forge,CAPTURE_ON,2,World Flythrough,90.89,11.00,10.17,N/A,5543.98,N/A,0,0,0,0,N/A,UNAVAILABLE
1786654329518,Forge,CAPTURE_ON,2,World Flythrough,79.58,12.57,10.17,N/A,5543.98,N/A,0,0,0,0,N/A,UNAVAILABLE
1786654329526,Forge,CAPTURE_ON,2,World Flythrough,129.95,7.70,10.17,N/A,5543.98,N/A,0,0,0,0,N/A,UNAVAILABLE
1786654329535,Forge,CAPTURE_ON,2,World Flythrough,111.61,8.96,10.17,N/A,5543.98,N/A,0,0,0,0,N/A,UNAVAILABLE
1786654329546,Forge,CAPTURE_ON,2,World Flythrough,83.88,11.92,10.17,N/A,5543.98,N/A,0,0,0,0,N/A,UNAVAILABLE
1786654329560,Forge,CAPTURE_ON,2,World Flythrough,74.10,13.50,10.17,N/A,5543.98,N/A,0,0,0,0,N/A,UNAVAILABLE
1786654329566,Forge,CAPTURE_ON,2,World Flythrough,150.48,6.65,10.17,N/A,5543.98,N/A,0,0,0,0,N/A,UNAVAILABLE
1786654329574,Forge,CAPTURE_ON,2,World Flythrough,143.41,6.97,10.17,N/A,5543.98,N/A,0,0,0,0,N/A,UNAVAILABLE
1786654329586,Forge,CAPTURE_ON,2,World Flythrough,81.84,12.22,10.17,N/A,5543.98,N/A,0,0,0,0,N/A,UNAVAILABLE
1786654329599,Forge,CAPTURE_ON,2,World Flythrough,73.59,13.59,10.17,N/A,5543.98,N/A,0,0,0,0,N/A,UNAVAILABLE
1786654329617,Forge,CAPTURE_ON,2,World Flythrough,59.30,16.86,10.17,N/A,5543.98,N/A,0,0,0,0,N/A,UNAVAILABLE
1786654329628,Forge,CAPTURE_ON,2,World Flythrough,85.89,11.64,10.17,N/A,5543.98,N/A,0,0,0,0,N/A,UNAVAILABLE
1786654329641,Forge,CAPTURE_ON,2,World Flythrough,79.44,12.59,10.17,N/A,5543.98,N/A,0,0,0,0,N/A,UNAVAILABLE
1786654329648,Forge,CAPTURE_ON,2,World Flythrough,137.14,7.29,10.17,N/A,5543.98,N/A,0,0,0,0,N/A,UNAVAILABLE
1786654329661,Forge,CAPTURE_ON,2,World Flythrough,76.33,13.10,10.17,N/A,5543.98,N/A,0,0,0,0,N/A,UNAVAILABLE
1786654329670,Forge,CAPTURE_ON,2,World Flythrough,109.36,9.14,10.17,N/A,5543.98,N/A,0,0,0,0,N/A,UNAVAILABLE
1786654329678,Forge,CAPTURE_ON,2,World Flythrough,129.20,7.74,10.17,N/A,5543.98,N/A,0,0,0,0,N/A,UNAVAILABLE
1786654329685,Forge,CAPTURE_ON,2,World Flythrough,129.05,7.75,10.17,N/A,5543.98,N/A,0,0,0,0,N/A,UNAVAILABLE
1786654329696,Forge,CAPTURE_ON,2,World Flythrough,93.92,10.65,10.17,N/A,5543.98,N/A,0,0,0,0,N/A,UNAVAILABLE
1786654329702,Forge,CAPTURE_ON,2,World Flythrough,141.54,7.07,10.17,N/A,5543.98,N/A,0,0,0,0,N/A,UNAVAILABLE
1786654329720,Forge,CAPTURE_ON,2,World Flythrough,61.10,16.37,10.17,N/A,5543.98,N/A,0,0,0,0,N/A,UNAVAILABLE
1786654329728,Forge,CAPTURE_ON,2,World Flythrough,114.75,8.71,10.17,N/A,5543.98,N/A,0,0,0,0,N/A,UNAVAILABLE
1786654329736,Forge,CAPTURE_ON,2,World Flythrough,133.40,7.50,10.17,N/A,5543.98,N/A,0,0,0,0,N/A,UNAVAILABLE
1786654329748,Forge,CAPTURE_ON,2,World Flythrough,84.56,11.83,10.17,N/A,5543.98,N/A,0,0,0,0,N/A,UNAVAILABLE
1786654329761,Forge,CAPTURE_ON,2,World Flythrough,76.52,13.07,10.17,N/A,5543.98,N/A,0,0,0,0,N/A,UNAVAILABLE
1786654329774,Forge,CAPTURE_ON,2,World Flythrough,78.97,12.66,10.17,N/A,5543.98,N/A,0,0,0,0,N/A,UNAVAILABLE
1786654329785,Forge,CAPTURE_ON,2,World Flythrough,87.47,11.43,10.17,N/A,5543.98,N/A,0,0,0,0,N/A,UNAVAILABLE
1786654329798,Forge,CAPTURE_ON,2,World Flythrough,77.87,12.84,10.17,N/A,5543.98,N/A,0,0,0,0,N/A,UNAVAILABLE
1786654329810,Forge,CAPTURE_ON,2,World Flythrough,82.87,12.07,10.17,N/A,5543.98,N/A,0,0,0,0,N/A,UNAVAILABLE
1786654329817,Forge,CAPTURE_ON,2,World Flythrough,148.64,6.73,10.17,N/A,5543.98,N/A,0,0,0,0,N/A,UNAVAILABLE
1786654329829,Forge,CAPTURE_ON,2,World Flythrough,84.23,11.87,10.17,N/A,5543.98,N/A,0,0,0,0,N/A,UNAVAILABLE
1786654329836,Forge,CAPTURE_ON,2,World Flythrough,134.82,7.42,10.17,N/A,5543.98,N/A,0,0,0,0,N/A,UNAVAILABLE
1786654329887,Forge,CAPTURE_ON,2,World Flythrough,86.21,11.60,8.95,N/A,5832.24,N/A,0,0,0,0,N/A,UNAVAILABLE
1786654329899,Forge,CAPTURE_ON,2,World Flythrough,18.93,52.83,8.95,N/A,5832.24,N/A,0,0,0,0,N/A,UNAVAILABLE
1786654329917,Forge,CAPTURE_ON,2,World Flythrough,59.07,16.93,8.95,N/A,5832.24,N/A,0,0,0,0,N/A,UNAVAILABLE
1786654329925,Forge,CAPTURE_ON,2,World Flythrough,122.81,8.14,8.95,N/A,5832.24,N/A,0,0,0,0,N/A,UNAVAILABLE
1786654329939,Forge,CAPTURE_ON,2,World Flythrough,75.03,13.33,8.95,N/A,5832.24,N/A,0,0,0,0,N/A,UNAVAILABLE
1786654329947,Forge,CAPTURE_ON,2,World Flythrough,108.59,9.21,8.95,N/A,5832.24,N/A,0,0,0,0,N/A,UNAVAILABLE
1786654329966,Forge,CAPTURE_ON,2,World Flythrough,53.93,18.54,8.95,N/A,5832.24,N/A,0,0,0,0,N/A,UNAVAILABLE
1786654329977,Forge,CAPTURE_ON,2,World Flythrough,92.40,10.82,8.95,N/A,5832.24,N/A,0,0,0,0,N/A,UNAVAILABLE
1786654329988,Forge,CAPTURE_ON,2,World Flythrough,90.87,11.00,8.95,N/A,5832.24,N/A,0,0,0,0,N/A,UNAVAILABLE
1786654329996,Forge,CAPTURE_ON,2,World Flythrough,121.12,8.26,8.95,N/A,5832.24,N/A,0,0,0,0,N/A,UNAVAILABLE
1786654330005,Forge,CAPTURE_ON,2,World Flythrough,120.41,8.30,8.95,N/A,5832.24,N/A,0,0,0,0,N/A,UNAVAILABLE
1786654330024,Forge,CAPTURE_ON,2,World Flythrough,54.43,18.37,8.95,N/A,5832.24,N/A,0,0,0,0,N/A,UNAVAILABLE
1786654330034,Forge,CAPTURE_ON,2,World Flythrough,95.32,10.49,8.95,N/A,5832.24,N/A,0,0,0,0,N/A,UNAVAILABLE
1786654330043,Forge,CAPTURE_ON,2,World Flythrough,102.68,9.74,8.95,N/A,5832.24,N/A,0,0,0,0,N/A,UNAVAILABLE
1786654330051,Forge,CAPTURE_ON,2,World Flythrough,125.83,7.95,8.95,N/A,5832.24,N/A,0,0,0,0,N/A,UNAVAILABLE
1786654330067,Forge,CAPTURE_ON,2,World Flythrough,63.82,15.67,8.95,N/A,5832.24,N/A,0,0,0,0,N/A,UNAVAILABLE
1786654330076,Forge,CAPTURE_ON,2,World Flythrough,109.95,9.10,8.95,N/A,5832.24,N/A,0,0,0,0,N/A,UNAVAILABLE
1786654330085,Forge,CAPTURE_ON,2,World Flythrough,114.12,8.76,8.95,N/A,5832.24,N/A,0,0,0,0,N/A,UNAVAILABLE
1786654330093,Forge,CAPTURE_ON,2,World Flythrough,115.76,8.64,8.95,N/A,5832.24,N/A,0,0,0,0,N/A,UNAVAILABLE
1786654330106,Forge,CAPTURE_ON,2,World Flythrough,83.55,11.97,8.95,N/A,5832.24,N/A,0,0,0,0,N/A,UNAVAILABLE
1786654330124,Forge,CAPTURE_ON,2,World Flythrough,53.42,18.72,8.95,N/A,5832.24,N/A,0,0,0,0,N/A,UNAVAILABLE
1786654330133,Forge,CAPTURE_ON,2,World Flythrough,116.62,8.57,8.95,N/A,5832.24,N/A,0,0,0,0,N/A,UNAVAILABLE
1786654330145,Forge,CAPTURE_ON,2,World Flythrough,83.77,11.94,8.95,N/A,5832.24,N/A,0,0,0,0,N/A,UNAVAILABLE
1786654330157,Forge,CAPTURE_ON,2,World Flythrough,79.83,12.53,8.95,N/A,5832.24,N/A,0,0,0,0,N/A,UNAVAILABLE
1786654330170,Forge,CAPTURE_ON,2,World Flythrough,78.64,12.72,8.95,N/A,5832.24,N/A,0,0,0,0,N/A,UNAVAILABLE
1786654330180,Forge,CAPTURE_ON,2,World Flythrough,96.06,10.41,8.95,N/A,5832.24,N/A,0,0,0,0,N/A,UNAVAILABLE
1786654330192,Forge,CAPTURE_ON,2,World Flythrough,79.84,12.53,8.95,N/A,5832.24,N/A,0,0,0,0,N/A,UNAVAILABLE
1786654330201,Forge,CAPTURE_ON,2,World Flythrough,125.83,7.95,8.95,N/A,5832.24,N/A,0,0,0,0,N/A,UNAVAILABLE
1786654330218,Forge,CAPTURE_ON,2,World Flythrough,57.60,17.36,8.95,N/A,5832.24,N/A,0,0,0,0,N/A,UNAVAILABLE
1786654330228,Forge,CAPTURE_ON,2,World Flythrough,98.38,10.17,8.95,N/A,5832.24,N/A,0,0,0,0,N/A,UNAVAILABLE
1786654330239,Forge,CAPTURE_ON,2,World Flythrough,86.93,11.50,8.95,N/A,5832.24,N/A,0,0,0,0,N/A,UNAVAILABLE
1786654330249,Forge,CAPTURE_ON,2,World Flythrough,122.63,8.15,8.95,N/A,5832.24,N/A,0,0,0,0,N/A,UNAVAILABLE
1786654330264,Forge,CAPTURE_ON,2,World Flythrough,61.96,16.14,8.95,N/A,5832.24,N/A,0,0,0,0,N/A,UNAVAILABLE
1786654330274,Forge,CAPTURE_ON,2,World Flythrough,112.71,8.87,8.95,N/A,5832.24,N/A,0,0,0,0,N/A,UNAVAILABLE
1786654330281,Forge,CAPTURE_ON,2,World Flythrough,133.04,7.52,8.95,N/A,5832.24,N/A,0,0,0,0,N/A,UNAVAILABLE
1786654330288,Forge,CAPTURE_ON,2,World Flythrough,135.28,7.39,8.95,N/A,5832.24,N/A,0,0,0,0,N/A,UNAVAILABLE
1786654330296,Forge,CAPTURE_ON,2,World Flythrough,137.94,7.25,8.95,N/A,5832.24,N/A,0,0,0,0,N/A,UNAVAILABLE
1786654330307,Forge,CAPTURE_ON,2,World Flythrough,89.94,11.12,8.95,N/A,5832.24,N/A,0,0,0,0,N/A,UNAVAILABLE
1786654330318,Forge,CAPTURE_ON,2,World Flythrough,83.74,11.94,8.95,N/A,5832.24,N/A,0,0,0,0,N/A,UNAVAILABLE
1786654330334,Forge,CAPTURE_ON,2,World Flythrough,64.12,15.59,8.95,N/A,5832.24,N/A,0,0,0,0,N/A,UNAVAILABLE
1786654330345,Forge,CAPTURE_ON,2,World Flythrough,86.64,11.54,8.95,N/A,5832.24,N/A,0,0,0,0,N/A,UNAVAILABLE
1786654330363,Forge,CAPTURE_ON,2,World Flythrough,56.07,17.83,8.95,N/A,5832.24,N/A,0,0,0,0,N/A,UNAVAILABLE
1786654330372,Forge,CAPTURE_ON,2,World Flythrough,118.93,8.41,8.95,N/A,5832.24,N/A,0,0,0,0,N/A,UNAVAILABLE
1786654330381,Forge,CAPTURE_ON,2,World Flythrough,112.59,8.88,8.95,N/A,5832.24,N/A,0,0,0,0,N/A,UNAVAILABLE
1786654330391,Forge,CAPTURE_ON,2,World Flythrough,99.06,10.10,8.95,N/A,5832.24,N/A,0,0,0,0,N/A,UNAVAILABLE
1786654330399,Forge,CAPTURE_ON,2,World Flythrough,126.68,7.89,8.95,N/A,5832.24,N/A,0,0,0,0,N/A,UNAVAILABLE
1786654330418,Forge,CAPTURE_ON,2,World Flythrough,51.82,19.30,8.95,N/A,5832.24,N/A,0,0,0,0,N/A,UNAVAILABLE
1786654330427,Forge,CAPTURE_ON,2,World Flythrough,110.18,9.08,8.95,N/A,5832.24,N/A,0,0,0,0,N/A,UNAVAILABLE
1786654330434,Forge,CAPTURE_ON,2,World Flythrough,143.08,6.99,8.95,N/A,5832.24,N/A,0,0,0,0,N/A,UNAVAILABLE
1786654330443,Forge,CAPTURE_ON,2,World Flythrough,109.17,9.16,8.95,N/A,5832.24,N/A,0,0,0,0,N/A,UNAVAILABLE
1786654330453,Forge,CAPTURE_ON,2,World Flythrough,103.98,9.62,8.95,N/A,5832.24,N/A,0,0,0,0,N/A,UNAVAILABLE
1786654330469,Forge,CAPTURE_ON,2,World Flythrough,62.56,15.98,8.95,N/A,5832.24,N/A,0,0,0,0,N/A,UNAVAILABLE
1786654330476,Forge,CAPTURE_ON,2,World Flythrough,133.81,7.47,8.95,N/A,5832.24,N/A,0,0,0,0,N/A,UNAVAILABLE
1786654330483,Forge,CAPTURE_ON,2,World Flythrough,135.88,7.36,8.95,N/A,5832.24,N/A,0,0,0,0,N/A,UNAVAILABLE
1786654330492,Forge,CAPTURE_ON,2,World Flythrough,132.41,7.55,8.95,N/A,5832.24,N/A,0,0,0,0,N/A,UNAVAILABLE
1786654330503,Forge,CAPTURE_ON,2,World Flythrough,82.78,12.08,8.95,N/A,5832.24,N/A,0,0,0,0,N/A,UNAVAILABLE
1786654330518,Forge,CAPTURE_ON,2,World Flythrough,67.53,14.81,8.95,N/A,5832.24,N/A,0,0,0,0,N/A,UNAVAILABLE
1786654330530,Forge,CAPTURE_ON,2,World Flythrough,81.15,12.32,8.95,N/A,5832.24,N/A,0,0,0,0,N/A,UNAVAILABLE
1786654330540,Forge,CAPTURE_ON,2,World Flythrough,97.49,10.26,8.95,N/A,5832.24,N/A,0,0,0,0,N/A,UNAVAILABLE
1786654330550,Forge,CAPTURE_ON,2,World Flythrough,105.66,9.46,8.95,N/A,5832.24,N/A,0,0,0,0,N/A,UNAVAILABLE
1786654330562,Forge,CAPTURE_ON,2,World Flythrough,83.22,12.02,8.95,N/A,5832.24,N/A,0,0,0,0,N/A,UNAVAILABLE
1786654330569,Forge,CAPTURE_ON,2,World Flythrough,136.70,7.32,8.95,N/A,5832.24,N/A,0,0,0,0,N/A,UNAVAILABLE
1786654330582,Forge,CAPTURE_ON,2,World Flythrough,80.89,12.36,8.95,N/A,5832.24,N/A,0,0,0,0,N/A,UNAVAILABLE
1786654330588,Forge,CAPTURE_ON,2,World Flythrough,146.15,6.84,8.95,N/A,5832.24,N/A,0,0,0,0,N/A,UNAVAILABLE
1786654330600,Forge,CAPTURE_ON,2,World Flythrough,87.21,11.47,8.95,N/A,5832.24,N/A,0,0,0,0,N/A,UNAVAILABLE
1786654330617,Forge,CAPTURE_ON,2,World Flythrough,57.83,17.29,8.95,N/A,5832.24,N/A,0,0,0,0,N/A,UNAVAILABLE
1786654330627,Forge,CAPTURE_ON,2,World Flythrough,94.78,10.55,8.95,N/A,5832.24,N/A,0,0,0,0,N/A,UNAVAILABLE
1786654330636,Forge,CAPTURE_ON,2,World Flythrough,121.39,8.24,8.95,N/A,5832.24,N/A,0,0,0,0,N/A,UNAVAILABLE
1786654330646,Forge,CAPTURE_ON,2,World Flythrough,98.48,10.15,8.95,N/A,5832.24,N/A,0,0,0,0,N/A,UNAVAILABLE
1786654330654,Forge,CAPTURE_ON,2,World Flythrough,130.35,7.67,8.95,N/A,5832.24,N/A,0,0,0,0,N/A,UNAVAILABLE
1786654330669,Forge,CAPTURE_ON,2,World Flythrough,64.67,15.46,8.95,N/A,5832.24,N/A,0,0,0,0,N/A,UNAVAILABLE
1786654330677,Forge,CAPTURE_ON,2,World Flythrough,126.66,7.90,8.95,N/A,5832.24,N/A,0,0,0,0,N/A,UNAVAILABLE
1786654330686,Forge,CAPTURE_ON,2,World Flythrough,112.78,8.87,8.95,N/A,5832.24,N/A,0,0,0,0,N/A,UNAVAILABLE
1786654330697,Forge,CAPTURE_ON,2,World Flythrough,96.43,10.37,8.95,N/A,5832.24,N/A,0,0,0,0,N/A,UNAVAILABLE
1786654330711,Forge,CAPTURE_ON,2,World Flythrough,68.49,14.60,8.95,N/A,5832.24,N/A,0,0,0,0,N/A,UNAVAILABLE
1786654330718,Forge,CAPTURE_ON,2,World Flythrough,144.18,6.94,8.95,N/A,5832.24,N/A,0,0,0,0,N/A,UNAVAILABLE
1786654330725,Forge,CAPTURE_ON,2,World Flythrough,143.48,6.97,8.95,N/A,5832.24,N/A,0,0,0,0,N/A,UNAVAILABLE
1786654330736,Forge,CAPTURE_ON,2,World Flythrough,93.91,10.65,8.95,N/A,5832.24,N/A,0,0,0,0,N/A,UNAVAILABLE
1786654330746,Forge,CAPTURE_ON,2,World Flythrough,97.28,10.28,8.95,N/A,5832.24,N/A,0,0,0,0,N/A,UNAVAILABLE
1786654330752,Forge,CAPTURE_ON,2,World Flythrough,153.01,6.54,8.95,N/A,5832.24,N/A,0,0,0,0,N/A,UNAVAILABLE
1786654330763,Forge,CAPTURE_ON,2,World Flythrough,94.93,10.53,8.95,N/A,5832.24,N/A,0,0,0,0,N/A,UNAVAILABLE
1786654330769,Forge,CAPTURE_ON,2,World Flythrough,150.45,6.65,8.95,N/A,5832.24,N/A,0,0,0,0,N/A,UNAVAILABLE
1786654330781,Forge,CAPTURE_ON,2,World Flythrough,89.06,11.23,8.95,N/A,5832.24,N/A,0,0,0,0,N/A,UNAVAILABLE
1786654330791,Forge,CAPTURE_ON,2,World Flythrough,99.24,10.08,8.95,N/A,5832.24,N/A,0,0,0,0,N/A,UNAVAILABLE
1786654330798,Forge,CAPTURE_ON,2,World Flythrough,142.69,7.01,8.95,N/A,5832.24,N/A,0,0,0,0,N/A,UNAVAILABLE
1786654330813,Forge,CAPTURE_ON,2,World Flythrough,64.11,15.60,8.95,N/A,5832.24,N/A,0,0,0,0,N/A,UNAVAILABLE
1786654330823,Forge,CAPTURE_ON,2,World Flythrough,113.59,8.80,8.95,N/A,5832.24,N/A,0,0,0,0,N/A,UNAVAILABLE
1786654330833,Forge,CAPTURE_ON,2,World Flythrough,102.65,9.74,8.95,N/A,5832.24,N/A,0,0,0,0,N/A,UNAVAILABLE
1786654330844,Forge,CAPTURE_ON,2,World Flythrough,85.06,11.76,8.95,N/A,5832.24,N/A,0,0,0,0,N/A,UNAVAILABLE
1786654330892,Forge,CAPTURE_ON,2,World Flythrough,94.77,10.55,8.74,N/A,5369.63,N/A,0,0,0,0,N/A,UNAVAILABLE
1786654330906,Forge,CAPTURE_ON,2,World Flythrough,19.10,52.35,8.74,N/A,5369.63,N/A,0,0,0,0,N/A,UNAVAILABLE
1786654330928,Forge,CAPTURE_ON,2,World Flythrough,45.68,21.89,8.74,N/A,5369.63,N/A,0,0,0,0,N/A,UNAVAILABLE
1786654330937,Forge,CAPTURE_ON,2,World Flythrough,109.63,9.12,8.74,N/A,5369.63,N/A,0,0,0,0,N/A,UNAVAILABLE
1786654330947,Forge,CAPTURE_ON,2,World Flythrough,102.91,9.72,8.74,N/A,5369.63,N/A,0,0,0,0,N/A,UNAVAILABLE
1786654330960,Forge,CAPTURE_ON,2,World Flythrough,75.14,13.31,8.74,N/A,5369.63,N/A,0,0,0,0,N/A,UNAVAILABLE
1786654330969,Forge,CAPTURE_ON,2,World Flythrough,126.67,7.89,8.74,N/A,5369.63,N/A,0,0,0,0,N/A,UNAVAILABLE
1786654330978,Forge,CAPTURE_ON,2,World Flythrough,104.32,9.59,8.74,N/A,5369.63,N/A,0,0,0,0,N/A,UNAVAILABLE
1786654330987,Forge,CAPTURE_ON,2,World Flythrough,119.02,8.40,8.74,N/A,5369.63,N/A,0,0,0,0,N/A,UNAVAILABLE
1786654330995,Forge,CAPTURE_ON,2,World Flythrough,125.08,7.99,8.74,N/A,5369.63,N/A,0,0,0,0,N/A,UNAVAILABLE
1786654331002,Forge,CAPTURE_ON,2,World Flythrough,133.01,7.52,8.74,N/A,5369.63,N/A,0,0,0,0,N/A,UNAVAILABLE
1786654331016,Forge,CAPTURE_ON,2,World Flythrough,71.10,14.06,8.74,N/A,5369.63,N/A,0,0,0,0,N/A,UNAVAILABLE
1786654331024,Forge,CAPTURE_ON,2,World Flythrough,131.77,7.59,8.74,N/A,5369.63,N/A,0,0,0,0,N/A,UNAVAILABLE
1786654331035,Forge,CAPTURE_ON,2,World Flythrough,90.81,11.01,8.74,N/A,5369.63,N/A,0,0,0,0,N/A,UNAVAILABLE
1786654331044,Forge,CAPTURE_ON,2,World Flythrough,103.27,9.68,8.74,N/A,5369.63,N/A,0,0,0,0,N/A,UNAVAILABLE
1786654331054,Forge,CAPTURE_ON,2,World Flythrough,98.85,10.12,8.74,N/A,5369.63,N/A,0,0,0,0,N/A,UNAVAILABLE
1786654331068,Forge,CAPTURE_ON,2,World Flythrough,73.96,13.52,8.74,N/A,5369.63,N/A,0,0,0,0,N/A,UNAVAILABLE
1786654331075,Forge,CAPTURE_ON,2,World Flythrough,140.54,7.12,8.74,N/A,5369.63,N/A,0,0,0,0,N/A,UNAVAILABLE
1786654331085,Forge,CAPTURE_ON,2,World Flythrough,101.62,9.84,8.74,N/A,5369.63,N/A,0,0,0,0,N/A,UNAVAILABLE
1786654331094,Forge,CAPTURE_ON,2,World Flythrough,115.12,8.69,8.74,N/A,5369.63,N/A,0,0,0,0,N/A,UNAVAILABLE
1786654331106,Forge,CAPTURE_ON,2,World Flythrough,83.30,12.00,8.74,N/A,5369.63,N/A,0,0,0,0,N/A,UNAVAILABLE
1786654331117,Forge,CAPTURE_ON,2,World Flythrough,84.90,11.78,8.74,N/A,5369.63,N/A,0,0,0,0,N/A,UNAVAILABLE
1786654331126,Forge,CAPTURE_ON,2,World Flythrough,125.52,7.97,8.74,N/A,5369.63,N/A,0,0,0,0,N/A,UNAVAILABLE
1786654331134,Forge,CAPTURE_ON,2,World Flythrough,119.75,8.35,8.74,N/A,5369.63,N/A,0,0,0,0,N/A,UNAVAILABLE
1786654331145,Forge,CAPTURE_ON,2,World Flythrough,89.59,11.16,8.74,N/A,5369.63,N/A,0,0,0,0,N/A,UNAVAILABLE
1786654331153,Forge,CAPTURE_ON,2,World Flythrough,126.09,7.93,8.74,N/A,5369.63,N/A,0,0,0,0,N/A,UNAVAILABLE
1786654331165,Forge,CAPTURE_ON,2,World Flythrough,83.29,12.01,8.74,N/A,5369.63,N/A,0,0,0,0,N/A,UNAVAILABLE
1786654331173,Forge,CAPTURE_ON,2,World Flythrough,119.53,8.37,8.74,N/A,5369.63,N/A,0,0,0,0,N/A,UNAVAILABLE
1786654331186,Forge,CAPTURE_ON,2,World Flythrough,78.90,12.67,8.74,N/A,5369.63,N/A,0,0,0,0,N/A,UNAVAILABLE
1786654331195,Forge,CAPTURE_ON,2,World Flythrough,112.55,8.89,8.74,N/A,5369.63,N/A,0,0,0,0,N/A,UNAVAILABLE
1786654331202,Forge,CAPTURE_ON,2,World Flythrough,141.06,7.09,8.74,N/A,5369.63,N/A,0,0,0,0,N/A,UNAVAILABLE
1786654331219,Forge,CAPTURE_ON,2,World Flythrough,57.80,17.30,8.74,N/A,5369.63,N/A,0,0,0,0,N/A,UNAVAILABLE
1786654331230,Forge,CAPTURE_ON,2,World Flythrough,96.63,10.35,8.74,N/A,5369.63,N/A,0,0,0,0,N/A,UNAVAILABLE
1786654331243,Forge,CAPTURE_ON,2,World Flythrough,74.75,13.38,8.74,N/A,5369.63,N/A,0,0,0,0,N/A,UNAVAILABLE
1786654331252,Forge,CAPTURE_ON,2,World Flythrough,116.57,8.58,8.74,N/A,5369.63,N/A,0,0,0,0,N/A,UNAVAILABLE
1786654331266,Forge,CAPTURE_ON,2,World Flythrough,70.05,14.28,8.74,N/A,5369.63,N/A,0,0,0,0,N/A,UNAVAILABLE
1786654331273,Forge,CAPTURE_ON,2,World Flythrough,138.64,7.21,8.74,N/A,5369.63,N/A,0,0,0,0,N/A,UNAVAILABLE
1786654331285,Forge,CAPTURE_ON,2,World Flythrough,84.67,11.81,8.74,N/A,5369.63,N/A,0,0,0,0,N/A,UNAVAILABLE
1786654331293,Forge,CAPTURE_ON,2,World Flythrough,122.57,8.16,8.74,N/A,5369.63,N/A,0,0,0,0,N/A,UNAVAILABLE
1786654331305,Forge,CAPTURE_ON,2,World Flythrough,84.81,11.79,8.74,N/A,5369.63,N/A,0,0,0,0,N/A,UNAVAILABLE
1786654331317,Forge,CAPTURE_ON,2,World Flythrough,84.83,11.79,8.74,N/A,5369.63,N/A,0,0,0,0,N/A,UNAVAILABLE
1786654331325,Forge,CAPTURE_ON,2,World Flythrough,127.24,7.86,8.74,N/A,5369.63,N/A,0,0,0,0,N/A,UNAVAILABLE
1786654331337,Forge,CAPTURE_ON,2,World Flythrough,80.65,12.40,8.74,N/A,5369.63,N/A,0,0,0,0,N/A,UNAVAILABLE
1786654331347,Forge,CAPTURE_ON,2,World Flythrough,102.21,9.78,8.74,N/A,5369.63,N/A,0,0,0,0,N/A,UNAVAILABLE
1786654331359,Forge,CAPTURE_ON,2,World Flythrough,78.90,12.67,8.74,N/A,5369.63,N/A,0,0,0,0,N/A,UNAVAILABLE
1786654331368,Forge,CAPTURE_ON,2,World Flythrough,114.96,8.70,8.74,N/A,5369.63,N/A,0,0,0,0,N/A,UNAVAILABLE
1786654331377,Forge,CAPTURE_ON,2,World Flythrough,112.69,8.87,8.74,N/A,5369.63,N/A,0,0,0,0,N/A,UNAVAILABLE
1786654331389,Forge,CAPTURE_ON,2,World Flythrough,80.27,12.46,8.74,N/A,5369.63,N/A,0,0,0,0,N/A,UNAVAILABLE
1786654331401,Forge,CAPTURE_ON,2,World Flythrough,87.57,11.42,8.74,N/A,5369.63,N/A,0,0,0,0,N/A,UNAVAILABLE
1786654331415,Forge,CAPTURE_ON,2,World Flythrough,72.82,13.73,8.74,N/A,5369.63,N/A,0,0,0,0,N/A,UNAVAILABLE
1786654331430,Forge,CAPTURE_ON,2,World Flythrough,62.21,16.08,8.74,N/A,5369.63,N/A,0,0,0,0,N/A,UNAVAILABLE
1786654331445,Forge,CAPTURE_ON,2,World Flythrough,67.09,14.91,8.74,N/A,5369.63,N/A,0,0,0,0,N/A,UNAVAILABLE
1786654331454,Forge,CAPTURE_ON,2,World Flythrough,117.11,8.54,8.74,N/A,5369.63,N/A,0,0,0,0,N/A,UNAVAILABLE
1786654331467,Forge,CAPTURE_ON,2,World Flythrough,74.53,13.42,8.74,N/A,5369.63,N/A,0,0,0,0,N/A,UNAVAILABLE
1786654331477,Forge,CAPTURE_ON,2,World Flythrough,105.87,9.45,8.74,N/A,5369.63,N/A,0,0,0,0,N/A,UNAVAILABLE
1786654331488,Forge,CAPTURE_ON,2,World Flythrough,87.34,11.45,8.74,N/A,5369.63,N/A,0,0,0,0,N/A,UNAVAILABLE
1786654331500,Forge,CAPTURE_ON,2,World Flythrough,84.39,11.85,8.74,N/A,5369.63,N/A,0,0,0,0,N/A,UNAVAILABLE
1786654331516,Forge,CAPTURE_ON,2,World Flythrough,63.23,15.82,8.74,N/A,5369.63,N/A,0,0,0,0,N/A,UNAVAILABLE
1786654331526,Forge,CAPTURE_ON,2,World Flythrough,102.09,9.79,8.74,N/A,5369.63,N/A,0,0,0,0,N/A,UNAVAILABLE
1786654331537,Forge,CAPTURE_ON,2,World Flythrough,90.82,11.01,8.74,N/A,5369.63,N/A,0,0,0,0,N/A,UNAVAILABLE
1786654331546,Forge,CAPTURE_ON,2,World Flythrough,112.76,8.87,8.74,N/A,5369.63,N/A,0,0,0,0,N/A,UNAVAILABLE
1786654331554,Forge,CAPTURE_ON,2,World Flythrough,121.69,8.22,8.74,N/A,5369.63,N/A,0,0,0,0,N/A,UNAVAILABLE
1786654331567,Forge,CAPTURE_ON,2,World Flythrough,81.00,12.35,8.74,N/A,5369.63,N/A,0,0,0,0,N/A,UNAVAILABLE
1786654331575,Forge,CAPTURE_ON,2,World Flythrough,117.49,8.51,8.74,N/A,5369.63,N/A,0,0,0,0,N/A,UNAVAILABLE
1786654331586,Forge,CAPTURE_ON,2,World Flythrough,89.00,11.24,8.74,N/A,5369.63,N/A,0,0,0,0,N/A,UNAVAILABLE
1786654331593,Forge,CAPTURE_ON,2,World Flythrough,132.99,7.52,8.74,N/A,5369.63,N/A,0,0,0,0,N/A,UNAVAILABLE
1786654331602,Forge,CAPTURE_ON,2,World Flythrough,123.60,8.09,8.74,N/A,5369.63,N/A,0,0,0,0,N/A,UNAVAILABLE
1786654331616,Forge,CAPTURE_ON,2,World Flythrough,73.87,13.54,8.74,N/A,5369.63,N/A,0,0,0,0,N/A,UNAVAILABLE
1786654331627,Forge,CAPTURE_ON,2,World Flythrough,83.67,11.95,8.74,N/A,5369.63,N/A,0,0,0,0,N/A,UNAVAILABLE
1786654331639,Forge,CAPTURE_ON,2,World Flythrough,84.10,11.89,8.74,N/A,5369.63,N/A,0,0,0,0,N/A,UNAVAILABLE
1786654331650,Forge,CAPTURE_ON,2,World Flythrough,89.40,11.19,8.74,N/A,5369.63,N/A,0,0,0,0,N/A,UNAVAILABLE
1786654331663,Forge,CAPTURE_ON,2,World Flythrough,77.67,12.88,8.74,N/A,5369.63,N/A,0,0,0,0,N/A,UNAVAILABLE
1786654331671,Forge,CAPTURE_ON,2,World Flythrough,130.40,7.67,8.74,N/A,5369.63,N/A,0,0,0,0,N/A,UNAVAILABLE
1786654331680,Forge,CAPTURE_ON,2,World Flythrough,113.00,8.85,8.74,N/A,5369.63,N/A,0,0,0,0,N/A,UNAVAILABLE
1786654331689,Forge,CAPTURE_ON,2,World Flythrough,109.40,9.14,8.74,N/A,5369.63,N/A,0,0,0,0,N/A,UNAVAILABLE
1786654331696,Forge,CAPTURE_ON,2,World Flythrough,133.61,7.48,8.74,N/A,5369.63,N/A,0,0,0,0,N/A,UNAVAILABLE
1786654331705,Forge,CAPTURE_ON,2,World Flythrough,119.05,8.40,8.74,N/A,5369.63,N/A,0,0,0,0,N/A,UNAVAILABLE
1786654331716,Forge,CAPTURE_ON,2,World Flythrough,83.23,12.02,8.74,N/A,5369.63,N/A,0,0,0,0,N/A,UNAVAILABLE
1786654331725,Forge,CAPTURE_ON,2,World Flythrough,120.52,8.30,8.74,N/A,5369.63,N/A,0,0,0,0,N/A,UNAVAILABLE
1786654331733,Forge,CAPTURE_ON,2,World Flythrough,130.70,7.65,8.74,N/A,5369.63,N/A,0,0,0,0,N/A,UNAVAILABLE
1786654331740,Forge,CAPTURE_ON,2,World Flythrough,124.36,8.04,8.74,N/A,5369.63,N/A,0,0,0,0,N/A,UNAVAILABLE
1786654331748,Forge,CAPTURE_ON,2,World Flythrough,135.07,7.40,8.74,N/A,5369.63,N/A,0,0,0,0,N/A,UNAVAILABLE
1786654331759,Forge,CAPTURE_ON,2,World Flythrough,85.55,11.69,8.74,N/A,5369.63,N/A,0,0,0,0,N/A,UNAVAILABLE
1786654331767,Forge,CAPTURE_ON,2,World Flythrough,127.96,7.81,8.74,N/A,5369.63,N/A,0,0,0,0,N/A,UNAVAILABLE
1786654331776,Forge,CAPTURE_ON,2,World Flythrough,127.13,7.87,8.74,N/A,5369.63,N/A,0,0,0,0,N/A,UNAVAILABLE
1786654331784,Forge,CAPTURE_ON,2,World Flythrough,116.16,8.61,8.74,N/A,5369.63,N/A,0,0,0,0,N/A,UNAVAILABLE
1786654331793,Forge,CAPTURE_ON,2,World Flythrough,118.04,8.47,8.74,N/A,5369.63,N/A,0,0,0,0,N/A,UNAVAILABLE
1786654331800,Forge,CAPTURE_ON,2,World Flythrough,122.36,8.17,8.74,N/A,5369.63,N/A,0,0,0,0,N/A,UNAVAILABLE
1786654331815,Forge,CAPTURE_ON,2,World Flythrough,71.52,13.98,8.74,N/A,5369.63,N/A,0,0,0,0,N/A,UNAVAILABLE
1786654331822,Forge,CAPTURE_ON,2,World Flythrough,142.81,7.00,8.74,N/A,5369.63,N/A,0,0,0,0,N/A,UNAVAILABLE
1786654331833,Forge,CAPTURE_ON,2,World Flythrough,85.36,11.72,8.74,N/A,5369.63,N/A,0,0,0,0,N/A,UNAVAILABLE
1786654331842,Forge,CAPTURE_ON,2,World Flythrough,117.35,8.52,8.74,N/A,5369.63,N/A,0,0,0,0,N/A,UNAVAILABLE
1786654331854,Forge,CAPTURE_ON,2,World Flythrough,81.99,12.20,8.74,N/A,5369.63,N/A,0,0,0,0,N/A,UNAVAILABLE
1786654331903,Forge,CAPTURE_ON,2,World Flythrough,68.00,14.71,10.62,N/A,5657.63,N/A,0,0,0,0,N/A,UNAVAILABLE
1786654331920,Forge,CAPTURE_ON,2,World Flythrough,19.35,51.67,10.62,N/A,5657.63,N/A,0,0,0,0,N/A,UNAVAILABLE
1786654331930,Forge,CAPTURE_ON,2,World Flythrough,108.13,9.25,10.62,N/A,5657.63,N/A,0,0,0,0,N/A,UNAVAILABLE
1786654331937,Forge,CAPTURE_ON,2,World Flythrough,135.97,7.35,10.62,N/A,5657.63,N/A,0,0,0,0,N/A,UNAVAILABLE
1786654331945,Forge,CAPTURE_ON,2,World Flythrough,126.58,7.90,10.62,N/A,5657.63,N/A,0,0,0,0,N/A,UNAVAILABLE
1786654331951,Forge,CAPTURE_ON,2,World Flythrough,155.17,6.44,10.62,N/A,5657.63,N/A,0,0,0,0,N/A,UNAVAILABLE
1786654331970,Forge,CAPTURE_ON,2,World Flythrough,53.03,18.86,10.62,N/A,5657.63,N/A,0,0,0,0,N/A,UNAVAILABLE
1786654331984,Forge,CAPTURE_ON,2,World Flythrough,69.19,14.45,10.62,N/A,5657.63,N/A,0,0,0,0,N/A,UNAVAILABLE
1786654331993,Forge,CAPTURE_ON,2,World Flythrough,113.88,8.78,10.62,N/A,5657.63,N/A,0,0,0,0,N/A,UNAVAILABLE
1786654332005,Forge,CAPTURE_ON,2,World Flythrough,88.55,11.29,10.62,N/A,5657.63,N/A,0,0,0,0,N/A,UNAVAILABLE
1786654332020,Forge,CAPTURE_ON,2,World Flythrough,64.77,15.44,10.62,N/A,5657.63,N/A,0,0,0,0,N/A,UNAVAILABLE
1786654332030,Forge,CAPTURE_ON,2,World Flythrough,100.69,9.93,10.62,N/A,5657.63,N/A,0,0,0,0,N/A,UNAVAILABLE
1786654332044,Forge,CAPTURE_ON,2,World Flythrough,74.12,13.49,10.62,N/A,5657.63,N/A,0,0,0,0,N/A,UNAVAILABLE
1786654332051,Forge,CAPTURE_ON,2,World Flythrough,125.01,8.00,10.62,N/A,5657.63,N/A,0,0,0,0,N/A,UNAVAILABLE
1786654332065,Forge,CAPTURE_ON,2,World Flythrough,72.28,13.83,10.62,N/A,5657.63,N/A,0,0,0,0,N/A,UNAVAILABLE
1786654332074,Forge,CAPTURE_ON,2,World Flythrough,119.10,8.40,10.62,N/A,5657.63,N/A,0,0,0,0,N/A,UNAVAILABLE
1786654332085,Forge,CAPTURE_ON,2,World Flythrough,94.32,10.60,10.62,N/A,5657.63,N/A,0,0,0,0,N/A,UNAVAILABLE
1786654332092,Forge,CAPTURE_ON,2,World Flythrough,134.70,7.42,10.62,N/A,5657.63,N/A,0,0,0,0,N/A,UNAVAILABLE
1786654332099,Forge,CAPTURE_ON,2,World Flythrough,138.38,7.23,10.62,N/A,5657.63,N/A,0,0,0,0,N/A,UNAVAILABLE
1786654332116,Forge,CAPTURE_ON,2,World Flythrough,59.15,16.91,10.62,N/A,5657.63,N/A,0,0,0,0,N/A,UNAVAILABLE
1786654332128,Forge,CAPTURE_ON,2,World Flythrough,86.97,11.50,10.62,N/A,5657.63,N/A,0,0,0,0,N/A,UNAVAILABLE
1786654332135,Forge,CAPTURE_ON,2,World Flythrough,135.35,7.39,10.62,N/A,5657.63,N/A,0,0,0,0,N/A,UNAVAILABLE
1786654332142,Forge,CAPTURE_ON,2,World Flythrough,126.83,7.88,10.62,N/A,5657.63,N/A,0,0,0,0,N/A,UNAVAILABLE
1786654332154,Forge,CAPTURE_ON,2,World Flythrough,91.54,10.92,10.62,N/A,5657.63,N/A,0,0,0,0,N/A,UNAVAILABLE
1786654332170,Forge,CAPTURE_ON,2,World Flythrough,62.16,16.09,10.62,N/A,5657.63,N/A,0,0,0,0,N/A,UNAVAILABLE
1786654332178,Forge,CAPTURE_ON,2,World Flythrough,128.57,7.78,10.62,N/A,5657.63,N/A,0,0,0,0,N/A,UNAVAILABLE
1786654332185,Forge,CAPTURE_ON,2,World Flythrough,143.34,6.98,10.62,N/A,5657.63,N/A,0,0,0,0,N/A,UNAVAILABLE
1786654332194,Forge,CAPTURE_ON,2,World Flythrough,100.34,9.97,10.62,N/A,5657.63,N/A,0,0,0,0,N/A,UNAVAILABLE
1786654332202,Forge,CAPTURE_ON,2,World Flythrough,140.20,7.13,10.62,N/A,5657.63,N/A,0,0,0,0,N/A,UNAVAILABLE
1786654332218,Forge,CAPTURE_ON,2,World Flythrough,62.29,16.05,10.62,N/A,5657.63,N/A,0,0,0,0,N/A,UNAVAILABLE
1786654332226,Forge,CAPTURE_ON,2,World Flythrough,120.07,8.33,10.62,N/A,5657.63,N/A,0,0,0,0,N/A,UNAVAILABLE
1786654332239,Forge,CAPTURE_ON,2,World Flythrough,82.35,12.14,10.62,N/A,5657.63,N/A,0,0,0,0,N/A,UNAVAILABLE
1786654332246,Forge,CAPTURE_ON,2,World Flythrough,121.46,8.23,10.62,N/A,5657.63,N/A,0,0,0,0,N/A,UNAVAILABLE
1786654332265,Forge,CAPTURE_ON,2,World Flythrough,53.69,18.62,10.62,N/A,5657.63,N/A,0,0,0,0,N/A,UNAVAILABLE
1786654332274,Forge,CAPTURE_ON,2,World Flythrough,105.54,9.48,10.62,N/A,5657.63,N/A,0,0,0,0,N/A,UNAVAILABLE
1786654332283,Forge,CAPTURE_ON,2,World Flythrough,122.43,8.17,10.62,N/A,5657.63,N/A,0,0,0,0,N/A,UNAVAILABLE
1786654332291,Forge,CAPTURE_ON,2,World Flythrough,120.08,8.33,10.62,N/A,5657.63,N/A,0,0,0,0,N/A,UNAVAILABLE
1786654332302,Forge,CAPTURE_ON,2,World Flythrough,93.44,10.70,10.62,N/A,5657.63,N/A,0,0,0,0,N/A,UNAVAILABLE
1786654332316,Forge,CAPTURE_ON,2,World Flythrough,68.53,14.59,10.62,N/A,5657.63,N/A,0,0,0,0,N/A,UNAVAILABLE
1786654332324,Forge,CAPTURE_ON,2,World Flythrough,121.03,8.26,10.62,N/A,5657.63,N/A,0,0,0,0,N/A,UNAVAILABLE
1786654332334,Forge,CAPTURE_ON,2,World Flythrough,101.22,9.88,10.62,N/A,5657.63,N/A,0,0,0,0,N/A,UNAVAILABLE
1786654332342,Forge,CAPTURE_ON,2,World Flythrough,123.16,8.12,10.62,N/A,5657.63,N/A,0,0,0,0,N/A,UNAVAILABLE
1786654332355,Forge,CAPTURE_ON,2,World Flythrough,81.95,12.20,10.62,N/A,5657.63,N/A,0,0,0,0,N/A,UNAVAILABLE
1786654332369,Forge,CAPTURE_ON,2,World Flythrough,71.10,14.06,10.62,N/A,5657.63,N/A,0,0,0,0,N/A,UNAVAILABLE
1786654332377,Forge,CAPTURE_ON,2,World Flythrough,121.22,8.25,10.62,N/A,5657.63,N/A,0,0,0,0,N/A,UNAVAILABLE
1786654332386,Forge,CAPTURE_ON,2,World Flythrough,113.81,8.79,10.62,N/A,5657.63,N/A,0,0,0,0,N/A,UNAVAILABLE
1786654332396,Forge,CAPTURE_ON,2,World Flythrough,101.31,9.87,10.62,N/A,5657.63,N/A,0,0,0,0,N/A,UNAVAILABLE
1786654332404,Forge,CAPTURE_ON,2,World Flythrough,124.89,8.01,10.62,N/A,5657.63,N/A,0,0,0,0,N/A,UNAVAILABLE
1786654332418,Forge,CAPTURE_ON,2,World Flythrough,69.42,14.40,10.62,N/A,5657.63,N/A,0,0,0,0,N/A,UNAVAILABLE
1786654332427,Forge,CAPTURE_ON,2,World Flythrough,105.55,9.47,10.62,N/A,5657.63,N/A,0,0,0,0,N/A,UNAVAILABLE
1786654332438,Forge,CAPTURE_ON,2,World Flythrough,95.12,10.51,10.62,N/A,5657.63,N/A,0,0,0,0,N/A,UNAVAILABLE
1786654332446,Forge,CAPTURE_ON,2,World Flythrough,128.61,7.78,10.62,N/A,5657.63,N/A,0,0,0,0,N/A,UNAVAILABLE
1786654332462,Forge,CAPTURE_ON,2,World Flythrough,63.07,15.86,10.62,N/A,5657.63,N/A,0,0,0,0,N/A,UNAVAILABLE
1786654332469,Forge,CAPTURE_ON,2,World Flythrough,137.73,7.26,10.62,N/A,5657.63,N/A,0,0,0,0,N/A,UNAVAILABLE
1786654332481,Forge,CAPTURE_ON,2,World Flythrough,82.77,12.08,10.62,N/A,5657.63,N/A,0,0,0,0,N/A,UNAVAILABLE
1786654332489,Forge,CAPTURE_ON,2,World Flythrough,128.03,7.81,10.62,N/A,5657.63,N/A,0,0,0,0,N/A,UNAVAILABLE
1786654332497,Forge,CAPTURE_ON,2,World Flythrough,120.96,8.27,10.62,N/A,5657.63,N/A,0,0,0,0,N/A,UNAVAILABLE
1786654332514,Forge,CAPTURE_ON,2,World Flythrough,57.10,17.51,10.62,N/A,5657.63,N/A,0,0,0,0,N/A,UNAVAILABLE
1786654332528,Forge,CAPTURE_ON,2,World Flythrough,72.77,13.74,10.62,N/A,5657.63,N/A,0,0,0,0,N/A,UNAVAILABLE
1786654332537,Forge,CAPTURE_ON,2,World Flythrough,127.98,7.81,10.62,N/A,5657.63,N/A,0,0,0,0,N/A,UNAVAILABLE
1786654332544,Forge,CAPTURE_ON,2,World Flythrough,123.18,8.12,10.62,N/A,5657.63,N/A,0,0,0,0,N/A,UNAVAILABLE
1786654332555,Forge,CAPTURE_ON,2,World Flythrough,89.36,11.19,10.62,N/A,5657.63,N/A,0,0,0,0,N/A,UNAVAILABLE
1786654332567,Forge,CAPTURE_ON,2,World Flythrough,85.60,11.68,10.62,N/A,5657.63,N/A,0,0,0,0,N/A,UNAVAILABLE
1786654332576,Forge,CAPTURE_ON,2,World Flythrough,125.16,7.99,10.62,N/A,5657.63,N/A,0,0,0,0,N/A,UNAVAILABLE
1786654332583,Forge,CAPTURE_ON,2,World Flythrough,129.17,7.74,10.62,N/A,5657.63,N/A,0,0,0,0,N/A,UNAVAILABLE
1786654332594,Forge,CAPTURE_ON,2,World Flythrough,87.55,11.42,10.62,N/A,5657.63,N/A,0,0,0,0,N/A,UNAVAILABLE
1786654332606,Forge,CAPTURE_ON,2,World Flythrough,86.69,11.54,10.62,N/A,5657.63,N/A,0,0,0,0,N/A,UNAVAILABLE
1786654332618,Forge,CAPTURE_ON,2,World Flythrough,81.74,12.23,10.62,N/A,5657.63,N/A,0,0,0,0,N/A,UNAVAILABLE
1786654332627,Forge,CAPTURE_ON,2,World Flythrough,110.87,9.02,10.62,N/A,5657.63,N/A,0,0,0,0,N/A,UNAVAILABLE
1786654332641,Forge,CAPTURE_ON,2,World Flythrough,75.53,13.24,10.62,N/A,5657.63,N/A,0,0,0,0,N/A,UNAVAILABLE
1786654332651,Forge,CAPTURE_ON,2,World Flythrough,91.95,10.88,10.62,N/A,5657.63,N/A,0,0,0,0,N/A,UNAVAILABLE
1786654332665,Forge,CAPTURE_ON,2,World Flythrough,74.42,13.44,10.62,N/A,5657.63,N/A,0,0,0,0,N/A,UNAVAILABLE
1786654332673,Forge,CAPTURE_ON,2,World Flythrough,130.19,7.68,10.62,N/A,5657.63,N/A,0,0,0,0,N/A,UNAVAILABLE
1786654332685,Forge,CAPTURE_ON,2,World Flythrough,81.01,12.34,10.62,N/A,5657.63,N/A,0,0,0,0,N/A,UNAVAILABLE
1786654332692,Forge,CAPTURE_ON,2,World Flythrough,130.66,7.65,10.62,N/A,5657.63,N/A,0,0,0,0,N/A,UNAVAILABLE
1786654332702,Forge,CAPTURE_ON,2,World Flythrough,109.30,9.15,10.62,N/A,5657.63,N/A,0,0,0,0,N/A,UNAVAILABLE
1786654332721,Forge,CAPTURE_ON,2,World Flythrough,52.39,19.09,10.62,N/A,5657.63,N/A,0,0,0,0,N/A,UNAVAILABLE
1786654332730,Forge,CAPTURE_ON,2,World Flythrough,104.73,9.55,10.62,N/A,5657.63,N/A,0,0,0,0,N/A,UNAVAILABLE
1786654332738,Forge,CAPTURE_ON,2,World Flythrough,127.70,7.83,10.62,N/A,5657.63,N/A,0,0,0,0,N/A,UNAVAILABLE
1786654332749,Forge,CAPTURE_ON,2,World Flythrough,94.45,10.59,10.62,N/A,5657.63,N/A,0,0,0,0,N/A,UNAVAILABLE
1786654332764,Forge,CAPTURE_ON,2,World Flythrough,62.69,15.95,10.62,N/A,5657.63,N/A,0,0,0,0,N/A,UNAVAILABLE
1786654332773,Forge,CAPTURE_ON,2,World Flythrough,124.97,8.00,10.62,N/A,5657.63,N/A,0,0,0,0,N/A,UNAVAILABLE
1786654332780,Forge,CAPTURE_ON,2,World Flythrough,123.04,8.13,10.62,N/A,5657.63,N/A,0,0,0,0,N/A,UNAVAILABLE
1786654332789,Forge,CAPTURE_ON,2,World Flythrough,128.60,7.78,10.62,N/A,5657.63,N/A,0,0,0,0,N/A,UNAVAILABLE
1786654332801,Forge,CAPTURE_ON,2,World Flythrough,79.19,12.63,10.62,N/A,5657.63,N/A,0,0,0,0,N/A,UNAVAILABLE
1786654332817,Forge,CAPTURE_ON,2,World Flythrough,62.40,16.03,10.62,N/A,5657.63,N/A,0,0,0,0,N/A,UNAVAILABLE
1786654332828,Forge,CAPTURE_ON,2,World Flythrough,95.58,10.46,10.62,N/A,5657.63,N/A,0,0,0,0,N/A,UNAVAILABLE
1786654332838,Forge,CAPTURE_ON,2,World Flythrough,93.15,10.74,10.62,N/A,5657.63,N/A,0,0,0,0,N/A,UNAVAILABLE
1786654332848,Forge,CAPTURE_ON,2,World Flythrough,107.53,9.30,10.62,N/A,5657.63,N/A,0,0,0,0,N/A,UNAVAILABLE
1786654332862,Forge,CAPTURE_ON,2,World Flythrough,72.38,13.82,10.62,N/A,5657.63,N/A,0,0,0,0,N/A,UNAVAILABLE
1786654332907,Forge,CAPTURE_ON,2,World Flythrough,126.06,7.93,10.71,N/A,5931.84,N/A,0,0,0,0,N/A,UNAVAILABLE
1786654332925,Forge,CAPTURE_ON,2,World Flythrough,18.25,54.79,10.71,N/A,5931.84,N/A,0,0,0,0,N/A,UNAVAILABLE
1786654332935,Forge,CAPTURE_ON,2,World Flythrough,95.20,10.50,10.71,N/A,5931.84,N/A,0,0,0,0,N/A,UNAVAILABLE
1786654332947,Forge,CAPTURE_ON,2,World Flythrough,77.79,12.85,10.71,N/A,5931.84,N/A,0,0,0,0,N/A,UNAVAILABLE
1786654332962,Forge,CAPTURE_ON,2,World Flythrough,68.16,14.67,10.71,N/A,5931.84,N/A,0,0,0,0,N/A,UNAVAILABLE
1786654332970,Forge,CAPTURE_ON,2,World Flythrough,123.68,8.09,10.71,N/A,5931.84,N/A,0,0,0,0,N/A,UNAVAILABLE
1786654332979,Forge,CAPTURE_ON,2,World Flythrough,110.00,9.09,10.71,N/A,5931.84,N/A,0,0,0,0,N/A,UNAVAILABLE
1786654332987,Forge,CAPTURE_ON,2,World Flythrough,133.08,7.51,10.71,N/A,5931.84,N/A,0,0,0,0,N/A,UNAVAILABLE
1786654332997,Forge,CAPTURE_ON,2,World Flythrough,102.49,9.76,10.71,N/A,5931.84,N/A,0,0,0,0,N/A,UNAVAILABLE
1786654333005,Forge,CAPTURE_ON,2,World Flythrough,114.91,8.70,10.71,N/A,5931.84,N/A,0,0,0,0,N/A,UNAVAILABLE
1786654333021,Forge,CAPTURE_ON,2,World Flythrough,64.87,15.42,10.71,N/A,5931.84,N/A,0,0,0,0,N/A,UNAVAILABLE
1786654333029,Forge,CAPTURE_ON,2,World Flythrough,124.51,8.03,10.71,N/A,5931.84,N/A,0,0,0,0,N/A,UNAVAILABLE
1786654333040,Forge,CAPTURE_ON,2,World Flythrough,91.09,10.98,10.71,N/A,5931.84,N/A,0,0,0,0,N/A,UNAVAILABLE
1786654333048,Forge,CAPTURE_ON,2,World Flythrough,128.59,7.78,10.71,N/A,5931.84,N/A,0,0,0,0,N/A,UNAVAILABLE
1786654333060,Forge,CAPTURE_ON,2,World Flythrough,78.84,12.68,10.71,N/A,5931.84,N/A,0,0,0,0,N/A,UNAVAILABLE
1786654333077,Forge,CAPTURE_ON,2,World Flythrough,60.85,16.43,10.71,N/A,5931.84,N/A,0,0,0,0,N/A,UNAVAILABLE
1786654333085,Forge,CAPTURE_ON,2,World Flythrough,120.79,8.28,10.71,N/A,5931.84,N/A,0,0,0,0,N/A,UNAVAILABLE
1786654333094,Forge,CAPTURE_ON,2,World Flythrough,106.65,9.38,10.71,N/A,5931.84,N/A,0,0,0,0,N/A,UNAVAILABLE
1786654333102,Forge,CAPTURE_ON,2,World Flythrough,124.31,8.04,10.71,N/A,5931.84,N/A,0,0,0,0,N/A,UNAVAILABLE
1786654333116,Forge,CAPTURE_ON,2,World Flythrough,72.29,13.83,10.71,N/A,5931.84,N/A,0,0,0,0,N/A,UNAVAILABLE
1786654333127,Forge,CAPTURE_ON,2,World Flythrough,92.95,10.76,10.71,N/A,5931.84,N/A,0,0,0,0,N/A,UNAVAILABLE
1786654333137,Forge,CAPTURE_ON,2,World Flythrough,98.78,10.12,10.71,N/A,5931.84,N/A,0,0,0,0,N/A,UNAVAILABLE
1786654333148,Forge,CAPTURE_ON,2,World Flythrough,91.32,10.95,10.71,N/A,5931.84,N/A,0,0,0,0,N/A,UNAVAILABLE
1786654333160,Forge,CAPTURE_ON,2,World Flythrough,80.89,12.36,10.71,N/A,5931.84,N/A,0,0,0,0,N/A,UNAVAILABLE
1786654333169,Forge,CAPTURE_ON,2,World Flythrough,122.39,8.17,10.71,N/A,5931.84,N/A,0,0,0,0,N/A,UNAVAILABLE
1786654333182,Forge,CAPTURE_ON,2,World Flythrough,76.34,13.10,10.71,N/A,5931.84,N/A,0,0,0,0,N/A,UNAVAILABLE
1786654333192,Forge,CAPTURE_ON,2,World Flythrough,96.08,10.41,10.71,N/A,5931.84,N/A,0,0,0,0,N/A,UNAVAILABLE
1786654333202,Forge,CAPTURE_ON,2,World Flythrough,102.48,9.76,10.71,N/A,5931.84,N/A,0,0,0,0,N/A,UNAVAILABLE
1786654333222,Forge,CAPTURE_ON,2,World Flythrough,50.87,19.66,10.71,N/A,5931.84,N/A,0,0,0,0,N/A,UNAVAILABLE
1786654333232,Forge,CAPTURE_ON,2,World Flythrough,97.27,10.28,10.71,N/A,5931.84,N/A,0,0,0,0,N/A,UNAVAILABLE
1786654333241,Forge,CAPTURE_ON,2,World Flythrough,107.70,9.29,10.71,N/A,5931.84,N/A,0,0,0,0,N/A,UNAVAILABLE
1786654333251,Forge,CAPTURE_ON,2,World Flythrough,103.34,9.68,10.71,N/A,5931.84,N/A,0,0,0,0,N/A,UNAVAILABLE
1786654333264,Forge,CAPTURE_ON,2,World Flythrough,76.24,13.12,10.71,N/A,5931.84,N/A,0,0,0,0,N/A,UNAVAILABLE
1786654333273,Forge,CAPTURE_ON,2,World Flythrough,109.07,9.17,10.71,N/A,5931.84,N/A,0,0,0,0,N/A,UNAVAILABLE
1786654333282,Forge,CAPTURE_ON,2,World Flythrough,109.42,9.14,10.71,N/A,5931.84,N/A,0,0,0,0,N/A,UNAVAILABLE
1786654333290,Forge,CAPTURE_ON,2,World Flythrough,129.67,7.71,10.71,N/A,5931.84,N/A,0,0,0,0,N/A,UNAVAILABLE
1786654333299,Forge,CAPTURE_ON,2,World Flythrough,110.89,9.02,10.71,N/A,5931.84,N/A,0,0,0,0,N/A,UNAVAILABLE
1786654333311,Forge,CAPTURE_ON,2,World Flythrough,82.26,12.16,10.71,N/A,5931.84,N/A,0,0,0,0,N/A,UNAVAILABLE
1786654333320,Forge,CAPTURE_ON,2,World Flythrough,111.68,8.95,10.71,N/A,5931.84,N/A,0,0,0,0,N/A,UNAVAILABLE
1786654333327,Forge,CAPTURE_ON,2,World Flythrough,137.10,7.29,10.71,N/A,5931.84,N/A,0,0,0,0,N/A,UNAVAILABLE
1786654333337,Forge,CAPTURE_ON,2,World Flythrough,104.73,9.55,10.71,N/A,5931.84,N/A,0,0,0,0,N/A,UNAVAILABLE
1786654333347,Forge,CAPTURE_ON,2,World Flythrough,106.07,9.43,10.71,N/A,5931.84,N/A,0,0,0,0,N/A,UNAVAILABLE
1786654333356,Forge,CAPTURE_ON,2,World Flythrough,101.33,9.87,10.71,N/A,5931.84,N/A,0,0,0,0,N/A,UNAVAILABLE
1786654333370,Forge,CAPTURE_ON,2,World Flythrough,72.08,13.87,10.71,N/A,5931.84,N/A,0,0,0,0,N/A,UNAVAILABLE
1786654333380,Forge,CAPTURE_ON,2,World Flythrough,98.71,10.13,10.71,N/A,5931.84,N/A,0,0,0,0,N/A,UNAVAILABLE
1786654333388,Forge,CAPTURE_ON,2,World Flythrough,123.77,8.08,10.71,N/A,5931.84,N/A,0,0,0,0,N/A,UNAVAILABLE
1786654333397,Forge,CAPTURE_ON,2,World Flythrough,115.58,8.65,10.71,N/A,5931.84,N/A,0,0,0,0,N/A,UNAVAILABLE
1786654333415,Forge,CAPTURE_ON,2,World Flythrough,55.91,17.89,10.71,N/A,5931.84,N/A,0,0,0,0,N/A,UNAVAILABLE
1786654333423,Forge,CAPTURE_ON,2,World Flythrough,113.88,8.78,10.71,N/A,5931.84,N/A,0,0,0,0,N/A,UNAVAILABLE
1786654333432,Forge,CAPTURE_ON,2,World Flythrough,114.78,8.71,10.71,N/A,5931.84,N/A,0,0,0,0,N/A,UNAVAILABLE
1786654333441,Forge,CAPTURE_ON,2,World Flythrough,114.26,8.75,10.71,N/A,5931.84,N/A,0,0,0,0,N/A,UNAVAILABLE
1786654333453,Forge,CAPTURE_ON,2,World Flythrough,84.10,11.89,10.71,N/A,5931.84,N/A,0,0,0,0,N/A,UNAVAILABLE
1786654333469,Forge,CAPTURE_ON,2,World Flythrough,61.71,16.21,10.71,N/A,5931.84,N/A,0,0,0,0,N/A,UNAVAILABLE
1786654333477,Forge,CAPTURE_ON,2,World Flythrough,128.13,7.80,10.71,N/A,5931.84,N/A,0,0,0,0,N/A,UNAVAILABLE
1786654333485,Forge,CAPTURE_ON,2,World Flythrough,120.62,8.29,10.71,N/A,5931.84,N/A,0,0,0,0,N/A,UNAVAILABLE
1786654333496,Forge,CAPTURE_ON,2,World Flythrough,90.65,11.03,10.71,N/A,5931.84,N/A,0,0,0,0,N/A,UNAVAILABLE
1786654333508,Forge,CAPTURE_ON,2,World Flythrough,85.26,11.73,10.71,N/A,5931.84,N/A,0,0,0,0,N/A,UNAVAILABLE
1786654333520,Forge,CAPTURE_ON,2,World Flythrough,86.23,11.60,10.71,N/A,5931.84,N/A,0,0,0,0,N/A,UNAVAILABLE
1786654333529,Forge,CAPTURE_ON,2,World Flythrough,102.64,9.74,10.71,N/A,5931.84,N/A,0,0,0,0,N/A,UNAVAILABLE
1786654333537,Forge,CAPTURE_ON,2,World Flythrough,128.31,7.79,10.71,N/A,5931.84,N/A,0,0,0,0,N/A,UNAVAILABLE
1786654333544,Forge,CAPTURE_ON,2,World Flythrough,138.52,7.22,10.71,N/A,5931.84,N/A,0,0,0,0,N/A,UNAVAILABLE
1786654333553,Forge,CAPTURE_ON,2,World Flythrough,122.37,8.17,10.71,N/A,5931.84,N/A,0,0,0,0,N/A,UNAVAILABLE
1786654333568,Forge,CAPTURE_ON,2,World Flythrough,63.40,15.77,10.71,N/A,5931.84,N/A,0,0,0,0,N/A,UNAVAILABLE
1786654333576,Forge,CAPTURE_ON,2,World Flythrough,138.78,7.21,10.71,N/A,5931.84,N/A,0,0,0,0,N/A,UNAVAILABLE
1786654333584,Forge,CAPTURE_ON,2,World Flythrough,122.70,8.15,10.71,N/A,5931.84,N/A,0,0,0,0,N/A,UNAVAILABLE
1786654333592,Forge,CAPTURE_ON,2,World Flythrough,133.44,7.49,10.71,N/A,5931.84,N/A,0,0,0,0,N/A,UNAVAILABLE
1786654333602,Forge,CAPTURE_ON,2,World Flythrough,90.74,11.02,10.71,N/A,5931.84,N/A,0,0,0,0,N/A,UNAVAILABLE
1786654333615,Forge,CAPTURE_ON,2,World Flythrough,76.65,13.05,10.71,N/A,5931.84,N/A,0,0,0,0,N/A,UNAVAILABLE
1786654333630,Forge,CAPTURE_ON,2,World Flythrough,66.79,14.97,10.71,N/A,5931.84,N/A,0,0,0,0,N/A,UNAVAILABLE
1786654333643,Forge,CAPTURE_ON,2,World Flythrough,76.94,13.00,10.71,N/A,5931.84,N/A,0,0,0,0,N/A,UNAVAILABLE
1786654333657,Forge,CAPTURE_ON,2,World Flythrough,75.70,13.21,10.71,N/A,5931.84,N/A,0,0,0,0,N/A,UNAVAILABLE
1786654333673,Forge,CAPTURE_ON,2,World Flythrough,61.30,16.31,10.71,N/A,5931.84,N/A,0,0,0,0,N/A,UNAVAILABLE
1786654333685,Forge,CAPTURE_ON,2,World Flythrough,84.60,11.82,10.71,N/A,5931.84,N/A,0,0,0,0,N/A,UNAVAILABLE
1786654333693,Forge,CAPTURE_ON,2,World Flythrough,118.83,8.42,10.71,N/A,5931.84,N/A,0,0,0,0,N/A,UNAVAILABLE
1786654333701,Forge,CAPTURE_ON,2,World Flythrough,121.53,8.23,10.71,N/A,5931.84,N/A,0,0,0,0,N/A,UNAVAILABLE
1786654333714,Forge,CAPTURE_ON,2,World Flythrough,77.80,12.85,10.71,N/A,5931.84,N/A,0,0,0,0,N/A,UNAVAILABLE
1786654333721,Forge,CAPTURE_ON,2,World Flythrough,139.39,7.17,10.71,N/A,5931.84,N/A,0,0,0,0,N/A,UNAVAILABLE
1786654333729,Forge,CAPTURE_ON,2,World Flythrough,128.33,7.79,10.71,N/A,5931.84,N/A,0,0,0,0,N/A,UNAVAILABLE
1786654333737,Forge,CAPTURE_ON,2,World Flythrough,118.13,8.46,10.71,N/A,5931.84,N/A,0,0,0,0,N/A,UNAVAILABLE
1786654333745,Forge,CAPTURE_ON,2,World Flythrough,131.22,7.62,10.71,N/A,5931.84,N/A,0,0,0,0,N/A,UNAVAILABLE
1786654333753,Forge,CAPTURE_ON,2,World Flythrough,122.32,8.18,10.71,N/A,5931.84,N/A,0,0,0,0,N/A,UNAVAILABLE
1786654333766,Forge,CAPTURE_ON,2,World Flythrough,79.28,12.61,10.71,N/A,5931.84,N/A,0,0,0,0,N/A,UNAVAILABLE
1786654333775,Forge,CAPTURE_ON,2,World Flythrough,106.19,9.42,10.71,N/A,5931.84,N/A,0,0,0,0,N/A,UNAVAILABLE
1786654333783,Forge,CAPTURE_ON,2,World Flythrough,125.43,7.97,10.71,N/A,5931.84,N/A,0,0,0,0,N/A,UNAVAILABLE
1786654333793,Forge,CAPTURE_ON,2,World Flythrough,101.71,9.83,10.71,N/A,5931.84,N/A,0,0,0,0,N/A,UNAVAILABLE
1786654333801,Forge,CAPTURE_ON,2,World Flythrough,128.37,7.79,10.71,N/A,5931.84,N/A,0,0,0,0,N/A,UNAVAILABLE
1786654333815,Forge,CAPTURE_ON,2,World Flythrough,68.41,14.62,10.71,N/A,5931.84,N/A,0,0,0,0,N/A,UNAVAILABLE
1786654333824,Forge,CAPTURE_ON,2,World Flythrough,130.27,7.68,10.71,N/A,5931.84,N/A,0,0,0,0,N/A,UNAVAILABLE
1786654333830,Forge,CAPTURE_ON,2,World Flythrough,139.28,7.18,10.71,N/A,5931.84,N/A,0,0,0,0,N/A,UNAVAILABLE
1786654333841,Forge,CAPTURE_ON,2,World Flythrough,89.23,11.21,10.71,N/A,5931.84,N/A,0,0,0,0,N/A,UNAVAILABLE
1786654333852,Forge,CAPTURE_ON,2,World Flythrough,94.00,10.64,10.71,N/A,5931.84,N/A,0,0,0,0,N/A,UNAVAILABLE
1786654333864,Forge,CAPTURE_ON,2,World Flythrough,84.10,11.89,10.71,N/A,5931.84,N/A,0,0,0,0,N/A,UNAVAILABLE
1786654333915,Forge,CAPTURE_ON,2,World Flythrough,141.95,7.04,9.40,N/A,5486.14,N/A,0,0,0,0,N/A,UNAVAILABLE
1786654333928,Forge,CAPTURE_ON,2,World Flythrough,17.56,56.93,9.40,N/A,5486.14,N/A,0,0,0,0,N/A,UNAVAILABLE
1786654333935,Forge,CAPTURE_ON,2,World Flythrough,135.16,7.40,9.40,N/A,5486.14,N/A,0,0,0,0,N/A,UNAVAILABLE
1786654333947,Forge,CAPTURE_ON,2,World Flythrough,87.49,11.43,9.40,N/A,5486.14,N/A,0,0,0,0,N/A,UNAVAILABLE
1786654333956,Forge,CAPTURE_ON,2,World Flythrough,117.38,8.52,9.40,N/A,5486.14,N/A,0,0,0,0,N/A,UNAVAILABLE
1786654333968,Forge,CAPTURE_ON,2,World Flythrough,81.31,12.30,9.40,N/A,5486.14,N/A,0,0,0,0,N/A,UNAVAILABLE
1786654333975,Forge,CAPTURE_ON,2,World Flythrough,127.42,7.85,9.40,N/A,5486.14,N/A,0,0,0,0,N/A,UNAVAILABLE
1786654333989,Forge,CAPTURE_ON,2,World Flythrough,70.07,14.27,9.40,N/A,5486.14,N/A,0,0,0,0,N/A,UNAVAILABLE
1786654334003,Forge,CAPTURE_ON,2,World Flythrough,80.92,12.36,9.40,N/A,5486.14,N/A,0,0,0,0,N/A,UNAVAILABLE
1786654334016,Forge,CAPTURE_ON,2,World Flythrough,72.26,13.84,9.40,N/A,5486.14,N/A,0,0,0,0,N/A,UNAVAILABLE
1786654334026,Forge,CAPTURE_ON,2,World Flythrough,106.88,9.36,9.40,N/A,5486.14,N/A,0,0,0,0,N/A,UNAVAILABLE
1786654334039,Forge,CAPTURE_ON,2,World Flythrough,74.21,13.48,9.40,N/A,5486.14,N/A,0,0,0,0,N/A,UNAVAILABLE
1786654334050,Forge,CAPTURE_ON,2,World Flythrough,92.83,10.77,9.40,N/A,5486.14,N/A,0,0,0,0,N/A,UNAVAILABLE
1786654334066,Forge,CAPTURE_ON,2,World Flythrough,60.74,16.46,9.40,N/A,5486.14,N/A,0,0,0,0,N/A,UNAVAILABLE
1786654334076,Forge,CAPTURE_ON,2,World Flythrough,102.88,9.72,9.40,N/A,5486.14,N/A,0,0,0,0,N/A,UNAVAILABLE
1786654334087,Forge,CAPTURE_ON,2,World Flythrough,95.10,10.51,9.40,N/A,5486.14,N/A,0,0,0,0,N/A,UNAVAILABLE
1786654334094,Forge,CAPTURE_ON,2,World Flythrough,121.88,8.20,9.40,N/A,5486.14,N/A,0,0,0,0,N/A,UNAVAILABLE
1786654334106,Forge,CAPTURE_ON,2,World Flythrough,83.10,12.03,9.40,N/A,5486.14,N/A,0,0,0,0,N/A,UNAVAILABLE
1786654334121,Forge,CAPTURE_ON,2,World Flythrough,70.30,14.22,9.40,N/A,5486.14,N/A,0,0,0,0,N/A,UNAVAILABLE
1786654334130,Forge,CAPTURE_ON,2,World Flythrough,103.82,9.63,9.40,N/A,5486.14,N/A,0,0,0,0,N/A,UNAVAILABLE
1786654334138,Forge,CAPTURE_ON,2,World Flythrough,124.29,8.05,9.40,N/A,5486.14,N/A,0,0,0,0,N/A,UNAVAILABLE
1786654334150,Forge,CAPTURE_ON,2,World Flythrough,92.76,10.78,9.40,N/A,5486.14,N/A,0,0,0,0,N/A,UNAVAILABLE
1786654334166,Forge,CAPTURE_ON,2,World Flythrough,59.71,16.75,9.40,N/A,5486.14,N/A,0,0,0,0,N/A,UNAVAILABLE
1786654334181,Forge,CAPTURE_ON,2,World Flythrough,69.69,14.35,9.40,N/A,5486.14,N/A,0,0,0,0,N/A,UNAVAILABLE
1786654334188,Forge,CAPTURE_ON,2,World Flythrough,120.31,8.31,9.40,N/A,5486.14,N/A,0,0,0,0,N/A,UNAVAILABLE
1786654334200,Forge,CAPTURE_ON,2,World Flythrough,87.34,11.45,9.40,N/A,5486.14,N/A,0,0,0,0,N/A,UNAVAILABLE
1786654334212,Forge,CAPTURE_ON,2,World Flythrough,82.56,12.11,9.40,N/A,5486.14,N/A,0,0,0,0,N/A,UNAVAILABLE
1786654334220,Forge,CAPTURE_ON,2,World Flythrough,115.20,8.68,9.40,N/A,5486.14,N/A,0,0,0,0,N/A,UNAVAILABLE
1786654334229,Forge,CAPTURE_ON,2,World Flythrough,119.22,8.39,9.40,N/A,5486.14,N/A,0,0,0,0,N/A,UNAVAILABLE
1786654334237,Forge,CAPTURE_ON,2,World Flythrough,125.94,7.94,9.40,N/A,5486.14,N/A,0,0,0,0,N/A,UNAVAILABLE
1786654334250,Forge,CAPTURE_ON,2,World Flythrough,80.92,12.36,9.40,N/A,5486.14,N/A,0,0,0,0,N/A,UNAVAILABLE
1786654334263,Forge,CAPTURE_ON,2,World Flythrough,75.80,13.19,9.40,N/A,5486.14,N/A,0,0,0,0,N/A,UNAVAILABLE
1786654334271,Forge,CAPTURE_ON,2,World Flythrough,129.90,7.70,9.40,N/A,5486.14,N/A,0,0,0,0,N/A,UNAVAILABLE
1786654334280,Forge,CAPTURE_ON,2,World Flythrough,101.62,9.84,9.40,N/A,5486.14,N/A,0,0,0,0,N/A,UNAVAILABLE
1786654334292,Forge,CAPTURE_ON,2,World Flythrough,85.66,11.67,9.40,N/A,5486.14,N/A,0,0,0,0,N/A,UNAVAILABLE
1786654334300,Forge,CAPTURE_ON,2,World Flythrough,125.99,7.94,9.40,N/A,5486.14,N/A,0,0,0,0,N/A,UNAVAILABLE
1786654334317,Forge,CAPTURE_ON,2,World Flythrough,58.44,17.11,9.40,N/A,5486.14,N/A,0,0,0,0,N/A,UNAVAILABLE
1786654334329,Forge,CAPTURE_ON,2,World Flythrough,83.86,11.93,9.40,N/A,5486.14,N/A,0,0,0,0,N/A,UNAVAILABLE
1786654334338,Forge,CAPTURE_ON,2,World Flythrough,110.91,9.02,9.40,N/A,5486.14,N/A,0,0,0,0,N/A,UNAVAILABLE
1786654334350,Forge,CAPTURE_ON,2,World Flythrough,85.95,11.63,9.40,N/A,5486.14,N/A,0,0,0,0,N/A,UNAVAILABLE
1786654334367,Forge,CAPTURE_ON,2,World Flythrough,57.24,17.47,9.40,N/A,5486.14,N/A,0,0,0,0,N/A,UNAVAILABLE
1786654334376,Forge,CAPTURE_ON,2,World Flythrough,104.43,9.58,9.40,N/A,5486.14,N/A,0,0,0,0,N/A,UNAVAILABLE
1786654334386,Forge,CAPTURE_ON,2,World Flythrough,113.04,8.85,9.40,N/A,5486.14,N/A,0,0,0,0,N/A,UNAVAILABLE
1786654334393,Forge,CAPTURE_ON,2,World Flythrough,134.84,7.42,9.40,N/A,5486.14,N/A,0,0,0,0,N/A,UNAVAILABLE
1786654334401,Forge,CAPTURE_ON,2,World Flythrough,121.23,8.25,9.40,N/A,5486.14,N/A,0,0,0,0,N/A,UNAVAILABLE
1786654334418,Forge,CAPTURE_ON,2,World Flythrough,57.85,17.28,9.40,N/A,5486.14,N/A,0,0,0,0,N/A,UNAVAILABLE
1786654334426,Forge,CAPTURE_ON,2,World Flythrough,134.72,7.42,9.40,N/A,5486.14,N/A,0,0,0,0,N/A,UNAVAILABLE
1786654334432,Forge,CAPTURE_ON,2,World Flythrough,145.20,6.89,9.40,N/A,5486.14,N/A,0,0,0,0,N/A,UNAVAILABLE
1786654334440,Forge,CAPTURE_ON,2,World Flythrough,142.05,7.04,9.40,N/A,5486.14,N/A,0,0,0,0,N/A,UNAVAILABLE
1786654334452,Forge,CAPTURE_ON,2,World Flythrough,82.73,12.09,9.40,N/A,5486.14,N/A,0,0,0,0,N/A,UNAVAILABLE
1786654334465,Forge,CAPTURE_ON,2,World Flythrough,73.80,13.55,9.40,N/A,5486.14,N/A,0,0,0,0,N/A,UNAVAILABLE
1786654334473,Forge,CAPTURE_ON,2,World Flythrough,130.04,7.69,9.40,N/A,5486.14,N/A,0,0,0,0,N/A,UNAVAILABLE
1786654334484,Forge,CAPTURE_ON,2,World Flythrough,86.70,11.53,9.40,N/A,5486.14,N/A,0,0,0,0,N/A,UNAVAILABLE
1786654334495,Forge,CAPTURE_ON,2,World Flythrough,101.00,9.90,9.40,N/A,5486.14,N/A,0,0,0,0,N/A,UNAVAILABLE
1786654334502,Forge,CAPTURE_ON,2,World Flythrough,133.23,7.51,9.40,N/A,5486.14,N/A,0,0,0,0,N/A,UNAVAILABLE
1786654334517,Forge,CAPTURE_ON,2,World Flythrough,65.28,15.32,9.40,N/A,5486.14,N/A,0,0,0,0,N/A,UNAVAILABLE
1786654334526,Forge,CAPTURE_ON,2,World Flythrough,114.63,8.72,9.40,N/A,5486.14,N/A,0,0,0,0,N/A,UNAVAILABLE
1786654334532,Forge,CAPTURE_ON,2,World Flythrough,143.18,6.98,9.40,N/A,5486.14,N/A,0,0,0,0,N/A,UNAVAILABLE
1786654334544,Forge,CAPTURE_ON,2,World Flythrough,86.58,11.55,9.40,N/A,5486.14,N/A,0,0,0,0,N/A,UNAVAILABLE
1786654334556,Forge,CAPTURE_ON,2,World Flythrough,90.37,11.07,9.40,N/A,5486.14,N/A,0,0,0,0,N/A,UNAVAILABLE
1786654334567,Forge,CAPTURE_ON,2,World Flythrough,84.21,11.88,9.40,N/A,5486.14,N/A,0,0,0,0,N/A,UNAVAILABLE
1786654334575,Forge,CAPTURE_ON,2,World Flythrough,132.12,7.57,9.40,N/A,5486.14,N/A,0,0,0,0,N/A,UNAVAILABLE
1786654334585,Forge,CAPTURE_ON,2,World Flythrough,96.57,10.36,9.40,N/A,5486.14,N/A,0,0,0,0,N/A,UNAVAILABLE
1786654334597,Forge,CAPTURE_ON,2,World Flythrough,89.84,11.13,9.40,N/A,5486.14,N/A,0,0,0,0,N/A,UNAVAILABLE
1786654334609,Forge,CAPTURE_ON,2,World Flythrough,76.82,13.02,9.40,N/A,5486.14,N/A,0,0,0,0,N/A,UNAVAILABLE
1786654334616,Forge,CAPTURE_ON,2,World Flythrough,134.57,7.43,9.40,N/A,5486.14,N/A,0,0,0,0,N/A,UNAVAILABLE
1786654334625,Forge,CAPTURE_ON,2,World Flythrough,126.96,7.88,9.40,N/A,5486.14,N/A,0,0,0,0,N/A,UNAVAILABLE
1786654334636,Forge,CAPTURE_ON,2,World Flythrough,92.11,10.86,9.40,N/A,5486.14,N/A,0,0,0,0,N/A,UNAVAILABLE
1786654334644,Forge,CAPTURE_ON,2,World Flythrough,125.10,7.99,9.40,N/A,5486.14,N/A,0,0,0,0,N/A,UNAVAILABLE
1786654334651,Forge,CAPTURE_ON,2,World Flythrough,140.73,7.11,9.40,N/A,5486.14,N/A,0,0,0,0,N/A,UNAVAILABLE
1786654334662,Forge,CAPTURE_ON,2,World Flythrough,86.38,11.58,9.40,N/A,5486.14,N/A,0,0,0,0,N/A,UNAVAILABLE
1786654334670,Forge,CAPTURE_ON,2,World Flythrough,131.05,7.63,9.40,N/A,5486.14,N/A,0,0,0,0,N/A,UNAVAILABLE
1786654334686,Forge,CAPTURE_ON,2,World Flythrough,63.09,15.85,9.40,N/A,5486.14,N/A,0,0,0,0,N/A,UNAVAILABLE
1786654334696,Forge,CAPTURE_ON,2,World Flythrough,99.76,10.02,9.40,N/A,5486.14,N/A,0,0,0,0,N/A,UNAVAILABLE
1786654334703,Forge,CAPTURE_ON,2,World Flythrough,135.83,7.36,9.40,N/A,5486.14,N/A,0,0,0,0,N/A,UNAVAILABLE
1786654334719,Forge,CAPTURE_ON,2,World Flythrough,61.99,16.13,9.40,N/A,5486.14,N/A,0,0,0,0,N/A,UNAVAILABLE
1786654334741,Forge,CAPTURE_ON,2,World Flythrough,48.05,20.81,9.40,N/A,5486.14,N/A,0,0,0,0,N/A,UNAVAILABLE
1786654334749,Forge,CAPTURE_ON,2,World Flythrough,110.17,9.08,9.40,N/A,5486.14,N/A,0,0,0,0,N/A,UNAVAILABLE
1786654334766,Forge,CAPTURE_ON,2,World Flythrough,61.02,16.39,9.40,N/A,5486.14,N/A,0,0,0,0,N/A,UNAVAILABLE
1786654334775,Forge,CAPTURE_ON,2,World Flythrough,103.10,9.70,9.40,N/A,5486.14,N/A,0,0,0,0,N/A,UNAVAILABLE
1786654334783,Forge,CAPTURE_ON,2,World Flythrough,137.06,7.30,9.40,N/A,5486.14,N/A,0,0,0,0,N/A,UNAVAILABLE
1786654334790,Forge,CAPTURE_ON,2,World Flythrough,139.91,7.15,9.40,N/A,5486.14,N/A,0,0,0,0,N/A,UNAVAILABLE
1786654334797,Forge,CAPTURE_ON,2,World Flythrough,135.89,7.36,9.40,N/A,5486.14,N/A,0,0,0,0,N/A,UNAVAILABLE
1786654334813,Forge,CAPTURE_ON,2,World Flythrough,63.61,15.72,9.40,N/A,5486.14,N/A,0,0,0,0,N/A,UNAVAILABLE
1786654334820,Forge,CAPTURE_ON,2,World Flythrough,129.76,7.71,9.40,N/A,5486.14,N/A,0,0,0,0,N/A,UNAVAILABLE
1786654334828,Forge,CAPTURE_ON,2,World Flythrough,137.40,7.28,9.40,N/A,5486.14,N/A,0,0,0,0,N/A,UNAVAILABLE
1786654334836,Forge,CAPTURE_ON,2,World Flythrough,127.87,7.82,9.40,N/A,5486.14,N/A,0,0,0,0,N/A,UNAVAILABLE
1786654334845,Forge,CAPTURE_ON,2,World Flythrough,107.06,9.34,9.40,N/A,5486.14,N/A,0,0,0,0,N/A,UNAVAILABLE
1786654334857,Forge,CAPTURE_ON,2,World Flythrough,89.85,11.13,9.40,N/A,5486.14,N/A,0,0,0,0,N/A,UNAVAILABLE
1786654334870,Forge,CAPTURE_ON,2,World Flythrough,72.73,13.75,9.40,N/A,5486.14,N/A,0,0,0,0,N/A,UNAVAILABLE
1786654334920,Forge,CAPTURE_ON,2,World Flythrough,122.68,8.15,8.57,N/A,5759.91,N/A,0,0,0,0,N/A,UNAVAILABLE
1786654334935,Forge,CAPTURE_ON,2,World Flythrough,17.79,56.20,8.57,N/A,5759.91,N/A,0,0,0,0,N/A,UNAVAILABLE
1786654334947,Forge,CAPTURE_ON,2,World Flythrough,82.11,12.18,8.57,N/A,5759.91,N/A,0,0,0,0,N/A,UNAVAILABLE
1786654334962,Forge,CAPTURE_ON,2,World Flythrough,66.59,15.02,8.57,N/A,5759.91,N/A,0,0,0,0,N/A,UNAVAILABLE
1786654334972,Forge,CAPTURE_ON,2,World Flythrough,100.29,9.97,8.57,N/A,5759.91,N/A,0,0,0,0,N/A,UNAVAILABLE
1786654334982,Forge,CAPTURE_ON,2,World Flythrough,97.48,10.26,8.57,N/A,5759.91,N/A,0,0,0,0,N/A,UNAVAILABLE
1786654334994,Forge,CAPTURE_ON,2,World Flythrough,85.67,11.67,8.57,N/A,5759.91,N/A,0,0,0,0,N/A,UNAVAILABLE
1786654335002,Forge,CAPTURE_ON,2,World Flythrough,124.35,8.04,8.57,N/A,5759.91,N/A,0,0,0,0,N/A,UNAVAILABLE
1786654335020,Forge,CAPTURE_ON,2,World Flythrough,52.25,19.14,8.57,N/A,5759.91,N/A,0,0,0,0,N/A,UNAVAILABLE
1786654335029,Forge,CAPTURE_ON,2,World Flythrough,125.38,7.98,8.57,N/A,5759.91,N/A,0,0,0,0,N/A,UNAVAILABLE
1786654335036,Forge,CAPTURE_ON,2,World Flythrough,139.24,7.18,8.57,N/A,5759.91,N/A,0,0,0,0,N/A,UNAVAILABLE
1786654335043,Forge,CAPTURE_ON,2,World Flythrough,148.44,6.74,8.57,N/A,5759.91,N/A,0,0,0,0,N/A,UNAVAILABLE
1786654335050,Forge,CAPTURE_ON,2,World Flythrough,125.20,7.99,8.57,N/A,5759.91,N/A,0,0,0,0,N/A,UNAVAILABLE
1786654335066,Forge,CAPTURE_ON,2,World Flythrough,63.79,15.68,8.57,N/A,5759.91,N/A,0,0,0,0,N/A,UNAVAILABLE
1786654335075,Forge,CAPTURE_ON,2,World Flythrough,106.69,9.37,8.57,N/A,5759.91,N/A,0,0,0,0,N/A,UNAVAILABLE
1786654335083,Forge,CAPTURE_ON,2,World Flythrough,129.68,7.71,8.57,N/A,5759.91,N/A,0,0,0,0,N/A,UNAVAILABLE
1786654335091,Forge,CAPTURE_ON,2,World Flythrough,132.33,7.56,8.57,N/A,5759.91,N/A,0,0,0,0,N/A,UNAVAILABLE
1786654335098,Forge,CAPTURE_ON,2,World Flythrough,136.86,7.31,8.57,N/A,5759.91,N/A,0,0,0,0,N/A,UNAVAILABLE
1786654335112,Forge,CAPTURE_ON,2,World Flythrough,74.36,13.45,8.57,N/A,5759.91,N/A,0,0,0,0,N/A,UNAVAILABLE
1786654335118,Forge,CAPTURE_ON,2,World Flythrough,153.69,6.51,8.57,N/A,5759.91,N/A,0,0,0,0,N/A,UNAVAILABLE
1786654335129,Forge,CAPTURE_ON,2,World Flythrough,92.96,10.76,8.57,N/A,5759.91,N/A,0,0,0,0,N/A,UNAVAILABLE
1786654335136,Forge,CAPTURE_ON,2,World Flythrough,142.89,7.00,8.57,N/A,5759.91,N/A,0,0,0,0,N/A,UNAVAILABLE
1786654335147,Forge,CAPTURE_ON,2,World Flythrough,87.76,11.39,8.57,N/A,5759.91,N/A,0,0,0,0,N/A,UNAVAILABLE
1786654335159,Forge,CAPTURE_ON,2,World Flythrough,88.37,11.32,8.57,N/A,5759.91,N/A,0,0,0,0,N/A,UNAVAILABLE
1786654335166,Forge,CAPTURE_ON,2,World Flythrough,132.57,7.54,8.57,N/A,5759.91,N/A,0,0,0,0,N/A,UNAVAILABLE
1786654335178,Forge,CAPTURE_ON,2,World Flythrough,83.53,11.97,8.57,N/A,5759.91,N/A,0,0,0,0,N/A,UNAVAILABLE
1786654335188,Forge,CAPTURE_ON,2,World Flythrough,96.37,10.38,8.57,N/A,5759.91,N/A,0,0,0,0,N/A,UNAVAILABLE
1786654335196,Forge,CAPTURE_ON,2,World Flythrough,125.71,7.95,8.57,N/A,5759.91,N/A,0,0,0,0,N/A,UNAVAILABLE
1786654335208,Forge,CAPTURE_ON,2,World Flythrough,89.21,11.21,8.57,N/A,5759.91,N/A,0,0,0,0,N/A,UNAVAILABLE
1786654335220,Forge,CAPTURE_ON,2,World Flythrough,79.96,12.51,8.57,N/A,5759.91,N/A,0,0,0,0,N/A,UNAVAILABLE
1786654335227,Forge,CAPTURE_ON,2,World Flythrough,135.16,7.40,8.57,N/A,5759.91,N/A,0,0,0,0,N/A,UNAVAILABLE
1786654335240,Forge,CAPTURE_ON,2,World Flythrough,83.90,11.92,8.57,N/A,5759.91,N/A,0,0,0,0,N/A,UNAVAILABLE
1786654335250,Forge,CAPTURE_ON,2,World Flythrough,90.57,11.04,8.57,N/A,5759.91,N/A,0,0,0,0,N/A,UNAVAILABLE
1786654335264,Forge,CAPTURE_ON,2,World Flythrough,76.87,13.01,8.57,N/A,5759.91,N/A,0,0,0,0,N/A,UNAVAILABLE
1786654335280,Forge,CAPTURE_ON,2,World Flythrough,59.56,16.79,8.57,N/A,5759.91,N/A,0,0,0,0,N/A,UNAVAILABLE
1786654335291,Forge,CAPTURE_ON,2,World Flythrough,101.11,9.89,8.57,N/A,5759.91,N/A,0,0,0,0,N/A,UNAVAILABLE
1786654335303,Forge,CAPTURE_ON,2,World Flythrough,76.92,13.00,8.57,N/A,5759.91,N/A,0,0,0,0,N/A,UNAVAILABLE
1786654335316,Forge,CAPTURE_ON,2,World Flythrough,77.14,12.96,8.57,N/A,5759.91,N/A,0,0,0,0,N/A,UNAVAILABLE
1786654335324,Forge,CAPTURE_ON,2,World Flythrough,130.05,7.69,8.57,N/A,5759.91,N/A,0,0,0,0,N/A,UNAVAILABLE
1786654335333,Forge,CAPTURE_ON,2,World Flythrough,120.46,8.30,8.57,N/A,5759.91,N/A,0,0,0,0,N/A,UNAVAILABLE
1786654335344,Forge,CAPTURE_ON,2,World Flythrough,86.62,11.54,8.57,N/A,5759.91,N/A,0,0,0,0,N/A,UNAVAILABLE
1786654335351,Forge,CAPTURE_ON,2,World Flythrough,128.83,7.76,8.57,N/A,5759.91,N/A,0,0,0,0,N/A,UNAVAILABLE
1786654335364,Forge,CAPTURE_ON,2,World Flythrough,85.14,11.75,8.57,N/A,5759.91,N/A,0,0,0,0,N/A,UNAVAILABLE
1786654335370,Forge,CAPTURE_ON,2,World Flythrough,146.89,6.81,8.57,N/A,5759.91,N/A,0,0,0,0,N/A,UNAVAILABLE
1786654335380,Forge,CAPTURE_ON,2,World Flythrough,97.31,10.28,8.57,N/A,5759.91,N/A,0,0,0,0,N/A,UNAVAILABLE
1786654335391,Forge,CAPTURE_ON,2,World Flythrough,94.43,10.59,8.57,N/A,5759.91,N/A,0,0,0,0,N/A,UNAVAILABLE
1786654335399,Forge,CAPTURE_ON,2,World Flythrough,128.98,7.75,8.57,N/A,5759.91,N/A,0,0,0,0,N/A,UNAVAILABLE
1786654335413,Forge,CAPTURE_ON,2,World Flythrough,69.22,14.45,8.57,N/A,5759.91,N/A,0,0,0,0,N/A,UNAVAILABLE
1786654335423,Forge,CAPTURE_ON,2,World Flythrough,104.01,9.61,8.57,N/A,5759.91,N/A,0,0,0,0,N/A,UNAVAILABLE
1786654335430,Forge,CAPTURE_ON,2,World Flythrough,131.83,7.59,8.57,N/A,5759.91,N/A,0,0,0,0,N/A,UNAVAILABLE
1786654335442,Forge,CAPTURE_ON,2,World Flythrough,92.52,10.81,8.57,N/A,5759.91,N/A,0,0,0,0,N/A,UNAVAILABLE
1786654335452,Forge,CAPTURE_ON,2,World Flythrough,99.37,10.06,8.57,N/A,5759.91,N/A,0,0,0,0,N/A,UNAVAILABLE
1786654335465,Forge,CAPTURE_ON,2,World Flythrough,70.91,14.10,8.57,N/A,5759.91,N/A,0,0,0,0,N/A,UNAVAILABLE
1786654335473,Forge,CAPTURE_ON,2,World Flythrough,129.99,7.69,8.57,N/A,5759.91,N/A,0,0,0,0,N/A,UNAVAILABLE
1786654335485,Forge,CAPTURE_ON,2,World Flythrough,86.03,11.62,8.57,N/A,5759.91,N/A,0,0,0,0,N/A,UNAVAILABLE
1786654335496,Forge,CAPTURE_ON,2,World Flythrough,86.82,11.52,8.57,N/A,5759.91,N/A,0,0,0,0,N/A,UNAVAILABLE
1786654335503,Forge,CAPTURE_ON,2,World Flythrough,138.24,7.23,8.57,N/A,5759.91,N/A,0,0,0,0,N/A,UNAVAILABLE
1786654335516,Forge,CAPTURE_ON,2,World Flythrough,77.49,12.91,8.57,N/A,5759.91,N/A,0,0,0,0,N/A,UNAVAILABLE
1786654335523,Forge,CAPTURE_ON,2,World Flythrough,140.82,7.10,8.57,N/A,5759.91,N/A,0,0,0,0,N/A,UNAVAILABLE
1786654335535,Forge,CAPTURE_ON,2,World Flythrough,92.94,10.76,8.57,N/A,5759.91,N/A,0,0,0,0,N/A,UNAVAILABLE
1786654335544,Forge,CAPTURE_ON,2,World Flythrough,97.71,10.23,8.57,N/A,5759.91,N/A,0,0,0,0,N/A,UNAVAILABLE
1786654335551,Forge,CAPTURE_ON,2,World Flythrough,144.45,6.92,8.57,N/A,5759.91,N/A,0,0,0,0,N/A,UNAVAILABLE
1786654335563,Forge,CAPTURE_ON,2,World Flythrough,86.73,11.53,8.57,N/A,5759.91,N/A,0,0,0,0,N/A,UNAVAILABLE
1786654335569,Forge,CAPTURE_ON,2,World Flythrough,143.07,6.99,8.57,N/A,5759.91,N/A,0,0,0,0,N/A,UNAVAILABLE
1786654335582,Forge,CAPTURE_ON,2,World Flythrough,79.65,12.55,8.57,N/A,5759.91,N/A,0,0,0,0,N/A,UNAVAILABLE
1786654335594,Forge,CAPTURE_ON,2,World Flythrough,90.09,11.10,8.57,N/A,5759.91,N/A,0,0,0,0,N/A,UNAVAILABLE
1786654335603,Forge,CAPTURE_ON,2,World Flythrough,107.35,9.32,8.57,N/A,5759.91,N/A,0,0,0,0,N/A,UNAVAILABLE
1786654335619,Forge,CAPTURE_ON,2,World Flythrough,62.49,16.00,8.57,N/A,5759.91,N/A,0,0,0,0,N/A,UNAVAILABLE
1786654335628,Forge,CAPTURE_ON,2,World Flythrough,115.10,8.69,8.57,N/A,5759.91,N/A,0,0,0,0,N/A,UNAVAILABLE
1786654335641,Forge,CAPTURE_ON,2,World Flythrough,76.57,13.06,8.57,N/A,5759.91,N/A,0,0,0,0,N/A,UNAVAILABLE
1786654335651,Forge,CAPTURE_ON,2,World Flythrough,93.27,10.72,8.57,N/A,5759.91,N/A,0,0,0,0,N/A,UNAVAILABLE
1786654335667,Forge,CAPTURE_ON,2,World Flythrough,65.91,15.17,8.57,N/A,5759.91,N/A,0,0,0,0,N/A,UNAVAILABLE
1786654335677,Forge,CAPTURE_ON,2,World Flythrough,89.42,11.18,8.57,N/A,5759.91,N/A,0,0,0,0,N/A,UNAVAILABLE
1786654335687,Forge,CAPTURE_ON,2,World Flythrough,113.15,8.84,8.57,N/A,5759.91,N/A,0,0,0,0,N/A,UNAVAILABLE
1786654335695,Forge,CAPTURE_ON,2,World Flythrough,112.05,8.92,8.57,N/A,5759.91,N/A,0,0,0,0,N/A,UNAVAILABLE
1786654335705,Forge,CAPTURE_ON,2,World Flythrough,105.61,9.47,8.57,N/A,5759.91,N/A,0,0,0,0,N/A,UNAVAILABLE
1786654335717,Forge,CAPTURE_ON,2,World Flythrough,83.18,12.02,8.57,N/A,5759.91,N/A,0,0,0,0,N/A,UNAVAILABLE
1786654335724,Forge,CAPTURE_ON,2,World Flythrough,138.85,7.20,8.57,N/A,5759.91,N/A,0,0,0,0,N/A,UNAVAILABLE
1786654335731,Forge,CAPTURE_ON,2,World Flythrough,137.27,7.28,8.57,N/A,5759.91,N/A,0,0,0,0,N/A,UNAVAILABLE
1786654335738,Forge,CAPTURE_ON,2,World Flythrough,143.52,6.97,8.57,N/A,5759.91,N/A,0,0,0,0,N/A,UNAVAILABLE
1786654335748,Forge,CAPTURE_ON,2,World Flythrough,98.09,10.19,8.57,N/A,5759.91,N/A,0,0,0,0,N/A,UNAVAILABLE
1786654335760,Forge,CAPTURE_ON,2,World Flythrough,92.99,10.75,8.57,N/A,5759.91,N/A,0,0,0,0,N/A,UNAVAILABLE
1786654335766,Forge,CAPTURE_ON,2,World Flythrough,139.27,7.18,8.57,N/A,5759.91,N/A,0,0,0,0,N/A,UNAVAILABLE
1786654335774,Forge,CAPTURE_ON,2,World Flythrough,135.58,7.38,8.57,N/A,5759.91,N/A,0,0,0,0,N/A,UNAVAILABLE
1786654335782,Forge,CAPTURE_ON,2,World Flythrough,131.62,7.60,8.57,N/A,5759.91,N/A,0,0,0,0,N/A,UNAVAILABLE
1786654335788,Forge,CAPTURE_ON,2,World Flythrough,151.87,6.58,8.57,N/A,5759.91,N/A,0,0,0,0,N/A,UNAVAILABLE
1786654335795,Forge,CAPTURE_ON,2,World Flythrough,148.21,6.75,8.57,N/A,5759.91,N/A,0,0,0,0,N/A,UNAVAILABLE
1786654335804,Forge,CAPTURE_ON,2,World Flythrough,119.70,8.35,8.57,N/A,5759.91,N/A,0,0,0,0,N/A,UNAVAILABLE
1786654335814,Forge,CAPTURE_ON,2,World Flythrough,91.30,10.95,8.57,N/A,5759.91,N/A,0,0,0,0,N/A,UNAVAILABLE
1786654335827,Forge,CAPTURE_ON,2,World Flythrough,76.81,13.02,8.57,N/A,5759.91,N/A,0,0,0,0,N/A,UNAVAILABLE
1786654335835,Forge,CAPTURE_ON,2,World Flythrough,121.48,8.23,8.57,N/A,5759.91,N/A,0,0,0,0,N/A,UNAVAILABLE
1786654335842,Forge,CAPTURE_ON,2,World Flythrough,145.19,6.89,8.57,N/A,5759.91,N/A,0,0,0,0,N/A,UNAVAILABLE
1786654335850,Forge,CAPTURE_ON,2,World Flythrough,132.04,7.57,8.57,N/A,5759.91,N/A,0,0,0,0,N/A,UNAVAILABLE
1786654335869,Forge,CAPTURE_ON,2,World Flythrough,53.22,18.79,8.57,N/A,5759.91,N/A,0,0,0,0,N/A,UNAVAILABLE
1786654335877,Forge,CAPTURE_ON,2,World Flythrough,113.18,8.84,8.57,N/A,5759.91,N/A,0,0,0,0,N/A,UNAVAILABLE
1786654335928,Forge,CAPTURE_ON,2,World Flythrough,119.93,8.34,9.38,N/A,5321.94,N/A,0,0,0,0,N/A,UNAVAILABLE
1786654335942,Forge,CAPTURE_ON,2,World Flythrough,17.73,56.41,9.38,N/A,5321.94,N/A,0,0,0,0,N/A,UNAVAILABLE
1786654335949,Forge,CAPTURE_ON,2,World Flythrough,140.47,7.12,9.38,N/A,5321.94,N/A,0,0,0,0,N/A,UNAVAILABLE
1786654335960,Forge,CAPTURE_ON,2,World Flythrough,88.81,11.26,9.38,N/A,5321.94,N/A,0,0,0,0,N/A,UNAVAILABLE
1786654335969,Forge,CAPTURE_ON,2,World Flythrough,109.53,9.13,9.38,N/A,5321.94,N/A,0,0,0,0,N/A,UNAVAILABLE
1786654335984,Forge,CAPTURE_ON,2,World Flythrough,70.35,14.21,9.38,N/A,5321.94,N/A,0,0,0,0,N/A,UNAVAILABLE
1786654335992,Forge,CAPTURE_ON,2,World Flythrough,123.35,8.11,9.38,N/A,5321.94,N/A,0,0,0,0,N/A,UNAVAILABLE
1786654335999,Forge,CAPTURE_ON,2,World Flythrough,145.95,6.85,9.38,N/A,5321.94,N/A,0,0,0,0,N/A,UNAVAILABLE
1786654336015,Forge,CAPTURE_ON,2,World Flythrough,60.55,16.52,9.38,N/A,5321.94,N/A,0,0,0,0,N/A,UNAVAILABLE
1786654336027,Forge,CAPTURE_ON,2,World Flythrough,89.64,11.16,9.38,N/A,5321.94,N/A,0,0,0,0,N/A,UNAVAILABLE
1786654336033,Forge,CAPTURE_ON,2,World Flythrough,150.13,6.66,9.38,N/A,5321.94,N/A,0,0,0,0,N/A,UNAVAILABLE
1786654336041,Forge,CAPTURE_ON,2,World Flythrough,129.28,7.74,9.38,N/A,5321.94,N/A,0,0,0,0,N/A,UNAVAILABLE
1786654336051,Forge,CAPTURE_ON,2,World Flythrough,96.14,10.40,9.38,N/A,5321.94,N/A,0,0,0,0,N/A,UNAVAILABLE
1786654336067,Forge,CAPTURE_ON,2,World Flythrough,61.80,16.18,9.38,N/A,5321.94,N/A,0,0,0,0,N/A,UNAVAILABLE
1786654336076,Forge,CAPTURE_ON,2,World Flythrough,114.26,8.75,9.38,N/A,5321.94,N/A,0,0,0,0,N/A,UNAVAILABLE
1786654336086,Forge,CAPTURE_ON,2,World Flythrough,102.14,9.79,9.38,N/A,5321.94,N/A,0,0,0,0,N/A,UNAVAILABLE
1786654336095,Forge,CAPTURE_ON,2,World Flythrough,110.33,9.06,9.38,N/A,5321.94,N/A,0,0,0,0,N/A,UNAVAILABLE
1786654336102,Forge,CAPTURE_ON,2,World Flythrough,143.81,6.95,9.38,N/A,5321.94,N/A,0,0,0,0,N/A,UNAVAILABLE
1786654336114,Forge,CAPTURE_ON,2,World Flythrough,81.00,12.35,9.38,N/A,5321.94,N/A,0,0,0,0,N/A,UNAVAILABLE
1786654336127,Forge,CAPTURE_ON,2,World Flythrough,76.94,13.00,9.38,N/A,5321.94,N/A,0,0,0,0,N/A,UNAVAILABLE
1786654336136,Forge,CAPTURE_ON,2,World Flythrough,117.06,8.54,9.38,N/A,5321.94,N/A,0,0,0,0,N/A,UNAVAILABLE
1786654336143,Forge,CAPTURE_ON,2,World Flythrough,130.02,7.69,9.38,N/A,5321.94,N/A,0,0,0,0,N/A,UNAVAILABLE
1786654336150,Forge,CAPTURE_ON,2,World Flythrough,140.74,7.11,9.38,N/A,5321.94,N/A,0,0,0,0,N/A,UNAVAILABLE
1786654336168,Forge,CAPTURE_ON,2,World Flythrough,57.63,17.35,9.38,N/A,5321.94,N/A,0,0,0,0,N/A,UNAVAILABLE
1786654336176,Forge,CAPTURE_ON,2,World Flythrough,124.52,8.03,9.38,N/A,5321.94,N/A,0,0,0,0,N/A,UNAVAILABLE
1786654336183,Forge,CAPTURE_ON,2,World Flythrough,143.06,6.99,9.38,N/A,5321.94,N/A,0,0,0,0,N/A,UNAVAILABLE
1786654336192,Forge,CAPTURE_ON,2,World Flythrough,108.50,9.22,9.38,N/A,5321.94,N/A,0,0,0,0,N/A,UNAVAILABLE
1786654336201,Forge,CAPTURE_ON,2,World Flythrough,112.91,8.86,9.38,N/A,5321.94,N/A,0,0,0,0,N/A,UNAVAILABLE
1786654336218,Forge,CAPTURE_ON,2,World Flythrough,58.47,17.10,9.38,N/A,5321.94,N/A,0,0,0,0,N/A,UNAVAILABLE
1786654336227,Forge,CAPTURE_ON,2,World Flythrough,111.00,9.01,9.38,N/A,5321.94,N/A,0,0,0,0,N/A,UNAVAILABLE
1786654336239,Forge,CAPTURE_ON,2,World Flythrough,81.90,12.21,9.38,N/A,5321.94,N/A,0,0,0,0,N/A,UNAVAILABLE
1786654336246,Forge,CAPTURE_ON,2,World Flythrough,136.09,7.35,9.38,N/A,5321.94,N/A,0,0,0,0,N/A,UNAVAILABLE
1786654336263,Forge,CAPTURE_ON,2,World Flythrough,63.37,15.78,9.38,N/A,5321.94,N/A,0,0,0,0,N/A,UNAVAILABLE
1786654336271,Forge,CAPTURE_ON,2,World Flythrough,117.82,8.49,9.38,N/A,5321.94,N/A,0,0,0,0,N/A,UNAVAILABLE
1786654336283,Forge,CAPTURE_ON,2,World Flythrough,86.09,11.62,9.38,N/A,5321.94,N/A,0,0,0,0,N/A,UNAVAILABLE
1786654336290,Forge,CAPTURE_ON,2,World Flythrough,130.80,7.65,9.38,N/A,5321.94,N/A,0,0,0,0,N/A,UNAVAILABLE
1786654336297,Forge,CAPTURE_ON,2,World Flythrough,139.44,7.17,9.38,N/A,5321.94,N/A,0,0,0,0,N/A,UNAVAILABLE
1786654336316,Forge,CAPTURE_ON,2,World Flythrough,53.26,18.78,9.38,N/A,5321.94,N/A,0,0,0,0,N/A,UNAVAILABLE
1786654336323,Forge,CAPTURE_ON,2,World Flythrough,137.47,7.27,9.38,N/A,5321.94,N/A,0,0,0,0,N/A,UNAVAILABLE
1786654336331,Forge,CAPTURE_ON,2,World Flythrough,146.37,6.83,9.38,N/A,5321.94,N/A,0,0,0,0,N/A,UNAVAILABLE
1786654336338,Forge,CAPTURE_ON,2,World Flythrough,134.57,7.43,9.38,N/A,5321.94,N/A,0,0,0,0,N/A,UNAVAILABLE
1786654336349,Forge,CAPTURE_ON,2,World Flythrough,86.33,11.58,9.38,N/A,5321.94,N/A,0,0,0,0,N/A,UNAVAILABLE
1786654336364,Forge,CAPTURE_ON,2,World Flythrough,71.18,14.05,9.38,N/A,5321.94,N/A,0,0,0,0,N/A,UNAVAILABLE
1786654336378,Forge,CAPTURE_ON,2,World Flythrough,67.24,14.87,9.38,N/A,5321.94,N/A,0,0,0,0,N/A,UNAVAILABLE
1786654336388,Forge,CAPTURE_ON,2,World Flythrough,102.18,9.79,9.38,N/A,5321.94,N/A,0,0,0,0,N/A,UNAVAILABLE
1786654336395,Forge,CAPTURE_ON,2,World Flythrough,146.16,6.84,9.38,N/A,5321.94,N/A,0,0,0,0,N/A,UNAVAILABLE
1786654336407,Forge,CAPTURE_ON,2,World Flythrough,84.40,11.85,9.38,N/A,5321.94,N/A,0,0,0,0,N/A,UNAVAILABLE
1786654336419,Forge,CAPTURE_ON,2,World Flythrough,78.99,12.66,9.38,N/A,5321.94,N/A,0,0,0,0,N/A,UNAVAILABLE
1786654336429,Forge,CAPTURE_ON,2,World Flythrough,101.96,9.81,9.38,N/A,5321.94,N/A,0,0,0,0,N/A,UNAVAILABLE
1786654336436,Forge,CAPTURE_ON,2,World Flythrough,146.24,6.84,9.38,N/A,5321.94,N/A,0,0,0,0,N/A,UNAVAILABLE
1786654336445,Forge,CAPTURE_ON,2,World Flythrough,103.55,9.66,9.38,N/A,5321.94,N/A,0,0,0,0,N/A,UNAVAILABLE
1786654336454,Forge,CAPTURE_ON,2,World Flythrough,125.20,7.99,9.38,N/A,5321.94,N/A,0,0,0,0,N/A,UNAVAILABLE
1786654336471,Forge,CAPTURE_ON,2,World Flythrough,56.96,17.56,9.38,N/A,5321.94,N/A,0,0,0,0,N/A,UNAVAILABLE
1786654336482,Forge,CAPTURE_ON,2,World Flythrough,86.66,11.54,9.38,N/A,5321.94,N/A,0,0,0,0,N/A,UNAVAILABLE
1786654336491,Forge,CAPTURE_ON,2,World Flythrough,122.30,8.18,9.38,N/A,5321.94,N/A,0,0,0,0,N/A,UNAVAILABLE
1786654336497,Forge,CAPTURE_ON,2,World Flythrough,158.24,6.32,9.38,N/A,5321.94,N/A,0,0,0,0,N/A,UNAVAILABLE
1786654336518,Forge,CAPTURE_ON,2,World Flythrough,47.49,21.06,9.38,N/A,5321.94,N/A,0,0,0,0,N/A,UNAVAILABLE
1786654336526,Forge,CAPTURE_ON,2,World Flythrough,123.47,8.10,9.38,N/A,5321.94,N/A,0,0,0,0,N/A,UNAVAILABLE
1786654336534,Forge,CAPTURE_ON,2,World Flythrough,123.94,8.07,9.38,N/A,5321.94,N/A,0,0,0,0,N/A,UNAVAILABLE
1786654336543,Forge,CAPTURE_ON,2,World Flythrough,112.79,8.87,9.38,N/A,5321.94,N/A,0,0,0,0,N/A,UNAVAILABLE
1786654336557,Forge,CAPTURE_ON,2,World Flythrough,71.85,13.92,9.38,N/A,5321.94,N/A,0,0,0,0,N/A,UNAVAILABLE
1786654336570,Forge,CAPTURE_ON,2,World Flythrough,74.80,13.37,9.38,N/A,5321.94,N/A,0,0,0,0,N/A,UNAVAILABLE
1786654336579,Forge,CAPTURE_ON,2,World Flythrough,121.12,8.26,9.38,N/A,5321.94,N/A,0,0,0,0,N/A,UNAVAILABLE
1786654336587,Forge,CAPTURE_ON,2,World Flythrough,114.12,8.76,9.38,N/A,5321.94,N/A,0,0,0,0,N/A,UNAVAILABLE
1786654336599,Forge,CAPTURE_ON,2,World Flythrough,86.00,11.63,9.38,N/A,5321.94,N/A,0,0,0,0,N/A,UNAVAILABLE
1786654336616,Forge,CAPTURE_ON,2,World Flythrough,60.33,16.58,9.38,N/A,5321.94,N/A,0,0,0,0,N/A,UNAVAILABLE
1786654336626,Forge,CAPTURE_ON,2,World Flythrough,106.25,9.41,9.38,N/A,5321.94,N/A,0,0,0,0,N/A,UNAVAILABLE
1786654336638,Forge,CAPTURE_ON,2,World Flythrough,79.18,12.63,9.38,N/A,5321.94,N/A,0,0,0,0,N/A,UNAVAILABLE
1786654336646,Forge,CAPTURE_ON,2,World Flythrough,132.50,7.55,9.38,N/A,5321.94,N/A,0,0,0,0,N/A,UNAVAILABLE
1786654336654,Forge,CAPTURE_ON,2,World Flythrough,110.84,9.02,9.38,N/A,5321.94,N/A,0,0,0,0,N/A,UNAVAILABLE
1786654336668,Forge,CAPTURE_ON,2,World Flythrough,71.62,13.96,9.38,N/A,5321.94,N/A,0,0,0,0,N/A,UNAVAILABLE
1786654336680,Forge,CAPTURE_ON,2,World Flythrough,86.46,11.57,9.38,N/A,5321.94,N/A,0,0,0,0,N/A,UNAVAILABLE
1786654336687,Forge,CAPTURE_ON,2,World Flythrough,137.63,7.27,9.38,N/A,5321.94,N/A,0,0,0,0,N/A,UNAVAILABLE
1786654336694,Forge,CAPTURE_ON,2,World Flythrough,140.25,7.13,9.38,N/A,5321.94,N/A,0,0,0,0,N/A,UNAVAILABLE
1786654336704,Forge,CAPTURE_ON,2,World Flythrough,102.22,9.78,9.38,N/A,5321.94,N/A,0,0,0,0,N/A,UNAVAILABLE
1786654336724,Forge,CAPTURE_ON,2,World Flythrough,49.81,20.08,9.38,N/A,5321.94,N/A,0,0,0,0,N/A,UNAVAILABLE
1786654336733,Forge,CAPTURE_ON,2,World Flythrough,110.75,9.03,9.38,N/A,5321.94,N/A,0,0,0,0,N/A,UNAVAILABLE
1786654336747,Forge,CAPTURE_ON,2,World Flythrough,73.01,13.70,9.38,N/A,5321.94,N/A,0,0,0,0,N/A,UNAVAILABLE
1786654336766,Forge,CAPTURE_ON,2,World Flythrough,54.76,18.26,9.38,N/A,5321.94,N/A,0,0,0,0,N/A,UNAVAILABLE
1786654336773,Forge,CAPTURE_ON,2,World Flythrough,121.19,8.25,9.38,N/A,5321.94,N/A,0,0,0,0,N/A,UNAVAILABLE
1786654336782,Forge,CAPTURE_ON,2,World Flythrough,112.98,8.85,9.38,N/A,5321.94,N/A,0,0,0,0,N/A,UNAVAILABLE
1786654336793,Forge,CAPTURE_ON,2,World Flythrough,90.43,11.06,9.38,N/A,5321.94,N/A,0,0,0,0,N/A,UNAVAILABLE
1786654336804,Forge,CAPTURE_ON,2,World Flythrough,100.57,9.94,9.38,N/A,5321.94,N/A,0,0,0,0,N/A,UNAVAILABLE
1786654336815,Forge,CAPTURE_ON,2,World Flythrough,85.99,11.63,9.38,N/A,5321.94,N/A,0,0,0,0,N/A,UNAVAILABLE
1786654336823,Forge,CAPTURE_ON,2,World Flythrough,140.03,7.14,9.38,N/A,5321.94,N/A,0,0,0,0,N/A,UNAVAILABLE
1786654336832,Forge,CAPTURE_ON,2,World Flythrough,108.79,9.19,9.38,N/A,5321.94,N/A,0,0,0,0,N/A,UNAVAILABLE
1786654336842,Forge,CAPTURE_ON,2,World Flythrough,90.22,11.08,9.38,N/A,5321.94,N/A,0,0,0,0,N/A,UNAVAILABLE
1786654336853,Forge,CAPTURE_ON,2,World Flythrough,89.84,11.13,9.38,N/A,5321.94,N/A,0,0,0,0,N/A,UNAVAILABLE
1786654336867,Forge,CAPTURE_ON,2,World Flythrough,72.95,13.71,9.38,N/A,5321.94,N/A,0,0,0,0,N/A,UNAVAILABLE
1786654336877,Forge,CAPTURE_ON,2,World Flythrough,107.77,9.28,9.38,N/A,5321.94,N/A,0,0,0,0,N/A,UNAVAILABLE
1786654336884,Forge,CAPTURE_ON,2,World Flythrough,137.88,7.25,9.38,N/A,5321.94,N/A,0,0,0,0,N/A,UNAVAILABLE
1786654336933,Forge,CAPTURE_ON,2,World Flythrough,86.43,11.57,7.87,N/A,5595.94,N/A,0,0,0,0,N/A,UNAVAILABLE
1786654336946,Forge,CAPTURE_ON,2,World Flythrough,19.94,50.15,7.87,N/A,5595.94,N/A,0,0,0,0,N/A,UNAVAILABLE
1786654336967,Forge,CAPTURE_ON,2,World Flythrough,46.53,21.49,7.87,N/A,5595.94,N/A,0,0,0,0,N/A,UNAVAILABLE
1786654336975,Forge,CAPTURE_ON,2,World Flythrough,115.67,8.65,7.87,N/A,5595.94,N/A,0,0,0,0,N/A,UNAVAILABLE
1786654336988,Forge,CAPTURE_ON,2,World Flythrough,84.08,11.89,7.87,N/A,5595.94,N/A,0,0,0,0,N/A,UNAVAILABLE
1786654336994,Forge,CAPTURE_ON,2,World Flythrough,151.36,6.61,7.87,N/A,5595.94,N/A,0,0,0,0,N/A,UNAVAILABLE
1786654337001,Forge,CAPTURE_ON,2,World Flythrough,141.62,7.06,7.87,N/A,5595.94,N/A,0,0,0,0,N/A,UNAVAILABLE
1786654337018,Forge,CAPTURE_ON,2,World Flythrough,60.81,16.45,7.87,N/A,5595.94,N/A,0,0,0,0,N/A,UNAVAILABLE
1786654337027,Forge,CAPTURE_ON,2,World Flythrough,114.25,8.75,7.87,N/A,5595.94,N/A,0,0,0,0,N/A,UNAVAILABLE
1786654337033,Forge,CAPTURE_ON,2,World Flythrough,154.59,6.47,7.87,N/A,5595.94,N/A,0,0,0,0,N/A,UNAVAILABLE
1786654337040,Forge,CAPTURE_ON,2,World Flythrough,141.14,7.09,7.87,N/A,5595.94,N/A,0,0,0,0,N/A,UNAVAILABLE
1786654337047,Forge,CAPTURE_ON,2,World Flythrough,133.89,7.47,7.87,N/A,5595.94,N/A,0,0,0,0,N/A,UNAVAILABLE
1786654337066,Forge,CAPTURE_ON,2,World Flythrough,54.56,18.33,7.87,N/A,5595.94,N/A,0,0,0,0,N/A,UNAVAILABLE
1786654337072,Forge,CAPTURE_ON,2,World Flythrough,154.26,6.48,7.87,N/A,5595.94,N/A,0,0,0,0,N/A,UNAVAILABLE
1786654337079,Forge,CAPTURE_ON,2,World Flythrough,136.98,7.30,7.87,N/A,5595.94,N/A,0,0,0,0,N/A,UNAVAILABLE
1786654337086,Forge,CAPTURE_ON,2,World Flythrough,155.37,6.44,7.87,N/A,5595.94,N/A,0,0,0,0,N/A,UNAVAILABLE
1786654337096,Forge,CAPTURE_ON,2,World Flythrough,100.52,9.95,7.87,N/A,5595.94,N/A,0,0,0,0,N/A,UNAVAILABLE
1786654337103,Forge,CAPTURE_ON,2,World Flythrough,138.25,7.23,7.87,N/A,5595.94,N/A,0,0,0,0,N/A,UNAVAILABLE
1786654337118,Forge,CAPTURE_ON,2,World Flythrough,65.47,15.28,7.87,N/A,5595.94,N/A,0,0,0,0,N/A,UNAVAILABLE
1786654337126,Forge,CAPTURE_ON,2,World Flythrough,132.25,7.56,7.87,N/A,5595.94,N/A,0,0,0,0,N/A,UNAVAILABLE
1786654337137,Forge,CAPTURE_ON,2,World Flythrough,91.84,10.89,7.87,N/A,5595.94,N/A,0,0,0,0,N/A,UNAVAILABLE
1786654337146,Forge,CAPTURE_ON,2,World Flythrough,107.47,9.31,7.87,N/A,5595.94,N/A,0,0,0,0,N/A,UNAVAILABLE
1786654337156,Forge,CAPTURE_ON,2,World Flythrough,106.51,9.39,7.87,N/A,5595.94,N/A,0,0,0,0,N/A,UNAVAILABLE
1786654337172,Forge,CAPTURE_ON,2,World Flythrough,59.40,16.83,7.87,N/A,5595.94,N/A,0,0,0,0,N/A,UNAVAILABLE
1786654337180,Forge,CAPTURE_ON,2,World Flythrough,149.16,6.70,7.87,N/A,5595.94,N/A,0,0,0,0,N/A,UNAVAILABLE
1786654337186,Forge,CAPTURE_ON,2,World Flythrough,124.34,8.04,7.87,N/A,5595.94,N/A,0,0,0,0,N/A,UNAVAILABLE
1786654337197,Forge,CAPTURE_ON,2,World Flythrough,98.53,10.15,7.87,N/A,5595.94,N/A,0,0,0,0,N/A,UNAVAILABLE
1786654337215,Forge,CAPTURE_ON,2,World Flythrough,59.45,16.82,7.87,N/A,5595.94,N/A,0,0,0,0,N/A,UNAVAILABLE
1786654337221,Forge,CAPTURE_ON,2,World Flythrough,137.22,7.29,7.87,N/A,5595.94,N/A,0,0,0,0,N/A,UNAVAILABLE
1786654337229,Forge,CAPTURE_ON,2,World Flythrough,130.67,7.65,7.87,N/A,5595.94,N/A,0,0,0,0,N/A,UNAVAILABLE
1786654337236,Forge,CAPTURE_ON,2,World Flythrough,134.14,7.45,7.87,N/A,5595.94,N/A,0,0,0,0,N/A,UNAVAILABLE
1786654337248,Forge,CAPTURE_ON,2,World Flythrough,84.07,11.89,7.87,N/A,5595.94,N/A,0,0,0,0,N/A,UNAVAILABLE
1786654337264,Forge,CAPTURE_ON,2,World Flythrough,65.19,15.34,7.87,N/A,5595.94,N/A,0,0,0,0,N/A,UNAVAILABLE
1786654337270,Forge,CAPTURE_ON,2,World Flythrough,155.52,6.43,7.87,N/A,5595.94,N/A,0,0,0,0,N/A,UNAVAILABLE
1786654337279,Forge,CAPTURE_ON,2,World Flythrough,115.44,8.66,7.87,N/A,5595.94,N/A,0,0,0,0,N/A,UNAVAILABLE
1786654337288,Forge,CAPTURE_ON,2,World Flythrough,112.28,8.91,7.87,N/A,5595.94,N/A,0,0,0,0,N/A,UNAVAILABLE
1786654337298,Forge,CAPTURE_ON,2,World Flythrough,94.21,10.61,7.87,N/A,5595.94,N/A,0,0,0,0,N/A,UNAVAILABLE
1786654337312,Forge,CAPTURE_ON,2,World Flythrough,73.55,13.60,7.87,N/A,5595.94,N/A,0,0,0,0,N/A,UNAVAILABLE
1786654337323,Forge,CAPTURE_ON,2,World Flythrough,91.91,10.88,7.87,N/A,5595.94,N/A,0,0,0,0,N/A,UNAVAILABLE
1786654337329,Forge,CAPTURE_ON,2,World Flythrough,154.64,6.47,7.87,N/A,5595.94,N/A,0,0,0,0,N/A,UNAVAILABLE
1786654337339,Forge,CAPTURE_ON,2,World Flythrough,102.33,9.77,7.87,N/A,5595.94,N/A,0,0,0,0,N/A,UNAVAILABLE
1786654337346,Forge,CAPTURE_ON,2,World Flythrough,127.02,7.87,7.87,N/A,5595.94,N/A,0,0,0,0,N/A,UNAVAILABLE
1786654337363,Forge,CAPTURE_ON,2,World Flythrough,65.70,15.22,7.87,N/A,5595.94,N/A,0,0,0,0,N/A,UNAVAILABLE
1786654337369,Forge,CAPTURE_ON,2,World Flythrough,159.67,6.26,7.87,N/A,5595.94,N/A,0,0,0,0,N/A,UNAVAILABLE
1786654337375,Forge,CAPTURE_ON,2,World Flythrough,146.35,6.83,7.87,N/A,5595.94,N/A,0,0,0,0,N/A,UNAVAILABLE
1786654337385,Forge,CAPTURE_ON,2,World Flythrough,105.02,9.52,7.87,N/A,5595.94,N/A,0,0,0,0,N/A,UNAVAILABLE
1786654337393,Forge,CAPTURE_ON,2,World Flythrough,121.92,8.20,7.87,N/A,5595.94,N/A,0,0,0,0,N/A,UNAVAILABLE
1786654337404,Forge,CAPTURE_ON,2,World Flythrough,94.63,10.57,7.87,N/A,5595.94,N/A,0,0,0,0,N/A,UNAVAILABLE
1786654337415,Forge,CAPTURE_ON,2,World Flythrough,88.42,11.31,7.87,N/A,5595.94,N/A,0,0,0,0,N/A,UNAVAILABLE
1786654337423,Forge,CAPTURE_ON,2,World Flythrough,120.51,8.30,7.87,N/A,5595.94,N/A,0,0,0,0,N/A,UNAVAILABLE
1786654337434,Forge,CAPTURE_ON,2,World Flythrough,92.60,10.80,7.87,N/A,5595.94,N/A,0,0,0,0,N/A,UNAVAILABLE
1786654337440,Forge,CAPTURE_ON,2,World Flythrough,149.41,6.69,7.87,N/A,5595.94,N/A,0,0,0,0,N/A,UNAVAILABLE
1786654337447,Forge,CAPTURE_ON,2,World Flythrough,146.48,6.83,7.87,N/A,5595.94,N/A,0,0,0,0,N/A,UNAVAILABLE
1786654337460,Forge,CAPTURE_ON,2,World Flythrough,82.38,12.14,7.87,N/A,5595.94,N/A,0,0,0,0,N/A,UNAVAILABLE
1786654337475,Forge,CAPTURE_ON,2,World Flythrough,65.95,15.16,7.87,N/A,5595.94,N/A,0,0,0,0,N/A,UNAVAILABLE
1786654337486,Forge,CAPTURE_ON,2,World Flythrough,92.93,10.76,7.87,N/A,5595.94,N/A,0,0,0,0,N/A,UNAVAILABLE
1786654337492,Forge,CAPTURE_ON,2,World Flythrough,145.22,6.89,7.87,N/A,5595.94,N/A,0,0,0,0,N/A,UNAVAILABLE
1786654337500,Forge,CAPTURE_ON,2,World Flythrough,135.07,7.40,7.87,N/A,5595.94,N/A,0,0,0,0,N/A,UNAVAILABLE
1786654337517,Forge,CAPTURE_ON,2,World Flythrough,60.77,16.46,7.87,N/A,5595.94,N/A,0,0,0,0,N/A,UNAVAILABLE
1786654337526,Forge,CAPTURE_ON,2,World Flythrough,100.27,9.97,7.87,N/A,5595.94,N/A,0,0,0,0,N/A,UNAVAILABLE
1786654337533,Forge,CAPTURE_ON,2,World Flythrough,135.93,7.36,7.87,N/A,5595.94,N/A,0,0,0,0,N/A,UNAVAILABLE
1786654337542,Forge,CAPTURE_ON,2,World Flythrough,111.53,8.97,7.87,N/A,5595.94,N/A,0,0,0,0,N/A,UNAVAILABLE
1786654337552,Forge,CAPTURE_ON,2,World Flythrough,115.42,8.66,7.87,N/A,5595.94,N/A,0,0,0,0,N/A,UNAVAILABLE
1786654337562,Forge,CAPTURE_ON,2,World Flythrough,89.34,11.19,7.87,N/A,5595.94,N/A,0,0,0,0,N/A,UNAVAILABLE
1786654337570,Forge,CAPTURE_ON,2,World Flythrough,141.09,7.09,7.87,N/A,5595.94,N/A,0,0,0,0,N/A,UNAVAILABLE
1786654337580,Forge,CAPTURE_ON,2,World Flythrough,95.18,10.51,7.87,N/A,5595.94,N/A,0,0,0,0,N/A,UNAVAILABLE
1786654337587,Forge,CAPTURE_ON,2,World Flythrough,149.10,6.71,7.87,N/A,5595.94,N/A,0,0,0,0,N/A,UNAVAILABLE
1786654337594,Forge,CAPTURE_ON,2,World Flythrough,138.33,7.23,7.87,N/A,5595.94,N/A,0,0,0,0,N/A,UNAVAILABLE
1786654337602,Forge,CAPTURE_ON,2,World Flythrough,140.83,7.10,7.87,N/A,5595.94,N/A,0,0,0,0,N/A,UNAVAILABLE
1786654337620,Forge,CAPTURE_ON,2,World Flythrough,51.91,19.26,7.87,N/A,5595.94,N/A,0,0,0,0,N/A,UNAVAILABLE
1786654337629,Forge,CAPTURE_ON,2,World Flythrough,115.12,8.69,7.87,N/A,5595.94,N/A,0,0,0,0,N/A,UNAVAILABLE
1786654337636,Forge,CAPTURE_ON,2,World Flythrough,133.66,7.48,7.87,N/A,5595.94,N/A,0,0,0,0,N/A,UNAVAILABLE
1786654337646,Forge,CAPTURE_ON,2,World Flythrough,110.85,9.02,7.87,N/A,5595.94,N/A,0,0,0,0,N/A,UNAVAILABLE
1786654337654,Forge,CAPTURE_ON,2,World Flythrough,111.75,8.95,7.87,N/A,5595.94,N/A,0,0,0,0,N/A,UNAVAILABLE
1786654337671,Forge,CAPTURE_ON,2,World Flythrough,60.97,16.40,7.87,N/A,5595.94,N/A,0,0,0,0,N/A,UNAVAILABLE
1786654337678,Forge,CAPTURE_ON,2,World Flythrough,141.20,7.08,7.87,N/A,5595.94,N/A,0,0,0,0,N/A,UNAVAILABLE
1786654337687,Forge,CAPTURE_ON,2,World Flythrough,116.89,8.56,7.87,N/A,5595.94,N/A,0,0,0,0,N/A,UNAVAILABLE
1786654337697,Forge,CAPTURE_ON,2,World Flythrough,102.78,9.73,7.87,N/A,5595.94,N/A,0,0,0,0,N/A,UNAVAILABLE
1786654337704,Forge,CAPTURE_ON,2,World Flythrough,145.51,6.87,7.87,N/A,5595.94,N/A,0,0,0,0,N/A,UNAVAILABLE
1786654337718,Forge,CAPTURE_ON,2,World Flythrough,68.56,14.59,7.87,N/A,5595.94,N/A,0,0,0,0,N/A,UNAVAILABLE
1786654337728,Forge,CAPTURE_ON,2,World Flythrough,102.11,9.79,7.87,N/A,5595.94,N/A,0,0,0,0,N/A,UNAVAILABLE
1786654337737,Forge,CAPTURE_ON,2,World Flythrough,105.12,9.51,7.87,N/A,5595.94,N/A,0,0,0,0,N/A,UNAVAILABLE
1786654337747,Forge,CAPTURE_ON,2,World Flythrough,99.99,10.00,7.87,N/A,5595.94,N/A,0,0,0,0,N/A,UNAVAILABLE
1786654337763,Forge,CAPTURE_ON,2,World Flythrough,62.09,16.11,7.87,N/A,5595.94,N/A,0,0,0,0,N/A,UNAVAILABLE
1786654337771,Forge,CAPTURE_ON,2,World Flythrough,125.11,7.99,7.87,N/A,5595.94,N/A,0,0,0,0,N/A,UNAVAILABLE
1786654337779,Forge,CAPTURE_ON,2,World Flythrough,112.85,8.86,7.87,N/A,5595.94,N/A,0,0,0,0,N/A,UNAVAILABLE
1786654337788,Forge,CAPTURE_ON,2,World Flythrough,127.53,7.84,7.87,N/A,5595.94,N/A,0,0,0,0,N/A,UNAVAILABLE
1786654337797,Forge,CAPTURE_ON,2,World Flythrough,117.23,8.53,7.87,N/A,5595.94,N/A,0,0,0,0,N/A,UNAVAILABLE
1786654337817,Forge,CAPTURE_ON,2,World Flythrough,49.35,20.26,7.87,N/A,5595.94,N/A,0,0,0,0,N/A,UNAVAILABLE
1786654337830,Forge,CAPTURE_ON,2,World Flythrough,75.23,13.29,7.87,N/A,5595.94,N/A,0,0,0,0,N/A,UNAVAILABLE
1786654337840,Forge,CAPTURE_ON,2,World Flythrough,97.76,10.23,7.87,N/A,5595.94,N/A,0,0,0,0,N/A,UNAVAILABLE
1786654337846,Forge,CAPTURE_ON,2,World Flythrough,142.59,7.01,7.87,N/A,5595.94,N/A,0,0,0,0,N/A,UNAVAILABLE
1786654337854,Forge,CAPTURE_ON,2,World Flythrough,137.92,7.25,7.87,N/A,5595.94,N/A,0,0,0,0,N/A,UNAVAILABLE
1786654337871,Forge,CAPTURE_ON,2,World Flythrough,61.18,16.35,7.87,N/A,5595.94,N/A,0,0,0,0,N/A,UNAVAILABLE
1786654337878,Forge,CAPTURE_ON,2,World Flythrough,129.70,7.71,7.87,N/A,5595.94,N/A,0,0,0,0,N/A,UNAVAILABLE
1786654337887,Forge,CAPTURE_ON,2,World Flythrough,122.90,8.14,7.87,N/A,5595.94,N/A,0,0,0,0,N/A,UNAVAILABLE
1786654337894,Forge,CAPTURE_ON,2,World Flythrough,133.26,7.50,7.87,N/A,5595.94,N/A,0,0,0,0,N/A,UNAVAILABLE
1786654337939,Forge,CAPTURE_ON,2,World Flythrough,93.10,10.74,7.96,N/A,5885.94,N/A,0,0,0,0,N/A,UNAVAILABLE
1786654337956,Forge,CAPTURE_ON,2,World Flythrough,19.75,50.64,7.96,N/A,5885.94,N/A,0,0,0,0,N/A,UNAVAILABLE
1786654337971,Forge,CAPTURE_ON,2,World Flythrough,65.71,15.22,7.96,N/A,5885.94,N/A,0,0,0,0,N/A,UNAVAILABLE
1786654337979,Forge,CAPTURE_ON,2,World Flythrough,114.17,8.76,7.96,N/A,5885.94,N/A,0,0,0,0,N/A,UNAVAILABLE
1786654337986,Forge,CAPTURE_ON,2,World Flythrough,139.56,7.17,7.96,N/A,5885.94,N/A,0,0,0,0,N/A,UNAVAILABLE
1786654337997,Forge,CAPTURE_ON,2,World Flythrough,98.06,10.20,7.96,N/A,5885.94,N/A,0,0,0,0,N/A,UNAVAILABLE
1786654338004,Forge,CAPTURE_ON,2,World Flythrough,144.52,6.92,7.96,N/A,5885.94,N/A,0,0,0,0,N/A,UNAVAILABLE
1786654338018,Forge,CAPTURE_ON,2,World Flythrough,69.38,14.41,7.96,N/A,5885.94,N/A,0,0,0,0,N/A,UNAVAILABLE
1786654338032,Forge,CAPTURE_ON,2,World Flythrough,70.02,14.28,7.96,N/A,5885.94,N/A,0,0,0,0,N/A,UNAVAILABLE
1786654338044,Forge,CAPTURE_ON,2,World Flythrough,87.27,11.46,7.96,N/A,5885.94,N/A,0,0,0,0,N/A,UNAVAILABLE
1786654338051,Forge,CAPTURE_ON,2,World Flythrough,149.48,6.69,7.96,N/A,5885.94,N/A,0,0,0,0,N/A,UNAVAILABLE
1786654338063,Forge,CAPTURE_ON,2,World Flythrough,81.28,12.30,7.96,N/A,5885.94,N/A,0,0,0,0,N/A,UNAVAILABLE
1786654338070,Forge,CAPTURE_ON,2,World Flythrough,124.43,8.04,7.96,N/A,5885.94,N/A,0,0,0,0,N/A,UNAVAILABLE
1786654338083,Forge,CAPTURE_ON,2,World Flythrough,89.75,11.14,7.96,N/A,5885.94,N/A,0,0,0,0,N/A,UNAVAILABLE
1786654338090,Forge,CAPTURE_ON,2,World Flythrough,128.03,7.81,7.96,N/A,5885.94,N/A,0,0,0,0,N/A,UNAVAILABLE
1786654338099,Forge,CAPTURE_ON,2,World Flythrough,121.15,8.25,7.96,N/A,5885.94,N/A,0,0,0,0,N/A,UNAVAILABLE
1786654338120,Forge,CAPTURE_ON,2,World Flythrough,46.73,21.40,7.96,N/A,5885.94,N/A,0,0,0,0,N/A,UNAVAILABLE
1786654338129,Forge,CAPTURE_ON,2,World Flythrough,107.33,9.32,7.96,N/A,5885.94,N/A,0,0,0,0,N/A,UNAVAILABLE
1786654338137,Forge,CAPTURE_ON,2,World Flythrough,129.83,7.70,7.96,N/A,5885.94,N/A,0,0,0,0,N/A,UNAVAILABLE
1786654338144,Forge,CAPTURE_ON,2,World Flythrough,121.34,8.24,7.96,N/A,5885.94,N/A,0,0,0,0,N/A,UNAVAILABLE
1786654338157,Forge,CAPTURE_ON,2,World Flythrough,83.84,11.93,7.96,N/A,5885.94,N/A,0,0,0,0,N/A,UNAVAILABLE
1786654338174,Forge,CAPTURE_ON,2,World Flythrough,58.77,17.01,7.96,N/A,5885.94,N/A,0,0,0,0,N/A,UNAVAILABLE
1786654338183,Forge,CAPTURE_ON,2,World Flythrough,112.02,8.93,7.96,N/A,5885.94,N/A,0,0,0,0,N/A,UNAVAILABLE
1786654338195,Forge,CAPTURE_ON,2,World Flythrough,82.93,12.06,7.96,N/A,5885.94,N/A,0,0,0,0,N/A,UNAVAILABLE
1786654338202,Forge,CAPTURE_ON,2,World Flythrough,128.10,7.81,7.96,N/A,5885.94,N/A,0,0,0,0,N/A,UNAVAILABLE
1786654338216,Forge,CAPTURE_ON,2,World Flythrough,78.28,12.77,7.96,N/A,5885.94,N/A,0,0,0,0,N/A,UNAVAILABLE
1786654338224,Forge,CAPTURE_ON,2,World Flythrough,112.88,8.86,7.96,N/A,5885.94,N/A,0,0,0,0,N/A,UNAVAILABLE
1786654338233,Forge,CAPTURE_ON,2,World Flythrough,108.68,9.20,7.96,N/A,5885.94,N/A,0,0,0,0,N/A,UNAVAILABLE
1786654338243,Forge,CAPTURE_ON,2,World Flythrough,106.61,9.38,7.96,N/A,5885.94,N/A,0,0,0,0,N/A,UNAVAILABLE
1786654338252,Forge,CAPTURE_ON,2,World Flythrough,115.78,8.64,7.96,N/A,5885.94,N/A,0,0,0,0,N/A,UNAVAILABLE
1786654338266,Forge,CAPTURE_ON,2,World Flythrough,66.47,15.04,7.96,N/A,5885.94,N/A,0,0,0,0,N/A,UNAVAILABLE
1786654338276,Forge,CAPTURE_ON,2,World Flythrough,108.89,9.18,7.96,N/A,5885.94,N/A,0,0,0,0,N/A,UNAVAILABLE
1786654338283,Forge,CAPTURE_ON,2,World Flythrough,134.63,7.43,7.96,N/A,5885.94,N/A,0,0,0,0,N/A,UNAVAILABLE
1786654338291,Forge,CAPTURE_ON,2,World Flythrough,132.47,7.55,7.96,N/A,5885.94,N/A,0,0,0,0,N/A,UNAVAILABLE
1786654338302,Forge,CAPTURE_ON,2,World Flythrough,87.16,11.47,7.96,N/A,5885.94,N/A,0,0,0,0,N/A,UNAVAILABLE
1786654338318,Forge,CAPTURE_ON,2,World Flythrough,63.10,15.85,7.96,N/A,5885.94,N/A,0,0,0,0,N/A,UNAVAILABLE
1786654338326,Forge,CAPTURE_ON,2,World Flythrough,129.00,7.75,7.96,N/A,5885.94,N/A,0,0,0,0,N/A,UNAVAILABLE
1786654338333,Forge,CAPTURE_ON,2,World Flythrough,134.52,7.43,7.96,N/A,5885.94,N/A,0,0,0,0,N/A,UNAVAILABLE
1786654338347,Forge,CAPTURE_ON,2,World Flythrough,70.90,14.10,7.96,N/A,5885.94,N/A,0,0,0,0,N/A,UNAVAILABLE
1786654338362,Forge,CAPTURE_ON,2,World Flythrough,65.75,15.21,7.96,N/A,5885.94,N/A,0,0,0,0,N/A,UNAVAILABLE
1786654338375,Forge,CAPTURE_ON,2,World Flythrough,79.31,12.61,7.96,N/A,5885.94,N/A,0,0,0,0,N/A,UNAVAILABLE
1786654338386,Forge,CAPTURE_ON,2,World Flythrough,91.20,10.97,7.96,N/A,5885.94,N/A,0,0,0,0,N/A,UNAVAILABLE
1786654338393,Forge,CAPTURE_ON,2,World Flythrough,142.59,7.01,7.96,N/A,5885.94,N/A,0,0,0,0,N/A,UNAVAILABLE
1786654338404,Forge,CAPTURE_ON,2,World Flythrough,91.72,10.90,7.96,N/A,5885.94,N/A,0,0,0,0,N/A,UNAVAILABLE
1786654338416,Forge,CAPTURE_ON,2,World Flythrough,81.86,12.22,7.96,N/A,5885.94,N/A,0,0,0,0,N/A,UNAVAILABLE
1786654338423,Forge,CAPTURE_ON,2,World Flythrough,136.64,7.32,7.96,N/A,5885.94,N/A,0,0,0,0,N/A,UNAVAILABLE
1786654338435,Forge,CAPTURE_ON,2,World Flythrough,92.64,10.80,7.96,N/A,5885.94,N/A,0,0,0,0,N/A,UNAVAILABLE
1786654338441,Forge,CAPTURE_ON,2,World Flythrough,138.88,7.20,7.96,N/A,5885.94,N/A,0,0,0,0,N/A,UNAVAILABLE
1786654338449,Forge,CAPTURE_ON,2,World Flythrough,120.55,8.30,7.96,N/A,5885.94,N/A,0,0,0,0,N/A,UNAVAILABLE
1786654338462,Forge,CAPTURE_ON,2,World Flythrough,78.11,12.80,7.96,N/A,5885.94,N/A,0,0,0,0,N/A,UNAVAILABLE
1786654338470,Forge,CAPTURE_ON,2,World Flythrough,138.52,7.22,7.96,N/A,5885.94,N/A,0,0,0,0,N/A,UNAVAILABLE
1786654338477,Forge,CAPTURE_ON,2,World Flythrough,133.79,7.47,7.96,N/A,5885.94,N/A,0,0,0,0,N/A,UNAVAILABLE
1786654338485,Forge,CAPTURE_ON,2,World Flythrough,136.35,7.33,7.96,N/A,5885.94,N/A,0,0,0,0,N/A,UNAVAILABLE
1786654338495,Forge,CAPTURE_ON,2,World Flythrough,90.12,11.10,7.96,N/A,5885.94,N/A,0,0,0,0,N/A,UNAVAILABLE
1786654338506,Forge,CAPTURE_ON,2,World Flythrough,93.43,10.70,7.96,N/A,5885.94,N/A,0,0,0,0,N/A,UNAVAILABLE
1786654338519,Forge,CAPTURE_ON,2,World Flythrough,84.66,11.81,7.96,N/A,5885.94,N/A,0,0,0,0,N/A,UNAVAILABLE
1786654338525,Forge,CAPTURE_ON,2,World Flythrough,140.10,7.14,7.96,N/A,5885.94,N/A,0,0,0,0,N/A,UNAVAILABLE
1786654338532,Forge,CAPTURE_ON,2,World Flythrough,135.62,7.37,7.96,N/A,5885.94,N/A,0,0,0,0,N/A,UNAVAILABLE
1786654338545,Forge,CAPTURE_ON,2,World Flythrough,84.08,11.89,7.96,N/A,5885.94,N/A,0,0,0,0,N/A,UNAVAILABLE
1786654338556,Forge,CAPTURE_ON,2,World Flythrough,88.75,11.27,7.96,N/A,5885.94,N/A,0,0,0,0,N/A,UNAVAILABLE
1786654338568,Forge,CAPTURE_ON,2,World Flythrough,77.60,12.89,7.96,N/A,5885.94,N/A,0,0,0,0,N/A,UNAVAILABLE
1786654338585,Forge,CAPTURE_ON,2,World Flythrough,61.44,16.28,7.96,N/A,5885.94,N/A,0,0,0,0,N/A,UNAVAILABLE
1786654338597,Forge,CAPTURE_ON,2,World Flythrough,82.86,12.07,7.96,N/A,5885.94,N/A,0,0,0,0,N/A,UNAVAILABLE
1786654338610,Forge,CAPTURE_ON,2,World Flythrough,76.67,13.04,7.96,N/A,5885.94,N/A,0,0,0,0,N/A,UNAVAILABLE
1786654338617,Forge,CAPTURE_ON,2,World Flythrough,132.91,7.52,7.96,N/A,5885.94,N/A,0,0,0,0,N/A,UNAVAILABLE
1786654338629,Forge,CAPTURE_ON,2,World Flythrough,82.90,12.06,7.96,N/A,5885.94,N/A,0,0,0,0,N/A,UNAVAILABLE
1786654338637,Forge,CAPTURE_ON,2,World Flythrough,127.27,7.86,7.96,N/A,5885.94,N/A,0,0,0,0,N/A,UNAVAILABLE
1786654338650,Forge,CAPTURE_ON,2,World Flythrough,80.14,12.48,7.96,N/A,5885.94,N/A,0,0,0,0,N/A,UNAVAILABLE
1786654338665,Forge,CAPTURE_ON,2,World Flythrough,65.48,15.27,7.96,N/A,5885.94,N/A,0,0,0,0,N/A,UNAVAILABLE
1786654338676,Forge,CAPTURE_ON,2,World Flythrough,86.04,11.62,7.96,N/A,5885.94,N/A,0,0,0,0,N/A,UNAVAILABLE
1786654338685,Forge,CAPTURE_ON,2,World Flythrough,129.22,7.74,7.96,N/A,5885.94,N/A,0,0,0,0,N/A,UNAVAILABLE
1786654338691,Forge,CAPTURE_ON,2,World Flythrough,140.89,7.10,7.96,N/A,5885.94,N/A,0,0,0,0,N/A,UNAVAILABLE
1786654338704,Forge,CAPTURE_ON,2,World Flythrough,85.82,11.65,7.96,N/A,5885.94,N/A,0,0,0,0,N/A,UNAVAILABLE
1786654338722,Forge,CAPTURE_ON,2,World Flythrough,54.93,18.21,7.96,N/A,5885.94,N/A,0,0,0,0,N/A,UNAVAILABLE
1786654338730,Forge,CAPTURE_ON,2,World Flythrough,120.12,8.32,7.96,N/A,5885.94,N/A,0,0,0,0,N/A,UNAVAILABLE
1786654338738,Forge,CAPTURE_ON,2,World Flythrough,128.96,7.75,7.96,N/A,5885.94,N/A,0,0,0,0,N/A,UNAVAILABLE
1786654338750,Forge,CAPTURE_ON,2,World Flythrough,78.36,12.76,7.96,N/A,5885.94,N/A,0,0,0,0,N/A,UNAVAILABLE
1786654338764,Forge,CAPTURE_ON,2,World Flythrough,78.12,12.80,7.96,N/A,5885.94,N/A,0,0,0,0,N/A,UNAVAILABLE
1786654338771,Forge,CAPTURE_ON,2,World Flythrough,122.57,8.16,7.96,N/A,5885.94,N/A,0,0,0,0,N/A,UNAVAILABLE
1786654338779,Forge,CAPTURE_ON,2,World Flythrough,134.47,7.44,7.96,N/A,5885.94,N/A,0,0,0,0,N/A,UNAVAILABLE
1786654338790,Forge,CAPTURE_ON,2,World Flythrough,92.52,10.81,7.96,N/A,5885.94,N/A,0,0,0,0,N/A,UNAVAILABLE
1786654338797,Forge,CAPTURE_ON,2,World Flythrough,143.05,6.99,7.96,N/A,5885.94,N/A,0,0,0,0,N/A,UNAVAILABLE
1786654338805,Forge,CAPTURE_ON,2,World Flythrough,132.61,7.54,7.96,N/A,5885.94,N/A,0,0,0,0,N/A,UNAVAILABLE
1786654338816,Forge,CAPTURE_ON,2,World Flythrough,81.45,12.28,7.96,N/A,5885.94,N/A,0,0,0,0,N/A,UNAVAILABLE
1786654338827,Forge,CAPTURE_ON,2,World Flythrough,100.61,9.94,7.96,N/A,5885.94,N/A,0,0,0,0,N/A,UNAVAILABLE
1786654338834,Forge,CAPTURE_ON,2,World Flythrough,131.78,7.59,7.96,N/A,5885.94,N/A,0,0,0,0,N/A,UNAVAILABLE
1786654338846,Forge,CAPTURE_ON,2,World Flythrough,82.94,12.06,7.96,N/A,5885.94,N/A,0,0,0,0,N/A,UNAVAILABLE
1786654338854,Forge,CAPTURE_ON,2,World Flythrough,121.93,8.20,7.96,N/A,5885.94,N/A,0,0,0,0,N/A,UNAVAILABLE
1786654338870,Forge,CAPTURE_ON,2,World Flythrough,64.63,15.47,7.96,N/A,5885.94,N/A,0,0,0,0,N/A,UNAVAILABLE
1786654338877,Forge,CAPTURE_ON,2,World Flythrough,133.95,7.47,7.96,N/A,5885.94,N/A,0,0,0,0,N/A,UNAVAILABLE
1786654338887,Forge,CAPTURE_ON,2,World Flythrough,102.68,9.74,7.96,N/A,5885.94,N/A,0,0,0,0,N/A,UNAVAILABLE
1786654338895,Forge,CAPTURE_ON,2,World Flythrough,127.74,7.83,7.96,N/A,5885.94,N/A,0,0,0,0,N/A,UNAVAILABLE
1786654338904,Forge,CAPTURE_ON,2,World Flythrough,107.39,9.31,7.96,N/A,5885.94,N/A,0,0,0,0,N/A,UNAVAILABLE
1786654338957,Forge,CAPTURE_ON,2,World Flythrough,87.16,11.47,8.92,N/A,5441.80,N/A,0,0,0,0,N/A,UNAVAILABLE
1786654338970,Forge,CAPTURE_ON,2,World Flythrough,18.51,54.04,8.92,N/A,5441.80,N/A,0,0,0,0,N/A,UNAVAILABLE
1786654338979,Forge,CAPTURE_ON,2,World Flythrough,97.43,10.26,8.92,N/A,5441.80,N/A,0,0,0,0,N/A,UNAVAILABLE
1786654338987,Forge,CAPTURE_ON,2,World Flythrough,135.20,7.40,8.92,N/A,5441.80,N/A,0,0,0,0,N/A,UNAVAILABLE
1786654338997,Forge,CAPTURE_ON,2,World Flythrough,97.36,10.27,8.92,N/A,5441.80,N/A,0,0,0,0,N/A,UNAVAILABLE
1786654339010,Forge,CAPTURE_ON,2,World Flythrough,85.49,11.70,8.92,N/A,5441.80,N/A,0,0,0,0,N/A,UNAVAILABLE
1786654339016,Forge,CAPTURE_ON,2,World Flythrough,153.33,6.52,8.92,N/A,5441.80,N/A,0,0,0,0,N/A,UNAVAILABLE
1786654339023,Forge,CAPTURE_ON,2,World Flythrough,133.81,7.47,8.92,N/A,5441.80,N/A,0,0,0,0,N/A,UNAVAILABLE
1786654339034,Forge,CAPTURE_ON,2,World Flythrough,99.82,10.02,8.92,N/A,5441.80,N/A,0,0,0,0,N/A,UNAVAILABLE
1786654339045,Forge,CAPTURE_ON,2,World Flythrough,89.18,11.21,8.92,N/A,5441.80,N/A,0,0,0,0,N/A,UNAVAILABLE
1786654339053,Forge,CAPTURE_ON,2,World Flythrough,128.91,7.76,8.92,N/A,5441.80,N/A,0,0,0,0,N/A,UNAVAILABLE
1786654339063,Forge,CAPTURE_ON,2,World Flythrough,91.80,10.89,8.92,N/A,5441.80,N/A,0,0,0,0,N/A,UNAVAILABLE
1786654339071,Forge,CAPTURE_ON,2,World Flythrough,139.85,7.15,8.92,N/A,5441.80,N/A,0,0,0,0,N/A,UNAVAILABLE
1786654339080,Forge,CAPTURE_ON,2,World Flythrough,100.66,9.93,8.92,N/A,5441.80,N/A,0,0,0,0,N/A,UNAVAILABLE
1786654339091,Forge,CAPTURE_ON,2,World Flythrough,88.98,11.24,8.92,N/A,5441.80,N/A,0,0,0,0,N/A,UNAVAILABLE
1786654339099,Forge,CAPTURE_ON,2,World Flythrough,131.75,7.59,8.92,N/A,5441.80,N/A,0,0,0,0,N/A,UNAVAILABLE
1786654339111,Forge,CAPTURE_ON,2,World Flythrough,80.64,12.40,8.92,N/A,5441.80,N/A,0,0,0,0,N/A,UNAVAILABLE
1786654339119,Forge,CAPTURE_ON,2,World Flythrough,138.14,7.24,8.92,N/A,5441.80,N/A,0,0,0,0,N/A,UNAVAILABLE
1786654339129,Forge,CAPTURE_ON,2,World Flythrough,96.75,10.34,8.92,N/A,5441.80,N/A,0,0,0,0,N/A,UNAVAILABLE
1786654339137,Forge,CAPTURE_ON,2,World Flythrough,132.16,7.57,8.92,N/A,5441.80,N/A,0,0,0,0,N/A,UNAVAILABLE
1786654339149,Forge,CAPTURE_ON,2,World Flythrough,84.30,11.86,8.92,N/A,5441.80,N/A,0,0,0,0,N/A,UNAVAILABLE
1786654339160,Forge,CAPTURE_ON,2,World Flythrough,87.74,11.40,8.92,N/A,5441.80,N/A,0,0,0,0,N/A,UNAVAILABLE
1786654339167,Forge,CAPTURE_ON,2,World Flythrough,143.22,6.98,8.92,N/A,5441.80,N/A,0,0,0,0,N/A,UNAVAILABLE
1786654339175,Forge,CAPTURE_ON,2,World Flythrough,119.72,8.35,8.92,N/A,5441.80,N/A,0,0,0,0,N/A,UNAVAILABLE
1786654339186,Forge,CAPTURE_ON,2,World Flythrough,89.55,11.17,8.92,N/A,5441.80,N/A,0,0,0,0,N/A,UNAVAILABLE
1786654339197,Forge,CAPTURE_ON,2,World Flythrough,98.59,10.14,8.92,N/A,5441.80,N/A,0,0,0,0,N/A,UNAVAILABLE
1786654339203,Forge,CAPTURE_ON,2,World Flythrough,141.69,7.06,8.92,N/A,5441.80,N/A,0,0,0,0,N/A,UNAVAILABLE
1786654339216,Forge,CAPTURE_ON,2,World Flythrough,83.19,12.02,8.92,N/A,5441.80,N/A,0,0,0,0,N/A,UNAVAILABLE
1786654339225,Forge,CAPTURE_ON,2,World Flythrough,106.17,9.42,8.92,N/A,5441.80,N/A,0,0,0,0,N/A,UNAVAILABLE
1786654339237,Forge,CAPTURE_ON,2,World Flythrough,81.53,12.27,8.92,N/A,5441.80,N/A,0,0,0,0,N/A,UNAVAILABLE
1786654339249,Forge,CAPTURE_ON,2,World Flythrough,84.74,11.80,8.92,N/A,5441.80,N/A,0,0,0,0,N/A,UNAVAILABLE
1786654339262,Forge,CAPTURE_ON,2,World Flythrough,77.26,12.94,8.92,N/A,5441.80,N/A,0,0,0,0,N/A,UNAVAILABLE
1786654339271,Forge,CAPTURE_ON,2,World Flythrough,107.62,9.29,8.92,N/A,5441.80,N/A,0,0,0,0,N/A,UNAVAILABLE
1786654339280,Forge,CAPTURE_ON,2,World Flythrough,113.03,8.85,8.92,N/A,5441.80,N/A,0,0,0,0,N/A,UNAVAILABLE
1786654339291,Forge,CAPTURE_ON,2,World Flythrough,93.87,10.65,8.92,N/A,5441.80,N/A,0,0,0,0,N/A,UNAVAILABLE
1786654339305,Forge,CAPTURE_ON,2,World Flythrough,72.26,13.84,8.92,N/A,5441.80,N/A,0,0,0,0,N/A,UNAVAILABLE
1786654339321,Forge,CAPTURE_ON,2,World Flythrough,63.52,15.74,8.92,N/A,5441.80,N/A,0,0,0,0,N/A,UNAVAILABLE
1786654339328,Forge,CAPTURE_ON,2,World Flythrough,118.13,8.47,8.92,N/A,5441.80,N/A,0,0,0,0,N/A,UNAVAILABLE
1786654339337,Forge,CAPTURE_ON,2,World Flythrough,122.00,8.20,8.92,N/A,5441.80,N/A,0,0,0,0,N/A,UNAVAILABLE
1786654339348,Forge,CAPTURE_ON,2,World Flythrough,90.34,11.07,8.92,N/A,5441.80,N/A,0,0,0,0,N/A,UNAVAILABLE
1786654339362,Forge,CAPTURE_ON,2,World Flythrough,73.45,13.61,8.92,N/A,5441.80,N/A,0,0,0,0,N/A,UNAVAILABLE
1786654339372,Forge,CAPTURE_ON,2,World Flythrough,91.58,10.92,8.92,N/A,5441.80,N/A,0,0,0,0,N/A,UNAVAILABLE
1786654339383,Forge,CAPTURE_ON,2,World Flythrough,99.80,10.02,8.92,N/A,5441.80,N/A,0,0,0,0,N/A,UNAVAILABLE
1786654339393,Forge,CAPTURE_ON,2,World Flythrough,96.24,10.39,8.92,N/A,5441.80,N/A,0,0,0,0,N/A,UNAVAILABLE
1786654339402,Forge,CAPTURE_ON,2,World Flythrough,114.69,8.72,8.92,N/A,5441.80,N/A,0,0,0,0,N/A,UNAVAILABLE
1786654339415,Forge,CAPTURE_ON,2,World Flythrough,79.12,12.64,8.92,N/A,5441.80,N/A,0,0,0,0,N/A,UNAVAILABLE
1786654339425,Forge,CAPTURE_ON,2,World Flythrough,87.79,11.39,8.92,N/A,5441.80,N/A,0,0,0,0,N/A,UNAVAILABLE
1786654339434,Forge,CAPTURE_ON,2,World Flythrough,129.15,7.74,8.92,N/A,5441.80,N/A,0,0,0,0,N/A,UNAVAILABLE
1786654339446,Forge,CAPTURE_ON,2,World Flythrough,82.94,12.06,8.92,N/A,5441.80,N/A,0,0,0,0,N/A,UNAVAILABLE
1786654339452,Forge,CAPTURE_ON,2,World Flythrough,144.76,6.91,8.92,N/A,5441.80,N/A,0,0,0,0,N/A,UNAVAILABLE
1786654339465,Forge,CAPTURE_ON,2,World Flythrough,79.18,12.63,8.92,N/A,5441.80,N/A,0,0,0,0,N/A,UNAVAILABLE
1786654339472,Forge,CAPTURE_ON,2,World Flythrough,139.71,7.16,8.92,N/A,5441.80,N/A,0,0,0,0,N/A,UNAVAILABLE
1786654339483,Forge,CAPTURE_ON,2,World Flythrough,91.36,10.95,8.92,N/A,5441.80,N/A,0,0,0,0,N/A,UNAVAILABLE
1786654339494,Forge,CAPTURE_ON,2,World Flythrough,92.64,10.79,8.92,N/A,5441.80,N/A,0,0,0,0,N/A,UNAVAILABLE
1786654339502,Forge,CAPTURE_ON,2,World Flythrough,138.16,7.24,8.92,N/A,5441.80,N/A,0,0,0,0,N/A,UNAVAILABLE
1786654339512,Forge,CAPTURE_ON,2,World Flythrough,87.62,11.41,8.92,N/A,5441.80,N/A,0,0,0,0,N/A,UNAVAILABLE
1786654339520,Forge,CAPTURE_ON,2,World Flythrough,140.31,7.13,8.92,N/A,5441.80,N/A,0,0,0,0,N/A,UNAVAILABLE
1786654339527,Forge,CAPTURE_ON,2,World Flythrough,148.76,6.72,8.92,N/A,5441.80,N/A,0,0,0,0,N/A,UNAVAILABLE
1786654339537,Forge,CAPTURE_ON,2,World Flythrough,99.23,10.08,8.92,N/A,5441.80,N/A,0,0,0,0,N/A,UNAVAILABLE
1786654339543,Forge,CAPTURE_ON,2,World Flythrough,145.44,6.88,8.92,N/A,5441.80,N/A,0,0,0,0,N/A,UNAVAILABLE
1786654339551,Forge,CAPTURE_ON,2,World Flythrough,138.77,7.21,8.92,N/A,5441.80,N/A,0,0,0,0,N/A,UNAVAILABLE
1786654339562,Forge,CAPTURE_ON,2,World Flythrough,92.52,10.81,8.92,N/A,5441.80,N/A,0,0,0,0,N/A,UNAVAILABLE
1786654339568,Forge,CAPTURE_ON,2,World Flythrough,144.29,6.93,8.92,N/A,5441.80,N/A,0,0,0,0,N/A,UNAVAILABLE
1786654339579,Forge,CAPTURE_ON,2,World Flythrough,94.46,10.59,8.92,N/A,5441.80,N/A,0,0,0,0,N/A,UNAVAILABLE
1786654339590,Forge,CAPTURE_ON,2,World Flythrough,90.44,11.06,8.92,N/A,5441.80,N/A,0,0,0,0,N/A,UNAVAILABLE
1786654339598,Forge,CAPTURE_ON,2,World Flythrough,115.83,8.63,8.92,N/A,5441.80,N/A,0,0,0,0,N/A,UNAVAILABLE
1786654339611,Forge,CAPTURE_ON,2,World Flythrough,83.84,11.93,8.92,N/A,5441.80,N/A,0,0,0,0,N/A,UNAVAILABLE
1786654339622,Forge,CAPTURE_ON,2,World Flythrough,93.56,10.69,8.92,N/A,5441.80,N/A,0,0,0,0,N/A,UNAVAILABLE
1786654339628,Forge,CAPTURE_ON,2,World Flythrough,146.35,6.83,8.92,N/A,5441.80,N/A,0,0,0,0,N/A,UNAVAILABLE
1786654339634,Forge,CAPTURE_ON,2,World Flythrough,153.20,6.53,8.92,N/A,5441.80,N/A,0,0,0,0,N/A,UNAVAILABLE
1786654339646,Forge,CAPTURE_ON,2,World Flythrough,85.57,11.69,8.92,N/A,5441.80,N/A,0,0,0,0,N/A,UNAVAILABLE
1786654339667,Forge,CAPTURE_ON,2,World Flythrough,49.95,20.02,8.92,N/A,5441.80,N/A,0,0,0,0,N/A,UNAVAILABLE
1786654339675,Forge,CAPTURE_ON,2,World Flythrough,112.30,8.90,8.92,N/A,5441.80,N/A,0,0,0,0,N/A,UNAVAILABLE
1786654339688,Forge,CAPTURE_ON,2,World Flythrough,78.11,12.80,8.92,N/A,5441.80,N/A,0,0,0,0,N/A,UNAVAILABLE
1786654339701,Forge,CAPTURE_ON,2,World Flythrough,80.57,12.41,8.92,N/A,5441.80,N/A,0,0,0,0,N/A,UNAVAILABLE
1786654339715,Forge,CAPTURE_ON,2,World Flythrough,72.04,13.88,8.92,N/A,5441.80,N/A,0,0,0,0,N/A,UNAVAILABLE
1786654339724,Forge,CAPTURE_ON,2,World Flythrough,113.89,8.78,8.92,N/A,5441.80,N/A,0,0,0,0,N/A,UNAVAILABLE
1786654339736,Forge,CAPTURE_ON,2,World Flythrough,76.72,13.04,8.92,N/A,5441.80,N/A,0,0,0,0,N/A,UNAVAILABLE
1786654339745,Forge,CAPTURE_ON,2,World Flythrough,107.09,9.34,8.92,N/A,5441.80,N/A,0,0,0,0,N/A,UNAVAILABLE
1786654339754,Forge,CAPTURE_ON,2,World Flythrough,118.07,8.47,8.92,N/A,5441.80,N/A,0,0,0,0,N/A,UNAVAILABLE
1786654339772,Forge,CAPTURE_ON,2,World Flythrough,55.72,17.95,8.92,N/A,5441.80,N/A,0,0,0,0,N/A,UNAVAILABLE
1786654339787,Forge,CAPTURE_ON,2,World Flythrough,66.81,14.97,8.92,N/A,5441.80,N/A,0,0,0,0,N/A,UNAVAILABLE
1786654339798,Forge,CAPTURE_ON,2,World Flythrough,96.13,10.40,8.92,N/A,5441.80,N/A,0,0,0,0,N/A,UNAVAILABLE
1786654339815,Forge,CAPTURE_ON,2,World Flythrough,57.07,17.52,8.92,N/A,5441.80,N/A,0,0,0,0,N/A,UNAVAILABLE
1786654339828,Forge,CAPTURE_ON,2,World Flythrough,77.24,12.95,8.92,N/A,5441.80,N/A,0,0,0,0,N/A,UNAVAILABLE
1786654339836,Forge,CAPTURE_ON,2,World Flythrough,117.30,8.53,8.92,N/A,5441.80,N/A,0,0,0,0,N/A,UNAVAILABLE
1786654339846,Forge,CAPTURE_ON,2,World Flythrough,106.68,9.37,8.92,N/A,5441.80,N/A,0,0,0,0,N/A,UNAVAILABLE
1786654339863,Forge,CAPTURE_ON,2,World Flythrough,57.50,17.39,8.92,N/A,5441.80,N/A,0,0,0,0,N/A,UNAVAILABLE
1786654339876,Forge,CAPTURE_ON,2,World Flythrough,72.89,13.72,8.92,N/A,5441.80,N/A,0,0,0,0,N/A,UNAVAILABLE
1786654339890,Forge,CAPTURE_ON,2,World Flythrough,75.33,13.27,8.92,N/A,5441.80,N/A,0,0,0,0,N/A,UNAVAILABLE
1786654339899,Forge,CAPTURE_ON,2,World Flythrough,106.34,9.40,8.92,N/A,5441.80,N/A,0,0,0,0,N/A,UNAVAILABLE
1786654339915,Forge,CAPTURE_ON,2,World Flythrough,64.90,15.41,8.92,N/A,5441.80,N/A,0,0,0,0,N/A,UNAVAILABLE
1786654339960,Forge,CAPTURE_ON,2,World Flythrough,80.59,12.41,7.89,N/A,5759.99,N/A,0,0,0,0,N/A,UNAVAILABLE
1786654339973,Forge,CAPTURE_ON,2,World Flythrough,21.90,45.65,7.89,N/A,5759.99,N/A,0,0,0,0,N/A,UNAVAILABLE
1786654339993,Forge,CAPTURE_ON,2,World Flythrough,51.16,19.55,7.89,N/A,5759.99,N/A,0,0,0,0,N/A,UNAVAILABLE
1786654340003,Forge,CAPTURE_ON,2,World Flythrough,94.52,10.58,7.89,N/A,5759.99,N/A,0,0,0,0,N/A,UNAVAILABLE
1786654340021,Forge,CAPTURE_ON,2,World Flythrough,54.46,18.36,7.89,N/A,5759.99,N/A,0,0,0,0,N/A,UNAVAILABLE
1786654340033,Forge,CAPTURE_ON,2,World Flythrough,85.41,11.71,7.89,N/A,5759.99,N/A,0,0,0,0,N/A,UNAVAILABLE
1786654340048,Forge,CAPTURE_ON,2,World Flythrough,71.35,14.02,7.89,N/A,5759.99,N/A,0,0,0,0,N/A,UNAVAILABLE
1786654340061,Forge,CAPTURE_ON,2,World Flythrough,72.91,13.72,7.89,N/A,5759.99,N/A,0,0,0,0,N/A,UNAVAILABLE
1786654340069,Forge,CAPTURE_ON,2,World Flythrough,120.88,8.27,7.89,N/A,5759.99,N/A,0,0,0,0,N/A,UNAVAILABLE
1786654340084,Forge,CAPTURE_ON,2,World Flythrough,66.61,15.01,7.89,N/A,5759.99,N/A,0,0,0,0,N/A,UNAVAILABLE
1786654340094,Forge,CAPTURE_ON,2,World Flythrough,96.53,10.36,7.89,N/A,5759.99,N/A,0,0,0,0,N/A,UNAVAILABLE
1786654340103,Forge,CAPTURE_ON,2,World Flythrough,114.73,8.72,7.89,N/A,5759.99,N/A,0,0,0,0,N/A,UNAVAILABLE
1786654340118,Forge,CAPTURE_ON,2,World Flythrough,65.89,15.18,7.89,N/A,5759.99,N/A,0,0,0,0,N/A,UNAVAILABLE
1786654340129,Forge,CAPTURE_ON,2,World Flythrough,96.59,10.35,7.89,N/A,5759.99,N/A,0,0,0,0,N/A,UNAVAILABLE
1786654340140,Forge,CAPTURE_ON,2,World Flythrough,87.64,11.41,7.89,N/A,5759.99,N/A,0,0,0,0,N/A,UNAVAILABLE
1786654340154,Forge,CAPTURE_ON,2,World Flythrough,70.77,14.13,7.89,N/A,5759.99,N/A,0,0,0,0,N/A,UNAVAILABLE
1786654340166,Forge,CAPTURE_ON,2,World Flythrough,80.16,12.48,7.89,N/A,5759.99,N/A,0,0,0,0,N/A,UNAVAILABLE
1786654340175,Forge,CAPTURE_ON,2,World Flythrough,126.71,7.89,7.89,N/A,5759.99,N/A,0,0,0,0,N/A,UNAVAILABLE
1786654340187,Forge,CAPTURE_ON,2,World Flythrough,84.72,11.80,7.89,N/A,5759.99,N/A,0,0,0,0,N/A,UNAVAILABLE
1786654340195,Forge,CAPTURE_ON,2,World Flythrough,120.62,8.29,7.89,N/A,5759.99,N/A,0,0,0,0,N/A,UNAVAILABLE
1786654340207,Forge,CAPTURE_ON,2,World Flythrough,87.18,11.47,7.89,N/A,5759.99,N/A,0,0,0,0,N/A,UNAVAILABLE
1786654340222,Forge,CAPTURE_ON,2,World Flythrough,65.60,15.24,7.89,N/A,5759.99,N/A,0,0,0,0,N/A,UNAVAILABLE
1786654340230,Forge,CAPTURE_ON,2,World Flythrough,110.76,9.03,7.89,N/A,5759.99,N/A,0,0,0,0,N/A,UNAVAILABLE
1786654340241,Forge,CAPTURE_ON,2,World Flythrough,98.32,10.17,7.89,N/A,5759.99,N/A,0,0,0,0,N/A,UNAVAILABLE
1786654340251,Forge,CAPTURE_ON,2,World Flythrough,96.77,10.33,7.89,N/A,5759.99,N/A,0,0,0,0,N/A,UNAVAILABLE
1786654340266,Forge,CAPTURE_ON,2,World Flythrough,67.71,14.77,7.89,N/A,5759.99,N/A,0,0,0,0,N/A,UNAVAILABLE
1786654340277,Forge,CAPTURE_ON,2,World Flythrough,89.16,11.22,7.89,N/A,5759.99,N/A,0,0,0,0,N/A,UNAVAILABLE
1786654340292,Forge,CAPTURE_ON,2,World Flythrough,67.98,14.71,7.89,N/A,5759.99,N/A,0,0,0,0,N/A,UNAVAILABLE
1786654340301,Forge,CAPTURE_ON,2,World Flythrough,110.00,9.09,7.89,N/A,5759.99,N/A,0,0,0,0,N/A,UNAVAILABLE
1786654340315,Forge,CAPTURE_ON,2,World Flythrough,72.67,13.76,7.89,N/A,5759.99,N/A,0,0,0,0,N/A,UNAVAILABLE
1786654340324,Forge,CAPTURE_ON,2,World Flythrough,111.28,8.99,7.89,N/A,5759.99,N/A,0,0,0,0,N/A,UNAVAILABLE
1786654340335,Forge,CAPTURE_ON,2,World Flythrough,82.60,12.11,7.89,N/A,5759.99,N/A,0,0,0,0,N/A,UNAVAILABLE
1786654340350,Forge,CAPTURE_ON,2,World Flythrough,67.00,14.92,7.89,N/A,5759.99,N/A,0,0,0,0,N/A,UNAVAILABLE
1786654340364,Forge,CAPTURE_ON,2,World Flythrough,76.45,13.08,7.89,N/A,5759.99,N/A,0,0,0,0,N/A,UNAVAILABLE
1786654340374,Forge,CAPTURE_ON,2,World Flythrough,97.98,10.21,7.89,N/A,5759.99,N/A,0,0,0,0,N/A,UNAVAILABLE
1786654340384,Forge,CAPTURE_ON,2,World Flythrough,109.81,9.11,7.89,N/A,5759.99,N/A,0,0,0,0,N/A,UNAVAILABLE
1786654340395,Forge,CAPTURE_ON,2,World Flythrough,82.98,12.05,7.89,N/A,5759.99,N/A,0,0,0,0,N/A,UNAVAILABLE
1786654340415,Forge,CAPTURE_ON,2,World Flythrough,52.59,19.01,7.89,N/A,5759.99,N/A,0,0,0,0,N/A,UNAVAILABLE
1786654340424,Forge,CAPTURE_ON,2,World Flythrough,96.97,10.31,7.89,N/A,5759.99,N/A,0,0,0,0,N/A,UNAVAILABLE
1786654340435,Forge,CAPTURE_ON,2,World Flythrough,97.68,10.24,7.89,N/A,5759.99,N/A,0,0,0,0,N/A,UNAVAILABLE
1786654340448,Forge,CAPTURE_ON,2,World Flythrough,77.22,12.95,7.89,N/A,5759.99,N/A,0,0,0,0,N/A,UNAVAILABLE
1786654340464,Forge,CAPTURE_ON,2,World Flythrough,60.50,16.53,7.89,N/A,5759.99,N/A,0,0,0,0,N/A,UNAVAILABLE
1786654340477,Forge,CAPTURE_ON,2,World Flythrough,84.09,11.89,7.89,N/A,5759.99,N/A,0,0,0,0,N/A,UNAVAILABLE
1786654340486,Forge,CAPTURE_ON,2,World Flythrough,97.80,10.22,7.89,N/A,5759.99,N/A,0,0,0,0,N/A,UNAVAILABLE
1786654340498,Forge,CAPTURE_ON,2,World Flythrough,85.49,11.70,7.89,N/A,5759.99,N/A,0,0,0,0,N/A,UNAVAILABLE
1786654340513,Forge,CAPTURE_ON,2,World Flythrough,66.15,15.12,7.89,N/A,5759.99,N/A,0,0,0,0,N/A,UNAVAILABLE
1786654340529,Forge,CAPTURE_ON,2,World Flythrough,63.06,15.86,7.89,N/A,5759.99,N/A,0,0,0,0,N/A,UNAVAILABLE
1786654340540,Forge,CAPTURE_ON,2,World Flythrough,85.14,11.75,7.89,N/A,5759.99,N/A,0,0,0,0,N/A,UNAVAILABLE
1786654340550,Forge,CAPTURE_ON,2,World Flythrough,107.39,9.31,7.89,N/A,5759.99,N/A,0,0,0,0,N/A,UNAVAILABLE
1786654340566,Forge,CAPTURE_ON,2,World Flythrough,60.71,16.47,7.89,N/A,5759.99,N/A,0,0,0,0,N/A,UNAVAILABLE
1786654340575,Forge,CAPTURE_ON,2,World Flythrough,117.26,8.53,7.89,N/A,5759.99,N/A,0,0,0,0,N/A,UNAVAILABLE
1786654340584,Forge,CAPTURE_ON,2,World Flythrough,102.85,9.72,7.89,N/A,5759.99,N/A,0,0,0,0,N/A,UNAVAILABLE
1786654340595,Forge,CAPTURE_ON,2,World Flythrough,96.30,10.38,7.89,N/A,5759.99,N/A,0,0,0,0,N/A,UNAVAILABLE
1786654340614,Forge,CAPTURE_ON,2,World Flythrough,53.24,18.78,7.89,N/A,5759.99,N/A,0,0,0,0,N/A,UNAVAILABLE
1786654340628,Forge,CAPTURE_ON,2,World Flythrough,68.28,14.65,7.89,N/A,5759.99,N/A,0,0,0,0,N/A,UNAVAILABLE
1786654340637,Forge,CAPTURE_ON,2,World Flythrough,123.78,8.08,7.89,N/A,5759.99,N/A,0,0,0,0,N/A,UNAVAILABLE
1786654340646,Forge,CAPTURE_ON,2,World Flythrough,112.88,8.86,7.89,N/A,5759.99,N/A,0,0,0,0,N/A,UNAVAILABLE
1786654340666,Forge,CAPTURE_ON,2,World Flythrough,48.54,20.60,7.89,N/A,5759.99,N/A,0,0,0,0,N/A,UNAVAILABLE
1786654340675,Forge,CAPTURE_ON,2,World Flythrough,120.99,8.27,7.89,N/A,5759.99,N/A,0,0,0,0,N/A,UNAVAILABLE
1786654340683,Forge,CAPTURE_ON,2,World Flythrough,112.99,8.85,7.89,N/A,5759.99,N/A,0,0,0,0,N/A,UNAVAILABLE
1786654340691,Forge,CAPTURE_ON,2,World Flythrough,129.54,7.72,7.89,N/A,5759.99,N/A,0,0,0,0,N/A,UNAVAILABLE
1786654340702,Forge,CAPTURE_ON,2,World Flythrough,85.99,11.63,7.89,N/A,5759.99,N/A,0,0,0,0,N/A,UNAVAILABLE
1786654340721,Forge,CAPTURE_ON,2,World Flythrough,52.15,19.18,7.89,N/A,5759.99,N/A,0,0,0,0,N/A,UNAVAILABLE
1786654340731,Forge,CAPTURE_ON,2,World Flythrough,99.55,10.05,7.89,N/A,5759.99,N/A,0,0,0,0,N/A,UNAVAILABLE
1786654340740,Forge,CAPTURE_ON,2,World Flythrough,114.33,8.75,7.89,N/A,5759.99,N/A,0,0,0,0,N/A,UNAVAILABLE
1786654340751,Forge,CAPTURE_ON,2,World Flythrough,90.20,11.09,7.89,N/A,5759.99,N/A,0,0,0,0,N/A,UNAVAILABLE
1786654340766,Forge,CAPTURE_ON,2,World Flythrough,72.16,13.86,7.89,N/A,5759.99,N/A,0,0,0,0,N/A,UNAVAILABLE
1786654340777,Forge,CAPTURE_ON,2,World Flythrough,87.22,11.47,7.89,N/A,5759.99,N/A,0,0,0,0,N/A,UNAVAILABLE
1786654340785,Forge,CAPTURE_ON,2,World Flythrough,120.30,8.31,7.89,N/A,5759.99,N/A,0,0,0,0,N/A,UNAVAILABLE
1786654340799,Forge,CAPTURE_ON,2,World Flythrough,74.85,13.36,7.89,N/A,5759.99,N/A,0,0,0,0,N/A,UNAVAILABLE
1786654340814,Forge,CAPTURE_ON,2,World Flythrough,63.01,15.87,7.89,N/A,5759.99,N/A,0,0,0,0,N/A,UNAVAILABLE
1786654340825,Forge,CAPTURE_ON,2,World Flythrough,101.08,9.89,7.89,N/A,5759.99,N/A,0,0,0,0,N/A,UNAVAILABLE
1786654340837,Forge,CAPTURE_ON,2,World Flythrough,83.37,11.99,7.89,N/A,5759.99,N/A,0,0,0,0,N/A,UNAVAILABLE
1786654340851,Forge,CAPTURE_ON,2,World Flythrough,67.09,14.90,7.89,N/A,5759.99,N/A,0,0,0,0,N/A,UNAVAILABLE
1786654340865,Forge,CAPTURE_ON,2,World Flythrough,77.21,12.95,7.89,N/A,5759.99,N/A,0,0,0,0,N/A,UNAVAILABLE
1786654340876,Forge,CAPTURE_ON,2,World Flythrough,84.10,11.89,7.89,N/A,5759.99,N/A,0,0,0,0,N/A,UNAVAILABLE
1786654340889,Forge,CAPTURE_ON,2,World Flythrough,75.84,13.19,7.89,N/A,5759.99,N/A,0,0,0,0,N/A,UNAVAILABLE
1786654340902,Forge,CAPTURE_ON,2,World Flythrough,81.81,12.22,7.89,N/A,5759.99,N/A,0,0,0,0,N/A,UNAVAILABLE
1786654340919,Forge,CAPTURE_ON,2,World Flythrough,55.35,18.07,7.89,N/A,5759.99,N/A,0,0,0,0,N/A,UNAVAILABLE
1786654340964,Forge,CAPTURE_ON,2,World Flythrough,114.90,8.70,9.73,N/A,5391.97,N/A,0,0,0,0,N/A,UNAVAILABLE
1786654340981,Forge,CAPTURE_ON,2,World Flythrough,19.00,52.62,9.73,N/A,5391.97,N/A,0,0,0,0,N/A,UNAVAILABLE
1786654340990,Forge,CAPTURE_ON,2,World Flythrough,108.31,9.23,9.73,N/A,5391.97,N/A,0,0,0,0,N/A,UNAVAILABLE
1786654341000,Forge,CAPTURE_ON,2,World Flythrough,101.74,9.83,9.73,N/A,5391.97,N/A,0,0,0,0,N/A,UNAVAILABLE
1786654341016,Forge,CAPTURE_ON,2,World Flythrough,64.90,15.41,9.73,N/A,5391.97,N/A,0,0,0,0,N/A,UNAVAILABLE
1786654341028,Forge,CAPTURE_ON,2,World Flythrough,76.06,13.15,9.73,N/A,5391.97,N/A,0,0,0,0,N/A,UNAVAILABLE
1786654341039,Forge,CAPTURE_ON,2,World Flythrough,94.00,10.64,9.73,N/A,5391.97,N/A,0,0,0,0,N/A,UNAVAILABLE
1786654341048,Forge,CAPTURE_ON,2,World Flythrough,117.79,8.49,9.73,N/A,5391.97,N/A,0,0,0,0,N/A,UNAVAILABLE
1786654341061,Forge,CAPTURE_ON,2,World Flythrough,74.25,13.47,9.73,N/A,5391.97,N/A,0,0,0,0,N/A,UNAVAILABLE
1786654341079,Forge,CAPTURE_ON,2,World Flythrough,53.31,18.76,9.73,N/A,5391.97,N/A,0,0,0,0,N/A,UNAVAILABLE
1786654341091,Forge,CAPTURE_ON,2,World Flythrough,90.90,11.00,9.73,N/A,5391.97,N/A,0,0,0,0,N/A,UNAVAILABLE
1786654341105,Forge,CAPTURE_ON,2,World Flythrough,71.45,14.00,9.73,N/A,5391.97,N/A,0,0,0,0,N/A,UNAVAILABLE
1786654341119,Forge,CAPTURE_ON,2,World Flythrough,72.45,13.80,9.73,N/A,5391.97,N/A,0,0,0,0,N/A,UNAVAILABLE
1786654341131,Forge,CAPTURE_ON,2,World Flythrough,79.60,12.56,9.73,N/A,5391.97,N/A,0,0,0,0,N/A,UNAVAILABLE
1786654341141,Forge,CAPTURE_ON,2,World Flythrough,99.70,10.03,9.73,N/A,5391.97,N/A,0,0,0,0,N/A,UNAVAILABLE
1786654341150,Forge,CAPTURE_ON,2,World Flythrough,113.10,8.84,9.73,N/A,5391.97,N/A,0,0,0,0,N/A,UNAVAILABLE
1786654341163,Forge,CAPTURE_ON,2,World Flythrough,76.67,13.04,9.73,N/A,5391.97,N/A,0,0,0,0,N/A,UNAVAILABLE
1786654341174,Forge,CAPTURE_ON,2,World Flythrough,90.15,11.09,9.73,N/A,5391.97,N/A,0,0,0,0,N/A,UNAVAILABLE
1786654341189,Forge,CAPTURE_ON,2,World Flythrough,69.30,14.43,9.73,N/A,5391.97,N/A,0,0,0,0,N/A,UNAVAILABLE
1786654341198,Forge,CAPTURE_ON,2,World Flythrough,106.87,9.36,9.73,N/A,5391.97,N/A,0,0,0,0,N/A,UNAVAILABLE
1786654341212,Forge,CAPTURE_ON,2,World Flythrough,69.00,14.49,9.73,N/A,5391.97,N/A,0,0,0,0,N/A,UNAVAILABLE
1786654341223,Forge,CAPTURE_ON,2,World Flythrough,90.66,11.03,9.73,N/A,5391.97,N/A,0,0,0,0,N/A,UNAVAILABLE
1786654341237,Forge,CAPTURE_ON,2,World Flythrough,72.58,13.78,9.73,N/A,5391.97,N/A,0,0,0,0,N/A,UNAVAILABLE
1786654341251,Forge,CAPTURE_ON,2,World Flythrough,69.31,14.43,9.73,N/A,5391.97,N/A,0,0,0,0,N/A,UNAVAILABLE
1786654341267,Forge,CAPTURE_ON,2,World Flythrough,63.39,15.78,9.73,N/A,5391.97,N/A,0,0,0,0,N/A,UNAVAILABLE
1786654341276,Forge,CAPTURE_ON,2,World Flythrough,115.82,8.63,9.73,N/A,5391.97,N/A,0,0,0,0,N/A,UNAVAILABLE
1786654341289,Forge,CAPTURE_ON,2,World Flythrough,78.20,12.79,9.73,N/A,5391.97,N/A,0,0,0,0,N/A,UNAVAILABLE
1786654341300,Forge,CAPTURE_ON,2,World Flythrough,89.99,11.11,9.73,N/A,5391.97,N/A,0,0,0,0,N/A,UNAVAILABLE
1786654341314,Forge,CAPTURE_ON,2,World Flythrough,70.18,14.25,9.73,N/A,5391.97,N/A,0,0,0,0,N/A,UNAVAILABLE
1786654341324,Forge,CAPTURE_ON,2,World Flythrough,98.10,10.19,9.73,N/A,5391.97,N/A,0,0,0,0,N/A,UNAVAILABLE
1786654341339,Forge,CAPTURE_ON,2,World Flythrough,70.06,14.27,9.73,N/A,5391.97,N/A,0,0,0,0,N/A,UNAVAILABLE
1786654341349,Forge,CAPTURE_ON,2,World Flythrough,96.13,10.40,9.73,N/A,5391.97,N/A,0,0,0,0,N/A,UNAVAILABLE
1786654341367,Forge,CAPTURE_ON,2,World Flythrough,57.27,17.46,9.73,N/A,5391.97,N/A,0,0,0,0,N/A,UNAVAILABLE
1786654341377,Forge,CAPTURE_ON,2,World Flythrough,95.98,10.42,9.73,N/A,5391.97,N/A,0,0,0,0,N/A,UNAVAILABLE
1786654341392,Forge,CAPTURE_ON,2,World Flythrough,67.57,14.80,9.73,N/A,5391.97,N/A,0,0,0,0,N/A,UNAVAILABLE
1786654341402,Forge,CAPTURE_ON,2,World Flythrough,102.93,9.72,9.73,N/A,5391.97,N/A,0,0,0,0,N/A,UNAVAILABLE
1786654341419,Forge,CAPTURE_ON,2,World Flythrough,57.12,17.51,9.73,N/A,5391.97,N/A,0,0,0,0,N/A,UNAVAILABLE
1786654341428,Forge,CAPTURE_ON,2,World Flythrough,109.78,9.11,9.73,N/A,5391.97,N/A,0,0,0,0,N/A,UNAVAILABLE
1786654341441,Forge,CAPTURE_ON,2,World Flythrough,75.76,13.20,9.73,N/A,5391.97,N/A,0,0,0,0,N/A,UNAVAILABLE
1786654341454,Forge,CAPTURE_ON,2,World Flythrough,79.85,12.52,9.73,N/A,5391.97,N/A,0,0,0,0,N/A,UNAVAILABLE
1786654341468,Forge,CAPTURE_ON,2,World Flythrough,70.84,14.12,9.73,N/A,5391.97,N/A,0,0,0,0,N/A,UNAVAILABLE
1786654341477,Forge,CAPTURE_ON,2,World Flythrough,115.30,8.67,9.73,N/A,5391.97,N/A,0,0,0,0,N/A,UNAVAILABLE
1786654341489,Forge,CAPTURE_ON,2,World Flythrough,78.15,12.80,9.73,N/A,5391.97,N/A,0,0,0,0,N/A,UNAVAILABLE
1786654341498,Forge,CAPTURE_ON,2,World Flythrough,117.06,8.54,9.73,N/A,5391.97,N/A,0,0,0,0,N/A,UNAVAILABLE
1786654341512,Forge,CAPTURE_ON,2,World Flythrough,70.71,14.14,9.73,N/A,5391.97,N/A,0,0,0,0,N/A,UNAVAILABLE
1786654341533,Forge,CAPTURE_ON,2,World Flythrough,48.58,20.58,9.73,N/A,5391.97,N/A,0,0,0,0,N/A,UNAVAILABLE
1786654341544,Forge,CAPTURE_ON,2,World Flythrough,84.88,11.78,9.73,N/A,5391.97,N/A,0,0,0,0,N/A,UNAVAILABLE
1786654341553,Forge,CAPTURE_ON,2,World Flythrough,115.61,8.65,9.73,N/A,5391.97,N/A,0,0,0,0,N/A,UNAVAILABLE
1786654341572,Forge,CAPTURE_ON,2,World Flythrough,52.18,19.16,9.73,N/A,5391.97,N/A,0,0,0,0,N/A,UNAVAILABLE
1786654341583,Forge,CAPTURE_ON,2,World Flythrough,97.48,10.26,9.73,N/A,5391.97,N/A,0,0,0,0,N/A,UNAVAILABLE
1786654341592,Forge,CAPTURE_ON,2,World Flythrough,104.71,9.55,9.73,N/A,5391.97,N/A,0,0,0,0,N/A,UNAVAILABLE
1786654341602,Forge,CAPTURE_ON,2,World Flythrough,97.24,10.28,9.73,N/A,5391.97,N/A,0,0,0,0,N/A,UNAVAILABLE
1786654341623,Forge,CAPTURE_ON,2,World Flythrough,47.90,20.88,9.73,N/A,5391.97,N/A,0,0,0,0,N/A,UNAVAILABLE
1786654341637,Forge,CAPTURE_ON,2,World Flythrough,73.29,13.64,9.73,N/A,5391.97,N/A,0,0,0,0,N/A,UNAVAILABLE
1786654341651,Forge,CAPTURE_ON,2,World Flythrough,72.45,13.80,9.73,N/A,5391.97,N/A,0,0,0,0,N/A,UNAVAILABLE
1786654341670,Forge,CAPTURE_ON,2,World Flythrough,53.71,18.62,9.73,N/A,5391.97,N/A,0,0,0,0,N/A,UNAVAILABLE
1786654341684,Forge,CAPTURE_ON,2,World Flythrough,66.59,15.02,9.73,N/A,5391.97,N/A,0,0,0,0,N/A,UNAVAILABLE
1786654341697,Forge,CAPTURE_ON,2,World Flythrough,82.17,12.17,9.73,N/A,5391.97,N/A,0,0,0,0,N/A,UNAVAILABLE
1786654341715,Forge,CAPTURE_ON,2,World Flythrough,52.95,18.89,9.73,N/A,5391.97,N/A,0,0,0,0,N/A,UNAVAILABLE
1786654341727,Forge,CAPTURE_ON,2,World Flythrough,83.92,11.92,9.73,N/A,5391.97,N/A,0,0,0,0,N/A,UNAVAILABLE
1786654341741,Forge,CAPTURE_ON,2,World Flythrough,74.37,13.45,9.73,N/A,5391.97,N/A,0,0,0,0,N/A,UNAVAILABLE
1786654341752,Forge,CAPTURE_ON,2,World Flythrough,92.35,10.83,9.73,N/A,5391.97,N/A,0,0,0,0,N/A,UNAVAILABLE
1786654341768,Forge,CAPTURE_ON,2,World Flythrough,59.07,16.93,9.73,N/A,5391.97,N/A,0,0,0,0,N/A,UNAVAILABLE
1786654341779,Forge,CAPTURE_ON,2,World Flythrough,93.03,10.75,9.73,N/A,5391.97,N/A,0,0,0,0,N/A,UNAVAILABLE
1786654341792,Forge,CAPTURE_ON,2,World Flythrough,81.80,12.23,9.73,N/A,5391.97,N/A,0,0,0,0,N/A,UNAVAILABLE
1786654341801,Forge,CAPTURE_ON,2,World Flythrough,106.97,9.35,9.73,N/A,5391.97,N/A,0,0,0,0,N/A,UNAVAILABLE
1786654341818,Forge,CAPTURE_ON,2,World Flythrough,57.15,17.50,9.73,N/A,5391.97,N/A,0,0,0,0,N/A,UNAVAILABLE
1786654341831,Forge,CAPTURE_ON,2,World Flythrough,78.55,12.73,9.73,N/A,5391.97,N/A,0,0,0,0,N/A,UNAVAILABLE
1786654341844,Forge,CAPTURE_ON,2,World Flythrough,80.03,12.49,9.73,N/A,5391.97,N/A,0,0,0,0,N/A,UNAVAILABLE
1786654341853,Forge,CAPTURE_ON,2,World Flythrough,110.72,9.03,9.73,N/A,5391.97,N/A,0,0,0,0,N/A,UNAVAILABLE
1786654341867,Forge,CAPTURE_ON,2,World Flythrough,71.18,14.05,9.73,N/A,5391.97,N/A,0,0,0,0,N/A,UNAVAILABLE
1786654341877,Forge,CAPTURE_ON,2,World Flythrough,99.57,10.04,9.73,N/A,5391.97,N/A,0,0,0,0,N/A,UNAVAILABLE
1786654341889,Forge,CAPTURE_ON,2,World Flythrough,82.02,12.19,9.73,N/A,5391.97,N/A,0,0,0,0,N/A,UNAVAILABLE
1786654341901,Forge,CAPTURE_ON,2,World Flythrough,80.41,12.44,9.73,N/A,5391.97,N/A,0,0,0,0,N/A,UNAVAILABLE
1786654341917,Forge,CAPTURE_ON,2,World Flythrough,62.34,16.04,9.73,N/A,5391.97,N/A,0,0,0,0,N/A,UNAVAILABLE
1786654341976,Forge,CAPTURE_ON,2,World Flythrough,68.75,14.55,8.11,N/A,5742.15,N/A,0,0,0,0,N/A,UNAVAILABLE
1786654341994,Forge,CAPTURE_ON,2,World Flythrough,16.14,61.94,8.11,N/A,5742.15,N/A,0,0,0,0,N/A,UNAVAILABLE
1786654342004,Forge,CAPTURE_ON,2,World Flythrough,96.95,10.31,8.11,N/A,5742.15,N/A,0,0,0,0,N/A,UNAVAILABLE
1786654342019,Forge,CAPTURE_ON,2,World Flythrough,68.00,14.71,8.11,N/A,5742.15,N/A,0,0,0,0,N/A,UNAVAILABLE
1786654342029,Forge,CAPTURE_ON,2,World Flythrough,99.16,10.09,8.11,N/A,5742.15,N/A,0,0,0,0,N/A,UNAVAILABLE
1786654342038,Forge,CAPTURE_ON,2,World Flythrough,103.55,9.66,8.11,N/A,5742.15,N/A,0,0,0,0,N/A,UNAVAILABLE
1786654342048,Forge,CAPTURE_ON,2,World Flythrough,109.89,9.10,8.11,N/A,5742.15,N/A,0,0,0,0,N/A,UNAVAILABLE
1786654342061,Forge,CAPTURE_ON,2,World Flythrough,75.39,13.26,8.11,N/A,5742.15,N/A,0,0,0,0,N/A,UNAVAILABLE
1786654342078,Forge,CAPTURE_ON,2,World Flythrough,58.95,16.96,8.11,N/A,5742.15,N/A,0,0,0,0,N/A,UNAVAILABLE
1786654342087,Forge,CAPTURE_ON,2,World Flythrough,114.38,8.74,8.11,N/A,5742.15,N/A,0,0,0,0,N/A,UNAVAILABLE
1786654342097,Forge,CAPTURE_ON,2,World Flythrough,92.67,10.79,8.11,N/A,5742.15,N/A,0,0,0,0,N/A,UNAVAILABLE
1786654342111,Forge,CAPTURE_ON,2,World Flythrough,76.18,13.13,8.11,N/A,5742.15,N/A,0,0,0,0,N/A,UNAVAILABLE
1786654342119,Forge,CAPTURE_ON,2,World Flythrough,121.71,8.22,8.11,N/A,5742.15,N/A,0,0,0,0,N/A,UNAVAILABLE
1786654342127,Forge,CAPTURE_ON,2,World Flythrough,118.61,8.43,8.11,N/A,5742.15,N/A,0,0,0,0,N/A,UNAVAILABLE
1786654342136,Forge,CAPTURE_ON,2,World Flythrough,122.82,8.14,8.11,N/A,5742.15,N/A,0,0,0,0,N/A,UNAVAILABLE
1786654342145,Forge,CAPTURE_ON,2,World Flythrough,114.77,8.71,8.11,N/A,5742.15,N/A,0,0,0,0,N/A,UNAVAILABLE
1786654342153,Forge,CAPTURE_ON,2,World Flythrough,111.02,9.01,8.11,N/A,5742.15,N/A,0,0,0,0,N/A,UNAVAILABLE
1786654342170,Forge,CAPTURE_ON,2,World Flythrough,58.41,17.12,8.11,N/A,5742.15,N/A,0,0,0,0,N/A,UNAVAILABLE
1786654342181,Forge,CAPTURE_ON,2,World Flythrough,96.41,10.37,8.11,N/A,5742.15,N/A,0,0,0,0,N/A,UNAVAILABLE
1786654342190,Forge,CAPTURE_ON,2,World Flythrough,106.67,9.37,8.11,N/A,5742.15,N/A,0,0,0,0,N/A,UNAVAILABLE
1786654342200,Forge,CAPTURE_ON,2,World Flythrough,101.77,9.83,8.11,N/A,5742.15,N/A,0,0,0,0,N/A,UNAVAILABLE
1786654342220,Forge,CAPTURE_ON,2,World Flythrough,48.22,20.74,8.11,N/A,5742.15,N/A,0,0,0,0,N/A,UNAVAILABLE
1786654342232,Forge,CAPTURE_ON,2,World Flythrough,83.17,12.02,8.11,N/A,5742.15,N/A,0,0,0,0,N/A,UNAVAILABLE
1786654342244,Forge,CAPTURE_ON,2,World Flythrough,81.80,12.23,8.11,N/A,5742.15,N/A,0,0,0,0,N/A,UNAVAILABLE
1786654342254,Forge,CAPTURE_ON,2,World Flythrough,106.16,9.42,8.11,N/A,5742.15,N/A,0,0,0,0,N/A,UNAVAILABLE
1786654342270,Forge,CAPTURE_ON,2,World Flythrough,61.79,16.18,8.11,N/A,5742.15,N/A,0,0,0,0,N/A,UNAVAILABLE
1786654342281,Forge,CAPTURE_ON,2,World Flythrough,92.27,10.84,8.11,N/A,5742.15,N/A,0,0,0,0,N/A,UNAVAILABLE
1786654342291,Forge,CAPTURE_ON,2,World Flythrough,96.55,10.36,8.11,N/A,5742.15,N/A,0,0,0,0,N/A,UNAVAILABLE
1786654342306,Forge,CAPTURE_ON,2,World Flythrough,69.20,14.45,8.11,N/A,5742.15,N/A,0,0,0,0,N/A,UNAVAILABLE
1786654342320,Forge,CAPTURE_ON,2,World Flythrough,69.95,14.30,8.11,N/A,5742.15,N/A,0,0,0,0,N/A,UNAVAILABLE
1786654342331,Forge,CAPTURE_ON,2,World Flythrough,93.12,10.74,8.11,N/A,5742.15,N/A,0,0,0,0,N/A,UNAVAILABLE
1786654342340,Forge,CAPTURE_ON,2,World Flythrough,107.35,9.32,8.11,N/A,5742.15,N/A,0,0,0,0,N/A,UNAVAILABLE
1786654342350,Forge,CAPTURE_ON,2,World Flythrough,104.43,9.58,8.11,N/A,5742.15,N/A,0,0,0,0,N/A,UNAVAILABLE
1786654342364,Forge,CAPTURE_ON,2,World Flythrough,72.62,13.77,8.11,N/A,5742.15,N/A,0,0,0,0,N/A,UNAVAILABLE
1786654342372,Forge,CAPTURE_ON,2,World Flythrough,116.46,8.59,8.11,N/A,5742.15,N/A,0,0,0,0,N/A,UNAVAILABLE
1786654342381,Forge,CAPTURE_ON,2,World Flythrough,118.82,8.42,8.11,N/A,5742.15,N/A,0,0,0,0,N/A,UNAVAILABLE
1786654342390,Forge,CAPTURE_ON,2,World Flythrough,103.73,9.64,8.11,N/A,5742.15,N/A,0,0,0,0,N/A,UNAVAILABLE
1786654342399,Forge,CAPTURE_ON,2,World Flythrough,124.58,8.03,8.11,N/A,5742.15,N/A,0,0,0,0,N/A,UNAVAILABLE
1786654342414,Forge,CAPTURE_ON,2,World Flythrough,65.24,15.33,8.11,N/A,5742.15,N/A,0,0,0,0,N/A,UNAVAILABLE
1786654342422,Forge,CAPTURE_ON,2,World Flythrough,130.79,7.65,8.11,N/A,5742.15,N/A,0,0,0,0,N/A,UNAVAILABLE
1786654342430,Forge,CAPTURE_ON,2,World Flythrough,112.47,8.89,8.11,N/A,5742.15,N/A,0,0,0,0,N/A,UNAVAILABLE
1786654342441,Forge,CAPTURE_ON,2,World Flythrough,88.39,11.31,8.11,N/A,5742.15,N/A,0,0,0,0,N/A,UNAVAILABLE
1786654342450,Forge,CAPTURE_ON,2,World Flythrough,120.02,8.33,8.11,N/A,5742.15,N/A,0,0,0,0,N/A,UNAVAILABLE
1786654342464,Forge,CAPTURE_ON,2,World Flythrough,71.64,13.96,8.11,N/A,5742.15,N/A,0,0,0,0,N/A,UNAVAILABLE
1786654342480,Forge,CAPTURE_ON,2,World Flythrough,62.92,15.89,8.11,N/A,5742.15,N/A,0,0,0,0,N/A,UNAVAILABLE
1786654342491,Forge,CAPTURE_ON,2,World Flythrough,88.65,11.28,8.11,N/A,5742.15,N/A,0,0,0,0,N/A,UNAVAILABLE
1786654342500,Forge,CAPTURE_ON,2,World Flythrough,110.72,9.03,8.11,N/A,5742.15,N/A,0,0,0,0,N/A,UNAVAILABLE
1786654342514,Forge,CAPTURE_ON,2,World Flythrough,67.86,14.74,8.11,N/A,5742.15,N/A,0,0,0,0,N/A,UNAVAILABLE
1786654342526,Forge,CAPTURE_ON,2,World Flythrough,90.33,11.07,8.11,N/A,5742.15,N/A,0,0,0,0,N/A,UNAVAILABLE
1786654342536,Forge,CAPTURE_ON,2,World Flythrough,106.35,9.40,8.11,N/A,5742.15,N/A,0,0,0,0,N/A,UNAVAILABLE
1786654342549,Forge,CAPTURE_ON,2,World Flythrough,74.22,13.47,8.11,N/A,5742.15,N/A,0,0,0,0,N/A,UNAVAILABLE
1786654342564,Forge,CAPTURE_ON,2,World Flythrough,65.55,15.26,8.11,N/A,5742.15,N/A,0,0,0,0,N/A,UNAVAILABLE
1786654342572,Forge,CAPTURE_ON,2,World Flythrough,118.48,8.44,8.11,N/A,5742.15,N/A,0,0,0,0,N/A,UNAVAILABLE
1786654342582,Forge,CAPTURE_ON,2,World Flythrough,112.67,8.88,8.11,N/A,5742.15,N/A,0,0,0,0,N/A,UNAVAILABLE
1786654342590,Forge,CAPTURE_ON,2,World Flythrough,108.66,9.20,8.11,N/A,5742.15,N/A,0,0,0,0,N/A,UNAVAILABLE
1786654342604,Forge,CAPTURE_ON,2,World Flythrough,72.00,13.89,8.11,N/A,5742.15,N/A,0,0,0,0,N/A,UNAVAILABLE
1786654342622,Forge,CAPTURE_ON,2,World Flythrough,57.67,17.34,8.11,N/A,5742.15,N/A,0,0,0,0,N/A,UNAVAILABLE
1786654342641,Forge,CAPTURE_ON,2,World Flythrough,52.05,19.21,8.11,N/A,5742.15,N/A,0,0,0,0,N/A,UNAVAILABLE
1786654342659,Forge,CAPTURE_ON,2,World Flythrough,57.56,17.37,8.11,N/A,5742.15,N/A,0,0,0,0,N/A,UNAVAILABLE
1786654342672,Forge,CAPTURE_ON,2,World Flythrough,71.64,13.96,8.11,N/A,5742.15,N/A,0,0,0,0,N/A,UNAVAILABLE
1786654342683,Forge,CAPTURE_ON,2,World Flythrough,88.97,11.24,8.11,N/A,5742.15,N/A,0,0,0,0,N/A,UNAVAILABLE
1786654342692,Forge,CAPTURE_ON,2,World Flythrough,110.45,9.05,8.11,N/A,5742.15,N/A,0,0,0,0,N/A,UNAVAILABLE
1786654342706,Forge,CAPTURE_ON,2,World Flythrough,75.80,13.19,8.11,N/A,5742.15,N/A,0,0,0,0,N/A,UNAVAILABLE
1786654342720,Forge,CAPTURE_ON,2,World Flythrough,72.29,13.83,8.11,N/A,5742.15,N/A,0,0,0,0,N/A,UNAVAILABLE
1786654342730,Forge,CAPTURE_ON,2,World Flythrough,102.51,9.75,8.11,N/A,5742.15,N/A,0,0,0,0,N/A,UNAVAILABLE
1786654342739,Forge,CAPTURE_ON,2,World Flythrough,107.92,9.27,8.11,N/A,5742.15,N/A,0,0,0,0,N/A,UNAVAILABLE
1786654342752,Forge,CAPTURE_ON,2,World Flythrough,72.87,13.72,8.11,N/A,5742.15,N/A,0,0,0,0,N/A,UNAVAILABLE
1786654342765,Forge,CAPTURE_ON,2,World Flythrough,76.49,13.07,8.11,N/A,5742.15,N/A,0,0,0,0,N/A,UNAVAILABLE
1786654342777,Forge,CAPTURE_ON,2,World Flythrough,83.68,11.95,8.11,N/A,5742.15,N/A,0,0,0,0,N/A,UNAVAILABLE
1786654342791,Forge,CAPTURE_ON,2,World Flythrough,75.30,13.28,8.11,N/A,5742.15,N/A,0,0,0,0,N/A,UNAVAILABLE
1786654342816,Forge,CAPTURE_ON,2,World Flythrough,39.40,25.38,8.11,N/A,5742.15,N/A,0,0,0,0,N/A,UNAVAILABLE
1786654342825,Forge,CAPTURE_ON,2,World Flythrough,110.94,9.01,8.11,N/A,5742.15,N/A,0,0,0,0,N/A,UNAVAILABLE
1786654342833,Forge,CAPTURE_ON,2,World Flythrough,131.15,7.62,8.11,N/A,5742.15,N/A,0,0,0,0,N/A,UNAVAILABLE
1786654342841,Forge,CAPTURE_ON,2,World Flythrough,116.30,8.60,8.11,N/A,5742.15,N/A,0,0,0,0,N/A,UNAVAILABLE
1786654342850,Forge,CAPTURE_ON,2,World Flythrough,117.92,8.48,8.11,N/A,5742.15,N/A,0,0,0,0,N/A,UNAVAILABLE
1786654342866,Forge,CAPTURE_ON,2,World Flythrough,61.81,16.18,8.11,N/A,5742.15,N/A,0,0,0,0,N/A,UNAVAILABLE
1786654342871,Forge,CAPTURE_ON,2,World Flythrough,175.32,5.70,8.11,N/A,5742.15,N/A,0,0,0,0,N/A,UNAVAILABLE
1786654342881,Forge,CAPTURE_ON,2,World Flythrough,108.49,9.22,8.11,N/A,5742.15,N/A,0,0,0,0,N/A,UNAVAILABLE
1786654342888,Forge,CAPTURE_ON,2,World Flythrough,140.65,7.11,8.11,N/A,5742.15,N/A,0,0,0,0,N/A,UNAVAILABLE
1786654342896,Forge,CAPTURE_ON,2,World Flythrough,116.88,8.56,8.11,N/A,5742.15,N/A,0,0,0,0,N/A,UNAVAILABLE
1786654342905,Forge,CAPTURE_ON,2,World Flythrough,116.18,8.61,8.11,N/A,5742.15,N/A,0,0,0,0,N/A,UNAVAILABLE
1786654342919,Forge,CAPTURE_ON,2,World Flythrough,74.65,13.40,8.11,N/A,5742.15,N/A,0,0,0,0,N/A,UNAVAILABLE
1786654342926,Forge,CAPTURE_ON,2,World Flythrough,150.20,6.66,8.11,N/A,5742.15,N/A,0,0,0,0,N/A,UNAVAILABLE
1786654342931,Forge,CAPTURE_ON,2,World Flythrough,161.53,6.19,8.11,N/A,5742.15,N/A,0,0,0,0,N/A,UNAVAILABLE
1786654342978,Forge,CAPTURE_ON,2,World Flythrough,102.36,9.77,9.64,N/A,5353.97,N/A,0,0,0,0,N/A,UNAVAILABLE
1786654342992,Forge,CAPTURE_ON,2,World Flythrough,19.88,50.29,9.64,N/A,5353.97,N/A,0,0,0,0,N/A,UNAVAILABLE
1786654343001,Forge,CAPTURE_ON,2,World Flythrough,107.85,9.27,9.64,N/A,5353.97,N/A,0,0,0,0,N/A,UNAVAILABLE
1786654343015,Forge,CAPTURE_ON,2,World Flythrough,68.27,14.65,9.64,N/A,5353.97,N/A,0,0,0,0,N/A,UNAVAILABLE
1786654343023,Forge,CAPTURE_ON,2,World Flythrough,127.43,7.85,9.64,N/A,5353.97,N/A,0,0,0,0,N/A,UNAVAILABLE
1786654343030,Forge,CAPTURE_ON,2,World Flythrough,161.73,6.18,9.64,N/A,5353.97,N/A,0,0,0,0,N/A,UNAVAILABLE
1786654343040,Forge,CAPTURE_ON,2,World Flythrough,91.84,10.89,9.64,N/A,5353.97,N/A,0,0,0,0,N/A,UNAVAILABLE
1786654343046,Forge,CAPTURE_ON,2,World Flythrough,161.33,6.20,9.64,N/A,5353.97,N/A,0,0,0,0,N/A,UNAVAILABLE
1786654343054,Forge,CAPTURE_ON,2,World Flythrough,140.71,7.11,9.64,N/A,5353.97,N/A,0,0,0,0,N/A,UNAVAILABLE
1786654343072,Forge,CAPTURE_ON,2,World Flythrough,54.96,18.20,9.64,N/A,5353.97,N/A,0,0,0,0,N/A,UNAVAILABLE
1786654343081,Forge,CAPTURE_ON,2,World Flythrough,108.82,9.19,9.64,N/A,5353.97,N/A,0,0,0,0,N/A,UNAVAILABLE
1786654343088,Forge,CAPTURE_ON,2,World Flythrough,140.55,7.12,9.64,N/A,5353.97,N/A,0,0,0,0,N/A,UNAVAILABLE
1786654343099,Forge,CAPTURE_ON,2,World Flythrough,91.83,10.89,9.64,N/A,5353.97,N/A,0,0,0,0,N/A,UNAVAILABLE
1786654343112,Forge,CAPTURE_ON,2,World Flythrough,75.04,13.33,9.64,N/A,5353.97,N/A,0,0,0,0,N/A,UNAVAILABLE
1786654343120,Forge,CAPTURE_ON,2,World Flythrough,130.44,7.67,9.64,N/A,5353.97,N/A,0,0,0,0,N/A,UNAVAILABLE
1786654343127,Forge,CAPTURE_ON,2,World Flythrough,145.63,6.87,9.64,N/A,5353.97,N/A,0,0,0,0,N/A,UNAVAILABLE
1786654343136,Forge,CAPTURE_ON,2,World Flythrough,113.39,8.82,9.64,N/A,5353.97,N/A,0,0,0,0,N/A,UNAVAILABLE
1786654343145,Forge,CAPTURE_ON,2,World Flythrough,116.60,8.58,9.64,N/A,5353.97,N/A,0,0,0,0,N/A,UNAVAILABLE
1786654343152,Forge,CAPTURE_ON,2,World Flythrough,124.07,8.06,9.64,N/A,5353.97,N/A,0,0,0,0,N/A,UNAVAILABLE
1786654343164,Forge,CAPTURE_ON,2,World Flythrough,85.94,11.64,9.64,N/A,5353.97,N/A,0,0,0,0,N/A,UNAVAILABLE
1786654343170,Forge,CAPTURE_ON,2,World Flythrough,176.49,5.67,9.64,N/A,5353.97,N/A,0,0,0,0,N/A,UNAVAILABLE
1786654343179,Forge,CAPTURE_ON,2,World Flythrough,104.46,9.57,9.64,N/A,5353.97,N/A,0,0,0,0,N/A,UNAVAILABLE
1786654343187,Forge,CAPTURE_ON,2,World Flythrough,126.35,7.91,9.64,N/A,5353.97,N/A,0,0,0,0,N/A,UNAVAILABLE
1786654343196,Forge,CAPTURE_ON,2,World Flythrough,114.88,8.70,9.64,N/A,5353.97,N/A,0,0,0,0,N/A,UNAVAILABLE
1786654343203,Forge,CAPTURE_ON,2,World Flythrough,137.15,7.29,9.64,N/A,5353.97,N/A,0,0,0,0,N/A,UNAVAILABLE
1786654343216,Forge,CAPTURE_ON,2,World Flythrough,77.74,12.86,9.64,N/A,5353.97,N/A,0,0,0,0,N/A,UNAVAILABLE
1786654343222,Forge,CAPTURE_ON,2,World Flythrough,161.23,6.20,9.64,N/A,5353.97,N/A,0,0,0,0,N/A,UNAVAILABLE
1786654343229,Forge,CAPTURE_ON,2,World Flythrough,155.64,6.43,9.64,N/A,5353.97,N/A,0,0,0,0,N/A,UNAVAILABLE
1786654343236,Forge,CAPTURE_ON,2,World Flythrough,140.96,7.09,9.64,N/A,5353.97,N/A,0,0,0,0,N/A,UNAVAILABLE
1786654343243,Forge,CAPTURE_ON,2,World Flythrough,152.43,6.56,9.64,N/A,5353.97,N/A,0,0,0,0,N/A,UNAVAILABLE
1786654343248,Forge,CAPTURE_ON,2,World Flythrough,159.57,6.27,9.64,N/A,5353.97,N/A,0,0,0,0,N/A,UNAVAILABLE
1786654343256,Forge,CAPTURE_ON,2,World Flythrough,137.97,7.25,9.64,N/A,5353.97,N/A,0,0,0,0,N/A,UNAVAILABLE
1786654343271,Forge,CAPTURE_ON,2,World Flythrough,64.03,15.62,9.64,N/A,5353.97,N/A,0,0,0,0,N/A,UNAVAILABLE
1786654343278,Forge,CAPTURE_ON,2,World Flythrough,145.47,6.87,9.64,N/A,5353.97,N/A,0,0,0,0,N/A,UNAVAILABLE
1786654343288,Forge,CAPTURE_ON,2,World Flythrough,99.12,10.09,9.64,N/A,5353.97,N/A,0,0,0,0,N/A,UNAVAILABLE
1786654343298,Forge,CAPTURE_ON,2,World Flythrough,102.17,9.79,9.64,N/A,5353.97,N/A,0,0,0,0,N/A,UNAVAILABLE
1786654343319,Forge,CAPTURE_ON,2,World Flythrough,47.26,21.16,9.64,N/A,5353.97,N/A,0,0,0,0,N/A,UNAVAILABLE
1786654343326,Forge,CAPTURE_ON,2,World Flythrough,153.92,6.50,9.64,N/A,5353.97,N/A,0,0,0,0,N/A,UNAVAILABLE
1786654343335,Forge,CAPTURE_ON,2,World Flythrough,107.53,9.30,9.64,N/A,5353.97,N/A,0,0,0,0,N/A,UNAVAILABLE
1786654343343,Forge,CAPTURE_ON,2,World Flythrough,122.76,8.15,9.64,N/A,5353.97,N/A,0,0,0,0,N/A,UNAVAILABLE
1786654343351,Forge,CAPTURE_ON,2,World Flythrough,144.30,6.93,9.64,N/A,5353.97,N/A,0,0,0,0,N/A,UNAVAILABLE
1786654343361,Forge,CAPTURE_ON,2,World Flythrough,94.28,10.61,9.64,N/A,5353.97,N/A,0,0,0,0,N/A,UNAVAILABLE
1786654343366,Forge,CAPTURE_ON,2,World Flythrough,181.33,5.51,9.64,N/A,5353.97,N/A,0,0,0,0,N/A,UNAVAILABLE
1786654343376,Forge,CAPTURE_ON,2,World Flythrough,103.97,9.62,9.64,N/A,5353.97,N/A,0,0,0,0,N/A,UNAVAILABLE
1786654343384,Forge,CAPTURE_ON,2,World Flythrough,113.61,8.80,9.64,N/A,5353.97,N/A,0,0,0,0,N/A,UNAVAILABLE
1786654343395,Forge,CAPTURE_ON,2,World Flythrough,97.83,10.22,9.64,N/A,5353.97,N/A,0,0,0,0,N/A,UNAVAILABLE
1786654343401,Forge,CAPTURE_ON,2,World Flythrough,164.45,6.08,9.64,N/A,5353.97,N/A,0,0,0,0,N/A,UNAVAILABLE
1786654343420,Forge,CAPTURE_ON,2,World Flythrough,54.39,18.39,9.64,N/A,5353.97,N/A,0,0,0,0,N/A,UNAVAILABLE
1786654343428,Forge,CAPTURE_ON,2,World Flythrough,111.48,8.97,9.64,N/A,5353.97,N/A,0,0,0,0,N/A,UNAVAILABLE
1786654343438,Forge,CAPTURE_ON,2,World Flythrough,106.74,9.37,9.64,N/A,5353.97,N/A,0,0,0,0,N/A,UNAVAILABLE
1786654343445,Forge,CAPTURE_ON,2,World Flythrough,135.54,7.38,9.64,N/A,5353.97,N/A,0,0,0,0,N/A,UNAVAILABLE
1786654343454,Forge,CAPTURE_ON,2,World Flythrough,107.92,9.27,9.64,N/A,5353.97,N/A,0,0,0,0,N/A,UNAVAILABLE
1786654343469,Forge,CAPTURE_ON,2,World Flythrough,65.78,15.20,9.64,N/A,5353.97,N/A,0,0,0,0,N/A,UNAVAILABLE
1786654343479,Forge,CAPTURE_ON,2,World Flythrough,111.37,8.98,9.64,N/A,5353.97,N/A,0,0,0,0,N/A,UNAVAILABLE
1786654343491,Forge,CAPTURE_ON,2,World Flythrough,78.94,12.67,9.64,N/A,5353.97,N/A,0,0,0,0,N/A,UNAVAILABLE
1786654343502,Forge,CAPTURE_ON,2,World Flythrough,92.96,10.76,9.64,N/A,5353.97,N/A,0,0,0,0,N/A,UNAVAILABLE
1786654343515,Forge,CAPTURE_ON,2,World Flythrough,81.54,12.26,9.64,N/A,5353.97,N/A,0,0,0,0,N/A,UNAVAILABLE
1786654343520,Forge,CAPTURE_ON,2,World Flythrough,169.15,5.91,9.64,N/A,5353.97,N/A,0,0,0,0,N/A,UNAVAILABLE
1786654343526,Forge,CAPTURE_ON,2,World Flythrough,157.56,6.35,9.64,N/A,5353.97,N/A,0,0,0,0,N/A,UNAVAILABLE
1786654343535,Forge,CAPTURE_ON,2,World Flythrough,110.24,9.07,9.64,N/A,5353.97,N/A,0,0,0,0,N/A,UNAVAILABLE
1786654343544,Forge,CAPTURE_ON,2,World Flythrough,132.76,7.53,9.64,N/A,5353.97,N/A,0,0,0,0,N/A,UNAVAILABLE
1786654343551,Forge,CAPTURE_ON,2,World Flythrough,118.69,8.43,9.64,N/A,5353.97,N/A,0,0,0,0,N/A,UNAVAILABLE
1786654343565,Forge,CAPTURE_ON,2,World Flythrough,74.67,13.39,9.64,N/A,5353.97,N/A,0,0,0,0,N/A,UNAVAILABLE
1786654343574,Forge,CAPTURE_ON,2,World Flythrough,114.11,8.76,9.64,N/A,5353.97,N/A,0,0,0,0,N/A,UNAVAILABLE
1786654343581,Forge,CAPTURE_ON,2,World Flythrough,142.17,7.03,9.64,N/A,5353.97,N/A,0,0,0,0,N/A,UNAVAILABLE
1786654343588,Forge,CAPTURE_ON,2,World Flythrough,123.16,8.12,9.64,N/A,5353.97,N/A,0,0,0,0,N/A,UNAVAILABLE
1786654343594,Forge,CAPTURE_ON,2,World Flythrough,180.96,5.53,9.64,N/A,5353.97,N/A,0,0,0,0,N/A,UNAVAILABLE
1786654343604,Forge,CAPTURE_ON,2,World Flythrough,103.86,9.63,9.64,N/A,5353.97,N/A,0,0,0,0,N/A,UNAVAILABLE
1786654343617,Forge,CAPTURE_ON,2,World Flythrough,74.81,13.37,9.64,N/A,5353.97,N/A,0,0,0,0,N/A,UNAVAILABLE
1786654343626,Forge,CAPTURE_ON,2,World Flythrough,123.71,8.08,9.64,N/A,5353.97,N/A,0,0,0,0,N/A,UNAVAILABLE
1786654343633,Forge,CAPTURE_ON,2,World Flythrough,129.59,7.72,9.64,N/A,5353.97,N/A,0,0,0,0,N/A,UNAVAILABLE
1786654343643,Forge,CAPTURE_ON,2,World Flythrough,101.85,9.82,9.64,N/A,5353.97,N/A,0,0,0,0,N/A,UNAVAILABLE
1786654343649,Forge,CAPTURE_ON,2,World Flythrough,171.34,5.84,9.64,N/A,5353.97,N/A,0,0,0,0,N/A,UNAVAILABLE
1786654343656,Forge,CAPTURE_ON,2,World Flythrough,150.94,6.63,9.64,N/A,5353.97,N/A,0,0,0,0,N/A,UNAVAILABLE
1786654343668,Forge,CAPTURE_ON,2,World Flythrough,79.67,12.55,9.64,N/A,5353.97,N/A,0,0,0,0,N/A,UNAVAILABLE
1786654343677,Forge,CAPTURE_ON,2,World Flythrough,113.88,8.78,9.64,N/A,5353.97,N/A,0,0,0,0,N/A,UNAVAILABLE
1786654343683,Forge,CAPTURE_ON,2,World Flythrough,162.80,6.14,9.64,N/A,5353.97,N/A,0,0,0,0,N/A,UNAVAILABLE
1786654343691,Forge,CAPTURE_ON,2,World Flythrough,117.96,8.48,9.64,N/A,5353.97,N/A,0,0,0,0,N/A,UNAVAILABLE
1786654343698,Forge,CAPTURE_ON,2,World Flythrough,172.27,5.80,9.64,N/A,5353.97,N/A,0,0,0,0,N/A,UNAVAILABLE
1786654343705,Forge,CAPTURE_ON,2,World Flythrough,120.18,8.32,9.64,N/A,5353.97,N/A,0,0,0,0,N/A,UNAVAILABLE
1786654343716,Forge,CAPTURE_ON,2,World Flythrough,93.40,10.71,9.64,N/A,5353.97,N/A,0,0,0,0,N/A,UNAVAILABLE
1786654343725,Forge,CAPTURE_ON,2,World Flythrough,121.07,8.26,9.64,N/A,5353.97,N/A,0,0,0,0,N/A,UNAVAILABLE
1786654343732,Forge,CAPTURE_ON,2,World Flythrough,134.20,7.45,9.64,N/A,5353.97,N/A,0,0,0,0,N/A,UNAVAILABLE
1786654343739,Forge,CAPTURE_ON,2,World Flythrough,151.47,6.60,9.64,N/A,5353.97,N/A,0,0,0,0,N/A,UNAVAILABLE
1786654343747,Forge,CAPTURE_ON,2,World Flythrough,123.97,8.07,9.64,N/A,5353.97,N/A,0,0,0,0,N/A,UNAVAILABLE
1786654343753,Forge,CAPTURE_ON,2,World Flythrough,170.77,5.86,9.64,N/A,5353.97,N/A,0,0,0,0,N/A,UNAVAILABLE
1786654343768,Forge,CAPTURE_ON,2,World Flythrough,63.02,15.87,9.64,N/A,5353.97,N/A,0,0,0,0,N/A,UNAVAILABLE
1786654343777,Forge,CAPTURE_ON,2,World Flythrough,121.27,8.25,9.64,N/A,5353.97,N/A,0,0,0,0,N/A,UNAVAILABLE
1786654343785,Forge,CAPTURE_ON,2,World Flythrough,120.52,8.30,9.64,N/A,5353.97,N/A,0,0,0,0,N/A,UNAVAILABLE
1786654343791,Forge,CAPTURE_ON,2,World Flythrough,153.99,6.49,9.64,N/A,5353.97,N/A,0,0,0,0,N/A,UNAVAILABLE
1786654343799,Forge,CAPTURE_ON,2,World Flythrough,132.49,7.55,9.64,N/A,5353.97,N/A,0,0,0,0,N/A,UNAVAILABLE
1786654343806,Forge,CAPTURE_ON,2,World Flythrough,161.00,6.21,9.64,N/A,5353.97,N/A,0,0,0,0,N/A,UNAVAILABLE
1786654343818,Forge,CAPTURE_ON,2,World Flythrough,80.24,12.46,9.64,N/A,5353.97,N/A,0,0,0,0,N/A,UNAVAILABLE
1786654343825,Forge,CAPTURE_ON,2,World Flythrough,127.05,7.87,9.64,N/A,5353.97,N/A,0,0,0,0,N/A,UNAVAILABLE
1786654343836,Forge,CAPTURE_ON,2,World Flythrough,104.09,9.61,9.64,N/A,5353.97,N/A,0,0,0,0,N/A,UNAVAILABLE
1786654343845,Forge,CAPTURE_ON,2,World Flythrough,103.04,9.71,9.64,N/A,5353.97,N/A,0,0,0,0,N/A,UNAVAILABLE
1786654343852,Forge,CAPTURE_ON,2,World Flythrough,136.09,7.35,9.64,N/A,5353.97,N/A,0,0,0,0,N/A,UNAVAILABLE
1786654343866,Forge,CAPTURE_ON,2,World Flythrough,71.11,14.06,9.64,N/A,5353.97,N/A,0,0,0,0,N/A,UNAVAILABLE
1786654343872,Forge,CAPTURE_ON,2,World Flythrough,167.82,5.96,9.64,N/A,5353.97,N/A,0,0,0,0,N/A,UNAVAILABLE
1786654343880,Forge,CAPTURE_ON,2,World Flythrough,126.91,7.88,9.64,N/A,5353.97,N/A,0,0,0,0,N/A,UNAVAILABLE
1786654343888,Forge,CAPTURE_ON,2,World Flythrough,122.25,8.18,9.64,N/A,5353.97,N/A,0,0,0,0,N/A,UNAVAILABLE
1786654343897,Forge,CAPTURE_ON,2,World Flythrough,121.43,8.23,9.64,N/A,5353.97,N/A,0,0,0,0,N/A,UNAVAILABLE
1786654343904,Forge,CAPTURE_ON,2,World Flythrough,128.10,7.81,9.64,N/A,5353.97,N/A,0,0,0,0,N/A,UNAVAILABLE
1786654343919,Forge,CAPTURE_ON,2,World Flythrough,70.28,14.23,9.64,N/A,5353.97,N/A,0,0,0,0,N/A,UNAVAILABLE
1786654343928,Forge,CAPTURE_ON,2,World Flythrough,107.25,9.32,9.64,N/A,5353.97,N/A,0,0,0,0,N/A,UNAVAILABLE
1786654343934,Forge,CAPTURE_ON,2,World Flythrough,165.61,6.04,9.64,N/A,5353.97,N/A,0,0,0,0,N/A,UNAVAILABLE
1786654343940,Forge,CAPTURE_ON,2,World Flythrough,157.86,6.33,9.64,N/A,5353.97,N/A,0,0,0,0,N/A,UNAVAILABLE
1786654343994,Forge,CAPTURE_ON,2,World Flythrough,138.63,7.21,8.16,N/A,5495.97,N/A,0,0,0,0,N/A,UNAVAILABLE
1786654344012,Forge,CAPTURE_ON,2,World Flythrough,15.56,64.26,8.16,N/A,5495.97,N/A,0,0,0,0,N/A,UNAVAILABLE
1786654344031,Forge,CAPTURE_ON,2,World Flythrough,50.62,19.76,8.16,N/A,5495.97,N/A,0,0,0,0,N/A,UNAVAILABLE
1786654344038,Forge,CAPTURE_ON,2,World Flythrough,157.69,6.34,8.16,N/A,5495.97,N/A,0,0,0,0,N/A,UNAVAILABLE
1786654344047,Forge,CAPTURE_ON,2,World Flythrough,102.81,9.73,8.16,N/A,5495.97,N/A,0,0,0,0,N/A,UNAVAILABLE
1786654344054,Forge,CAPTURE_ON,2,World Flythrough,159.75,6.26,8.16,N/A,5495.97,N/A,0,0,0,0,N/A,UNAVAILABLE
1786654344071,Forge,CAPTURE_ON,2,World Flythrough,60.80,16.45,8.16,N/A,5495.97,N/A,0,0,0,0,N/A,UNAVAILABLE
1786654344081,Forge,CAPTURE_ON,2,World Flythrough,98.29,10.17,8.16,N/A,5495.97,N/A,0,0,0,0,N/A,UNAVAILABLE
1786654344092,Forge,CAPTURE_ON,2,World Flythrough,85.53,11.69,8.16,N/A,5495.97,N/A,0,0,0,0,N/A,UNAVAILABLE
1786654344102,Forge,CAPTURE_ON,2,World Flythrough,101.69,9.83,8.16,N/A,5495.97,N/A,0,0,0,0,N/A,UNAVAILABLE
1786654344113,Forge,CAPTURE_ON,2,World Flythrough,89.07,11.23,8.16,N/A,5495.97,N/A,0,0,0,0,N/A,UNAVAILABLE
1786654344121,Forge,CAPTURE_ON,2,World Flythrough,127.28,7.86,8.16,N/A,5495.97,N/A,0,0,0,0,N/A,UNAVAILABLE
1786654344130,Forge,CAPTURE_ON,2,World Flythrough,118.91,8.41,8.16,N/A,5495.97,N/A,0,0,0,0,N/A,UNAVAILABLE
1786654344136,Forge,CAPTURE_ON,2,World Flythrough,159.89,6.25,8.16,N/A,5495.97,N/A,0,0,0,0,N/A,UNAVAILABLE
1786654344144,Forge,CAPTURE_ON,2,World Flythrough,127.25,7.86,8.16,N/A,5495.97,N/A,0,0,0,0,N/A,UNAVAILABLE
1786654344151,Forge,CAPTURE_ON,2,World Flythrough,124.73,8.02,8.16,N/A,5495.97,N/A,0,0,0,0,N/A,UNAVAILABLE
1786654344165,Forge,CAPTURE_ON,2,World Flythrough,74.95,13.34,8.16,N/A,5495.97,N/A,0,0,0,0,N/A,UNAVAILABLE
1786654344170,Forge,CAPTURE_ON,2,World Flythrough,176.50,5.67,8.16,N/A,5495.97,N/A,0,0,0,0,N/A,UNAVAILABLE
1786654344178,Forge,CAPTURE_ON,2,World Flythrough,137.42,7.28,8.16,N/A,5495.97,N/A,0,0,0,0,N/A,UNAVAILABLE
1786654344187,Forge,CAPTURE_ON,2,World Flythrough,107.79,9.28,8.16,N/A,5495.97,N/A,0,0,0,0,N/A,UNAVAILABLE
1786654344193,Forge,CAPTURE_ON,2,World Flythrough,160.78,6.22,8.16,N/A,5495.97,N/A,0,0,0,0,N/A,UNAVAILABLE
1786654344203,Forge,CAPTURE_ON,2,World Flythrough,113.72,8.79,8.16,N/A,5495.97,N/A,0,0,0,0,N/A,UNAVAILABLE
1786654344215,Forge,CAPTURE_ON,2,World Flythrough,77.93,12.83,8.16,N/A,5495.97,N/A,0,0,0,0,N/A,UNAVAILABLE
1786654344223,Forge,CAPTURE_ON,2,World Flythrough,129.42,7.73,8.16,N/A,5495.97,N/A,0,0,0,0,N/A,UNAVAILABLE
1786654344230,Forge,CAPTURE_ON,2,World Flythrough,136.69,7.32,8.16,N/A,5495.97,N/A,0,0,0,0,N/A,UNAVAILABLE
1786654344236,Forge,CAPTURE_ON,2,World Flythrough,161.62,6.19,8.16,N/A,5495.97,N/A,0,0,0,0,N/A,UNAVAILABLE
1786654344243,Forge,CAPTURE_ON,2,World Flythrough,149.02,6.71,8.16,N/A,5495.97,N/A,0,0,0,0,N/A,UNAVAILABLE
1786654344250,Forge,CAPTURE_ON,2,World Flythrough,134.27,7.45,8.16,N/A,5495.97,N/A,0,0,0,0,N/A,UNAVAILABLE
1786654344269,Forge,CAPTURE_ON,2,World Flythrough,54.29,18.42,8.16,N/A,5495.97,N/A,0,0,0,0,N/A,UNAVAILABLE
1786654344276,Forge,CAPTURE_ON,2,World Flythrough,154.35,6.48,8.16,N/A,5495.97,N/A,0,0,0,0,N/A,UNAVAILABLE
1786654344280,Forge,CAPTURE_ON,2,World Flythrough,189.67,5.27,8.16,N/A,5495.97,N/A,0,0,0,0,N/A,UNAVAILABLE
1786654344291,Forge,CAPTURE_ON,2,World Flythrough,102.18,9.79,8.16,N/A,5495.97,N/A,0,0,0,0,N/A,UNAVAILABLE
1786654344298,Forge,CAPTURE_ON,2,World Flythrough,126.46,7.91,8.16,N/A,5495.97,N/A,0,0,0,0,N/A,UNAVAILABLE
1786654344316,Forge,CAPTURE_ON,2,World Flythrough,52.73,18.96,8.16,N/A,5495.97,N/A,0,0,0,0,N/A,UNAVAILABLE
1786654344327,Forge,CAPTURE_ON,2,World Flythrough,108.25,9.24,8.16,N/A,5495.97,N/A,0,0,0,0,N/A,UNAVAILABLE
1786654344332,Forge,CAPTURE_ON,2,World Flythrough,175.72,5.69,8.16,N/A,5495.97,N/A,0,0,0,0,N/A,UNAVAILABLE
1786654344339,Forge,CAPTURE_ON,2,World Flythrough,139.73,7.16,8.16,N/A,5495.97,N/A,0,0,0,0,N/A,UNAVAILABLE
1786654344348,Forge,CAPTURE_ON,2,World Flythrough,116.09,8.61,8.16,N/A,5495.97,N/A,0,0,0,0,N/A,UNAVAILABLE
1786654344356,Forge,CAPTURE_ON,2,World Flythrough,120.75,8.28,8.16,N/A,5495.97,N/A,0,0,0,0,N/A,UNAVAILABLE
1786654344373,Forge,CAPTURE_ON,2,World Flythrough,60.87,16.43,8.16,N/A,5495.97,N/A,0,0,0,0,N/A,UNAVAILABLE
1786654344380,Forge,CAPTURE_ON,2,World Flythrough,130.56,7.66,8.16,N/A,5495.97,N/A,0,0,0,0,N/A,UNAVAILABLE
1786654344389,Forge,CAPTURE_ON,2,World Flythrough,127.17,7.86,8.16,N/A,5495.97,N/A,0,0,0,0,N/A,UNAVAILABLE
1786654344397,Forge,CAPTURE_ON,2,World Flythrough,108.92,9.18,8.16,N/A,5495.97,N/A,0,0,0,0,N/A,UNAVAILABLE
1786654344405,Forge,CAPTURE_ON,2,World Flythrough,131.20,7.62,8.16,N/A,5495.97,N/A,0,0,0,0,N/A,UNAVAILABLE
1786654344420,Forge,CAPTURE_ON,2,World Flythrough,66.10,15.13,8.16,N/A,5495.97,N/A,0,0,0,0,N/A,UNAVAILABLE
1786654344426,Forge,CAPTURE_ON,2,World Flythrough,146.46,6.83,8.16,N/A,5495.97,N/A,0,0,0,0,N/A,UNAVAILABLE
1786654344436,Forge,CAPTURE_ON,2,World Flythrough,109.60,9.12,8.16,N/A,5495.97,N/A,0,0,0,0,N/A,UNAVAILABLE
1786654344443,Forge,CAPTURE_ON,2,World Flythrough,130.86,7.64,8.16,N/A,5495.97,N/A,0,0,0,0,N/A,UNAVAILABLE
1786654344453,Forge,CAPTURE_ON,2,World Flythrough,100.83,9.92,8.16,N/A,5495.97,N/A,0,0,0,0,N/A,UNAVAILABLE
1786654344470,Forge,CAPTURE_ON,2,World Flythrough,59.40,16.84,8.16,N/A,5495.97,N/A,0,0,0,0,N/A,UNAVAILABLE
1786654344477,Forge,CAPTURE_ON,2,World Flythrough,155.21,6.44,8.16,N/A,5495.97,N/A,0,0,0,0,N/A,UNAVAILABLE
1786654344484,Forge,CAPTURE_ON,2,World Flythrough,132.34,7.56,8.16,N/A,5495.97,N/A,0,0,0,0,N/A,UNAVAILABLE
1786654344497,Forge,CAPTURE_ON,2,World Flythrough,80.17,12.47,8.16,N/A,5495.97,N/A,0,0,0,0,N/A,UNAVAILABLE
1786654344510,Forge,CAPTURE_ON,2,World Flythrough,71.97,13.89,8.16,N/A,5495.97,N/A,0,0,0,0,N/A,UNAVAILABLE
1786654344526,Forge,CAPTURE_ON,2,World Flythrough,66.36,15.07,8.16,N/A,5495.97,N/A,0,0,0,0,N/A,UNAVAILABLE
1786654344535,Forge,CAPTURE_ON,2,World Flythrough,108.00,9.26,8.16,N/A,5495.97,N/A,0,0,0,0,N/A,UNAVAILABLE
1786654344543,Forge,CAPTURE_ON,2,World Flythrough,127.90,7.82,8.16,N/A,5495.97,N/A,0,0,0,0,N/A,UNAVAILABLE
1786654344552,Forge,CAPTURE_ON,2,World Flythrough,103.73,9.64,8.16,N/A,5495.97,N/A,0,0,0,0,N/A,UNAVAILABLE
1786654344567,Forge,CAPTURE_ON,2,World Flythrough,70.50,14.18,8.16,N/A,5495.97,N/A,0,0,0,0,N/A,UNAVAILABLE
1786654344575,Forge,CAPTURE_ON,2,World Flythrough,122.81,8.14,8.16,N/A,5495.97,N/A,0,0,0,0,N/A,UNAVAILABLE
1786654344581,Forge,CAPTURE_ON,2,World Flythrough,147.48,6.78,8.16,N/A,5495.97,N/A,0,0,0,0,N/A,UNAVAILABLE
1786654344592,Forge,CAPTURE_ON,2,World Flythrough,97.22,10.29,8.16,N/A,5495.97,N/A,0,0,0,0,N/A,UNAVAILABLE
1786654344598,Forge,CAPTURE_ON,2,World Flythrough,177.20,5.64,8.16,N/A,5495.97,N/A,0,0,0,0,N/A,UNAVAILABLE
1786654344606,Forge,CAPTURE_ON,2,World Flythrough,109.54,9.13,8.16,N/A,5495.97,N/A,0,0,0,0,N/A,UNAVAILABLE
1786654344620,Forge,CAPTURE_ON,2,World Flythrough,74.25,13.47,8.16,N/A,5495.97,N/A,0,0,0,0,N/A,UNAVAILABLE
1786654344629,Forge,CAPTURE_ON,2,World Flythrough,117.45,8.51,8.16,N/A,5495.97,N/A,0,0,0,0,N/A,UNAVAILABLE
1786654344635,Forge,CAPTURE_ON,2,World Flythrough,162.66,6.15,8.16,N/A,5495.97,N/A,0,0,0,0,N/A,UNAVAILABLE
1786654344643,Forge,CAPTURE_ON,2,World Flythrough,120.99,8.27,8.16,N/A,5495.97,N/A,0,0,0,0,N/A,UNAVAILABLE
1786654344648,Forge,CAPTURE_ON,2,World Flythrough,183.01,5.46,8.16,N/A,5495.97,N/A,0,0,0,0,N/A,UNAVAILABLE
1786654344656,Forge,CAPTURE_ON,2,World Flythrough,134.20,7.45,8.16,N/A,5495.97,N/A,0,0,0,0,N/A,UNAVAILABLE
1786654344673,Forge,CAPTURE_ON,2,World Flythrough,58.44,17.11,8.16,N/A,5495.97,N/A,0,0,0,0,N/A,UNAVAILABLE
1786654344684,Forge,CAPTURE_ON,2,World Flythrough,93.98,10.64,8.16,N/A,5495.97,N/A,0,0,0,0,N/A,UNAVAILABLE
1786654344692,Forge,CAPTURE_ON,2,World Flythrough,120.20,8.32,8.16,N/A,5495.97,N/A,0,0,0,0,N/A,UNAVAILABLE
1786654344701,Forge,CAPTURE_ON,2,World Flythrough,109.24,9.15,8.16,N/A,5495.97,N/A,0,0,0,0,N/A,UNAVAILABLE
1786654344714,Forge,CAPTURE_ON,2,World Flythrough,79.22,12.62,8.16,N/A,5495.97,N/A,0,0,0,0,N/A,UNAVAILABLE
1786654344722,Forge,CAPTURE_ON,2,World Flythrough,112.58,8.88,8.16,N/A,5495.97,N/A,0,0,0,0,N/A,UNAVAILABLE
1786654344731,Forge,CAPTURE_ON,2,World Flythrough,114.70,8.72,8.16,N/A,5495.97,N/A,0,0,0,0,N/A,UNAVAILABLE
1786654344740,Forge,CAPTURE_ON,2,World Flythrough,126.82,7.89,8.16,N/A,5495.97,N/A,0,0,0,0,N/A,UNAVAILABLE
1786654344745,Forge,CAPTURE_ON,2,World Flythrough,169.09,5.91,8.16,N/A,5495.97,N/A,0,0,0,0,N/A,UNAVAILABLE
1786654344752,Forge,CAPTURE_ON,2,World Flythrough,136.39,7.33,8.16,N/A,5495.97,N/A,0,0,0,0,N/A,UNAVAILABLE
1786654344767,Forge,CAPTURE_ON,2,World Flythrough,70.35,14.21,8.16,N/A,5495.97,N/A,0,0,0,0,N/A,UNAVAILABLE
1786654344776,Forge,CAPTURE_ON,2,World Flythrough,118.59,8.43,8.16,N/A,5495.97,N/A,0,0,0,0,N/A,UNAVAILABLE
1786654344784,Forge,CAPTURE_ON,2,World Flythrough,113.00,8.85,8.16,N/A,5495.97,N/A,0,0,0,0,N/A,UNAVAILABLE
1786654344794,Forge,CAPTURE_ON,2,World Flythrough,110.11,9.08,8.16,N/A,5495.97,N/A,0,0,0,0,N/A,UNAVAILABLE
1786654344800,Forge,CAPTURE_ON,2,World Flythrough,149.53,6.69,8.16,N/A,5495.97,N/A,0,0,0,0,N/A,UNAVAILABLE
1786654344813,Forge,CAPTURE_ON,2,World Flythrough,80.92,12.36,8.16,N/A,5495.97,N/A,0,0,0,0,N/A,UNAVAILABLE
1786654344818,Forge,CAPTURE_ON,2,World Flythrough,166.49,6.01,8.16,N/A,5495.97,N/A,0,0,0,0,N/A,UNAVAILABLE
1786654344827,Forge,CAPTURE_ON,2,World Flythrough,109.80,9.11,8.16,N/A,5495.97,N/A,0,0,0,0,N/A,UNAVAILABLE
1786654344835,Forge,CAPTURE_ON,2,World Flythrough,131.05,7.63,8.16,N/A,5495.97,N/A,0,0,0,0,N/A,UNAVAILABLE
1786654344842,Forge,CAPTURE_ON,2,World Flythrough,133.95,7.47,8.16,N/A,5495.97,N/A,0,0,0,0,N/A,UNAVAILABLE
1786654344849,Forge,CAPTURE_ON,2,World Flythrough,140.84,7.10,8.16,N/A,5495.97,N/A,0,0,0,0,N/A,UNAVAILABLE
1786654344863,Forge,CAPTURE_ON,2,World Flythrough,73.42,13.62,8.16,N/A,5495.97,N/A,0,0,0,0,N/A,UNAVAILABLE
1786654344872,Forge,CAPTURE_ON,2,World Flythrough,114.65,8.72,8.16,N/A,5495.97,N/A,0,0,0,0,N/A,UNAVAILABLE
1786654344880,Forge,CAPTURE_ON,2,World Flythrough,133.09,7.51,8.16,N/A,5495.97,N/A,0,0,0,0,N/A,UNAVAILABLE
1786654344889,Forge,CAPTURE_ON,2,World Flythrough,99.19,10.08,8.16,N/A,5495.97,N/A,0,0,0,0,N/A,UNAVAILABLE
1786654344900,Forge,CAPTURE_ON,2,World Flythrough,92.15,10.85,8.16,N/A,5495.97,N/A,0,0,0,0,N/A,UNAVAILABLE
1786654344913,Forge,CAPTURE_ON,2,World Flythrough,77.50,12.90,8.16,N/A,5495.97,N/A,0,0,0,0,N/A,UNAVAILABLE
1786654344918,Forge,CAPTURE_ON,2,World Flythrough,190.29,5.26,8.16,N/A,5495.97,N/A,0,0,0,0,N/A,UNAVAILABLE
1786654344930,Forge,CAPTURE_ON,2,World Flythrough,92.27,10.84,8.16,N/A,5495.97,N/A,0,0,0,0,N/A,UNAVAILABLE
1786654344935,Forge,CAPTURE_ON,2,World Flythrough,172.07,5.81,8.16,N/A,5495.97,N/A,0,0,0,0,N/A,UNAVAILABLE
1786654344946,Forge,CAPTURE_ON,2,World Flythrough,97.92,10.21,8.16,N/A,5495.97,N/A,0,0,0,0,N/A,UNAVAILABLE
1786654344996,Forge,CAPTURE_ON,2,World Flythrough,106.31,9.41,8.19,N/A,5629.96,N/A,0,0,0,0,N/A,UNAVAILABLE
1786654345007,Forge,CAPTURE_ON,2,World Flythrough,19.11,52.34,8.19,N/A,5629.96,N/A,0,0,0,0,N/A,UNAVAILABLE
1786654345020,Forge,CAPTURE_ON,2,World Flythrough,73.04,13.69,8.19,N/A,5629.96,N/A,0,0,0,0,N/A,UNAVAILABLE
1786654345028,Forge,CAPTURE_ON,2,World Flythrough,130.86,7.64,8.19,N/A,5629.96,N/A,0,0,0,0,N/A,UNAVAILABLE
1786654345034,Forge,CAPTURE_ON,2,World Flythrough,179.03,5.59,8.19,N/A,5629.96,N/A,0,0,0,0,N/A,UNAVAILABLE
1786654345042,Forge,CAPTURE_ON,2,World Flythrough,118.70,8.42,8.19,N/A,5629.96,N/A,0,0,0,0,N/A,UNAVAILABLE
1786654345049,Forge,CAPTURE_ON,2,World Flythrough,152.21,6.57,8.19,N/A,5629.96,N/A,0,0,0,0,N/A,UNAVAILABLE
1786654345062,Forge,CAPTURE_ON,2,World Flythrough,77.88,12.84,8.19,N/A,5629.96,N/A,0,0,0,0,N/A,UNAVAILABLE
1786654345067,Forge,CAPTURE_ON,2,World Flythrough,182.88,5.47,8.19,N/A,5629.96,N/A,0,0,0,0,N/A,UNAVAILABLE
1786654345076,Forge,CAPTURE_ON,2,World Flythrough,121.99,8.20,8.19,N/A,5629.96,N/A,0,0,0,0,N/A,UNAVAILABLE
1786654345082,Forge,CAPTURE_ON,2,World Flythrough,144.06,6.94,8.19,N/A,5629.96,N/A,0,0,0,0,N/A,UNAVAILABLE
1786654345088,Forge,CAPTURE_ON,2,World Flythrough,194.59,5.14,8.19,N/A,5629.96,N/A,0,0,0,0,N/A,UNAVAILABLE
1786654345096,Forge,CAPTURE_ON,2,World Flythrough,118.27,8.46,8.19,N/A,5629.96,N/A,0,0,0,0,N/A,UNAVAILABLE
1786654345104,Forge,CAPTURE_ON,2,World Flythrough,122.01,8.20,8.19,N/A,5629.96,N/A,0,0,0,0,N/A,UNAVAILABLE
1786654345117,Forge,CAPTURE_ON,2,World Flythrough,84.21,11.88,8.19,N/A,5629.96,N/A,0,0,0,0,N/A,UNAVAILABLE
1786654345123,Forge,CAPTURE_ON,2,World Flythrough,136.76,7.31,8.19,N/A,5629.96,N/A,0,0,0,0,N/A,UNAVAILABLE
1786654345132,Forge,CAPTURE_ON,2,World Flythrough,115.34,8.67,8.19,N/A,5629.96,N/A,0,0,0,0,N/A,UNAVAILABLE
1786654345139,Forge,CAPTURE_ON,2,World Flythrough,145.52,6.87,8.19,N/A,5629.96,N/A,0,0,0,0,N/A,UNAVAILABLE
1786654345146,Forge,CAPTURE_ON,2,World Flythrough,132.75,7.53,8.19,N/A,5629.96,N/A,0,0,0,0,N/A,UNAVAILABLE
1786654345153,Forge,CAPTURE_ON,2,World Flythrough,155.96,6.41,8.19,N/A,5629.96,N/A,0,0,0,0,N/A,UNAVAILABLE
1786654345168,Forge,CAPTURE_ON,2,World Flythrough,67.24,14.87,8.19,N/A,5629.96,N/A,0,0,0,0,N/A,UNAVAILABLE
1786654345174,Forge,CAPTURE_ON,2,World Flythrough,166.21,6.02,8.19,N/A,5629.96,N/A,0,0,0,0,N/A,UNAVAILABLE
1786654345183,Forge,CAPTURE_ON,2,World Flythrough,108.53,9.21,8.19,N/A,5629.96,N/A,0,0,0,0,N/A,UNAVAILABLE
1786654345189,Forge,CAPTURE_ON,2,World Flythrough,157.00,6.37,8.19,N/A,5629.96,N/A,0,0,0,0,N/A,UNAVAILABLE
1786654345198,Forge,CAPTURE_ON,2,World Flythrough,115.88,8.63,8.19,N/A,5629.96,N/A,0,0,0,0,N/A,UNAVAILABLE
1786654345208,Forge,CAPTURE_ON,2,World Flythrough,103.35,9.68,8.19,N/A,5629.96,N/A,0,0,0,0,N/A,UNAVAILABLE
1786654345225,Forge,CAPTURE_ON,2,World Flythrough,57.72,17.33,8.19,N/A,5629.96,N/A,0,0,0,0,N/A,UNAVAILABLE
1786654345236,Forge,CAPTURE_ON,2,World Flythrough,85.44,11.70,8.19,N/A,5629.96,N/A,0,0,0,0,N/A,UNAVAILABLE
1786654345244,Forge,CAPTURE_ON,2,World Flythrough,141.53,7.07,8.19,N/A,5629.96,N/A,0,0,0,0,N/A,UNAVAILABLE
1786654345250,Forge,CAPTURE_ON,2,World Flythrough,155.14,6.45,8.19,N/A,5629.96,N/A,0,0,0,0,N/A,UNAVAILABLE
1786654345265,Forge,CAPTURE_ON,2,World Flythrough,68.05,14.69,8.19,N/A,5629.96,N/A,0,0,0,0,N/A,UNAVAILABLE
1786654345270,Forge,CAPTURE_ON,2,World Flythrough,189.43,5.28,8.19,N/A,5629.96,N/A,0,0,0,0,N/A,UNAVAILABLE
1786654345279,Forge,CAPTURE_ON,2,World Flythrough,112.38,8.90,8.19,N/A,5629.96,N/A,0,0,0,0,N/A,UNAVAILABLE
1786654345287,Forge,CAPTURE_ON,2,World Flythrough,122.99,8.13,8.19,N/A,5629.96,N/A,0,0,0,0,N/A,UNAVAILABLE
1786654345299,Forge,CAPTURE_ON,2,World Flythrough,89.90,11.12,8.19,N/A,5629.96,N/A,0,0,0,0,N/A,UNAVAILABLE
1786654345313,Forge,CAPTURE_ON,2,World Flythrough,67.02,14.92,8.19,N/A,5629.96,N/A,0,0,0,0,N/A,UNAVAILABLE
1786654345318,Forge,CAPTURE_ON,2,World Flythrough,189.90,5.27,8.19,N/A,5629.96,N/A,0,0,0,0,N/A,UNAVAILABLE
1786654345326,Forge,CAPTURE_ON,2,World Flythrough,126.68,7.89,8.19,N/A,5629.96,N/A,0,0,0,0,N/A,UNAVAILABLE
1786654345337,Forge,CAPTURE_ON,2,World Flythrough,100.81,9.92,8.19,N/A,5629.96,N/A,0,0,0,0,N/A,UNAVAILABLE
1786654345344,Forge,CAPTURE_ON,2,World Flythrough,130.24,7.68,8.19,N/A,5629.96,N/A,0,0,0,0,N/A,UNAVAILABLE
1786654345350,Forge,CAPTURE_ON,2,World Flythrough,169.95,5.88,8.19,N/A,5629.96,N/A,0,0,0,0,N/A,UNAVAILABLE
1786654345365,Forge,CAPTURE_ON,2,World Flythrough,64.66,15.47,8.19,N/A,5629.96,N/A,0,0,0,0,N/A,UNAVAILABLE
1786654345375,Forge,CAPTURE_ON,2,World Flythrough,107.17,9.33,8.19,N/A,5629.96,N/A,0,0,0,0,N/A,UNAVAILABLE
1786654345380,Forge,CAPTURE_ON,2,World Flythrough,179.79,5.56,8.19,N/A,5629.96,N/A,0,0,0,0,N/A,UNAVAILABLE
1786654345386,Forge,CAPTURE_ON,2,World Flythrough,172.36,5.80,8.19,N/A,5629.96,N/A,0,0,0,0,N/A,UNAVAILABLE
1786654345395,Forge,CAPTURE_ON,2,World Flythrough,110.24,9.07,8.19,N/A,5629.96,N/A,0,0,0,0,N/A,UNAVAILABLE
1786654345404,Forge,CAPTURE_ON,2,World Flythrough,109.56,9.13,8.19,N/A,5629.96,N/A,0,0,0,0,N/A,UNAVAILABLE
1786654345419,Forge,CAPTURE_ON,2,World Flythrough,66.27,15.09,8.19,N/A,5629.96,N/A,0,0,0,0,N/A,UNAVAILABLE
1786654345425,Forge,CAPTURE_ON,2,World Flythrough,166.26,6.01,8.19,N/A,5629.96,N/A,0,0,0,0,N/A,UNAVAILABLE
1786654345431,Forge,CAPTURE_ON,2,World Flythrough,160.92,6.21,8.19,N/A,5629.96,N/A,0,0,0,0,N/A,UNAVAILABLE
1786654345441,Forge,CAPTURE_ON,2,World Flythrough,97.26,10.28,8.19,N/A,5629.96,N/A,0,0,0,0,N/A,UNAVAILABLE
1786654345448,Forge,CAPTURE_ON,2,World Flythrough,168.24,5.94,8.19,N/A,5629.96,N/A,0,0,0,0,N/A,UNAVAILABLE
1786654345457,Forge,CAPTURE_ON,2,World Flythrough,111.11,9.00,8.19,N/A,5629.96,N/A,0,0,0,0,N/A,UNAVAILABLE
1786654345473,Forge,CAPTURE_ON,2,World Flythrough,62.42,16.02,8.19,N/A,5629.96,N/A,0,0,0,0,N/A,UNAVAILABLE
1786654345481,Forge,CAPTURE_ON,2,World Flythrough,128.64,7.77,8.19,N/A,5629.96,N/A,0,0,0,0,N/A,UNAVAILABLE
1786654345487,Forge,CAPTURE_ON,2,World Flythrough,154.86,6.46,8.19,N/A,5629.96,N/A,0,0,0,0,N/A,UNAVAILABLE
1786654345497,Forge,CAPTURE_ON,2,World Flythrough,96.80,10.33,8.19,N/A,5629.96,N/A,0,0,0,0,N/A,UNAVAILABLE
1786654345510,Forge,CAPTURE_ON,2,World Flythrough,79.02,12.66,8.19,N/A,5629.96,N/A,0,0,0,0,N/A,UNAVAILABLE
1786654345527,Forge,CAPTURE_ON,2,World Flythrough,58.66,17.05,8.19,N/A,5629.96,N/A,0,0,0,0,N/A,UNAVAILABLE
1786654345536,Forge,CAPTURE_ON,2,World Flythrough,102.06,9.80,8.19,N/A,5629.96,N/A,0,0,0,0,N/A,UNAVAILABLE
1786654345546,Forge,CAPTURE_ON,2,World Flythrough,107.56,9.30,8.19,N/A,5629.96,N/A,0,0,0,0,N/A,UNAVAILABLE
1786654345553,Forge,CAPTURE_ON,2,World Flythrough,148.86,6.72,8.19,N/A,5629.96,N/A,0,0,0,0,N/A,UNAVAILABLE
1786654345569,Forge,CAPTURE_ON,2,World Flythrough,62.90,15.90,8.19,N/A,5629.96,N/A,0,0,0,0,N/A,UNAVAILABLE
1786654345577,Forge,CAPTURE_ON,2,World Flythrough,115.54,8.65,8.19,N/A,5629.96,N/A,0,0,0,0,N/A,UNAVAILABLE
1786654345586,Forge,CAPTURE_ON,2,World Flythrough,111.64,8.96,8.19,N/A,5629.96,N/A,0,0,0,0,N/A,UNAVAILABLE
1786654345594,Forge,CAPTURE_ON,2,World Flythrough,132.81,7.53,8.19,N/A,5629.96,N/A,0,0,0,0,N/A,UNAVAILABLE
1786654345604,Forge,CAPTURE_ON,2,World Flythrough,106.81,9.36,8.19,N/A,5629.96,N/A,0,0,0,0,N/A,UNAVAILABLE
1786654345621,Forge,CAPTURE_ON,2,World Flythrough,58.59,17.07,8.19,N/A,5629.96,N/A,0,0,0,0,N/A,UNAVAILABLE
1786654345631,Forge,CAPTURE_ON,2,World Flythrough,97.04,10.31,8.19,N/A,5629.96,N/A,0,0,0,0,N/A,UNAVAILABLE
1786654345637,Forge,CAPTURE_ON,2,World Flythrough,157.31,6.36,8.19,N/A,5629.96,N/A,0,0,0,0,N/A,UNAVAILABLE
1786654345646,Forge,CAPTURE_ON,2,World Flythrough,107.53,9.30,8.19,N/A,5629.96,N/A,0,0,0,0,N/A,UNAVAILABLE
1786654345655,Forge,CAPTURE_ON,2,World Flythrough,127.99,7.81,8.19,N/A,5629.96,N/A,0,0,0,0,N/A,UNAVAILABLE
1786654345670,Forge,CAPTURE_ON,2,World Flythrough,62.64,15.96,8.19,N/A,5629.96,N/A,0,0,0,0,N/A,UNAVAILABLE
1786654345680,Forge,CAPTURE_ON,2,World Flythrough,95.06,10.52,8.19,N/A,5629.96,N/A,0,0,0,0,N/A,UNAVAILABLE
1786654345691,Forge,CAPTURE_ON,2,World Flythrough,98.12,10.19,8.19,N/A,5629.96,N/A,0,0,0,0,N/A,UNAVAILABLE
1786654345701,Forge,CAPTURE_ON,2,World Flythrough,104.58,9.56,8.19,N/A,5629.96,N/A,0,0,0,0,N/A,UNAVAILABLE
1786654345715,Forge,CAPTURE_ON,2,World Flythrough,69.53,14.38,8.19,N/A,5629.96,N/A,0,0,0,0,N/A,UNAVAILABLE
1786654345723,Forge,CAPTURE_ON,2,World Flythrough,122.10,8.19,8.19,N/A,5629.96,N/A,0,0,0,0,N/A,UNAVAILABLE
1786654345730,Forge,CAPTURE_ON,2,World Flythrough,147.45,6.78,8.19,N/A,5629.96,N/A,0,0,0,0,N/A,UNAVAILABLE
1786654345740,Forge,CAPTURE_ON,2,World Flythrough,101.88,9.82,8.19,N/A,5629.96,N/A,0,0,0,0,N/A,UNAVAILABLE
1786654345750,Forge,CAPTURE_ON,2,World Flythrough,92.07,10.86,8.19,N/A,5629.96,N/A,0,0,0,0,N/A,UNAVAILABLE
1786654345767,Forge,CAPTURE_ON,2,World Flythrough,63.08,15.85,8.19,N/A,5629.96,N/A,0,0,0,0,N/A,UNAVAILABLE
1786654345772,Forge,CAPTURE_ON,2,World Flythrough,168.11,5.95,8.19,N/A,5629.96,N/A,0,0,0,0,N/A,UNAVAILABLE
1786654345782,Forge,CAPTURE_ON,2,World Flythrough,102.13,9.79,8.19,N/A,5629.96,N/A,0,0,0,0,N/A,UNAVAILABLE
1786654345788,Forge,CAPTURE_ON,2,World Flythrough,165.62,6.04,8.19,N/A,5629.96,N/A,0,0,0,0,N/A,UNAVAILABLE
1786654345794,Forge,CAPTURE_ON,2,World Flythrough,175.94,5.68,8.19,N/A,5629.96,N/A,0,0,0,0,N/A,UNAVAILABLE
1786654345803,Forge,CAPTURE_ON,2,World Flythrough,102.73,9.73,8.19,N/A,5629.96,N/A,0,0,0,0,N/A,UNAVAILABLE
1786654345822,Forge,CAPTURE_ON,2,World Flythrough,52.96,18.88,8.19,N/A,5629.96,N/A,0,0,0,0,N/A,UNAVAILABLE
1786654345832,Forge,CAPTURE_ON,2,World Flythrough,107.71,9.28,8.19,N/A,5629.96,N/A,0,0,0,0,N/A,UNAVAILABLE
1786654345842,Forge,CAPTURE_ON,2,World Flythrough,100.82,9.92,8.19,N/A,5629.96,N/A,0,0,0,0,N/A,UNAVAILABLE
1786654345848,Forge,CAPTURE_ON,2,World Flythrough,154.98,6.45,8.19,N/A,5629.96,N/A,0,0,0,0,N/A,UNAVAILABLE
1786654345863,Forge,CAPTURE_ON,2,World Flythrough,64.77,15.44,8.19,N/A,5629.96,N/A,0,0,0,0,N/A,UNAVAILABLE
1786654345873,Forge,CAPTURE_ON,2,World Flythrough,107.76,9.28,8.19,N/A,5629.96,N/A,0,0,0,0,N/A,UNAVAILABLE
1786654345885,Forge,CAPTURE_ON,2,World Flythrough,86.43,11.57,8.19,N/A,5629.96,N/A,0,0,0,0,N/A,UNAVAILABLE
1786654345893,Forge,CAPTURE_ON,2,World Flythrough,125.39,7.98,8.19,N/A,5629.96,N/A,0,0,0,0,N/A,UNAVAILABLE
1786654345898,Forge,CAPTURE_ON,2,World Flythrough,180.00,5.56,8.19,N/A,5629.96,N/A,0,0,0,0,N/A,UNAVAILABLE
1786654345906,Forge,CAPTURE_ON,2,World Flythrough,134.10,7.46,8.19,N/A,5629.96,N/A,0,0,0,0,N/A,UNAVAILABLE
1786654345920,Forge,CAPTURE_ON,2,World Flythrough,69.94,14.30,8.19,N/A,5629.96,N/A,0,0,0,0,N/A,UNAVAILABLE
1786654345929,Forge,CAPTURE_ON,2,World Flythrough,109.23,9.16,8.19,N/A,5629.96,N/A,0,0,0,0,N/A,UNAVAILABLE
1786654345937,Forge,CAPTURE_ON,2,World Flythrough,133.73,7.48,8.19,N/A,5629.96,N/A,0,0,0,0,N/A,UNAVAILABLE
1786654345944,Forge,CAPTURE_ON,2,World Flythrough,115.54,8.65,8.19,N/A,5629.96,N/A,0,0,0,0,N/A,UNAVAILABLE
1786654345954,Forge,CAPTURE_ON,2,World Flythrough,109.79,9.11,8.19,N/A,5629.96,N/A,0,0,0,0,N/A,UNAVAILABLE
1786654346007,Forge,CAPTURE_ON,2,World Flythrough,74.68,13.39,10.84,N/A,5765.96,N/A,0,0,0,0,N/A,UNAVAILABLE
1786654346023,Forge,CAPTURE_ON,2,World Flythrough,18.08,55.31,10.84,N/A,5765.96,N/A,0,0,0,0,N/A,UNAVAILABLE
1786654346031,Forge,CAPTURE_ON,2,World Flythrough,124.78,8.01,10.84,N/A,5765.96,N/A,0,0,0,0,N/A,UNAVAILABLE
1786654346039,Forge,CAPTURE_ON,2,World Flythrough,122.96,8.13,10.84,N/A,5765.96,N/A,0,0,0,0,N/A,UNAVAILABLE
1786654346048,Forge,CAPTURE_ON,2,World Flythrough,115.57,8.65,10.84,N/A,5765.96,N/A,0,0,0,0,N/A,UNAVAILABLE
1786654346056,Forge,CAPTURE_ON,2,World Flythrough,115.44,8.66,10.84,N/A,5765.96,N/A,0,0,0,0,N/A,UNAVAILABLE
1786654346068,Forge,CAPTURE_ON,2,World Flythrough,87.89,11.38,10.84,N/A,5765.96,N/A,0,0,0,0,N/A,UNAVAILABLE
1786654346076,Forge,CAPTURE_ON,2,World Flythrough,114.67,8.72,10.84,N/A,5765.96,N/A,0,0,0,0,N/A,UNAVAILABLE
1786654346083,Forge,CAPTURE_ON,2,World Flythrough,136.43,7.33,10.84,N/A,5765.96,N/A,0,0,0,0,N/A,UNAVAILABLE
1786654346089,Forge,CAPTURE_ON,2,World Flythrough,190.89,5.24,10.84,N/A,5765.96,N/A,0,0,0,0,N/A,UNAVAILABLE
1786654346096,Forge,CAPTURE_ON,2,World Flythrough,136.26,7.34,10.84,N/A,5765.96,N/A,0,0,0,0,N/A,UNAVAILABLE
1786654346106,Forge,CAPTURE_ON,2,World Flythrough,102.18,9.79,10.84,N/A,5765.96,N/A,0,0,0,0,N/A,UNAVAILABLE
1786654346125,Forge,CAPTURE_ON,2,World Flythrough,53.29,18.77,10.84,N/A,5765.96,N/A,0,0,0,0,N/A,UNAVAILABLE
1786654346131,Forge,CAPTURE_ON,2,World Flythrough,159.99,6.25,10.84,N/A,5765.96,N/A,0,0,0,0,N/A,UNAVAILABLE
1786654346141,Forge,CAPTURE_ON,2,World Flythrough,94.40,10.59,10.84,N/A,5765.96,N/A,0,0,0,0,N/A,UNAVAILABLE
1786654346147,Forge,CAPTURE_ON,2,World Flythrough,183.85,5.44,10.84,N/A,5765.96,N/A,0,0,0,0,N/A,UNAVAILABLE
1786654346153,Forge,CAPTURE_ON,2,World Flythrough,191.68,5.22,10.84,N/A,5765.96,N/A,0,0,0,0,N/A,UNAVAILABLE
1786654346164,Forge,CAPTURE_ON,2,World Flythrough,81.21,12.31,10.84,N/A,5765.96,N/A,0,0,0,0,N/A,UNAVAILABLE
1786654346173,Forge,CAPTURE_ON,2,World Flythrough,114.84,8.71,10.84,N/A,5765.96,N/A,0,0,0,0,N/A,UNAVAILABLE
1786654346180,Forge,CAPTURE_ON,2,World Flythrough,144.10,6.94,10.84,N/A,5765.96,N/A,0,0,0,0,N/A,UNAVAILABLE
1786654346189,Forge,CAPTURE_ON,2,World Flythrough,118.58,8.43,10.84,N/A,5765.96,N/A,0,0,0,0,N/A,UNAVAILABLE
1786654346196,Forge,CAPTURE_ON,2,World Flythrough,145.93,6.85,10.84,N/A,5765.96,N/A,0,0,0,0,N/A,UNAVAILABLE
1786654346203,Forge,CAPTURE_ON,2,World Flythrough,128.12,7.81,10.84,N/A,5765.96,N/A,0,0,0,0,N/A,UNAVAILABLE
1786654346215,Forge,CAPTURE_ON,2,World Flythrough,89.71,11.15,10.84,N/A,5765.96,N/A,0,0,0,0,N/A,UNAVAILABLE
1786654346221,Forge,CAPTURE_ON,2,World Flythrough,140.89,7.10,10.84,N/A,5765.96,N/A,0,0,0,0,N/A,UNAVAILABLE
1786654346229,Forge,CAPTURE_ON,2,World Flythrough,133.54,7.49,10.84,N/A,5765.96,N/A,0,0,0,0,N/A,UNAVAILABLE
1786654346236,Forge,CAPTURE_ON,2,World Flythrough,141.34,7.08,10.84,N/A,5765.96,N/A,0,0,0,0,N/A,UNAVAILABLE
1786654346243,Forge,CAPTURE_ON,2,World Flythrough,140.60,7.11,10.84,N/A,5765.96,N/A,0,0,0,0,N/A,UNAVAILABLE
1786654346249,Forge,CAPTURE_ON,2,World Flythrough,182.77,5.47,10.84,N/A,5765.96,N/A,0,0,0,0,N/A,UNAVAILABLE
1786654346254,Forge,CAPTURE_ON,2,World Flythrough,189.85,5.27,10.84,N/A,5765.96,N/A,0,0,0,0,N/A,UNAVAILABLE
1786654346264,Forge,CAPTURE_ON,2,World Flythrough,96.50,10.36,10.84,N/A,5765.96,N/A,0,0,0,0,N/A,UNAVAILABLE
1786654346270,Forge,CAPTURE_ON,2,World Flythrough,193.67,5.16,10.84,N/A,5765.96,N/A,0,0,0,0,N/A,UNAVAILABLE
1786654346275,Forge,CAPTURE_ON,2,World Flythrough,171.54,5.83,10.84,N/A,5765.96,N/A,0,0,0,0,N/A,UNAVAILABLE
1786654346282,Forge,CAPTURE_ON,2,World Flythrough,153.27,6.52,10.84,N/A,5765.96,N/A,0,0,0,0,N/A,UNAVAILABLE
1786654346290,Forge,CAPTURE_ON,2,World Flythrough,131.60,7.60,10.84,N/A,5765.96,N/A,0,0,0,0,N/A,UNAVAILABLE
1786654346298,Forge,CAPTURE_ON,2,World Flythrough,109.90,9.10,10.84,N/A,5765.96,N/A,0,0,0,0,N/A,UNAVAILABLE
1786654346313,Forge,CAPTURE_ON,2,World Flythrough,70.63,14.16,10.84,N/A,5765.96,N/A,0,0,0,0,N/A,UNAVAILABLE
1786654346322,Forge,CAPTURE_ON,2,World Flythrough,103.33,9.68,10.84,N/A,5765.96,N/A,0,0,0,0,N/A,UNAVAILABLE
1786654346330,Forge,CAPTURE_ON,2,World Flythrough,134.56,7.43,10.84,N/A,5765.96,N/A,0,0,0,0,N/A,UNAVAILABLE
1786654346340,Forge,CAPTURE_ON,2,World Flythrough,93.00,10.75,10.84,N/A,5765.96,N/A,0,0,0,0,N/A,UNAVAILABLE
1786654346352,Forge,CAPTURE_ON,2,World Flythrough,84.11,11.89,10.84,N/A,5765.96,N/A,0,0,0,0,N/A,UNAVAILABLE
1786654346365,Forge,CAPTURE_ON,2,World Flythrough,79.45,12.59,10.84,N/A,5765.96,N/A,0,0,0,0,N/A,UNAVAILABLE
1786654346374,Forge,CAPTURE_ON,2,World Flythrough,104.40,9.58,10.84,N/A,5765.96,N/A,0,0,0,0,N/A,UNAVAILABLE
1786654346386,Forge,CAPTURE_ON,2,World Flythrough,84.35,11.85,10.84,N/A,5765.96,N/A,0,0,0,0,N/A,UNAVAILABLE
1786654346395,Forge,CAPTURE_ON,2,World Flythrough,119.45,8.37,10.84,N/A,5765.96,N/A,0,0,0,0,N/A,UNAVAILABLE
1786654346407,Forge,CAPTURE_ON,2,World Flythrough,86.83,11.52,10.84,N/A,5765.96,N/A,0,0,0,0,N/A,UNAVAILABLE
1786654346420,Forge,CAPTURE_ON,2,World Flythrough,71.97,13.90,10.84,N/A,5765.96,N/A,0,0,0,0,N/A,UNAVAILABLE
1786654346428,Forge,CAPTURE_ON,2,World Flythrough,123.79,8.08,10.84,N/A,5765.96,N/A,0,0,0,0,N/A,UNAVAILABLE
1786654346435,Forge,CAPTURE_ON,2,World Flythrough,158.23,6.32,10.84,N/A,5765.96,N/A,0,0,0,0,N/A,UNAVAILABLE
1786654346444,Forge,CAPTURE_ON,2,World Flythrough,106.51,9.39,10.84,N/A,5765.96,N/A,0,0,0,0,N/A,UNAVAILABLE
1786654346452,Forge,CAPTURE_ON,2,World Flythrough,133.88,7.47,10.84,N/A,5765.96,N/A,0,0,0,0,N/A,UNAVAILABLE
1786654346463,Forge,CAPTURE_ON,2,World Flythrough,86.05,11.62,10.84,N/A,5765.96,N/A,0,0,0,0,N/A,UNAVAILABLE
1786654346471,Forge,CAPTURE_ON,2,World Flythrough,135.92,7.36,10.84,N/A,5765.96,N/A,0,0,0,0,N/A,UNAVAILABLE
1786654346478,Forge,CAPTURE_ON,2,World Flythrough,133.98,7.46,10.84,N/A,5765.96,N/A,0,0,0,0,N/A,UNAVAILABLE
1786654346485,Forge,CAPTURE_ON,2,World Flythrough,139.25,7.18,10.84,N/A,5765.96,N/A,0,0,0,0,N/A,UNAVAILABLE
1786654346493,Forge,CAPTURE_ON,2,World Flythrough,124.69,8.02,10.84,N/A,5765.96,N/A,0,0,0,0,N/A,UNAVAILABLE
1786654346501,Forge,CAPTURE_ON,2,World Flythrough,127.82,7.82,10.84,N/A,5765.96,N/A,0,0,0,0,N/A,UNAVAILABLE
1786654346514,Forge,CAPTURE_ON,2,World Flythrough,77.96,12.83,10.84,N/A,5765.96,N/A,0,0,0,0,N/A,UNAVAILABLE
1786654346523,Forge,CAPTURE_ON,2,World Flythrough,107.97,9.26,10.84,N/A,5765.96,N/A,0,0,0,0,N/A,UNAVAILABLE
1786654346531,Forge,CAPTURE_ON,2,World Flythrough,123.49,8.10,10.84,N/A,5765.96,N/A,0,0,0,0,N/A,UNAVAILABLE
1786654346538,Forge,CAPTURE_ON,2,World Flythrough,147.75,6.77,10.84,N/A,5765.96,N/A,0,0,0,0,N/A,UNAVAILABLE
1786654346548,Forge,CAPTURE_ON,2,World Flythrough,99.21,10.08,10.84,N/A,5765.96,N/A,0,0,0,0,N/A,UNAVAILABLE
1786654346554,Forge,CAPTURE_ON,2,World Flythrough,165.65,6.04,10.84,N/A,5765.96,N/A,0,0,0,0,N/A,UNAVAILABLE
1786654346568,Forge,CAPTURE_ON,2,World Flythrough,69.98,14.29,10.84,N/A,5765.96,N/A,0,0,0,0,N/A,UNAVAILABLE
1786654346575,Forge,CAPTURE_ON,2,World Flythrough,141.19,7.08,10.84,N/A,5765.96,N/A,0,0,0,0,N/A,UNAVAILABLE
1786654346584,Forge,CAPTURE_ON,2,World Flythrough,117.36,8.52,10.84,N/A,5765.96,N/A,0,0,0,0,N/A,UNAVAILABLE
1786654346592,Forge,CAPTURE_ON,2,World Flythrough,119.29,8.38,10.84,N/A,5765.96,N/A,0,0,0,0,N/A,UNAVAILABLE
1786654346600,Forge,CAPTURE_ON,2,World Flythrough,127.37,7.85,10.84,N/A,5765.96,N/A,0,0,0,0,N/A,UNAVAILABLE
1786654346612,Forge,CAPTURE_ON,2,World Flythrough,84.47,11.84,10.84,N/A,5765.96,N/A,0,0,0,0,N/A,UNAVAILABLE
1786654346620,Forge,CAPTURE_ON,2,World Flythrough,128.82,7.76,10.84,N/A,5765.96,N/A,0,0,0,0,N/A,UNAVAILABLE
1786654346627,Forge,CAPTURE_ON,2,World Flythrough,141.68,7.06,10.84,N/A,5765.96,N/A,0,0,0,0,N/A,UNAVAILABLE
1786654346636,Forge,CAPTURE_ON,2,World Flythrough,107.99,9.26,10.84,N/A,5765.96,N/A,0,0,0,0,N/A,UNAVAILABLE
1786654346643,Forge,CAPTURE_ON,2,World Flythrough,140.46,7.12,10.84,N/A,5765.96,N/A,0,0,0,0,N/A,UNAVAILABLE
1786654346652,Forge,CAPTURE_ON,2,World Flythrough,113.57,8.81,10.84,N/A,5765.96,N/A,0,0,0,0,N/A,UNAVAILABLE
1786654346667,Forge,CAPTURE_ON,2,World Flythrough,66.22,15.10,10.84,N/A,5765.96,N/A,0,0,0,0,N/A,UNAVAILABLE
1786654346675,Forge,CAPTURE_ON,2,World Flythrough,129.03,7.75,10.84,N/A,5765.96,N/A,0,0,0,0,N/A,UNAVAILABLE
1786654346681,Forge,CAPTURE_ON,2,World Flythrough,155.69,6.42,10.84,N/A,5765.96,N/A,0,0,0,0,N/A,UNAVAILABLE
1786654346689,Forge,CAPTURE_ON,2,World Flythrough,126.54,7.90,10.84,N/A,5765.96,N/A,0,0,0,0,N/A,UNAVAILABLE
1786654346698,Forge,CAPTURE_ON,2,World Flythrough,120.36,8.31,10.84,N/A,5765.96,N/A,0,0,0,0,N/A,UNAVAILABLE
1786654346705,Forge,CAPTURE_ON,2,World Flythrough,127.67,7.83,10.84,N/A,5765.96,N/A,0,0,0,0,N/A,UNAVAILABLE
1786654346720,Forge,CAPTURE_ON,2,World Flythrough,68.20,14.66,10.84,N/A,5765.96,N/A,0,0,0,0,N/A,UNAVAILABLE
1786654346728,Forge,CAPTURE_ON,2,World Flythrough,118.61,8.43,10.84,N/A,5765.96,N/A,0,0,0,0,N/A,UNAVAILABLE
1786654346737,Forge,CAPTURE_ON,2,World Flythrough,112.62,8.88,10.84,N/A,5765.96,N/A,0,0,0,0,N/A,UNAVAILABLE
1786654346745,Forge,CAPTURE_ON,2,World Flythrough,123.97,8.07,10.84,N/A,5765.96,N/A,0,0,0,0,N/A,UNAVAILABLE
1786654346754,Forge,CAPTURE_ON,2,World Flythrough,130.67,7.65,10.84,N/A,5765.96,N/A,0,0,0,0,N/A,UNAVAILABLE
1786654346767,Forge,CAPTURE_ON,2,World Flythrough,70.14,14.26,10.84,N/A,5765.96,N/A,0,0,0,0,N/A,UNAVAILABLE
1786654346783,Forge,CAPTURE_ON,2,World Flythrough,66.29,15.08,10.84,N/A,5765.96,N/A,0,0,0,0,N/A,UNAVAILABLE
1786654346792,Forge,CAPTURE_ON,2,World Flythrough,104.72,9.55,10.84,N/A,5765.96,N/A,0,0,0,0,N/A,UNAVAILABLE
1786654346803,Forge,CAPTURE_ON,2,World Flythrough,88.40,11.31,10.84,N/A,5765.96,N/A,0,0,0,0,N/A,UNAVAILABLE
1786654346820,Forge,CAPTURE_ON,2,World Flythrough,57.21,17.48,10.84,N/A,5765.96,N/A,0,0,0,0,N/A,UNAVAILABLE
1786654346829,Forge,CAPTURE_ON,2,World Flythrough,111.74,8.95,10.84,N/A,5765.96,N/A,0,0,0,0,N/A,UNAVAILABLE
1786654346837,Forge,CAPTURE_ON,2,World Flythrough,137.95,7.25,10.84,N/A,5765.96,N/A,0,0,0,0,N/A,UNAVAILABLE
1786654346849,Forge,CAPTURE_ON,2,World Flythrough,83.66,11.95,10.84,N/A,5765.96,N/A,0,0,0,0,N/A,UNAVAILABLE
1786654346860,Forge,CAPTURE_ON,2,World Flythrough,87.66,11.41,10.84,N/A,5765.96,N/A,0,0,0,0,N/A,UNAVAILABLE
1786654346875,Forge,CAPTURE_ON,2,World Flythrough,64.32,15.55,10.84,N/A,5765.96,N/A,0,0,0,0,N/A,UNAVAILABLE
1786654346888,Forge,CAPTURE_ON,2,World Flythrough,81.97,12.20,10.84,N/A,5765.96,N/A,0,0,0,0,N/A,UNAVAILABLE
1786654346896,Forge,CAPTURE_ON,2,World Flythrough,105.83,9.45,10.84,N/A,5765.96,N/A,0,0,0,0,N/A,UNAVAILABLE
1786654346907,Forge,CAPTURE_ON,2,World Flythrough,107.15,9.33,10.84,N/A,5765.96,N/A,0,0,0,0,N/A,UNAVAILABLE
1786654346919,Forge,CAPTURE_ON,2,World Flythrough,78.98,12.66,10.84,N/A,5765.96,N/A,0,0,0,0,N/A,UNAVAILABLE
1786654346928,Forge,CAPTURE_ON,2,World Flythrough,113.16,8.84,10.84,N/A,5765.96,N/A,0,0,0,0,N/A,UNAVAILABLE
1786654346934,Forge,CAPTURE_ON,2,World Flythrough,153.48,6.52,10.84,N/A,5765.96,N/A,0,0,0,0,N/A,UNAVAILABLE
1786654346943,Forge,CAPTURE_ON,2,World Flythrough,119.07,8.40,10.84,N/A,5765.96,N/A,0,0,0,0,N/A,UNAVAILABLE
1786654346950,Forge,CAPTURE_ON,2,World Flythrough,131.93,7.58,10.84,N/A,5765.96,N/A,0,0,0,0,N/A,UNAVAILABLE
1786654346964,Forge,CAPTURE_ON,2,World Flythrough,73.21,13.66,10.84,N/A,5765.96,N/A,0,0,0,0,N/A,UNAVAILABLE
1786654347006,Forge,CAPTURE_ON,2,World Flythrough,99.15,10.09,10.53,N/A,5914.28,N/A,0,0,0,0,N/A,UNAVAILABLE
1786654347021,Forge,CAPTURE_ON,2,World Flythrough,21.40,46.73,10.53,N/A,5914.28,N/A,0,0,0,0,N/A,UNAVAILABLE
1786654347026,Forge,CAPTURE_ON,2,World Flythrough,161.34,6.20,10.53,N/A,5914.28,N/A,0,0,0,0,N/A,UNAVAILABLE
1786654347033,Forge,CAPTURE_ON,2,World Flythrough,180.92,5.53,10.53,N/A,5914.28,N/A,0,0,0,0,N/A,UNAVAILABLE
1786654347040,Forge,CAPTURE_ON,2,World Flythrough,132.09,7.57,10.53,N/A,5914.28,N/A,0,0,0,0,N/A,UNAVAILABLE
1786654347052,Forge,CAPTURE_ON,2,World Flythrough,91.02,10.99,10.53,N/A,5914.28,N/A,0,0,0,0,N/A,UNAVAILABLE
1786654347066,Forge,CAPTURE_ON,2,World Flythrough,68.43,14.61,10.53,N/A,5914.28,N/A,0,0,0,0,N/A,UNAVAILABLE
1786654347081,Forge,CAPTURE_ON,2,World Flythrough,69.28,14.44,10.53,N/A,5914.28,N/A,0,0,0,0,N/A,UNAVAILABLE
1786654347089,Forge,CAPTURE_ON,2,World Flythrough,117.46,8.51,10.53,N/A,5914.28,N/A,0,0,0,0,N/A,UNAVAILABLE
1786654347098,Forge,CAPTURE_ON,2,World Flythrough,108.89,9.18,10.53,N/A,5914.28,N/A,0,0,0,0,N/A,UNAVAILABLE
1786654347104,Forge,CAPTURE_ON,2,World Flythrough,159.79,6.26,10.53,N/A,5914.28,N/A,0,0,0,0,N/A,UNAVAILABLE
1786654347118,Forge,CAPTURE_ON,2,World Flythrough,76.46,13.08,10.53,N/A,5914.28,N/A,0,0,0,0,N/A,UNAVAILABLE
1786654347125,Forge,CAPTURE_ON,2,World Flythrough,129.73,7.71,10.53,N/A,5914.28,N/A,0,0,0,0,N/A,UNAVAILABLE
1786654347133,Forge,CAPTURE_ON,2,World Flythrough,129.65,7.71,10.53,N/A,5914.28,N/A,0,0,0,0,N/A,UNAVAILABLE
1786654347142,Forge,CAPTURE_ON,2,World Flythrough,108.06,9.25,10.53,N/A,5914.28,N/A,0,0,0,0,N/A,UNAVAILABLE
1786654347152,Forge,CAPTURE_ON,2,World Flythrough,109.28,9.15,10.53,N/A,5914.28,N/A,0,0,0,0,N/A,UNAVAILABLE
1786654347164,Forge,CAPTURE_ON,2,World Flythrough,79.78,12.54,10.53,N/A,5914.28,N/A,0,0,0,0,N/A,UNAVAILABLE
1786654347170,Forge,CAPTURE_ON,2,World Flythrough,163.44,6.12,10.53,N/A,5914.28,N/A,0,0,0,0,N/A,UNAVAILABLE
1786654347180,Forge,CAPTURE_ON,2,World Flythrough,97.74,10.23,10.53,N/A,5914.28,N/A,0,0,0,0,N/A,UNAVAILABLE
1786654347185,Forge,CAPTURE_ON,2,World Flythrough,191.79,5.21,10.53,N/A,5914.28,N/A,0,0,0,0,N/A,UNAVAILABLE
1786654347193,Forge,CAPTURE_ON,2,World Flythrough,123.39,8.10,10.53,N/A,5914.28,N/A,0,0,0,0,N/A,UNAVAILABLE
1786654347202,Forge,CAPTURE_ON,2,World Flythrough,125.75,7.95,10.53,N/A,5914.28,N/A,0,0,0,0,N/A,UNAVAILABLE
1786654347217,Forge,CAPTURE_ON,2,World Flythrough,62.51,16.00,10.53,N/A,5914.28,N/A,0,0,0,0,N/A,UNAVAILABLE
1786654347226,Forge,CAPTURE_ON,2,World Flythrough,114.34,8.75,10.53,N/A,5914.28,N/A,0,0,0,0,N/A,UNAVAILABLE
1786654347233,Forge,CAPTURE_ON,2,World Flythrough,152.24,6.57,10.53,N/A,5914.28,N/A,0,0,0,0,N/A,UNAVAILABLE
1786654347240,Forge,CAPTURE_ON,2,World Flythrough,128.01,7.81,10.53,N/A,5914.28,N/A,0,0,0,0,N/A,UNAVAILABLE
1786654347246,Forge,CAPTURE_ON,2,World Flythrough,154.42,6.48,10.53,N/A,5914.28,N/A,0,0,0,0,N/A,UNAVAILABLE
1786654347255,Forge,CAPTURE_ON,2,World Flythrough,135.64,7.37,10.53,N/A,5914.28,N/A,0,0,0,0,N/A,UNAVAILABLE
1786654347271,Forge,CAPTURE_ON,2,World Flythrough,60.75,16.46,10.53,N/A,5914.28,N/A,0,0,0,0,N/A,UNAVAILABLE
1786654347281,Forge,CAPTURE_ON,2,World Flythrough,106.30,9.41,10.53,N/A,5914.28,N/A,0,0,0,0,N/A,UNAVAILABLE
1786654347288,Forge,CAPTURE_ON,2,World Flythrough,120.88,8.27,10.53,N/A,5914.28,N/A,0,0,0,0,N/A,UNAVAILABLE
1786654347298,Forge,CAPTURE_ON,2,World Flythrough,111.12,9.00,10.53,N/A,5914.28,N/A,0,0,0,0,N/A,UNAVAILABLE
1786654347308,Forge,CAPTURE_ON,2,World Flythrough,95.61,10.46,10.53,N/A,5914.28,N/A,0,0,0,0,N/A,UNAVAILABLE
1786654347325,Forge,CAPTURE_ON,2,World Flythrough,60.98,16.40,10.53,N/A,5914.28,N/A,0,0,0,0,N/A,UNAVAILABLE
1786654347332,Forge,CAPTURE_ON,2,World Flythrough,136.55,7.32,10.53,N/A,5914.28,N/A,0,0,0,0,N/A,UNAVAILABLE
1786654347339,Forge,CAPTURE_ON,2,World Flythrough,134.83,7.42,10.53,N/A,5914.28,N/A,0,0,0,0,N/A,UNAVAILABLE
1786654347351,Forge,CAPTURE_ON,2,World Flythrough,87.54,11.42,10.53,N/A,5914.28,N/A,0,0,0,0,N/A,UNAVAILABLE
1786654347369,Forge,CAPTURE_ON,2,World Flythrough,54.30,18.41,10.53,N/A,5914.28,N/A,0,0,0,0,N/A,UNAVAILABLE
1786654347375,Forge,CAPTURE_ON,2,World Flythrough,163.86,6.10,10.53,N/A,5914.28,N/A,0,0,0,0,N/A,UNAVAILABLE
1786654347384,Forge,CAPTURE_ON,2,World Flythrough,124.93,8.00,10.53,N/A,5914.28,N/A,0,0,0,0,N/A,UNAVAILABLE
1786654347391,Forge,CAPTURE_ON,2,World Flythrough,121.32,8.24,10.53,N/A,5914.28,N/A,0,0,0,0,N/A,UNAVAILABLE
1786654347403,Forge,CAPTURE_ON,2,World Flythrough,91.85,10.89,10.53,N/A,5914.28,N/A,0,0,0,0,N/A,UNAVAILABLE
1786654347417,Forge,CAPTURE_ON,2,World Flythrough,65.94,15.17,10.53,N/A,5914.28,N/A,0,0,0,0,N/A,UNAVAILABLE
1786654347430,Forge,CAPTURE_ON,2,World Flythrough,83.11,12.03,10.53,N/A,5914.28,N/A,0,0,0,0,N/A,UNAVAILABLE
1786654347437,Forge,CAPTURE_ON,2,World Flythrough,124.70,8.02,10.53,N/A,5914.28,N/A,0,0,0,0,N/A,UNAVAILABLE
1786654347449,Forge,CAPTURE_ON,2,World Flythrough,86.12,11.61,10.53,N/A,5914.28,N/A,0,0,0,0,N/A,UNAVAILABLE
1786654347466,Forge,CAPTURE_ON,2,World Flythrough,57.17,17.49,10.53,N/A,5914.28,N/A,0,0,0,0,N/A,UNAVAILABLE
1786654347474,Forge,CAPTURE_ON,2,World Flythrough,130.94,7.64,10.53,N/A,5914.28,N/A,0,0,0,0,N/A,UNAVAILABLE
1786654347485,Forge,CAPTURE_ON,2,World Flythrough,91.20,10.96,10.53,N/A,5914.28,N/A,0,0,0,0,N/A,UNAVAILABLE
1786654347497,Forge,CAPTURE_ON,2,World Flythrough,81.59,12.26,10.53,N/A,5914.28,N/A,0,0,0,0,N/A,UNAVAILABLE
1786654347508,Forge,CAPTURE_ON,2,World Flythrough,98.80,10.12,10.53,N/A,5914.28,N/A,0,0,0,0,N/A,UNAVAILABLE
1786654347523,Forge,CAPTURE_ON,2,World Flythrough,63.33,15.79,10.53,N/A,5914.28,N/A,0,0,0,0,N/A,UNAVAILABLE
1786654347530,Forge,CAPTURE_ON,2,World Flythrough,154.95,6.45,10.53,N/A,5914.28,N/A,0,0,0,0,N/A,UNAVAILABLE
1786654347537,Forge,CAPTURE_ON,2,World Flythrough,160.15,6.24,10.53,N/A,5914.28,N/A,0,0,0,0,N/A,UNAVAILABLE
1786654347544,Forge,CAPTURE_ON,2,World Flythrough,131.18,7.62,10.53,N/A,5914.28,N/A,0,0,0,0,N/A,UNAVAILABLE
1786654347555,Forge,CAPTURE_ON,2,World Flythrough,95.73,10.45,10.53,N/A,5914.28,N/A,0,0,0,0,N/A,UNAVAILABLE
1786654347570,Forge,CAPTURE_ON,2,World Flythrough,64.79,15.43,10.53,N/A,5914.28,N/A,0,0,0,0,N/A,UNAVAILABLE
1786654347576,Forge,CAPTURE_ON,2,World Flythrough,151.19,6.61,10.53,N/A,5914.28,N/A,0,0,0,0,N/A,UNAVAILABLE
1786654347585,Forge,CAPTURE_ON,2,World Flythrough,112.17,8.92,10.53,N/A,5914.28,N/A,0,0,0,0,N/A,UNAVAILABLE
1786654347591,Forge,CAPTURE_ON,2,World Flythrough,167.89,5.96,10.53,N/A,5914.28,N/A,0,0,0,0,N/A,UNAVAILABLE
1786654347600,Forge,CAPTURE_ON,2,World Flythrough,109.41,9.14,10.53,N/A,5914.28,N/A,0,0,0,0,N/A,UNAVAILABLE
1786654347614,Forge,CAPTURE_ON,2,World Flythrough,72.44,13.80,10.53,N/A,5914.28,N/A,0,0,0,0,N/A,UNAVAILABLE
1786654347622,Forge,CAPTURE_ON,2,World Flythrough,126.76,7.89,10.53,N/A,5914.28,N/A,0,0,0,0,N/A,UNAVAILABLE
1786654347630,Forge,CAPTURE_ON,2,World Flythrough,135.54,7.38,10.53,N/A,5914.28,N/A,0,0,0,0,N/A,UNAVAILABLE
1786654347638,Forge,CAPTURE_ON,2,World Flythrough,119.00,8.40,10.53,N/A,5914.28,N/A,0,0,0,0,N/A,UNAVAILABLE
1786654347647,Forge,CAPTURE_ON,2,World Flythrough,109.30,9.15,10.53,N/A,5914.28,N/A,0,0,0,0,N/A,UNAVAILABLE
1786654347654,Forge,CAPTURE_ON,2,World Flythrough,140.27,7.13,10.53,N/A,5914.28,N/A,0,0,0,0,N/A,UNAVAILABLE
1786654347668,Forge,CAPTURE_ON,2,World Flythrough,72.97,13.70,10.53,N/A,5914.28,N/A,0,0,0,0,N/A,UNAVAILABLE
1786654347678,Forge,CAPTURE_ON,2,World Flythrough,101.64,9.84,10.53,N/A,5914.28,N/A,0,0,0,0,N/A,UNAVAILABLE
1786654347684,Forge,CAPTURE_ON,2,World Flythrough,142.90,7.00,10.53,N/A,5914.28,N/A,0,0,0,0,N/A,UNAVAILABLE
1786654347697,Forge,CAPTURE_ON,2,World Flythrough,79.60,12.56,10.53,N/A,5914.28,N/A,0,0,0,0,N/A,UNAVAILABLE
1786654347704,Forge,CAPTURE_ON,2,World Flythrough,147.06,6.80,10.53,N/A,5914.28,N/A,0,0,0,0,N/A,UNAVAILABLE
1786654347718,Forge,CAPTURE_ON,2,World Flythrough,70.86,14.11,10.53,N/A,5914.28,N/A,0,0,0,0,N/A,UNAVAILABLE
1786654347726,Forge,CAPTURE_ON,2,World Flythrough,127.22,7.86,10.53,N/A,5914.28,N/A,0,0,0,0,N/A,UNAVAILABLE
1786654347734,Forge,CAPTURE_ON,2,World Flythrough,122.18,8.18,10.53,N/A,5914.28,N/A,0,0,0,0,N/A,UNAVAILABLE
1786654347742,Forge,CAPTURE_ON,2,World Flythrough,121.93,8.20,10.53,N/A,5914.28,N/A,0,0,0,0,N/A,UNAVAILABLE
1786654347751,Forge,CAPTURE_ON,2,World Flythrough,112.22,8.91,10.53,N/A,5914.28,N/A,0,0,0,0,N/A,UNAVAILABLE
1786654347762,Forge,CAPTURE_ON,2,World Flythrough,88.75,11.27,10.53,N/A,5914.28,N/A,0,0,0,0,N/A,UNAVAILABLE
1786654347771,Forge,CAPTURE_ON,2,World Flythrough,122.13,8.19,10.53,N/A,5914.28,N/A,0,0,0,0,N/A,UNAVAILABLE
1786654347780,Forge,CAPTURE_ON,2,World Flythrough,107.46,9.31,10.53,N/A,5914.28,N/A,0,0,0,0,N/A,UNAVAILABLE
1786654347787,Forge,CAPTURE_ON,2,World Flythrough,143.73,6.96,10.53,N/A,5914.28,N/A,0,0,0,0,N/A,UNAVAILABLE
1786654347793,Forge,CAPTURE_ON,2,World Flythrough,152.33,6.56,10.53,N/A,5914.28,N/A,0,0,0,0,N/A,UNAVAILABLE
1786654347801,Forge,CAPTURE_ON,2,World Flythrough,138.48,7.22,10.53,N/A,5914.28,N/A,0,0,0,0,N/A,UNAVAILABLE
1786654347812,Forge,CAPTURE_ON,2,World Flythrough,86.48,11.56,10.53,N/A,5914.28,N/A,0,0,0,0,N/A,UNAVAILABLE
1786654347819,Forge,CAPTURE_ON,2,World Flythrough,151.46,6.60,10.53,N/A,5914.28,N/A,0,0,0,0,N/A,UNAVAILABLE
1786654347830,Forge,CAPTURE_ON,2,World Flythrough,92.46,10.82,10.53,N/A,5914.28,N/A,0,0,0,0,N/A,UNAVAILABLE
1786654347838,Forge,CAPTURE_ON,2,World Flythrough,119.10,8.40,10.53,N/A,5914.28,N/A,0,0,0,0,N/A,UNAVAILABLE
1786654347850,Forge,CAPTURE_ON,2,World Flythrough,84.58,11.82,10.53,N/A,5914.28,N/A,0,0,0,0,N/A,UNAVAILABLE
1786654347872,Forge,CAPTURE_ON,2,World Flythrough,44.99,22.23,10.53,N/A,5914.28,N/A,0,0,0,0,N/A,UNAVAILABLE
1786654347884,Forge,CAPTURE_ON,2,World Flythrough,84.81,11.79,10.53,N/A,5914.28,N/A,0,0,0,0,N/A,UNAVAILABLE
1786654347898,Forge,CAPTURE_ON,2,World Flythrough,71.30,14.03,10.53,N/A,5914.28,N/A,0,0,0,0,N/A,UNAVAILABLE
1786654347910,Forge,CAPTURE_ON,2,World Flythrough,79.60,12.56,10.53,N/A,5914.28,N/A,0,0,0,0,N/A,UNAVAILABLE
1786654347927,Forge,CAPTURE_ON,2,World Flythrough,60.34,16.57,10.53,N/A,5914.28,N/A,0,0,0,0,N/A,UNAVAILABLE
1786654347940,Forge,CAPTURE_ON,2,World Flythrough,79.67,12.55,10.53,N/A,5914.28,N/A,0,0,0,0,N/A,UNAVAILABLE
1786654347951,Forge,CAPTURE_ON,2,World Flythrough,88.55,11.29,10.53,N/A,5914.28,N/A,0,0,0,0,N/A,UNAVAILABLE
1786654347966,Forge,CAPTURE_ON,2,World Flythrough,66.35,15.07,10.53,N/A,5914.28,N/A,0,0,0,0,N/A,UNAVAILABLE
1786654348013,Forge,CAPTURE_ON,2,World Flythrough,95.81,10.44,8.93,N/A,5330.72,N/A,0,0,0,0,N/A,UNAVAILABLE
1786654348041,Forge,CAPTURE_ON,2,World Flythrough,15.35,65.13,8.93,N/A,5330.72,N/A,0,0,0,0,N/A,UNAVAILABLE
1786654348056,Forge,CAPTURE_ON,2,World Flythrough,70.37,14.21,8.93,N/A,5330.72,N/A,0,0,0,0,N/A,UNAVAILABLE
1786654348075,Forge,CAPTURE_ON,2,World Flythrough,54.32,18.41,8.93,N/A,5330.72,N/A,0,0,0,0,N/A,UNAVAILABLE
1786654348087,Forge,CAPTURE_ON,2,World Flythrough,80.04,12.49,8.93,N/A,5330.72,N/A,0,0,0,0,N/A,UNAVAILABLE
1786654348104,Forge,CAPTURE_ON,2,World Flythrough,57.91,17.27,8.93,N/A,5330.72,N/A,0,0,0,0,N/A,UNAVAILABLE
1786654348123,Forge,CAPTURE_ON,2,World Flythrough,53.68,18.63,8.93,N/A,5330.72,N/A,0,0,0,0,N/A,UNAVAILABLE
1786654348134,Forge,CAPTURE_ON,2,World Flythrough,84.16,11.88,8.93,N/A,5330.72,N/A,0,0,0,0,N/A,UNAVAILABLE
1786654348145,Forge,CAPTURE_ON,2,World Flythrough,90.53,11.05,8.93,N/A,5330.72,N/A,0,0,0,0,N/A,UNAVAILABLE
1786654348160,Forge,CAPTURE_ON,2,World Flythrough,71.51,13.98,8.93,N/A,5330.72,N/A,0,0,0,0,N/A,UNAVAILABLE
1786654348173,Forge,CAPTURE_ON,2,World Flythrough,71.79,13.93,8.93,N/A,5330.72,N/A,0,0,0,0,N/A,UNAVAILABLE
1786654348185,Forge,CAPTURE_ON,2,World Flythrough,86.51,11.56,8.93,N/A,5330.72,N/A,0,0,0,0,N/A,UNAVAILABLE
1786654348199,Forge,CAPTURE_ON,2,World Flythrough,71.33,14.02,8.93,N/A,5330.72,N/A,0,0,0,0,N/A,UNAVAILABLE
1786654348218,Forge,CAPTURE_ON,2,World Flythrough,52.01,19.23,8.93,N/A,5330.72,N/A,0,0,0,0,N/A,UNAVAILABLE
1786654348231,Forge,CAPTURE_ON,2,World Flythrough,79.97,12.50,8.93,N/A,5330.72,N/A,0,0,0,0,N/A,UNAVAILABLE
1786654348244,Forge,CAPTURE_ON,2,World Flythrough,74.91,13.35,8.93,N/A,5330.72,N/A,0,0,0,0,N/A,UNAVAILABLE
1786654348254,Forge,CAPTURE_ON,2,World Flythrough,104.98,9.53,8.93,N/A,5330.72,N/A,0,0,0,0,N/A,UNAVAILABLE
1786654348272,Forge,CAPTURE_ON,2,World Flythrough,55.92,17.88,8.93,N/A,5330.72,N/A,0,0,0,0,N/A,UNAVAILABLE
1786654348285,Forge,CAPTURE_ON,2,World Flythrough,71.35,14.01,8.93,N/A,5330.72,N/A,0,0,0,0,N/A,UNAVAILABLE
1786654348294,Forge,CAPTURE_ON,2,World Flythrough,116.36,8.59,8.93,N/A,5330.72,N/A,0,0,0,0,N/A,UNAVAILABLE
1786654348301,Forge,CAPTURE_ON,2,World Flythrough,133.63,7.48,8.93,N/A,5330.72,N/A,0,0,0,0,N/A,UNAVAILABLE
1786654348322,Forge,CAPTURE_ON,2,World Flythrough,50.21,19.92,8.93,N/A,5330.72,N/A,0,0,0,0,N/A,UNAVAILABLE
1786654348330,Forge,CAPTURE_ON,2,World Flythrough,114.66,8.72,8.93,N/A,5330.72,N/A,0,0,0,0,N/A,UNAVAILABLE
1786654348339,Forge,CAPTURE_ON,2,World Flythrough,111.80,8.94,8.93,N/A,5330.72,N/A,0,0,0,0,N/A,UNAVAILABLE
1786654348347,Forge,CAPTURE_ON,2,World Flythrough,125.08,7.99,8.93,N/A,5330.72,N/A,0,0,0,0,N/A,UNAVAILABLE
1786654348357,Forge,CAPTURE_ON,2,World Flythrough,103.35,9.68,8.93,N/A,5330.72,N/A,0,0,0,0,N/A,UNAVAILABLE
1786654348370,Forge,CAPTURE_ON,2,World Flythrough,74.86,13.36,8.93,N/A,5330.72,N/A,0,0,0,0,N/A,UNAVAILABLE
1786654348378,Forge,CAPTURE_ON,2,World Flythrough,130.76,7.65,8.93,N/A,5330.72,N/A,0,0,0,0,N/A,UNAVAILABLE
1786654348387,Forge,CAPTURE_ON,2,World Flythrough,117.98,8.48,8.93,N/A,5330.72,N/A,0,0,0,0,N/A,UNAVAILABLE
1786654348395,Forge,CAPTURE_ON,2,World Flythrough,117.38,8.52,8.93,N/A,5330.72,N/A,0,0,0,0,N/A,UNAVAILABLE
1786654348402,Forge,CAPTURE_ON,2,World Flythrough,150.72,6.63,8.93,N/A,5330.72,N/A,0,0,0,0,N/A,UNAVAILABLE
1786654348414,Forge,CAPTURE_ON,2,World Flythrough,82.26,12.16,8.93,N/A,5330.72,N/A,0,0,0,0,N/A,UNAVAILABLE
1786654348419,Forge,CAPTURE_ON,2,World Flythrough,165.32,6.05,8.93,N/A,5330.72,N/A,0,0,0,0,N/A,UNAVAILABLE
1786654348428,Forge,CAPTURE_ON,2,World Flythrough,117.31,8.52,8.93,N/A,5330.72,N/A,0,0,0,0,N/A,UNAVAILABLE
1786654348435,Forge,CAPTURE_ON,2,World Flythrough,149.95,6.67,8.93,N/A,5330.72,N/A,0,0,0,0,N/A,UNAVAILABLE
1786654348443,Forge,CAPTURE_ON,2,World Flythrough,117.37,8.52,8.93,N/A,5330.72,N/A,0,0,0,0,N/A,UNAVAILABLE
1786654348452,Forge,CAPTURE_ON,2,World Flythrough,119.07,8.40,8.93,N/A,5330.72,N/A,0,0,0,0,N/A,UNAVAILABLE
1786654348463,Forge,CAPTURE_ON,2,World Flythrough,89.43,11.18,8.93,N/A,5330.72,N/A,0,0,0,0,N/A,UNAVAILABLE
1786654348472,Forge,CAPTURE_ON,2,World Flythrough,112.04,8.93,8.93,N/A,5330.72,N/A,0,0,0,0,N/A,UNAVAILABLE
1786654348480,Forge,CAPTURE_ON,2,World Flythrough,126.68,7.89,8.93,N/A,5330.72,N/A,0,0,0,0,N/A,UNAVAILABLE
1786654348490,Forge,CAPTURE_ON,2,World Flythrough,100.64,9.94,8.93,N/A,5330.72,N/A,0,0,0,0,N/A,UNAVAILABLE
1786654348497,Forge,CAPTURE_ON,2,World Flythrough,150.89,6.63,8.93,N/A,5330.72,N/A,0,0,0,0,N/A,UNAVAILABLE
1786654348504,Forge,CAPTURE_ON,2,World Flythrough,121.62,8.22,8.93,N/A,5330.72,N/A,0,0,0,0,N/A,UNAVAILABLE
1786654348518,Forge,CAPTURE_ON,2,World Flythrough,75.09,13.32,8.93,N/A,5330.72,N/A,0,0,0,0,N/A,UNAVAILABLE
1786654348525,Forge,CAPTURE_ON,2,World Flythrough,135.41,7.39,8.93,N/A,5330.72,N/A,0,0,0,0,N/A,UNAVAILABLE
1786654348533,Forge,CAPTURE_ON,2,World Flythrough,130.45,7.67,8.93,N/A,5330.72,N/A,0,0,0,0,N/A,UNAVAILABLE
1786654348539,Forge,CAPTURE_ON,2,World Flythrough,148.14,6.75,8.93,N/A,5330.72,N/A,0,0,0,0,N/A,UNAVAILABLE
1786654348547,Forge,CAPTURE_ON,2,World Flythrough,131.46,7.61,8.93,N/A,5330.72,N/A,0,0,0,0,N/A,UNAVAILABLE
1786654348554,Forge,CAPTURE_ON,2,World Flythrough,145.98,6.85,8.93,N/A,5330.72,N/A,0,0,0,0,N/A,UNAVAILABLE
1786654348566,Forge,CAPTURE_ON,2,World Flythrough,84.87,11.78,8.93,N/A,5330.72,N/A,0,0,0,0,N/A,UNAVAILABLE
1786654348573,Forge,CAPTURE_ON,2,World Flythrough,153.14,6.53,8.93,N/A,5330.72,N/A,0,0,0,0,N/A,UNAVAILABLE
1786654348581,Forge,CAPTURE_ON,2,World Flythrough,114.43,8.74,8.93,N/A,5330.72,N/A,0,0,0,0,N/A,UNAVAILABLE
1786654348587,Forge,CAPTURE_ON,2,World Flythrough,164.76,6.07,8.93,N/A,5330.72,N/A,0,0,0,0,N/A,UNAVAILABLE
1786654348597,Forge,CAPTURE_ON,2,World Flythrough,111.25,8.99,8.93,N/A,5330.72,N/A,0,0,0,0,N/A,UNAVAILABLE
1786654348605,Forge,CAPTURE_ON,2,World Flythrough,115.99,8.62,8.93,N/A,5330.72,N/A,0,0,0,0,N/A,UNAVAILABLE
1786654348616,Forge,CAPTURE_ON,2,World Flythrough,85.54,11.69,8.93,N/A,5330.72,N/A,0,0,0,0,N/A,UNAVAILABLE
1786654348625,Forge,CAPTURE_ON,2,World Flythrough,125.07,8.00,8.93,N/A,5330.72,N/A,0,0,0,0,N/A,UNAVAILABLE
1786654348633,Forge,CAPTURE_ON,2,World Flythrough,114.48,8.74,8.93,N/A,5330.72,N/A,0,0,0,0,N/A,UNAVAILABLE
1786654348644,Forge,CAPTURE_ON,2,World Flythrough,96.50,10.36,8.93,N/A,5330.72,N/A,0,0,0,0,N/A,UNAVAILABLE
1786654348656,Forge,CAPTURE_ON,2,World Flythrough,82.56,12.11,8.93,N/A,5330.72,N/A,0,0,0,0,N/A,UNAVAILABLE
1786654348672,Forge,CAPTURE_ON,2,World Flythrough,64.35,15.54,8.93,N/A,5330.72,N/A,0,0,0,0,N/A,UNAVAILABLE
1786654348678,Forge,CAPTURE_ON,2,World Flythrough,157.43,6.35,8.93,N/A,5330.72,N/A,0,0,0,0,N/A,UNAVAILABLE
1786654348685,Forge,CAPTURE_ON,2,World Flythrough,121.84,8.21,8.93,N/A,5330.72,N/A,0,0,0,0,N/A,UNAVAILABLE
1786654348697,Forge,CAPTURE_ON,2,World Flythrough,90.33,11.07,8.93,N/A,5330.72,N/A,0,0,0,0,N/A,UNAVAILABLE
1786654348707,Forge,CAPTURE_ON,2,World Flythrough,99.38,10.06,8.93,N/A,5330.72,N/A,0,0,0,0,N/A,UNAVAILABLE
1786654348720,Forge,CAPTURE_ON,2,World Flythrough,72.96,13.71,8.93,N/A,5330.72,N/A,0,0,0,0,N/A,UNAVAILABLE
1786654348726,Forge,CAPTURE_ON,2,World Flythrough,167.52,5.97,8.93,N/A,5330.72,N/A,0,0,0,0,N/A,UNAVAILABLE
1786654348737,Forge,CAPTURE_ON,2,World Flythrough,100.47,9.95,8.93,N/A,5330.72,N/A,0,0,0,0,N/A,UNAVAILABLE
1786654348744,Forge,CAPTURE_ON,2,World Flythrough,141.24,7.08,8.93,N/A,5330.72,N/A,0,0,0,0,N/A,UNAVAILABLE
1786654348753,Forge,CAPTURE_ON,2,World Flythrough,100.01,10.00,8.93,N/A,5330.72,N/A,0,0,0,0,N/A,UNAVAILABLE
1786654348769,Forge,CAPTURE_ON,2,World Flythrough,63.60,15.72,8.93,N/A,5330.72,N/A,0,0,0,0,N/A,UNAVAILABLE
1786654348777,Forge,CAPTURE_ON,2,World Flythrough,129.35,7.73,8.93,N/A,5330.72,N/A,0,0,0,0,N/A,UNAVAILABLE
1786654348784,Forge,CAPTURE_ON,2,World Flythrough,137.74,7.26,8.93,N/A,5330.72,N/A,0,0,0,0,N/A,UNAVAILABLE
1786654348793,Forge,CAPTURE_ON,2,World Flythrough,126.47,7.91,8.93,N/A,5330.72,N/A,0,0,0,0,N/A,UNAVAILABLE
1786654348800,Forge,CAPTURE_ON,2,World Flythrough,128.10,7.81,8.93,N/A,5330.72,N/A,0,0,0,0,N/A,UNAVAILABLE
1786654348814,Forge,CAPTURE_ON,2,World Flythrough,73.61,13.58,8.93,N/A,5330.72,N/A,0,0,0,0,N/A,UNAVAILABLE
1786654348825,Forge,CAPTURE_ON,2,World Flythrough,89.12,11.22,8.93,N/A,5330.72,N/A,0,0,0,0,N/A,UNAVAILABLE
1786654348832,Forge,CAPTURE_ON,2,World Flythrough,138.04,7.24,8.93,N/A,5330.72,N/A,0,0,0,0,N/A,UNAVAILABLE
1786654348844,Forge,CAPTURE_ON,2,World Flythrough,85.83,11.65,8.93,N/A,5330.72,N/A,0,0,0,0,N/A,UNAVAILABLE
1786654353899,Forge,CAPTURE_OFF,2,World Flythrough,67.78,14.75,10.54,N/A,5659.04,N/A,0,0,0,0,N/A,UNAVAILABLE
1786654353914,Forge,CAPTURE_OFF,2,World Flythrough,19.61,50.99,10.54,N/A,5659.04,N/A,0,0,0,0,N/A,UNAVAILABLE
1786654353921,Forge,CAPTURE_OFF,2,World Flythrough,140.86,7.10,10.54,N/A,5659.04,N/A,0,0,0,0,N/A,UNAVAILABLE
1786654353929,Forge,CAPTURE_OFF,2,World Flythrough,126.20,7.92,10.54,N/A,5659.04,N/A,0,0,0,0,N/A,UNAVAILABLE
1786654353940,Forge,CAPTURE_OFF,2,World Flythrough,89.16,11.22,10.54,N/A,5659.04,N/A,0,0,0,0,N/A,UNAVAILABLE
1786654353948,Forge,CAPTURE_OFF,2,World Flythrough,135.24,7.39,10.54,N/A,5659.04,N/A,0,0,0,0,N/A,UNAVAILABLE
1786654353965,Forge,CAPTURE_OFF,2,World Flythrough,59.53,16.80,10.54,N/A,5659.04,N/A,0,0,0,0,N/A,UNAVAILABLE
1786654353975,Forge,CAPTURE_OFF,2,World Flythrough,91.60,10.92,10.54,N/A,5659.04,N/A,0,0,0,0,N/A,UNAVAILABLE
1786654353983,Forge,CAPTURE_OFF,2,World Flythrough,122.23,8.18,10.54,N/A,5659.04,N/A,0,0,0,0,N/A,UNAVAILABLE
1786654353990,Forge,CAPTURE_OFF,2,World Flythrough,158.51,6.31,10.54,N/A,5659.04,N/A,0,0,0,0,N/A,UNAVAILABLE
1786654354000,Forge,CAPTURE_OFF,2,World Flythrough,96.59,10.35,10.54,N/A,5659.04,N/A,0,0,0,0,N/A,UNAVAILABLE
1786654354015,Forge,CAPTURE_OFF,2,World Flythrough,64.69,15.46,10.54,N/A,5659.04,N/A,0,0,0,0,N/A,UNAVAILABLE
1786654354022,Forge,CAPTURE_OFF,2,World Flythrough,154.48,6.47,10.54,N/A,5659.04,N/A,0,0,0,0,N/A,UNAVAILABLE
1786654354028,Forge,CAPTURE_OFF,2,World Flythrough,164.95,6.06,10.54,N/A,5659.04,N/A,0,0,0,0,N/A,UNAVAILABLE
1786654354038,Forge,CAPTURE_OFF,2,World Flythrough,94.33,10.60,10.54,N/A,5659.04,N/A,0,0,0,0,N/A,UNAVAILABLE
1786654354048,Forge,CAPTURE_OFF,2,World Flythrough,106.50,9.39,10.54,N/A,5659.04,N/A,0,0,0,0,N/A,UNAVAILABLE
1786654354063,Forge,CAPTURE_OFF,2,World Flythrough,67.20,14.88,10.54,N/A,5659.04,N/A,0,0,0,0,N/A,UNAVAILABLE
1786654354072,Forge,CAPTURE_OFF,2,World Flythrough,115.29,8.67,10.54,N/A,5659.04,N/A,0,0,0,0,N/A,UNAVAILABLE
1786654354079,Forge,CAPTURE_OFF,2,World Flythrough,151.71,6.59,10.54,N/A,5659.04,N/A,0,0,0,0,N/A,UNAVAILABLE
1786654354088,Forge,CAPTURE_OFF,2,World Flythrough,103.54,9.66,10.54,N/A,5659.04,N/A,0,0,0,0,N/A,UNAVAILABLE
1786654354095,Forge,CAPTURE_OFF,2,World Flythrough,147.26,6.79,10.54,N/A,5659.04,N/A,0,0,0,0,N/A,UNAVAILABLE
1786654354104,Forge,CAPTURE_OFF,2,World Flythrough,109.63,9.12,10.54,N/A,5659.04,N/A,0,0,0,0,N/A,UNAVAILABLE
1786654354119,Forge,CAPTURE_OFF,2,World Flythrough,66.01,15.15,10.54,N/A,5659.04,N/A,0,0,0,0,N/A,UNAVAILABLE
1786654354128,Forge,CAPTURE_OFF,2,World Flythrough,103.80,9.63,10.54,N/A,5659.04,N/A,0,0,0,0,N/A,UNAVAILABLE
1786654354135,Forge,CAPTURE_OFF,2,World Flythrough,141.24,7.08,10.54,N/A,5659.04,N/A,0,0,0,0,N/A,UNAVAILABLE
1786654354146,Forge,CAPTURE_OFF,2,World Flythrough,92.49,10.81,10.54,N/A,5659.04,N/A,0,0,0,0,N/A,UNAVAILABLE
1786654354155,Forge,CAPTURE_OFF,2,World Flythrough,107.37,9.31,10.54,N/A,5659.04,N/A,0,0,0,0,N/A,UNAVAILABLE
1786654354176,Forge,CAPTURE_OFF,2,World Flythrough,48.69,20.54,10.54,N/A,5659.04,N/A,0,0,0,0,N/A,UNAVAILABLE
1786654354186,Forge,CAPTURE_OFF,2,World Flythrough,98.63,10.14,10.54,N/A,5659.04,N/A,0,0,0,0,N/A,UNAVAILABLE
1786654354196,Forge,CAPTURE_OFF,2,World Flythrough,97.04,10.30,10.54,N/A,5659.04,N/A,0,0,0,0,N/A,UNAVAILABLE
1786654354203,Forge,CAPTURE_OFF,2,World Flythrough,171.87,5.82,10.54,N/A,5659.04,N/A,0,0,0,0,N/A,UNAVAILABLE
1786654354219,Forge,CAPTURE_OFF,2,World Flythrough,59.61,16.78,10.54,N/A,5659.04,N/A,0,0,0,0,N/A,UNAVAILABLE
1786654354229,Forge,CAPTURE_OFF,2,World Flythrough,100.18,9.98,10.54,N/A,5659.04,N/A,0,0,0,0,N/A,UNAVAILABLE
1786654354239,Forge,CAPTURE_OFF,2,World Flythrough,94.97,10.53,10.54,N/A,5659.04,N/A,0,0,0,0,N/A,UNAVAILABLE
1786654354246,Forge,CAPTURE_OFF,2,World Flythrough,133.18,7.51,10.54,N/A,5659.04,N/A,0,0,0,0,N/A,UNAVAILABLE
1786654354256,Forge,CAPTURE_OFF,2,World Flythrough,121.58,8.22,10.54,N/A,5659.04,N/A,0,0,0,0,N/A,UNAVAILABLE
1786654354271,Forge,CAPTURE_OFF,2,World Flythrough,65.01,15.38,10.54,N/A,5659.04,N/A,0,0,0,0,N/A,UNAVAILABLE
1786654354278,Forge,CAPTURE_OFF,2,World Flythrough,140.64,7.11,10.54,N/A,5659.04,N/A,0,0,0,0,N/A,UNAVAILABLE
1786654354287,Forge,CAPTURE_OFF,2,World Flythrough,119.81,8.35,10.54,N/A,5659.04,N/A,0,0,0,0,N/A,UNAVAILABLE
1786654354297,Forge,CAPTURE_OFF,2,World Flythrough,96.35,10.38,10.54,N/A,5659.04,N/A,0,0,0,0,N/A,UNAVAILABLE
1786654354306,Forge,CAPTURE_OFF,2,World Flythrough,110.79,9.03,10.54,N/A,5659.04,N/A,0,0,0,0,N/A,UNAVAILABLE
1786654354321,Forge,CAPTURE_OFF,2,World Flythrough,66.51,15.04,10.54,N/A,5659.04,N/A,0,0,0,0,N/A,UNAVAILABLE
1786654354329,Forge,CAPTURE_OFF,2,World Flythrough,121.37,8.24,10.54,N/A,5659.04,N/A,0,0,0,0,N/A,UNAVAILABLE
1786654354336,Forge,CAPTURE_OFF,2,World Flythrough,144.57,6.92,10.54,N/A,5659.04,N/A,0,0,0,0,N/A,UNAVAILABLE
1786654354343,Forge,CAPTURE_OFF,2,World Flythrough,148.86,6.72,10.54,N/A,5659.04,N/A,0,0,0,0,N/A,UNAVAILABLE
1786654354352,Forge,CAPTURE_OFF,2,World Flythrough,105.96,9.44,10.54,N/A,5659.04,N/A,0,0,0,0,N/A,UNAVAILABLE
1786654354365,Forge,CAPTURE_OFF,2,World Flythrough,75.74,13.20,10.54,N/A,5659.04,N/A,0,0,0,0,N/A,UNAVAILABLE
1786654354374,Forge,CAPTURE_OFF,2,World Flythrough,118.11,8.47,10.54,N/A,5659.04,N/A,0,0,0,0,N/A,UNAVAILABLE
1786654354381,Forge,CAPTURE_OFF,2,World Flythrough,134.29,7.45,10.54,N/A,5659.04,N/A,0,0,0,0,N/A,UNAVAILABLE
1786654354391,Forge,CAPTURE_OFF,2,World Flythrough,112.32,8.90,10.54,N/A,5659.04,N/A,0,0,0,0,N/A,UNAVAILABLE
1786654354398,Forge,CAPTURE_OFF,2,World Flythrough,131.56,7.60,10.54,N/A,5659.04,N/A,0,0,0,0,N/A,UNAVAILABLE
1786654354406,Forge,CAPTURE_OFF,2,World Flythrough,109.22,9.16,10.54,N/A,5659.04,N/A,0,0,0,0,N/A,UNAVAILABLE
1786654354421,Forge,CAPTURE_OFF,2,World Flythrough,74.61,13.40,10.54,N/A,5659.04,N/A,0,0,0,0,N/A,UNAVAILABLE
1786654354429,Forge,CAPTURE_OFF,2,World Flythrough,110.95,9.01,10.54,N/A,5659.04,N/A,0,0,0,0,N/A,UNAVAILABLE
1786654354436,Forge,CAPTURE_OFF,2,World Flythrough,147.53,6.78,10.54,N/A,5659.04,N/A,0,0,0,0,N/A,UNAVAILABLE
1786654354449,Forge,CAPTURE_OFF,2,World Flythrough,77.26,12.94,10.54,N/A,5659.04,N/A,0,0,0,0,N/A,UNAVAILABLE
1786654354463,Forge,CAPTURE_OFF,2,World Flythrough,70.28,14.23,10.54,N/A,5659.04,N/A,0,0,0,0,N/A,UNAVAILABLE
1786654354472,Forge,CAPTURE_OFF,2,World Flythrough,112.02,8.93,10.54,N/A,5659.04,N/A,0,0,0,0,N/A,UNAVAILABLE
1786654354483,Forge,CAPTURE_OFF,2,World Flythrough,86.73,11.53,10.54,N/A,5659.04,N/A,0,0,0,0,N/A,UNAVAILABLE
1786654354496,Forge,CAPTURE_OFF,2,World Flythrough,78.95,12.67,10.54,N/A,5659.04,N/A,0,0,0,0,N/A,UNAVAILABLE
1786654354503,Forge,CAPTURE_OFF,2,World Flythrough,155.19,6.44,10.54,N/A,5659.04,N/A,0,0,0,0,N/A,UNAVAILABLE
1786654354519,Forge,CAPTURE_OFF,2,World Flythrough,61.23,16.33,10.54,N/A,5659.04,N/A,0,0,0,0,N/A,UNAVAILABLE
1786654354528,Forge,CAPTURE_OFF,2,World Flythrough,115.99,8.62,10.54,N/A,5659.04,N/A,0,0,0,0,N/A,UNAVAILABLE
1786654354538,Forge,CAPTURE_OFF,2,World Flythrough,94.54,10.58,10.54,N/A,5659.04,N/A,0,0,0,0,N/A,UNAVAILABLE
1786654354544,Forge,CAPTURE_OFF,2,World Flythrough,166.12,6.02,10.54,N/A,5659.04,N/A,0,0,0,0,N/A,UNAVAILABLE
1786654354555,Forge,CAPTURE_OFF,2,World Flythrough,95.53,10.47,10.54,N/A,5659.04,N/A,0,0,0,0,N/A,UNAVAILABLE
1786654354571,Forge,CAPTURE_OFF,2,World Flythrough,62.87,15.91,10.54,N/A,5659.04,N/A,0,0,0,0,N/A,UNAVAILABLE
1786654354579,Forge,CAPTURE_OFF,2,World Flythrough,121.27,8.25,10.54,N/A,5659.04,N/A,0,0,0,0,N/A,UNAVAILABLE
1786654354588,Forge,CAPTURE_OFF,2,World Flythrough,115.74,8.64,10.54,N/A,5659.04,N/A,0,0,0,0,N/A,UNAVAILABLE
1786654354598,Forge,CAPTURE_OFF,2,World Flythrough,97.92,10.21,10.54,N/A,5659.04,N/A,0,0,0,0,N/A,UNAVAILABLE
1786654354613,Forge,CAPTURE_OFF,2,World Flythrough,65.88,15.18,10.54,N/A,5659.04,N/A,0,0,0,0,N/A,UNAVAILABLE
1786654354621,Forge,CAPTURE_OFF,2,World Flythrough,136.87,7.31,10.54,N/A,5659.04,N/A,0,0,0,0,N/A,UNAVAILABLE
1786654354632,Forge,CAPTURE_OFF,2,World Flythrough,84.50,11.83,10.54,N/A,5659.04,N/A,0,0,0,0,N/A,UNAVAILABLE
1786654354639,Forge,CAPTURE_OFF,2,World Flythrough,147.46,6.78,10.54,N/A,5659.04,N/A,0,0,0,0,N/A,UNAVAILABLE
1786654354653,Forge,CAPTURE_OFF,2,World Flythrough,73.85,13.54,10.54,N/A,5659.04,N/A,0,0,0,0,N/A,UNAVAILABLE
1786654354669,Forge,CAPTURE_OFF,2,World Flythrough,59.35,16.85,10.54,N/A,5659.04,N/A,0,0,0,0,N/A,UNAVAILABLE
1786654354679,Forge,CAPTURE_OFF,2,World Flythrough,109.44,9.14,10.54,N/A,5659.04,N/A,0,0,0,0,N/A,UNAVAILABLE
1786654354689,Forge,CAPTURE_OFF,2,World Flythrough,99.55,10.05,10.54,N/A,5659.04,N/A,0,0,0,0,N/A,UNAVAILABLE
1786654354696,Forge,CAPTURE_OFF,2,World Flythrough,136.69,7.32,10.54,N/A,5659.04,N/A,0,0,0,0,N/A,UNAVAILABLE
1786654354704,Forge,CAPTURE_OFF,2,World Flythrough,116.11,8.61,10.54,N/A,5659.04,N/A,0,0,0,0,N/A,UNAVAILABLE
1786654354716,Forge,CAPTURE_OFF,2,World Flythrough,78.95,12.67,10.54,N/A,5659.04,N/A,0,0,0,0,N/A,UNAVAILABLE
1786654354725,Forge,CAPTURE_OFF,2,World Flythrough,126.27,7.92,10.54,N/A,5659.04,N/A,0,0,0,0,N/A,UNAVAILABLE
1786654354738,Forge,CAPTURE_OFF,2,World Flythrough,78.32,12.77,10.54,N/A,5659.04,N/A,0,0,0,0,N/A,UNAVAILABLE
1786654354750,Forge,CAPTURE_OFF,2,World Flythrough,78.35,12.76,10.54,N/A,5659.04,N/A,0,0,0,0,N/A,UNAVAILABLE
1786654354766,Forge,CAPTURE_OFF,2,World Flythrough,62.99,15.88,10.54,N/A,5659.04,N/A,0,0,0,0,N/A,UNAVAILABLE
1786654354775,Forge,CAPTURE_OFF,2,World Flythrough,114.77,8.71,10.54,N/A,5659.04,N/A,0,0,0,0,N/A,UNAVAILABLE
1786654354782,Forge,CAPTURE_OFF,2,World Flythrough,140.51,7.12,10.54,N/A,5659.04,N/A,0,0,0,0,N/A,UNAVAILABLE
1786654354792,Forge,CAPTURE_OFF,2,World Flythrough,93.57,10.69,10.54,N/A,5659.04,N/A,0,0,0,0,N/A,UNAVAILABLE
1786654354802,Forge,CAPTURE_OFF,2,World Flythrough,107.07,9.34,10.54,N/A,5659.04,N/A,0,0,0,0,N/A,UNAVAILABLE
1786654354816,Forge,CAPTURE_OFF,2,World Flythrough,70.08,14.27,10.54,N/A,5659.04,N/A,0,0,0,0,N/A,UNAVAILABLE
1786654354822,Forge,CAPTURE_OFF,2,World Flythrough,190.32,5.25,10.54,N/A,5659.04,N/A,0,0,0,0,N/A,UNAVAILABLE
1786654354831,Forge,CAPTURE_OFF,2,World Flythrough,109.36,9.14,10.54,N/A,5659.04,N/A,0,0,0,0,N/A,UNAVAILABLE
1786654354837,Forge,CAPTURE_OFF,2,World Flythrough,155.68,6.42,10.54,N/A,5659.04,N/A,0,0,0,0,N/A,UNAVAILABLE
1786654354844,Forge,CAPTURE_OFF,2,World Flythrough,153.44,6.52,10.54,N/A,5659.04,N/A,0,0,0,0,N/A,UNAVAILABLE
1786654354853,Forge,CAPTURE_OFF,2,World Flythrough,110.76,9.03,10.54,N/A,5659.04,N/A,0,0,0,0,N/A,UNAVAILABLE
1786654354900,Forge,CAPTURE_OFF,2,World Flythrough,73.23,13.65,11.20,N/A,5779.04,N/A,0,0,0,0,N/A,UNAVAILABLE
1786654354911,Forge,CAPTURE_OFF,2,World Flythrough,22.15,45.14,11.20,N/A,5779.04,N/A,0,0,0,0,N/A,UNAVAILABLE
1786654354919,Forge,CAPTURE_OFF,2,World Flythrough,140.46,7.12,11.20,N/A,5779.04,N/A,0,0,0,0,N/A,UNAVAILABLE
1786654354928,Forge,CAPTURE_OFF,2,World Flythrough,113.36,8.82,11.20,N/A,5779.04,N/A,0,0,0,0,N/A,UNAVAILABLE
1786654354937,Forge,CAPTURE_OFF,2,World Flythrough,114.66,8.72,11.20,N/A,5779.04,N/A,0,0,0,0,N/A,UNAVAILABLE
1786654354943,Forge,CAPTURE_OFF,2,World Flythrough,158.95,6.29,11.20,N/A,5779.04,N/A,0,0,0,0,N/A,UNAVAILABLE
1786654354949,Forge,CAPTURE_OFF,2,World Flythrough,149.76,6.68,11.20,N/A,5779.04,N/A,0,0,0,0,N/A,UNAVAILABLE
1786654354963,Forge,CAPTURE_OFF,2,World Flythrough,74.89,13.35,11.20,N/A,5779.04,N/A,0,0,0,0,N/A,UNAVAILABLE
1786654354972,Forge,CAPTURE_OFF,2,World Flythrough,106.23,9.41,11.20,N/A,5779.04,N/A,0,0,0,0,N/A,UNAVAILABLE
1786654354983,Forge,CAPTURE_OFF,2,World Flythrough,98.56,10.15,11.20,N/A,5779.04,N/A,0,0,0,0,N/A,UNAVAILABLE
1786654354992,Forge,CAPTURE_OFF,2,World Flythrough,105.50,9.48,11.20,N/A,5779.04,N/A,0,0,0,0,N/A,UNAVAILABLE
1786654355002,Forge,CAPTURE_OFF,2,World Flythrough,100.14,9.99,11.20,N/A,5779.04,N/A,0,0,0,0,N/A,UNAVAILABLE
1786654355021,Forge,CAPTURE_OFF,2,World Flythrough,53.13,18.82,11.20,N/A,5779.04,N/A,0,0,0,0,N/A,UNAVAILABLE
1786654355028,Forge,CAPTURE_OFF,2,World Flythrough,143.25,6.98,11.20,N/A,5779.04,N/A,0,0,0,0,N/A,UNAVAILABLE
1786654355035,Forge,CAPTURE_OFF,2,World Flythrough,127.04,7.87,11.20,N/A,5779.04,N/A,0,0,0,0,N/A,UNAVAILABLE
1786654355043,Forge,CAPTURE_OFF,2,World Flythrough,123.27,8.11,11.20,N/A,5779.04,N/A,0,0,0,0,N/A,UNAVAILABLE
1786654355050,Forge,CAPTURE_OFF,2,World Flythrough,166.57,6.00,11.20,N/A,5779.04,N/A,0,0,0,0,N/A,UNAVAILABLE
1786654355065,Forge,CAPTURE_OFF,2,World Flythrough,67.30,14.86,11.20,N/A,5779.04,N/A,0,0,0,0,N/A,UNAVAILABLE
1786654355070,Forge,CAPTURE_OFF,2,World Flythrough,193.17,5.18,11.20,N/A,5779.04,N/A,0,0,0,0,N/A,UNAVAILABLE
1786654355078,Forge,CAPTURE_OFF,2,World Flythrough,122.69,8.15,11.20,N/A,5779.04,N/A,0,0,0,0,N/A,UNAVAILABLE
1786654355084,Forge,CAPTURE_OFF,2,World Flythrough,154.88,6.46,11.20,N/A,5779.04,N/A,0,0,0,0,N/A,UNAVAILABLE
1786654355094,Forge,CAPTURE_OFF,2,World Flythrough,102.79,9.73,11.20,N/A,5779.04,N/A,0,0,0,0,N/A,UNAVAILABLE
1786654355102,Forge,CAPTURE_OFF,2,World Flythrough,125.00,8.00,11.20,N/A,5779.04,N/A,0,0,0,0,N/A,UNAVAILABLE
1786654355114,Forge,CAPTURE_OFF,2,World Flythrough,83.36,12.00,11.20,N/A,5779.04,N/A,0,0,0,0,N/A,UNAVAILABLE
1786654355121,Forge,CAPTURE_OFF,2,World Flythrough,134.31,7.45,11.20,N/A,5779.04,N/A,0,0,0,0,N/A,UNAVAILABLE
1786654355132,Forge,CAPTURE_OFF,2,World Flythrough,95.34,10.49,11.20,N/A,5779.04,N/A,0,0,0,0,N/A,UNAVAILABLE
1786654355141,Forge,CAPTURE_OFF,2,World Flythrough,110.70,9.03,11.20,N/A,5779.04,N/A,0,0,0,0,N/A,UNAVAILABLE
1786654355150,Forge,CAPTURE_OFF,2,World Flythrough,105.75,9.46,11.20,N/A,5779.04,N/A,0,0,0,0,N/A,UNAVAILABLE
1786654355164,Forge,CAPTURE_OFF,2,World Flythrough,77.71,12.87,11.20,N/A,5779.04,N/A,0,0,0,0,N/A,UNAVAILABLE
1786654355171,Forge,CAPTURE_OFF,2,World Flythrough,121.40,8.24,11.20,N/A,5779.04,N/A,0,0,0,0,N/A,UNAVAILABLE
1786654355176,Forge,CAPTURE_OFF,2,World Flythrough,177.95,5.62,11.20,N/A,5779.04,N/A,0,0,0,0,N/A,UNAVAILABLE
1786654355185,Forge,CAPTURE_OFF,2,World Flythrough,128.68,7.77,11.20,N/A,5779.04,N/A,0,0,0,0,N/A,UNAVAILABLE
1786654355194,Forge,CAPTURE_OFF,2,World Flythrough,114.13,8.76,11.20,N/A,5779.04,N/A,0,0,0,0,N/A,UNAVAILABLE
1786654355199,Forge,CAPTURE_OFF,2,World Flythrough,168.60,5.93,11.20,N/A,5779.04,N/A,0,0,0,0,N/A,UNAVAILABLE
1786654355217,Forge,CAPTURE_OFF,2,World Flythrough,58.09,17.21,11.20,N/A,5779.04,N/A,0,0,0,0,N/A,UNAVAILABLE
1786654355224,Forge,CAPTURE_OFF,2,World Flythrough,127.19,7.86,11.20,N/A,5779.04,N/A,0,0,0,0,N/A,UNAVAILABLE
1786654355236,Forge,CAPTURE_OFF,2,World Flythrough,88.93,11.25,11.20,N/A,5779.04,N/A,0,0,0,0,N/A,UNAVAILABLE
1786654355245,Forge,CAPTURE_OFF,2,World Flythrough,108.83,9.19,11.20,N/A,5779.04,N/A,0,0,0,0,N/A,UNAVAILABLE
1786654355253,Forge,CAPTURE_OFF,2,World Flythrough,121.77,8.21,11.20,N/A,5779.04,N/A,0,0,0,0,N/A,UNAVAILABLE
1786654355266,Forge,CAPTURE_OFF,2,World Flythrough,78.03,12.82,11.20,N/A,5779.04,N/A,0,0,0,0,N/A,UNAVAILABLE
1786654355275,Forge,CAPTURE_OFF,2,World Flythrough,116.14,8.61,11.20,N/A,5779.04,N/A,0,0,0,0,N/A,UNAVAILABLE
1786654355285,Forge,CAPTURE_OFF,2,World Flythrough,101.14,9.89,11.20,N/A,5779.04,N/A,0,0,0,0,N/A,UNAVAILABLE
1786654355291,Forge,CAPTURE_OFF,2,World Flythrough,141.67,7.06,11.20,N/A,5779.04,N/A,0,0,0,0,N/A,UNAVAILABLE
1786654355300,Forge,CAPTURE_OFF,2,World Flythrough,122.45,8.17,11.20,N/A,5779.04,N/A,0,0,0,0,N/A,UNAVAILABLE
1786654355312,Forge,CAPTURE_OFF,2,World Flythrough,85.33,11.72,11.20,N/A,5779.04,N/A,0,0,0,0,N/A,UNAVAILABLE
1786654355323,Forge,CAPTURE_OFF,2,World Flythrough,87.62,11.41,11.20,N/A,5779.04,N/A,0,0,0,0,N/A,UNAVAILABLE
1786654355333,Forge,CAPTURE_OFF,2,World Flythrough,101.09,9.89,11.20,N/A,5779.04,N/A,0,0,0,0,N/A,UNAVAILABLE
1786654355340,Forge,CAPTURE_OFF,2,World Flythrough,142.02,7.04,11.20,N/A,5779.04,N/A,0,0,0,0,N/A,UNAVAILABLE
1786654355350,Forge,CAPTURE_OFF,2,World Flythrough,102.37,9.77,11.20,N/A,5779.04,N/A,0,0,0,0,N/A,UNAVAILABLE
1786654355363,Forge,CAPTURE_OFF,2,World Flythrough,77.21,12.95,11.20,N/A,5779.04,N/A,0,0,0,0,N/A,UNAVAILABLE
1786654355370,Forge,CAPTURE_OFF,2,World Flythrough,130.24,7.68,11.20,N/A,5779.04,N/A,0,0,0,0,N/A,UNAVAILABLE
1786654355378,Forge,CAPTURE_OFF,2,World Flythrough,138.78,7.21,11.20,N/A,5779.04,N/A,0,0,0,0,N/A,UNAVAILABLE
1786654355388,Forge,CAPTURE_OFF,2,World Flythrough,94.33,10.60,11.20,N/A,5779.04,N/A,0,0,0,0,N/A,UNAVAILABLE
1786654355396,Forge,CAPTURE_OFF,2,World Flythrough,130.54,7.66,11.20,N/A,5779.04,N/A,0,0,0,0,N/A,UNAVAILABLE
1786654355404,Forge,CAPTURE_OFF,2,World Flythrough,124.49,8.03,11.20,N/A,5779.04,N/A,0,0,0,0,N/A,UNAVAILABLE
1786654355418,Forge,CAPTURE_OFF,2,World Flythrough,72.97,13.70,11.20,N/A,5779.04,N/A,0,0,0,0,N/A,UNAVAILABLE
1786654355426,Forge,CAPTURE_OFF,2,World Flythrough,103.94,9.62,11.20,N/A,5779.04,N/A,0,0,0,0,N/A,UNAVAILABLE
1786654355437,Forge,CAPTURE_OFF,2,World Flythrough,101.61,9.84,11.20,N/A,5779.04,N/A,0,0,0,0,N/A,UNAVAILABLE
1786654355448,Forge,CAPTURE_OFF,2,World Flythrough,89.88,11.13,11.20,N/A,5779.04,N/A,0,0,0,0,N/A,UNAVAILABLE
1786654355465,Forge,CAPTURE_OFF,2,World Flythrough,61.10,16.37,11.20,N/A,5779.04,N/A,0,0,0,0,N/A,UNAVAILABLE
1786654355472,Forge,CAPTURE_OFF,2,World Flythrough,131.26,7.62,11.20,N/A,5779.04,N/A,0,0,0,0,N/A,UNAVAILABLE
1786654355481,Forge,CAPTURE_OFF,2,World Flythrough,115.22,8.68,11.20,N/A,5779.04,N/A,0,0,0,0,N/A,UNAVAILABLE
1786654355490,Forge,CAPTURE_OFF,2,World Flythrough,105.79,9.45,11.20,N/A,5779.04,N/A,0,0,0,0,N/A,UNAVAILABLE
1786654355498,Forge,CAPTURE_OFF,2,World Flythrough,127.98,7.81,11.20,N/A,5779.04,N/A,0,0,0,0,N/A,UNAVAILABLE
1786654355505,Forge,CAPTURE_OFF,2,World Flythrough,135.93,7.36,11.20,N/A,5779.04,N/A,0,0,0,0,N/A,UNAVAILABLE
1786654355522,Forge,CAPTURE_OFF,2,World Flythrough,59.15,16.91,11.20,N/A,5779.04,N/A,0,0,0,0,N/A,UNAVAILABLE
1786654355530,Forge,CAPTURE_OFF,2,World Flythrough,138.53,7.22,11.20,N/A,5779.04,N/A,0,0,0,0,N/A,UNAVAILABLE
1786654355536,Forge,CAPTURE_OFF,2,World Flythrough,161.43,6.19,11.20,N/A,5779.04,N/A,0,0,0,0,N/A,UNAVAILABLE
1786654355545,Forge,CAPTURE_OFF,2,World Flythrough,101.04,9.90,11.20,N/A,5779.04,N/A,0,0,0,0,N/A,UNAVAILABLE
1786654355551,Forge,CAPTURE_OFF,2,World Flythrough,183.70,5.44,11.20,N/A,5779.04,N/A,0,0,0,0,N/A,UNAVAILABLE
1786654355566,Forge,CAPTURE_OFF,2,World Flythrough,67.31,14.86,11.20,N/A,5779.04,N/A,0,0,0,0,N/A,UNAVAILABLE
1786654355572,Forge,CAPTURE_OFF,2,World Flythrough,167.39,5.97,11.20,N/A,5779.04,N/A,0,0,0,0,N/A,UNAVAILABLE
1786654355581,Forge,CAPTURE_OFF,2,World Flythrough,110.54,9.05,11.20,N/A,5779.04,N/A,0,0,0,0,N/A,UNAVAILABLE
1786654355587,Forge,CAPTURE_OFF,2,World Flythrough,168.97,5.92,11.20,N/A,5779.04,N/A,0,0,0,0,N/A,UNAVAILABLE
1786654355592,Forge,CAPTURE_OFF,2,World Flythrough,181.95,5.50,11.20,N/A,5779.04,N/A,0,0,0,0,N/A,UNAVAILABLE
1786654355602,Forge,CAPTURE_OFF,2,World Flythrough,105.40,9.49,11.20,N/A,5779.04,N/A,0,0,0,0,N/A,UNAVAILABLE
1786654355616,Forge,CAPTURE_OFF,2,World Flythrough,70.39,14.21,11.20,N/A,5779.04,N/A,0,0,0,0,N/A,UNAVAILABLE
1786654355624,Forge,CAPTURE_OFF,2,World Flythrough,128.63,7.77,11.20,N/A,5779.04,N/A,0,0,0,0,N/A,UNAVAILABLE
1786654355631,Forge,CAPTURE_OFF,2,World Flythrough,140.44,7.12,11.20,N/A,5779.04,N/A,0,0,0,0,N/A,UNAVAILABLE
1786654355638,Forge,CAPTURE_OFF,2,World Flythrough,138.86,7.20,11.20,N/A,5779.04,N/A,0,0,0,0,N/A,UNAVAILABLE
1786654355643,Forge,CAPTURE_OFF,2,World Flythrough,175.24,5.71,11.20,N/A,5779.04,N/A,0,0,0,0,N/A,UNAVAILABLE
1786654355651,Forge,CAPTURE_OFF,2,World Flythrough,140.13,7.14,11.20,N/A,5779.04,N/A,0,0,0,0,N/A,UNAVAILABLE
1786654355664,Forge,CAPTURE_OFF,2,World Flythrough,77.00,12.99,11.20,N/A,5779.04,N/A,0,0,0,0,N/A,UNAVAILABLE
1786654355672,Forge,CAPTURE_OFF,2,World Flythrough,119.36,8.38,11.20,N/A,5779.04,N/A,0,0,0,0,N/A,UNAVAILABLE
1786654355681,Forge,CAPTURE_OFF,2,World Flythrough,115.67,8.65,11.20,N/A,5779.04,N/A,0,0,0,0,N/A,UNAVAILABLE
1786654355690,Forge,CAPTURE_OFF,2,World Flythrough,118.65,8.43,11.20,N/A,5779.04,N/A,0,0,0,0,N/A,UNAVAILABLE
1786654355695,Forge,CAPTURE_OFF,2,World Flythrough,182.90,5.47,11.20,N/A,5779.04,N/A,0,0,0,0,N/A,UNAVAILABLE
1786654355704,Forge,CAPTURE_OFF,2,World Flythrough,106.30,9.41,11.20,N/A,5779.04,N/A,0,0,0,0,N/A,UNAVAILABLE
1786654355724,Forge,CAPTURE_OFF,2,World Flythrough,51.29,19.50,11.20,N/A,5779.04,N/A,0,0,0,0,N/A,UNAVAILABLE
1786654355730,Forge,CAPTURE_OFF,2,World Flythrough,166.40,6.01,11.20,N/A,5779.04,N/A,0,0,0,0,N/A,UNAVAILABLE
1786654355736,Forge,CAPTURE_OFF,2,World Flythrough,156.83,6.38,11.20,N/A,5779.04,N/A,0,0,0,0,N/A,UNAVAILABLE
1786654355746,Forge,CAPTURE_OFF,2,World Flythrough,103.65,9.65,11.20,N/A,5779.04,N/A,0,0,0,0,N/A,UNAVAILABLE
1786654355754,Forge,CAPTURE_OFF,2,World Flythrough,118.13,8.47,11.20,N/A,5779.04,N/A,0,0,0,0,N/A,UNAVAILABLE
1786654355774,Forge,CAPTURE_OFF,2,World Flythrough,49.41,20.24,11.20,N/A,5779.04,N/A,0,0,0,0,N/A,UNAVAILABLE
1786654355786,Forge,CAPTURE_OFF,2,World Flythrough,92.48,10.81,11.20,N/A,5779.04,N/A,0,0,0,0,N/A,UNAVAILABLE
1786654355795,Forge,CAPTURE_OFF,2,World Flythrough,105.89,9.44,11.20,N/A,5779.04,N/A,0,0,0,0,N/A,UNAVAILABLE
1786654355803,Forge,CAPTURE_OFF,2,World Flythrough,118.99,8.40,11.20,N/A,5779.04,N/A,0,0,0,0,N/A,UNAVAILABLE
1786654355815,Forge,CAPTURE_OFF,2,World Flythrough,83.33,12.00,11.20,N/A,5779.04,N/A,0,0,0,0,N/A,UNAVAILABLE
1786654355822,Forge,CAPTURE_OFF,2,World Flythrough,144.40,6.93,11.20,N/A,5779.04,N/A,0,0,0,0,N/A,UNAVAILABLE
1786654355832,Forge,CAPTURE_OFF,2,World Flythrough,96.69,10.34,11.20,N/A,5779.04,N/A,0,0,0,0,N/A,UNAVAILABLE
1786654355841,Forge,CAPTURE_OFF,2,World Flythrough,115.67,8.65,11.20,N/A,5779.04,N/A,0,0,0,0,N/A,UNAVAILABLE
1786654355849,Forge,CAPTURE_OFF,2,World Flythrough,125.62,7.96,11.20,N/A,5779.04,N/A,0,0,0,0,N/A,UNAVAILABLE
1786654355864,Forge,CAPTURE_OFF,2,World Flythrough,66.25,15.09,11.20,N/A,5779.04,N/A,0,0,0,0,N/A,UNAVAILABLE
1786654355906,Forge,CAPTURE_OFF,2,World Flythrough,134.14,7.45,9.51,N/A,5919.36,N/A,0,0,0,0,N/A,UNAVAILABLE
1786654355920,Forge,CAPTURE_OFF,2,World Flythrough,20.80,48.08,9.51,N/A,5919.36,N/A,0,0,0,0,N/A,UNAVAILABLE
1786654355926,Forge,CAPTURE_OFF,2,World Flythrough,162.70,6.15,9.51,N/A,5919.36,N/A,0,0,0,0,N/A,UNAVAILABLE
1786654355937,Forge,CAPTURE_OFF,2,World Flythrough,96.31,10.38,9.51,N/A,5919.36,N/A,0,0,0,0,N/A,UNAVAILABLE
1786654355942,Forge,CAPTURE_OFF,2,World Flythrough,172.21,5.81,9.51,N/A,5919.36,N/A,0,0,0,0,N/A,UNAVAILABLE
1786654355949,Forge,CAPTURE_OFF,2,World Flythrough,158.42,6.31,9.51,N/A,5919.36,N/A,0,0,0,0,N/A,UNAVAILABLE
1786654355954,Forge,CAPTURE_OFF,2,World Flythrough,186.76,5.35,9.51,N/A,5919.36,N/A,0,0,0,0,N/A,UNAVAILABLE
1786654355968,Forge,CAPTURE_OFF,2,World Flythrough,71.91,13.91,9.51,N/A,5919.36,N/A,0,0,0,0,N/A,UNAVAILABLE
1786654355974,Forge,CAPTURE_OFF,2,World Flythrough,151.94,6.58,9.51,N/A,5919.36,N/A,0,0,0,0,N/A,UNAVAILABLE
1786654355984,Forge,CAPTURE_OFF,2,World Flythrough,96.46,10.37,9.51,N/A,5919.36,N/A,0,0,0,0,N/A,UNAVAILABLE
1786654355991,Forge,CAPTURE_OFF,2,World Flythrough,150.68,6.64,9.51,N/A,5919.36,N/A,0,0,0,0,N/A,UNAVAILABLE
1786654355997,Forge,CAPTURE_OFF,2,World Flythrough,162.65,6.15,9.51,N/A,5919.36,N/A,0,0,0,0,N/A,UNAVAILABLE
1786654356004,Forge,CAPTURE_OFF,2,World Flythrough,154.88,6.46,9.51,N/A,5919.36,N/A,0,0,0,0,N/A,UNAVAILABLE
1786654356021,Forge,CAPTURE_OFF,2,World Flythrough,56.31,17.76,9.51,N/A,5919.36,N/A,0,0,0,0,N/A,UNAVAILABLE
1786654356032,Forge,CAPTURE_OFF,2,World Flythrough,100.73,9.93,9.51,N/A,5919.36,N/A,0,0,0,0,N/A,UNAVAILABLE
1786654356040,Forge,CAPTURE_OFF,2,World Flythrough,112.88,8.86,9.51,N/A,5919.36,N/A,0,0,0,0,N/A,UNAVAILABLE
1786654356050,Forge,CAPTURE_OFF,2,World Flythrough,106.77,9.37,9.51,N/A,5919.36,N/A,0,0,0,0,N/A,UNAVAILABLE
1786654356061,Forge,CAPTURE_OFF,2,World Flythrough,87.91,11.38,9.51,N/A,5919.36,N/A,0,0,0,0,N/A,UNAVAILABLE
1786654356071,Forge,CAPTURE_OFF,2,World Flythrough,104.94,9.53,9.51,N/A,5919.36,N/A,0,0,0,0,N/A,UNAVAILABLE
1786654356079,Forge,CAPTURE_OFF,2,World Flythrough,121.85,8.21,9.51,N/A,5919.36,N/A,0,0,0,0,N/A,UNAVAILABLE
1786654356086,Forge,CAPTURE_OFF,2,World Flythrough,120.83,8.28,9.51,N/A,5919.36,N/A,0,0,0,0,N/A,UNAVAILABLE
1786654356094,Forge,CAPTURE_OFF,2,World Flythrough,134.25,7.45,9.51,N/A,5919.36,N/A,0,0,0,0,N/A,UNAVAILABLE
1786654356102,Forge,CAPTURE_OFF,2,World Flythrough,137.21,7.29,9.51,N/A,5919.36,N/A,0,0,0,0,N/A,UNAVAILABLE
1786654356113,Forge,CAPTURE_OFF,2,World Flythrough,90.61,11.04,9.51,N/A,5919.36,N/A,0,0,0,0,N/A,UNAVAILABLE
1786654356124,Forge,CAPTURE_OFF,2,World Flythrough,92.26,10.84,9.51,N/A,5919.36,N/A,0,0,0,0,N/A,UNAVAILABLE
1786654356132,Forge,CAPTURE_OFF,2,World Flythrough,114.14,8.76,9.51,N/A,5919.36,N/A,0,0,0,0,N/A,UNAVAILABLE
1786654356141,Forge,CAPTURE_OFF,2,World Flythrough,105.32,9.49,9.51,N/A,5919.36,N/A,0,0,0,0,N/A,UNAVAILABLE
1786654356148,Forge,CAPTURE_OFF,2,World Flythrough,165.41,6.05,9.51,N/A,5919.36,N/A,0,0,0,0,N/A,UNAVAILABLE
1786654356154,Forge,CAPTURE_OFF,2,World Flythrough,177.00,5.65,9.51,N/A,5919.36,N/A,0,0,0,0,N/A,UNAVAILABLE
1786654356169,Forge,CAPTURE_OFF,2,World Flythrough,65.57,15.25,9.51,N/A,5919.36,N/A,0,0,0,0,N/A,UNAVAILABLE
1786654356176,Forge,CAPTURE_OFF,2,World Flythrough,145.22,6.89,9.51,N/A,5919.36,N/A,0,0,0,0,N/A,UNAVAILABLE
1786654356184,Forge,CAPTURE_OFF,2,World Flythrough,137.28,7.28,9.51,N/A,5919.36,N/A,0,0,0,0,N/A,UNAVAILABLE
1786654356193,Forge,CAPTURE_OFF,2,World Flythrough,94.69,10.56,9.51,N/A,5919.36,N/A,0,0,0,0,N/A,UNAVAILABLE
1786654356200,Forge,CAPTURE_OFF,2,World Flythrough,140.60,7.11,9.51,N/A,5919.36,N/A,0,0,0,0,N/A,UNAVAILABLE
1786654356216,Forge,CAPTURE_OFF,2,World Flythrough,65.31,15.31,9.51,N/A,5919.36,N/A,0,0,0,0,N/A,UNAVAILABLE
1786654356226,Forge,CAPTURE_OFF,2,World Flythrough,98.75,10.13,9.51,N/A,5919.36,N/A,0,0,0,0,N/A,UNAVAILABLE
1786654356233,Forge,CAPTURE_OFF,2,World Flythrough,151.95,6.58,9.51,N/A,5919.36,N/A,0,0,0,0,N/A,UNAVAILABLE
1786654356240,Forge,CAPTURE_OFF,2,World Flythrough,150.67,6.64,9.51,N/A,5919.36,N/A,0,0,0,0,N/A,UNAVAILABLE
1786654356246,Forge,CAPTURE_OFF,2,World Flythrough,151.53,6.60,9.51,N/A,5919.36,N/A,0,0,0,0,N/A,UNAVAILABLE
1786654356251,Forge,CAPTURE_OFF,2,World Flythrough,180.25,5.55,9.51,N/A,5919.36,N/A,0,0,0,0,N/A,UNAVAILABLE
1786654356262,Forge,CAPTURE_OFF,2,World Flythrough,91.69,10.91,9.51,N/A,5919.36,N/A,0,0,0,0,N/A,UNAVAILABLE
1786654356269,Forge,CAPTURE_OFF,2,World Flythrough,153.35,6.52,9.51,N/A,5919.36,N/A,0,0,0,0,N/A,UNAVAILABLE
1786654356278,Forge,CAPTURE_OFF,2,World Flythrough,117.25,8.53,9.51,N/A,5919.36,N/A,0,0,0,0,N/A,UNAVAILABLE
1786654356286,Forge,CAPTURE_OFF,2,World Flythrough,119.03,8.40,9.51,N/A,5919.36,N/A,0,0,0,0,N/A,UNAVAILABLE
1786654356293,Forge,CAPTURE_OFF,2,World Flythrough,143.76,6.96,9.51,N/A,5919.36,N/A,0,0,0,0,N/A,UNAVAILABLE
1786654356300,Forge,CAPTURE_OFF,2,World Flythrough,130.47,7.66,9.51,N/A,5919.36,N/A,0,0,0,0,N/A,UNAVAILABLE
1786654356315,Forge,CAPTURE_OFF,2,World Flythrough,71.59,13.97,9.51,N/A,5919.36,N/A,0,0,0,0,N/A,UNAVAILABLE
1786654356322,Forge,CAPTURE_OFF,2,World Flythrough,125.61,7.96,9.51,N/A,5919.36,N/A,0,0,0,0,N/A,UNAVAILABLE
1786654356330,Forge,CAPTURE_OFF,2,World Flythrough,120.59,8.29,9.51,N/A,5919.36,N/A,0,0,0,0,N/A,UNAVAILABLE
1786654356338,Forge,CAPTURE_OFF,2,World Flythrough,137.95,7.25,9.51,N/A,5919.36,N/A,0,0,0,0,N/A,UNAVAILABLE
1786654356347,Forge,CAPTURE_OFF,2,World Flythrough,117.30,8.53,9.51,N/A,5919.36,N/A,0,0,0,0,N/A,UNAVAILABLE
1786654356354,Forge,CAPTURE_OFF,2,World Flythrough,129.56,7.72,9.51,N/A,5919.36,N/A,0,0,0,0,N/A,UNAVAILABLE
1786654356365,Forge,CAPTURE_OFF,2,World Flythrough,91.89,10.88,9.51,N/A,5919.36,N/A,0,0,0,0,N/A,UNAVAILABLE
1786654356373,Forge,CAPTURE_OFF,2,World Flythrough,128.55,7.78,9.51,N/A,5919.36,N/A,0,0,0,0,N/A,UNAVAILABLE
1786654356382,Forge,CAPTURE_OFF,2,World Flythrough,114.33,8.75,9.51,N/A,5919.36,N/A,0,0,0,0,N/A,UNAVAILABLE
1786654356390,Forge,CAPTURE_OFF,2,World Flythrough,116.89,8.55,9.51,N/A,5919.36,N/A,0,0,0,0,N/A,UNAVAILABLE
1786654356396,Forge,CAPTURE_OFF,2,World Flythrough,145.12,6.89,9.51,N/A,5919.36,N/A,0,0,0,0,N/A,UNAVAILABLE
1786654356405,Forge,CAPTURE_OFF,2,World Flythrough,120.93,8.27,9.51,N/A,5919.36,N/A,0,0,0,0,N/A,UNAVAILABLE
1786654356421,Forge,CAPTURE_OFF,2,World Flythrough,67.55,14.80,9.51,N/A,5919.36,N/A,0,0,0,0,N/A,UNAVAILABLE
1786654356428,Forge,CAPTURE_OFF,2,World Flythrough,128.65,7.77,9.51,N/A,5919.36,N/A,0,0,0,0,N/A,UNAVAILABLE
1786654356437,Forge,CAPTURE_OFF,2,World Flythrough,112.80,8.87,9.51,N/A,5919.36,N/A,0,0,0,0,N/A,UNAVAILABLE
1786654356445,Forge,CAPTURE_OFF,2,World Flythrough,126.28,7.92,9.51,N/A,5919.36,N/A,0,0,0,0,N/A,UNAVAILABLE
1786654356451,Forge,CAPTURE_OFF,2,World Flythrough,160.33,6.24,9.51,N/A,5919.36,N/A,0,0,0,0,N/A,UNAVAILABLE
1786654356464,Forge,CAPTURE_OFF,2,World Flythrough,76.99,12.99,9.51,N/A,5919.36,N/A,0,0,0,0,N/A,UNAVAILABLE
1786654356474,Forge,CAPTURE_OFF,2,World Flythrough,97.52,10.25,9.51,N/A,5919.36,N/A,0,0,0,0,N/A,UNAVAILABLE
1786654356481,Forge,CAPTURE_OFF,2,World Flythrough,155.91,6.41,9.51,N/A,5919.36,N/A,0,0,0,0,N/A,UNAVAILABLE
1786654356489,Forge,CAPTURE_OFF,2,World Flythrough,123.59,8.09,9.51,N/A,5919.36,N/A,0,0,0,0,N/A,UNAVAILABLE
1786654356495,Forge,CAPTURE_OFF,2,World Flythrough,152.94,6.54,9.51,N/A,5919.36,N/A,0,0,0,0,N/A,UNAVAILABLE
1786654356503,Forge,CAPTURE_OFF,2,World Flythrough,123.72,8.08,9.51,N/A,5919.36,N/A,0,0,0,0,N/A,UNAVAILABLE
1786654356515,Forge,CAPTURE_OFF,2,World Flythrough,84.66,11.81,9.51,N/A,5919.36,N/A,0,0,0,0,N/A,UNAVAILABLE
1786654356521,Forge,CAPTURE_OFF,2,World Flythrough,151.37,6.61,9.51,N/A,5919.36,N/A,0,0,0,0,N/A,UNAVAILABLE
1786654356532,Forge,CAPTURE_OFF,2,World Flythrough,103.93,9.62,9.51,N/A,5919.36,N/A,0,0,0,0,N/A,UNAVAILABLE
1786654356539,Forge,CAPTURE_OFF,2,World Flythrough,140.90,7.10,9.51,N/A,5919.36,N/A,0,0,0,0,N/A,UNAVAILABLE
1786654356546,Forge,CAPTURE_OFF,2,World Flythrough,120.46,8.30,9.51,N/A,5919.36,N/A,0,0,0,0,N/A,UNAVAILABLE
1786654356556,Forge,CAPTURE_OFF,2,World Flythrough,117.13,8.54,9.51,N/A,5919.36,N/A,0,0,0,0,N/A,UNAVAILABLE
1786654356569,Forge,CAPTURE_OFF,2,World Flythrough,72.56,13.78,9.51,N/A,5919.36,N/A,0,0,0,0,N/A,UNAVAILABLE
1786654356577,Forge,CAPTURE_OFF,2,World Flythrough,138.19,7.24,9.51,N/A,5919.36,N/A,0,0,0,0,N/A,UNAVAILABLE
1786654356582,Forge,CAPTURE_OFF,2,World Flythrough,178.25,5.61,9.51,N/A,5919.36,N/A,0,0,0,0,N/A,UNAVAILABLE
1786654356588,Forge,CAPTURE_OFF,2,World Flythrough,174.61,5.73,9.51,N/A,5919.36,N/A,0,0,0,0,N/A,UNAVAILABLE
1786654356596,Forge,CAPTURE_OFF,2,World Flythrough,111.55,8.96,9.51,N/A,5919.36,N/A,0,0,0,0,N/A,UNAVAILABLE
1786654356605,Forge,CAPTURE_OFF,2,World Flythrough,122.34,8.17,9.51,N/A,5919.36,N/A,0,0,0,0,N/A,UNAVAILABLE
1786654356618,Forge,CAPTURE_OFF,2,World Flythrough,76.86,13.01,9.51,N/A,5919.36,N/A,0,0,0,0,N/A,UNAVAILABLE
1786654356624,Forge,CAPTURE_OFF,2,World Flythrough,174.85,5.72,9.51,N/A,5919.36,N/A,0,0,0,0,N/A,UNAVAILABLE
1786654356632,Forge,CAPTURE_OFF,2,World Flythrough,127.87,7.82,9.51,N/A,5919.36,N/A,0,0,0,0,N/A,UNAVAILABLE
1786654356638,Forge,CAPTURE_OFF,2,World Flythrough,158.54,6.31,9.51,N/A,5919.36,N/A,0,0,0,0,N/A,UNAVAILABLE
1786654356643,Forge,CAPTURE_OFF,2,World Flythrough,172.70,5.79,9.51,N/A,5919.36,N/A,0,0,0,0,N/A,UNAVAILABLE
1786654356650,Forge,CAPTURE_OFF,2,World Flythrough,150.43,6.65,9.51,N/A,5919.36,N/A,0,0,0,0,N/A,UNAVAILABLE
1786654356665,Forge,CAPTURE_OFF,2,World Flythrough,67.24,14.87,9.51,N/A,5919.36,N/A,0,0,0,0,N/A,UNAVAILABLE
1786654356670,Forge,CAPTURE_OFF,2,World Flythrough,169.92,5.89,9.51,N/A,5919.36,N/A,0,0,0,0,N/A,UNAVAILABLE
1786654356680,Forge,CAPTURE_OFF,2,World Flythrough,115.37,8.67,9.51,N/A,5919.36,N/A,0,0,0,0,N/A,UNAVAILABLE
1786654356686,Forge,CAPTURE_OFF,2,World Flythrough,169.64,5.89,9.51,N/A,5919.36,N/A,0,0,0,0,N/A,UNAVAILABLE
1786654356692,Forge,CAPTURE_OFF,2,World Flythrough,159.71,6.26,9.51,N/A,5919.36,N/A,0,0,0,0,N/A,UNAVAILABLE
1786654356700,Forge,CAPTURE_OFF,2,World Flythrough,113.30,8.83,9.51,N/A,5919.36,N/A,0,0,0,0,N/A,UNAVAILABLE
1786654356714,Forge,CAPTURE_OFF,2,World Flythrough,74.01,13.51,9.51,N/A,5919.36,N/A,0,0,0,0,N/A,UNAVAILABLE
1786654356723,Forge,CAPTURE_OFF,2,World Flythrough,109.23,9.15,9.51,N/A,5919.36,N/A,0,0,0,0,N/A,UNAVAILABLE
1786654356730,Forge,CAPTURE_OFF,2,World Flythrough,159.68,6.26,9.51,N/A,5919.36,N/A,0,0,0,0,N/A,UNAVAILABLE
1786654356738,Forge,CAPTURE_OFF,2,World Flythrough,109.54,9.13,9.51,N/A,5919.36,N/A,0,0,0,0,N/A,UNAVAILABLE
1786654356746,Forge,CAPTURE_OFF,2,World Flythrough,136.31,7.34,9.51,N/A,5919.36,N/A,0,0,0,0,N/A,UNAVAILABLE
1786654356752,Forge,CAPTURE_OFF,2,World Flythrough,163.51,6.12,9.51,N/A,5919.36,N/A,0,0,0,0,N/A,UNAVAILABLE
1786654356769,Forge,CAPTURE_OFF,2,World Flythrough,59.46,16.82,9.51,N/A,5919.36,N/A,0,0,0,0,N/A,UNAVAILABLE
1786654356775,Forge,CAPTURE_OFF,2,World Flythrough,142.06,7.04,9.51,N/A,5919.36,N/A,0,0,0,0,N/A,UNAVAILABLE
1786654356783,Forge,CAPTURE_OFF,2,World Flythrough,137.96,7.25,9.51,N/A,5919.36,N/A,0,0,0,0,N/A,UNAVAILABLE
1786654356789,Forge,CAPTURE_OFF,2,World Flythrough,187.47,5.33,9.51,N/A,5919.36,N/A,0,0,0,0,N/A,UNAVAILABLE
1786654356795,Forge,CAPTURE_OFF,2,World Flythrough,160.12,6.25,9.51,N/A,5919.36,N/A,0,0,0,0,N/A,UNAVAILABLE
1786654356803,Forge,CAPTURE_OFF,2,World Flythrough,126.07,7.93,9.51,N/A,5919.36,N/A,0,0,0,0,N/A,UNAVAILABLE
1786654356816,Forge,CAPTURE_OFF,2,World Flythrough,69.28,14.43,9.51,N/A,5919.36,N/A,0,0,0,0,N/A,UNAVAILABLE
1786654356825,Forge,CAPTURE_OFF,2,World Flythrough,120.31,8.31,9.51,N/A,5919.36,N/A,0,0,0,0,N/A,UNAVAILABLE
1786654356832,Forge,CAPTURE_OFF,2,World Flythrough,138.60,7.21,9.51,N/A,5919.36,N/A,0,0,0,0,N/A,UNAVAILABLE
1786654356839,Forge,CAPTURE_OFF,2,World Flythrough,171.84,5.82,9.51,N/A,5919.36,N/A,0,0,0,0,N/A,UNAVAILABLE
1786654356848,Forge,CAPTURE_OFF,2,World Flythrough,106.11,9.42,9.51,N/A,5919.36,N/A,0,0,0,0,N/A,UNAVAILABLE
1786654356854,Forge,CAPTURE_OFF,2,World Flythrough,164.89,6.06,9.51,N/A,5919.36,N/A,0,0,0,0,N/A,UNAVAILABLE
1786654356866,Forge,CAPTURE_OFF,2,World Flythrough,86.77,11.53,9.51,N/A,5919.36,N/A,0,0,0,0,N/A,UNAVAILABLE
1786654356914,Forge,CAPTURE_OFF,2,World Flythrough,110.30,9.07,9.02,N/A,5339.15,N/A,0,0,0,0,N/A,UNAVAILABLE
1786654356928,Forge,CAPTURE_OFF,2,World Flythrough,18.68,53.53,9.02,N/A,5339.15,N/A,0,0,0,0,N/A,UNAVAILABLE
1786654356936,Forge,CAPTURE_OFF,2,World Flythrough,120.35,8.31,9.02,N/A,5339.15,N/A,0,0,0,0,N/A,UNAVAILABLE
1786654356944,Forge,CAPTURE_OFF,2,World Flythrough,131.53,7.60,9.02,N/A,5339.15,N/A,0,0,0,0,N/A,UNAVAILABLE
1786654356951,Forge,CAPTURE_OFF,2,World Flythrough,145.12,6.89,9.02,N/A,5339.15,N/A,0,0,0,0,N/A,UNAVAILABLE
1786654356968,Forge,CAPTURE_OFF,2,World Flythrough,60.00,16.67,9.02,N/A,5339.15,N/A,0,0,0,0,N/A,UNAVAILABLE
1786654356974,Forge,CAPTURE_OFF,2,World Flythrough,153.80,6.50,9.02,N/A,5339.15,N/A,0,0,0,0,N/A,UNAVAILABLE
1786654356981,Forge,CAPTURE_OFF,2,World Flythrough,147.84,6.76,9.02,N/A,5339.15,N/A,0,0,0,0,N/A,UNAVAILABLE
1786654356991,Forge,CAPTURE_OFF,2,World Flythrough,97.97,10.21,9.02,N/A,5339.15,N/A,0,0,0,0,N/A,UNAVAILABLE
1786654356997,Forge,CAPTURE_OFF,2,World Flythrough,164.58,6.08,9.02,N/A,5339.15,N/A,0,0,0,0,N/A,UNAVAILABLE
1786654357005,Forge,CAPTURE_OFF,2,World Flythrough,126.84,7.88,9.02,N/A,5339.15,N/A,0,0,0,0,N/A,UNAVAILABLE
1786654357021,Forge,CAPTURE_OFF,2,World Flythrough,60.95,16.41,9.02,N/A,5339.15,N/A,0,0,0,0,N/A,UNAVAILABLE
1786654357031,Forge,CAPTURE_OFF,2,World Flythrough,104.44,9.58,9.02,N/A,5339.15,N/A,0,0,0,0,N/A,UNAVAILABLE
1786654357040,Forge,CAPTURE_OFF,2,World Flythrough,108.44,9.22,9.02,N/A,5339.15,N/A,0,0,0,0,N/A,UNAVAILABLE
1786654357048,Forge,CAPTURE_OFF,2,World Flythrough,122.78,8.14,9.02,N/A,5339.15,N/A,0,0,0,0,N/A,UNAVAILABLE
1786654357063,Forge,CAPTURE_OFF,2,World Flythrough,67.54,14.81,9.02,N/A,5339.15,N/A,0,0,0,0,N/A,UNAVAILABLE
1786654357070,Forge,CAPTURE_OFF,2,World Flythrough,142.97,6.99,9.02,N/A,5339.15,N/A,0,0,0,0,N/A,UNAVAILABLE
1786654357078,Forge,CAPTURE_OFF,2,World Flythrough,126.67,7.89,9.02,N/A,5339.15,N/A,0,0,0,0,N/A,UNAVAILABLE
1786654357086,Forge,CAPTURE_OFF,2,World Flythrough,118.83,8.42,9.02,N/A,5339.15,N/A,0,0,0,0,N/A,UNAVAILABLE
1786654357095,Forge,CAPTURE_OFF,2,World Flythrough,121.50,8.23,9.02,N/A,5339.15,N/A,0,0,0,0,N/A,UNAVAILABLE
1786654357103,Forge,CAPTURE_OFF,2,World Flythrough,121.95,8.20,9.02,N/A,5339.15,N/A,0,0,0,0,N/A,UNAVAILABLE
1786654357115,Forge,CAPTURE_OFF,2,World Flythrough,80.77,12.38,9.02,N/A,5339.15,N/A,0,0,0,0,N/A,UNAVAILABLE
1786654357124,Forge,CAPTURE_OFF,2,World Flythrough,114.33,8.75,9.02,N/A,5339.15,N/A,0,0,0,0,N/A,UNAVAILABLE
1786654357131,Forge,CAPTURE_OFF,2,World Flythrough,143.98,6.95,9.02,N/A,5339.15,N/A,0,0,0,0,N/A,UNAVAILABLE
1786654357138,Forge,CAPTURE_OFF,2,World Flythrough,141.47,7.07,9.02,N/A,5339.15,N/A,0,0,0,0,N/A,UNAVAILABLE
1786654357149,Forge,CAPTURE_OFF,2,World Flythrough,96.57,10.36,9.02,N/A,5339.15,N/A,0,0,0,0,N/A,UNAVAILABLE
1786654357155,Forge,CAPTURE_OFF,2,World Flythrough,148.06,6.75,9.02,N/A,5339.15,N/A,0,0,0,0,N/A,UNAVAILABLE
1786654357168,Forge,CAPTURE_OFF,2,World Flythrough,73.39,13.63,9.02,N/A,5339.15,N/A,0,0,0,0,N/A,UNAVAILABLE
1786654357176,Forge,CAPTURE_OFF,2,World Flythrough,127.55,7.84,9.02,N/A,5339.15,N/A,0,0,0,0,N/A,UNAVAILABLE
1786654357185,Forge,CAPTURE_OFF,2,World Flythrough,115.42,8.66,9.02,N/A,5339.15,N/A,0,0,0,0,N/A,UNAVAILABLE
1786654357192,Forge,CAPTURE_OFF,2,World Flythrough,146.06,6.85,9.02,N/A,5339.15,N/A,0,0,0,0,N/A,UNAVAILABLE
1786654357199,Forge,CAPTURE_OFF,2,World Flythrough,137.50,7.27,9.02,N/A,5339.15,N/A,0,0,0,0,N/A,UNAVAILABLE
1786654357211,Forge,CAPTURE_OFF,2,World Flythrough,85.97,11.63,9.02,N/A,5339.15,N/A,0,0,0,0,N/A,UNAVAILABLE
1786654357217,Forge,CAPTURE_OFF,2,World Flythrough,175.98,5.68,9.02,N/A,5339.15,N/A,0,0,0,0,N/A,UNAVAILABLE
1786654357223,Forge,CAPTURE_OFF,2,World Flythrough,158.88,6.29,9.02,N/A,5339.15,N/A,0,0,0,0,N/A,UNAVAILABLE
1786654357229,Forge,CAPTURE_OFF,2,World Flythrough,167.71,5.96,9.02,N/A,5339.15,N/A,0,0,0,0,N/A,UNAVAILABLE
1786654357235,Forge,CAPTURE_OFF,2,World Flythrough,162.25,6.16,9.02,N/A,5339.15,N/A,0,0,0,0,N/A,UNAVAILABLE
1786654357241,Forge,CAPTURE_OFF,2,World Flythrough,172.82,5.79,9.02,N/A,5339.15,N/A,0,0,0,0,N/A,UNAVAILABLE
1786654357246,Forge,CAPTURE_OFF,2,World Flythrough,176.37,5.67,9.02,N/A,5339.15,N/A,0,0,0,0,N/A,UNAVAILABLE
1786654357252,Forge,CAPTURE_OFF,2,World Flythrough,187.21,5.34,9.02,N/A,5339.15,N/A,0,0,0,0,N/A,UNAVAILABLE
1786654357261,Forge,CAPTURE_OFF,2,World Flythrough,108.13,9.25,9.02,N/A,5339.15,N/A,0,0,0,0,N/A,UNAVAILABLE
1786654357267,Forge,CAPTURE_OFF,2,World Flythrough,178.18,5.61,9.02,N/A,5339.15,N/A,0,0,0,0,N/A,UNAVAILABLE
1786654357273,Forge,CAPTURE_OFF,2,World Flythrough,150.92,6.63,9.02,N/A,5339.15,N/A,0,0,0,0,N/A,UNAVAILABLE
1786654357281,Forge,CAPTURE_OFF,2,World Flythrough,134.54,7.43,9.02,N/A,5339.15,N/A,0,0,0,0,N/A,UNAVAILABLE
1786654357287,Forge,CAPTURE_OFF,2,World Flythrough,162.22,6.16,9.02,N/A,5339.15,N/A,0,0,0,0,N/A,UNAVAILABLE
1786654357293,Forge,CAPTURE_OFF,2,World Flythrough,177.04,5.65,9.02,N/A,5339.15,N/A,0,0,0,0,N/A,UNAVAILABLE
1786654357298,Forge,CAPTURE_OFF,2,World Flythrough,191.98,5.21,9.02,N/A,5339.15,N/A,0,0,0,0,N/A,UNAVAILABLE
1786654357304,Forge,CAPTURE_OFF,2,World Flythrough,184.63,5.42,9.02,N/A,5339.15,N/A,0,0,0,0,N/A,UNAVAILABLE
1786654357315,Forge,CAPTURE_OFF,2,World Flythrough,84.48,11.84,9.02,N/A,5339.15,N/A,0,0,0,0,N/A,UNAVAILABLE
1786654357325,Forge,CAPTURE_OFF,2,World Flythrough,96.74,10.34,9.02,N/A,5339.15,N/A,0,0,0,0,N/A,UNAVAILABLE
1786654357335,Forge,CAPTURE_OFF,2,World Flythrough,107.72,9.28,9.02,N/A,5339.15,N/A,0,0,0,0,N/A,UNAVAILABLE
1786654357344,Forge,CAPTURE_OFF,2,World Flythrough,109.44,9.14,9.02,N/A,5339.15,N/A,0,0,0,0,N/A,UNAVAILABLE
1786654357354,Forge,CAPTURE_OFF,2,World Flythrough,103.43,9.67,9.02,N/A,5339.15,N/A,0,0,0,0,N/A,UNAVAILABLE
1786654357363,Forge,CAPTURE_OFF,2,World Flythrough,98.71,10.13,9.02,N/A,5339.15,N/A,0,0,0,0,N/A,UNAVAILABLE
1786654357371,Forge,CAPTURE_OFF,2,World Flythrough,128.34,7.79,9.02,N/A,5339.15,N/A,0,0,0,0,N/A,UNAVAILABLE
1786654357382,Forge,CAPTURE_OFF,2,World Flythrough,89.70,11.15,9.02,N/A,5339.15,N/A,0,0,0,0,N/A,UNAVAILABLE
1786654357391,Forge,CAPTURE_OFF,2,World Flythrough,120.03,8.33,9.02,N/A,5339.15,N/A,0,0,0,0,N/A,UNAVAILABLE
1786654357396,Forge,CAPTURE_OFF,2,World Flythrough,162.51,6.15,9.02,N/A,5339.15,N/A,0,0,0,0,N/A,UNAVAILABLE
1786654357407,Forge,CAPTURE_OFF,2,World Flythrough,103.32,9.68,9.02,N/A,5339.15,N/A,0,0,0,0,N/A,UNAVAILABLE
1786654357421,Forge,CAPTURE_OFF,2,World Flythrough,66.22,15.10,9.02,N/A,5339.15,N/A,0,0,0,0,N/A,UNAVAILABLE
1786654357429,Forge,CAPTURE_OFF,2,World Flythrough,131.77,7.59,9.02,N/A,5339.15,N/A,0,0,0,0,N/A,UNAVAILABLE
1786654357438,Forge,CAPTURE_OFF,2,World Flythrough,117.34,8.52,9.02,N/A,5339.15,N/A,0,0,0,0,N/A,UNAVAILABLE
1786654357446,Forge,CAPTURE_OFF,2,World Flythrough,122.69,8.15,9.02,N/A,5339.15,N/A,0,0,0,0,N/A,UNAVAILABLE
1786654357453,Forge,CAPTURE_OFF,2,World Flythrough,141.44,7.07,9.02,N/A,5339.15,N/A,0,0,0,0,N/A,UNAVAILABLE
1786654357468,Forge,CAPTURE_OFF,2,World Flythrough,70.98,14.09,9.02,N/A,5339.15,N/A,0,0,0,0,N/A,UNAVAILABLE
1786654357474,Forge,CAPTURE_OFF,2,World Flythrough,152.03,6.58,9.02,N/A,5339.15,N/A,0,0,0,0,N/A,UNAVAILABLE
1786654357479,Forge,CAPTURE_OFF,2,World Flythrough,184.55,5.42,9.02,N/A,5339.15,N/A,0,0,0,0,N/A,UNAVAILABLE
1786654357490,Forge,CAPTURE_OFF,2,World Flythrough,85.84,11.65,9.02,N/A,5339.15,N/A,0,0,0,0,N/A,UNAVAILABLE
1786654357499,Forge,CAPTURE_OFF,2,World Flythrough,125.94,7.94,9.02,N/A,5339.15,N/A,0,0,0,0,N/A,UNAVAILABLE
1786654357518,Forge,CAPTURE_OFF,2,World Flythrough,52.62,19.00,9.02,N/A,5339.15,N/A,0,0,0,0,N/A,UNAVAILABLE
1786654357527,Forge,CAPTURE_OFF,2,World Flythrough,107.05,9.34,9.02,N/A,5339.15,N/A,0,0,0,0,N/A,UNAVAILABLE
1786654357535,Forge,CAPTURE_OFF,2,World Flythrough,128.85,7.76,9.02,N/A,5339.15,N/A,0,0,0,0,N/A,UNAVAILABLE
1786654357542,Forge,CAPTURE_OFF,2,World Flythrough,137.97,7.25,9.02,N/A,5339.15,N/A,0,0,0,0,N/A,UNAVAILABLE
1786654357555,Forge,CAPTURE_OFF,2,World Flythrough,78.81,12.69,9.02,N/A,5339.15,N/A,0,0,0,0,N/A,UNAVAILABLE
1786654357566,Forge,CAPTURE_OFF,2,World Flythrough,88.69,11.28,9.02,N/A,5339.15,N/A,0,0,0,0,N/A,UNAVAILABLE
1786654357575,Forge,CAPTURE_OFF,2,World Flythrough,107.48,9.30,9.02,N/A,5339.15,N/A,0,0,0,0,N/A,UNAVAILABLE
1786654357588,Forge,CAPTURE_OFF,2,World Flythrough,81.69,12.24,9.02,N/A,5339.15,N/A,0,0,0,0,N/A,UNAVAILABLE
1786654357597,Forge,CAPTURE_OFF,2,World Flythrough,106.18,9.42,9.02,N/A,5339.15,N/A,0,0,0,0,N/A,UNAVAILABLE
1786654357607,Forge,CAPTURE_OFF,2,World Flythrough,100.88,9.91,9.02,N/A,5339.15,N/A,0,0,0,0,N/A,UNAVAILABLE
1786654357618,Forge,CAPTURE_OFF,2,World Flythrough,91.56,10.92,9.02,N/A,5339.15,N/A,0,0,0,0,N/A,UNAVAILABLE
1786654357623,Forge,CAPTURE_OFF,2,World Flythrough,174.73,5.72,9.02,N/A,5339.15,N/A,0,0,0,0,N/A,UNAVAILABLE
1786654357633,Forge,CAPTURE_OFF,2,World Flythrough,108.61,9.21,9.02,N/A,5339.15,N/A,0,0,0,0,N/A,UNAVAILABLE
1786654357642,Forge,CAPTURE_OFF,2,World Flythrough,107.40,9.31,9.02,N/A,5339.15,N/A,0,0,0,0,N/A,UNAVAILABLE
1786654357648,Forge,CAPTURE_OFF,2,World Flythrough,162.22,6.16,9.02,N/A,5339.15,N/A,0,0,0,0,N/A,UNAVAILABLE
1786654357656,Forge,CAPTURE_OFF,2,World Flythrough,127.24,7.86,9.02,N/A,5339.15,N/A,0,0,0,0,N/A,UNAVAILABLE
1786654357668,Forge,CAPTURE_OFF,2,World Flythrough,84.84,11.79,9.02,N/A,5339.15,N/A,0,0,0,0,N/A,UNAVAILABLE
1786654357675,Forge,CAPTURE_OFF,2,World Flythrough,140.17,7.13,9.02,N/A,5339.15,N/A,0,0,0,0,N/A,UNAVAILABLE
1786654357681,Forge,CAPTURE_OFF,2,World Flythrough,152.65,6.55,9.02,N/A,5339.15,N/A,0,0,0,0,N/A,UNAVAILABLE
1786654357688,Forge,CAPTURE_OFF,2,World Flythrough,172.71,5.79,9.02,N/A,5339.15,N/A,0,0,0,0,N/A,UNAVAILABLE
1786654357696,Forge,CAPTURE_OFF,2,World Flythrough,107.05,9.34,9.02,N/A,5339.15,N/A,0,0,0,0,N/A,UNAVAILABLE
1786654357705,Forge,CAPTURE_OFF,2,World Flythrough,124.09,8.06,9.02,N/A,5339.15,N/A,0,0,0,0,N/A,UNAVAILABLE
1786654357722,Forge,CAPTURE_OFF,2,World Flythrough,59.75,16.74,9.02,N/A,5339.15,N/A,0,0,0,0,N/A,UNAVAILABLE
1786654357728,Forge,CAPTURE_OFF,2,World Flythrough,150.17,6.66,9.02,N/A,5339.15,N/A,0,0,0,0,N/A,UNAVAILABLE
1786654357736,Forge,CAPTURE_OFF,2,World Flythrough,112.61,8.88,9.02,N/A,5339.15,N/A,0,0,0,0,N/A,UNAVAILABLE
1786654357745,Forge,CAPTURE_OFF,2,World Flythrough,114.10,8.76,9.02,N/A,5339.15,N/A,0,0,0,0,N/A,UNAVAILABLE
1786654357754,Forge,CAPTURE_OFF,2,World Flythrough,122.67,8.15,9.02,N/A,5339.15,N/A,0,0,0,0,N/A,UNAVAILABLE
1786654357771,Forge,CAPTURE_OFF,2,World Flythrough,56.82,17.60,9.02,N/A,5339.15,N/A,0,0,0,0,N/A,UNAVAILABLE
1786654357781,Forge,CAPTURE_OFF,2,World Flythrough,113.91,8.78,9.02,N/A,5339.15,N/A,0,0,0,0,N/A,UNAVAILABLE
1786654357786,Forge,CAPTURE_OFF,2,World Flythrough,180.98,5.53,9.02,N/A,5339.15,N/A,0,0,0,0,N/A,UNAVAILABLE
1786654357796,Forge,CAPTURE_OFF,2,World Flythrough,102.67,9.74,9.02,N/A,5339.15,N/A,0,0,0,0,N/A,UNAVAILABLE
1786654357804,Forge,CAPTURE_OFF,2,World Flythrough,122.04,8.19,9.02,N/A,5339.15,N/A,0,0,0,0,N/A,UNAVAILABLE
1786654357820,Forge,CAPTURE_OFF,2,World Flythrough,63.34,15.79,9.02,N/A,5339.15,N/A,0,0,0,0,N/A,UNAVAILABLE
1786654357827,Forge,CAPTURE_OFF,2,World Flythrough,136.14,7.35,9.02,N/A,5339.15,N/A,0,0,0,0,N/A,UNAVAILABLE
1786654357836,Forge,CAPTURE_OFF,2,World Flythrough,114.78,8.71,9.02,N/A,5339.15,N/A,0,0,0,0,N/A,UNAVAILABLE
1786654357844,Forge,CAPTURE_OFF,2,World Flythrough,110.50,9.05,9.02,N/A,5339.15,N/A,0,0,0,0,N/A,UNAVAILABLE
1786654357854,Forge,CAPTURE_OFF,2,World Flythrough,105.87,9.45,9.02,N/A,5339.15,N/A,0,0,0,0,N/A,UNAVAILABLE
1786654357871,Forge,CAPTURE_OFF,2,World Flythrough,62.52,16.00,9.02,N/A,5339.15,N/A,0,0,0,0,N/A,UNAVAILABLE
1786654357916,Forge,CAPTURE_OFF,2,World Flythrough,148.59,6.73,14.60,N/A,5477.16,N/A,0,0,0,0,N/A,UNAVAILABLE
1786654357934,Forge,CAPTURE_OFF,2,World Flythrough,17.43,57.39,14.60,N/A,5477.16,N/A,0,0,0,0,N/A,UNAVAILABLE
1786654357944,Forge,CAPTURE_OFF,2,World Flythrough,101.01,9.90,14.60,N/A,5477.16,N/A,0,0,0,0,N/A,UNAVAILABLE
1786654357955,Forge,CAPTURE_OFF,2,World Flythrough,101.30,9.87,14.60,N/A,5477.16,N/A,0,0,0,0,N/A,UNAVAILABLE
1786654357965,Forge,CAPTURE_OFF,2,World Flythrough,89.67,11.15,14.60,N/A,5477.16,N/A,0,0,0,0,N/A,UNAVAILABLE
1786654357975,Forge,CAPTURE_OFF,2,World Flythrough,109.73,9.11,14.60,N/A,5477.16,N/A,0,0,0,0,N/A,UNAVAILABLE
1786654357983,Forge,CAPTURE_OFF,2,World Flythrough,110.72,9.03,14.60,N/A,5477.16,N/A,0,0,0,0,N/A,UNAVAILABLE
1786654357991,Forge,CAPTURE_OFF,2,World Flythrough,133.83,7.47,14.60,N/A,5477.16,N/A,0,0,0,0,N/A,UNAVAILABLE
1786654357998,Forge,CAPTURE_OFF,2,World Flythrough,141.93,7.05,14.60,N/A,5477.16,N/A,0,0,0,0,N/A,UNAVAILABLE
1786654358004,Forge,CAPTURE_OFF,2,World Flythrough,153.23,6.53,14.60,N/A,5477.16,N/A,0,0,0,0,N/A,UNAVAILABLE
1786654358015,Forge,CAPTURE_OFF,2,World Flythrough,97.53,10.25,14.60,N/A,5477.16,N/A,0,0,0,0,N/A,UNAVAILABLE
1786654358023,Forge,CAPTURE_OFF,2,World Flythrough,108.97,9.18,14.60,N/A,5477.16,N/A,0,0,0,0,N/A,UNAVAILABLE
1786654358031,Forge,CAPTURE_OFF,2,World Flythrough,142.21,7.03,14.60,N/A,5477.16,N/A,0,0,0,0,N/A,UNAVAILABLE
1786654358039,Forge,CAPTURE_OFF,2,World Flythrough,122.33,8.17,14.60,N/A,5477.16,N/A,0,0,0,0,N/A,UNAVAILABLE
1786654358046,Forge,CAPTURE_OFF,2,World Flythrough,123.86,8.07,14.60,N/A,5477.16,N/A,0,0,0,0,N/A,UNAVAILABLE
1786654358054,Forge,CAPTURE_OFF,2,World Flythrough,140.44,7.12,14.60,N/A,5477.16,N/A,0,0,0,0,N/A,UNAVAILABLE
1786654358068,Forge,CAPTURE_OFF,2,World Flythrough,76.42,13.09,14.60,N/A,5477.16,N/A,0,0,0,0,N/A,UNAVAILABLE
1786654358074,Forge,CAPTURE_OFF,2,World Flythrough,143.33,6.98,14.60,N/A,5477.16,N/A,0,0,0,0,N/A,UNAVAILABLE
1786654358081,Forge,CAPTURE_OFF,2,World Flythrough,148.65,6.73,14.60,N/A,5477.16,N/A,0,0,0,0,N/A,UNAVAILABLE
1786654358088,Forge,CAPTURE_OFF,2,World Flythrough,158.31,6.32,14.60,N/A,5477.16,N/A,0,0,0,0,N/A,UNAVAILABLE
1786654358093,Forge,CAPTURE_OFF,2,World Flythrough,167.18,5.98,14.60,N/A,5477.16,N/A,0,0,0,0,N/A,UNAVAILABLE
1786654358099,Forge,CAPTURE_OFF,2,World Flythrough,184.73,5.41,14.60,N/A,5477.16,N/A,0,0,0,0,N/A,UNAVAILABLE
1786654358105,Forge,CAPTURE_OFF,2,World Flythrough,164.92,6.06,14.60,N/A,5477.16,N/A,0,0,0,0,N/A,UNAVAILABLE
1786654358115,Forge,CAPTURE_OFF,2,World Flythrough,104.21,9.60,14.60,N/A,5477.16,N/A,0,0,0,0,N/A,UNAVAILABLE
1786654358119,Forge,CAPTURE_OFF,2,World Flythrough,187.57,5.33,14.60,N/A,5477.16,N/A,0,0,0,0,N/A,UNAVAILABLE
1786654358125,Forge,CAPTURE_OFF,2,World Flythrough,182.09,5.49,14.60,N/A,5477.16,N/A,0,0,0,0,N/A,UNAVAILABLE
1786654358132,Forge,CAPTURE_OFF,2,World Flythrough,153.77,6.50,14.60,N/A,5477.16,N/A,0,0,0,0,N/A,UNAVAILABLE
1786654358138,Forge,CAPTURE_OFF,2,World Flythrough,152.01,6.58,14.60,N/A,5477.16,N/A,0,0,0,0,N/A,UNAVAILABLE
1786654358143,Forge,CAPTURE_OFF,2,World Flythrough,181.67,5.50,14.60,N/A,5477.16,N/A,0,0,0,0,N/A,UNAVAILABLE
1786654358149,Forge,CAPTURE_OFF,2,World Flythrough,193.74,5.16,14.60,N/A,5477.16,N/A,0,0,0,0,N/A,UNAVAILABLE
1786654358154,Forge,CAPTURE_OFF,2,World Flythrough,208.53,4.80,14.60,N/A,5477.16,N/A,0,0,0,0,N/A,UNAVAILABLE
1786654358164,Forge,CAPTURE_OFF,2,World Flythrough,92.66,10.79,14.60,N/A,5477.16,N/A,0,0,0,0,N/A,UNAVAILABLE
1786654358170,Forge,CAPTURE_OFF,2,World Flythrough,173.28,5.77,14.60,N/A,5477.16,N/A,0,0,0,0,N/A,UNAVAILABLE
1786654358176,Forge,CAPTURE_OFF,2,World Flythrough,180.62,5.54,14.60,N/A,5477.16,N/A,0,0,0,0,N/A,UNAVAILABLE
1786654358181,Forge,CAPTURE_OFF,2,World Flythrough,166.39,6.01,14.60,N/A,5477.16,N/A,0,0,0,0,N/A,UNAVAILABLE
1786654358188,Forge,CAPTURE_OFF,2,World Flythrough,168.15,5.95,14.60,N/A,5477.16,N/A,0,0,0,0,N/A,UNAVAILABLE
1786654358196,Forge,CAPTURE_OFF,2,World Flythrough,124.09,8.06,14.60,N/A,5477.16,N/A,0,0,0,0,N/A,UNAVAILABLE
1786654358204,Forge,CAPTURE_OFF,2,World Flythrough,122.92,8.14,14.60,N/A,5477.16,N/A,0,0,0,0,N/A,UNAVAILABLE
1786654358222,Forge,CAPTURE_OFF,2,World Flythrough,56.89,17.58,14.60,N/A,5477.16,N/A,0,0,0,0,N/A,UNAVAILABLE
1786654358232,Forge,CAPTURE_OFF,2,World Flythrough,93.62,10.68,14.60,N/A,5477.16,N/A,0,0,0,0,N/A,UNAVAILABLE
1786654358241,Forge,CAPTURE_OFF,2,World Flythrough,115.38,8.67,14.60,N/A,5477.16,N/A,0,0,0,0,N/A,UNAVAILABLE
1786654358246,Forge,CAPTURE_OFF,2,World Flythrough,164.25,6.09,14.60,N/A,5477.16,N/A,0,0,0,0,N/A,UNAVAILABLE
1786654358253,Forge,CAPTURE_OFF,2,World Flythrough,183.24,5.46,14.60,N/A,5477.16,N/A,0,0,0,0,N/A,UNAVAILABLE
1786654358263,Forge,CAPTURE_OFF,2,World Flythrough,97.10,10.30,14.60,N/A,5477.16,N/A,0,0,0,0,N/A,UNAVAILABLE
1786654358270,Forge,CAPTURE_OFF,2,World Flythrough,157.70,6.34,14.60,N/A,5477.16,N/A,0,0,0,0,N/A,UNAVAILABLE
1786654358276,Forge,CAPTURE_OFF,2,World Flythrough,165.10,6.06,14.60,N/A,5477.16,N/A,0,0,0,0,N/A,UNAVAILABLE
1786654358285,Forge,CAPTURE_OFF,2,World Flythrough,101.85,9.82,14.60,N/A,5477.16,N/A,0,0,0,0,N/A,UNAVAILABLE
1786654358294,Forge,CAPTURE_OFF,2,World Flythrough,113.90,8.78,14.60,N/A,5477.16,N/A,0,0,0,0,N/A,UNAVAILABLE
1786654358302,Forge,CAPTURE_OFF,2,World Flythrough,133.36,7.50,14.60,N/A,5477.16,N/A,0,0,0,0,N/A,UNAVAILABLE
1786654358316,Forge,CAPTURE_OFF,2,World Flythrough,68.34,14.63,14.60,N/A,5477.16,N/A,0,0,0,0,N/A,UNAVAILABLE
1786654358404,Forge,CAPTURE_OFF,2,World Flythrough,11.33,88.27,14.60,N/A,5477.16,N/A,0,0,0,0,N/A,UNAVAILABLE
1786654358430,Forge,CAPTURE_OFF,2,World Flythrough,38.97,25.66,14.60,N/A,5477.16,N/A,0,0,0,0,N/A,UNAVAILABLE
1786654358461,Forge,CAPTURE_OFF,2,World Flythrough,32.78,30.51,14.60,N/A,5477.16,N/A,0,0,0,0,N/A,UNAVAILABLE
1786654358477,Forge,CAPTURE_OFF,2,World Flythrough,60.23,16.60,14.60,N/A,5477.16,N/A,0,0,0,0,N/A,UNAVAILABLE
1786654358486,Forge,CAPTURE_OFF,2,World Flythrough,122.35,8.17,14.60,N/A,5477.16,N/A,0,0,0,0,N/A,UNAVAILABLE
1786654358496,Forge,CAPTURE_OFF,2,World Flythrough,89.60,11.16,14.60,N/A,5477.16,N/A,0,0,0,0,N/A,UNAVAILABLE
1786654358503,Forge,CAPTURE_OFF,2,World Flythrough,135.71,7.37,14.60,N/A,5477.16,N/A,0,0,0,0,N/A,UNAVAILABLE
1786654358519,Forge,CAPTURE_OFF,2,World Flythrough,63.85,15.66,14.60,N/A,5477.16,N/A,0,0,0,0,N/A,UNAVAILABLE
1786654358530,Forge,CAPTURE_OFF,2,World Flythrough,93.26,10.72,14.60,N/A,5477.16,N/A,0,0,0,0,N/A,UNAVAILABLE
1786654358540,Forge,CAPTURE_OFF,2,World Flythrough,94.62,10.57,14.60,N/A,5477.16,N/A,0,0,0,0,N/A,UNAVAILABLE
1786654358549,Forge,CAPTURE_OFF,2,World Flythrough,119.28,8.38,14.60,N/A,5477.16,N/A,0,0,0,0,N/A,UNAVAILABLE
1786654358566,Forge,CAPTURE_OFF,2,World Flythrough,59.00,16.95,14.60,N/A,5477.16,N/A,0,0,0,0,N/A,UNAVAILABLE
1786654358575,Forge,CAPTURE_OFF,2,World Flythrough,113.80,8.79,14.60,N/A,5477.16,N/A,0,0,0,0,N/A,UNAVAILABLE
1786654358586,Forge,CAPTURE_OFF,2,World Flythrough,91.87,10.88,14.60,N/A,5477.16,N/A,0,0,0,0,N/A,UNAVAILABLE
1786654358595,Forge,CAPTURE_OFF,2,World Flythrough,106.27,9.41,14.60,N/A,5477.16,N/A,0,0,0,0,N/A,UNAVAILABLE
1786654358606,Forge,CAPTURE_OFF,2,World Flythrough,91.21,10.96,14.60,N/A,5477.16,N/A,0,0,0,0,N/A,UNAVAILABLE
1786654358621,Forge,CAPTURE_OFF,2,World Flythrough,64.17,15.58,14.60,N/A,5477.16,N/A,0,0,0,0,N/A,UNAVAILABLE
1786654358631,Forge,CAPTURE_OFF,2,World Flythrough,112.45,8.89,14.60,N/A,5477.16,N/A,0,0,0,0,N/A,UNAVAILABLE
1786654358638,Forge,CAPTURE_OFF,2,World Flythrough,138.49,7.22,14.60,N/A,5477.16,N/A,0,0,0,0,N/A,UNAVAILABLE
1786654358647,Forge,CAPTURE_OFF,2,World Flythrough,105.65,9.47,14.60,N/A,5477.16,N/A,0,0,0,0,N/A,UNAVAILABLE
1786654358654,Forge,CAPTURE_OFF,2,World Flythrough,151.43,6.60,14.60,N/A,5477.16,N/A,0,0,0,0,N/A,UNAVAILABLE
1786654358670,Forge,CAPTURE_OFF,2,World Flythrough,62.71,15.95,14.60,N/A,5477.16,N/A,0,0,0,0,N/A,UNAVAILABLE
1786654358683,Forge,CAPTURE_OFF,2,World Flythrough,79.71,12.55,14.60,N/A,5477.16,N/A,0,0,0,0,N/A,UNAVAILABLE
1786654358692,Forge,CAPTURE_OFF,2,World Flythrough,100.12,9.99,14.60,N/A,5477.16,N/A,0,0,0,0,N/A,UNAVAILABLE
1786654358703,Forge,CAPTURE_OFF,2,World Flythrough,94.43,10.59,14.60,N/A,5477.16,N/A,0,0,0,0,N/A,UNAVAILABLE
1786654358716,Forge,CAPTURE_OFF,2,World Flythrough,77.58,12.89,14.60,N/A,5477.16,N/A,0,0,0,0,N/A,UNAVAILABLE
1786654358726,Forge,CAPTURE_OFF,2,World Flythrough,101.50,9.85,14.60,N/A,5477.16,N/A,0,0,0,0,N/A,UNAVAILABLE
1786654358735,Forge,CAPTURE_OFF,2,World Flythrough,99.50,10.05,14.60,N/A,5477.16,N/A,0,0,0,0,N/A,UNAVAILABLE
1786654358746,Forge,CAPTURE_OFF,2,World Flythrough,99.83,10.02,14.60,N/A,5477.16,N/A,0,0,0,0,N/A,UNAVAILABLE
1786654358755,Forge,CAPTURE_OFF,2,World Flythrough,107.21,9.33,14.60,N/A,5477.16,N/A,0,0,0,0,N/A,UNAVAILABLE
1786654358768,Forge,CAPTURE_OFF,2,World Flythrough,77.43,12.91,14.60,N/A,5477.16,N/A,0,0,0,0,N/A,UNAVAILABLE
1786654358777,Forge,CAPTURE_OFF,2,World Flythrough,114.04,8.77,14.60,N/A,5477.16,N/A,0,0,0,0,N/A,UNAVAILABLE
1786654358785,Forge,CAPTURE_OFF,2,World Flythrough,123.72,8.08,14.60,N/A,5477.16,N/A,0,0,0,0,N/A,UNAVAILABLE
1786654358793,Forge,CAPTURE_OFF,2,World Flythrough,129.77,7.71,14.60,N/A,5477.16,N/A,0,0,0,0,N/A,UNAVAILABLE
1786654358800,Forge,CAPTURE_OFF,2,World Flythrough,122.56,8.16,14.60,N/A,5477.16,N/A,0,0,0,0,N/A,UNAVAILABLE
1786654358815,Forge,CAPTURE_OFF,2,World Flythrough,72.59,13.78,14.60,N/A,5477.16,N/A,0,0,0,0,N/A,UNAVAILABLE
1786654358822,Forge,CAPTURE_OFF,2,World Flythrough,139.20,7.18,14.60,N/A,5477.16,N/A,0,0,0,0,N/A,UNAVAILABLE
1786654358831,Forge,CAPTURE_OFF,2,World Flythrough,105.60,9.47,14.60,N/A,5477.16,N/A,0,0,0,0,N/A,UNAVAILABLE
1786654358840,Forge,CAPTURE_OFF,2,World Flythrough,109.31,9.15,14.60,N/A,5477.16,N/A,0,0,0,0,N/A,UNAVAILABLE
1786654358849,Forge,CAPTURE_OFF,2,World Flythrough,113.08,8.84,14.60,N/A,5477.16,N/A,0,0,0,0,N/A,UNAVAILABLE
1786654358864,Forge,CAPTURE_OFF,2,World Flythrough,64.65,15.47,14.60,N/A,5477.16,N/A,0,0,0,0,N/A,UNAVAILABLE
1786654358873,Forge,CAPTURE_OFF,2,World Flythrough,124.42,8.04,14.60,N/A,5477.16,N/A,0,0,0,0,N/A,UNAVAILABLE
1786654358917,Forge,CAPTURE_OFF,2,World Flythrough,102.95,9.71,16.92,N/A,5605.75,N/A,0,0,0,0,N/A,UNAVAILABLE
1786654358934,Forge,CAPTURE_OFF,2,World Flythrough,19.23,52.00,16.92,N/A,5605.75,N/A,0,0,0,0,N/A,UNAVAILABLE
1786654358950,Forge,CAPTURE_OFF,2,World Flythrough,65.06,15.37,16.92,N/A,5605.75,N/A,0,0,0,0,N/A,UNAVAILABLE
1786654358966,Forge,CAPTURE_OFF,2,World Flythrough,56.87,17.58,16.92,N/A,5605.75,N/A,0,0,0,0,N/A,UNAVAILABLE
1786654358976,Forge,CAPTURE_OFF,2,World Flythrough,121.97,8.20,16.92,N/A,5605.75,N/A,0,0,0,0,N/A,UNAVAILABLE
1786654358983,Forge,CAPTURE_OFF,2,World Flythrough,127.96,7.81,16.92,N/A,5605.75,N/A,0,0,0,0,N/A,UNAVAILABLE
1786654358994,Forge,CAPTURE_OFF,2,World Flythrough,94.62,10.57,16.92,N/A,5605.75,N/A,0,0,0,0,N/A,UNAVAILABLE
1786654359000,Forge,CAPTURE_OFF,2,World Flythrough,156.09,6.41,16.92,N/A,5605.75,N/A,0,0,0,0,N/A,UNAVAILABLE
1786654359016,Forge,CAPTURE_OFF,2,World Flythrough,61.86,16.17,16.92,N/A,5605.75,N/A,0,0,0,0,N/A,UNAVAILABLE
1786654359028,Forge,CAPTURE_OFF,2,World Flythrough,91.03,10.99,16.92,N/A,5605.75,N/A,0,0,0,0,N/A,UNAVAILABLE
1786654359039,Forge,CAPTURE_OFF,2,World Flythrough,84.20,11.88,16.92,N/A,5605.75,N/A,0,0,0,0,N/A,UNAVAILABLE
1786654359046,Forge,CAPTURE_OFF,2,World Flythrough,152.98,6.54,16.92,N/A,5605.75,N/A,0,0,0,0,N/A,UNAVAILABLE
1786654359052,Forge,CAPTURE_OFF,2,World Flythrough,143.55,6.97,16.92,N/A,5605.75,N/A,0,0,0,0,N/A,UNAVAILABLE
1786654359070,Forge,CAPTURE_OFF,2,World Flythrough,60.08,16.65,16.92,N/A,5605.75,N/A,0,0,0,0,N/A,UNAVAILABLE
1786654359080,Forge,CAPTURE_OFF,2,World Flythrough,91.40,10.94,16.92,N/A,5605.75,N/A,0,0,0,0,N/A,UNAVAILABLE
1786654359089,Forge,CAPTURE_OFF,2,World Flythrough,110.89,9.02,16.92,N/A,5605.75,N/A,0,0,0,0,N/A,UNAVAILABLE
1786654359098,Forge,CAPTURE_OFF,2,World Flythrough,123.29,8.11,16.92,N/A,5605.75,N/A,0,0,0,0,N/A,UNAVAILABLE
1786654359107,Forge,CAPTURE_OFF,2,World Flythrough,107.29,9.32,16.92,N/A,5605.75,N/A,0,0,0,0,N/A,UNAVAILABLE
1786654359120,Forge,CAPTURE_OFF,2,World Flythrough,77.71,12.87,16.92,N/A,5605.75,N/A,0,0,0,0,N/A,UNAVAILABLE
1786654359128,Forge,CAPTURE_OFF,2,World Flythrough,123.69,8.08,16.92,N/A,5605.75,N/A,0,0,0,0,N/A,UNAVAILABLE
1786654359134,Forge,CAPTURE_OFF,2,World Flythrough,162.82,6.14,16.92,N/A,5605.75,N/A,0,0,0,0,N/A,UNAVAILABLE
1786654359140,Forge,CAPTURE_OFF,2,World Flythrough,157.04,6.37,16.92,N/A,5605.75,N/A,0,0,0,0,N/A,UNAVAILABLE
1786654359148,Forge,CAPTURE_OFF,2,World Flythrough,135.46,7.38,16.92,N/A,5605.75,N/A,0,0,0,0,N/A,UNAVAILABLE
1786654359156,Forge,CAPTURE_OFF,2,World Flythrough,117.23,8.53,16.92,N/A,5605.75,N/A,0,0,0,0,N/A,UNAVAILABLE
1786654359169,Forge,CAPTURE_OFF,2,World Flythrough,81.62,12.25,16.92,N/A,5605.75,N/A,0,0,0,0,N/A,UNAVAILABLE
1786654359177,Forge,CAPTURE_OFF,2,World Flythrough,117.12,8.54,16.92,N/A,5605.75,N/A,0,0,0,0,N/A,UNAVAILABLE
1786654359185,Forge,CAPTURE_OFF,2,World Flythrough,127.56,7.84,16.92,N/A,5605.75,N/A,0,0,0,0,N/A,UNAVAILABLE
1786654359193,Forge,CAPTURE_OFF,2,World Flythrough,127.62,7.84,16.92,N/A,5605.75,N/A,0,0,0,0,N/A,UNAVAILABLE
1786654359199,Forge,CAPTURE_OFF,2,World Flythrough,156.26,6.40,16.92,N/A,5605.75,N/A,0,0,0,0,N/A,UNAVAILABLE
1786654359211,Forge,CAPTURE_OFF,2,World Flythrough,87.21,11.47,16.92,N/A,5605.75,N/A,0,0,0,0,N/A,UNAVAILABLE
1786654359218,Forge,CAPTURE_OFF,2,World Flythrough,131.15,7.62,16.92,N/A,5605.75,N/A,0,0,0,0,N/A,UNAVAILABLE
1786654359225,Forge,CAPTURE_OFF,2,World Flythrough,131.27,7.62,16.92,N/A,5605.75,N/A,0,0,0,0,N/A,UNAVAILABLE
1786654359233,Forge,CAPTURE_OFF,2,World Flythrough,139.95,7.15,16.92,N/A,5605.75,N/A,0,0,0,0,N/A,UNAVAILABLE
1786654359240,Forge,CAPTURE_OFF,2,World Flythrough,138.40,7.23,16.92,N/A,5605.75,N/A,0,0,0,0,N/A,UNAVAILABLE
1786654359248,Forge,CAPTURE_OFF,2,World Flythrough,125.36,7.98,16.92,N/A,5605.75,N/A,0,0,0,0,N/A,UNAVAILABLE
1786654359263,Forge,CAPTURE_OFF,2,World Flythrough,68.73,14.55,16.92,N/A,5605.75,N/A,0,0,0,0,N/A,UNAVAILABLE
1786654359271,Forge,CAPTURE_OFF,2,World Flythrough,114.48,8.74,16.92,N/A,5605.75,N/A,0,0,0,0,N/A,UNAVAILABLE
1786654359281,Forge,CAPTURE_OFF,2,World Flythrough,105.70,9.46,16.92,N/A,5605.75,N/A,0,0,0,0,N/A,UNAVAILABLE
1786654359289,Forge,CAPTURE_OFF,2,World Flythrough,110.42,9.06,16.92,N/A,5605.75,N/A,0,0,0,0,N/A,UNAVAILABLE
1786654359296,Forge,CAPTURE_OFF,2,World Flythrough,133.96,7.46,16.92,N/A,5605.75,N/A,0,0,0,0,N/A,UNAVAILABLE
1786654359308,Forge,CAPTURE_OFF,2,World Flythrough,92.25,10.84,16.92,N/A,5605.75,N/A,0,0,0,0,N/A,UNAVAILABLE
1786654359326,Forge,CAPTURE_OFF,2,World Flythrough,55.96,17.87,16.92,N/A,5605.75,N/A,0,0,0,0,N/A,UNAVAILABLE
1786654359335,Forge,CAPTURE_OFF,2,World Flythrough,109.22,9.16,16.92,N/A,5605.75,N/A,0,0,0,0,N/A,UNAVAILABLE
1786654359347,Forge,CAPTURE_OFF,2,World Flythrough,85.95,11.63,16.92,N/A,5605.75,N/A,0,0,0,0,N/A,UNAVAILABLE
1786654359355,Forge,CAPTURE_OFF,2,World Flythrough,122.91,8.14,16.92,N/A,5605.75,N/A,0,0,0,0,N/A,UNAVAILABLE
1786654359368,Forge,CAPTURE_OFF,2,World Flythrough,75.16,13.31,16.92,N/A,5605.75,N/A,0,0,0,0,N/A,UNAVAILABLE
1786654359374,Forge,CAPTURE_OFF,2,World Flythrough,153.40,6.52,16.92,N/A,5605.75,N/A,0,0,0,0,N/A,UNAVAILABLE
1786654359383,Forge,CAPTURE_OFF,2,World Flythrough,113.23,8.83,16.92,N/A,5605.75,N/A,0,0,0,0,N/A,UNAVAILABLE
1786654359396,Forge,CAPTURE_OFF,2,World Flythrough,84.78,11.79,16.92,N/A,5605.75,N/A,0,0,0,0,N/A,UNAVAILABLE
1786654359408,Forge,CAPTURE_OFF,2,World Flythrough,79.67,12.55,16.92,N/A,5605.75,N/A,0,0,0,0,N/A,UNAVAILABLE
1786654359423,Forge,CAPTURE_OFF,2,World Flythrough,66.45,15.05,16.92,N/A,5605.75,N/A,0,0,0,0,N/A,UNAVAILABLE
1786654359433,Forge,CAPTURE_OFF,2,World Flythrough,95.32,10.49,16.92,N/A,5605.75,N/A,0,0,0,0,N/A,UNAVAILABLE
1786654359444,Forge,CAPTURE_OFF,2,World Flythrough,88.44,11.31,16.92,N/A,5605.75,N/A,0,0,0,0,N/A,UNAVAILABLE
1786654359453,Forge,CAPTURE_OFF,2,World Flythrough,117.69,8.50,16.92,N/A,5605.75,N/A,0,0,0,0,N/A,UNAVAILABLE
1786654359466,Forge,CAPTURE_OFF,2,World Flythrough,76.33,13.10,16.92,N/A,5605.75,N/A,0,0,0,0,N/A,UNAVAILABLE
1786654359475,Forge,CAPTURE_OFF,2,World Flythrough,109.21,9.16,16.92,N/A,5605.75,N/A,0,0,0,0,N/A,UNAVAILABLE
1786654359483,Forge,CAPTURE_OFF,2,World Flythrough,122.87,8.14,16.92,N/A,5605.75,N/A,0,0,0,0,N/A,UNAVAILABLE
1786654359494,Forge,CAPTURE_OFF,2,World Flythrough,102.84,9.72,16.92,N/A,5605.75,N/A,0,0,0,0,N/A,UNAVAILABLE
1786654359501,Forge,CAPTURE_OFF,2,World Flythrough,131.35,7.61,16.92,N/A,5605.75,N/A,0,0,0,0,N/A,UNAVAILABLE
1786654359512,Forge,CAPTURE_OFF,2,World Flythrough,90.31,11.07,16.92,N/A,5605.75,N/A,0,0,0,0,N/A,UNAVAILABLE
1786654359521,Forge,CAPTURE_OFF,2,World Flythrough,108.88,9.18,16.92,N/A,5605.75,N/A,0,0,0,0,N/A,UNAVAILABLE
1786654359529,Forge,CAPTURE_OFF,2,World Flythrough,125.06,8.00,16.92,N/A,5605.75,N/A,0,0,0,0,N/A,UNAVAILABLE
1786654359537,Forge,CAPTURE_OFF,2,World Flythrough,137.44,7.28,16.92,N/A,5605.75,N/A,0,0,0,0,N/A,UNAVAILABLE
1786654359546,Forge,CAPTURE_OFF,2,World Flythrough,111.88,8.94,16.92,N/A,5605.75,N/A,0,0,0,0,N/A,UNAVAILABLE
1786654359552,Forge,CAPTURE_OFF,2,World Flythrough,129.82,7.70,16.92,N/A,5605.75,N/A,0,0,0,0,N/A,UNAVAILABLE
1786654359566,Forge,CAPTURE_OFF,2,World Flythrough,79.23,12.62,16.92,N/A,5605.75,N/A,0,0,0,0,N/A,UNAVAILABLE
1786654359575,Forge,CAPTURE_OFF,2,World Flythrough,105.20,9.51,16.92,N/A,5605.75,N/A,0,0,0,0,N/A,UNAVAILABLE
1786654359584,Forge,CAPTURE_OFF,2,World Flythrough,113.97,8.77,16.92,N/A,5605.75,N/A,0,0,0,0,N/A,UNAVAILABLE
1786654359594,Forge,CAPTURE_OFF,2,World Flythrough,96.12,10.40,16.92,N/A,5605.75,N/A,0,0,0,0,N/A,UNAVAILABLE
1786654359602,Forge,CAPTURE_OFF,2,World Flythrough,141.77,7.05,16.92,N/A,5605.75,N/A,0,0,0,0,N/A,UNAVAILABLE
1786654359617,Forge,CAPTURE_OFF,2,World Flythrough,66.59,15.02,16.92,N/A,5605.75,N/A,0,0,0,0,N/A,UNAVAILABLE
1786654359626,Forge,CAPTURE_OFF,2,World Flythrough,103.05,9.70,16.92,N/A,5605.75,N/A,0,0,0,0,N/A,UNAVAILABLE
1786654359635,Forge,CAPTURE_OFF,2,World Flythrough,116.03,8.62,16.92,N/A,5605.75,N/A,0,0,0,0,N/A,UNAVAILABLE
1786654359646,Forge,CAPTURE_OFF,2,World Flythrough,90.82,11.01,16.92,N/A,5605.75,N/A,0,0,0,0,N/A,UNAVAILABLE
1786654359654,Forge,CAPTURE_OFF,2,World Flythrough,124.71,8.02,16.92,N/A,5605.75,N/A,0,0,0,0,N/A,UNAVAILABLE
1786654359670,Forge,CAPTURE_OFF,2,World Flythrough,61.94,16.15,16.92,N/A,5605.75,N/A,0,0,0,0,N/A,UNAVAILABLE
1786654359681,Forge,CAPTURE_OFF,2,World Flythrough,93.71,10.67,16.92,N/A,5605.75,N/A,0,0,0,0,N/A,UNAVAILABLE
1786654359692,Forge,CAPTURE_OFF,2,World Flythrough,93.63,10.68,16.92,N/A,5605.75,N/A,0,0,0,0,N/A,UNAVAILABLE
1786654359701,Forge,CAPTURE_OFF,2,World Flythrough,112.75,8.87,16.92,N/A,5605.75,N/A,0,0,0,0,N/A,UNAVAILABLE
1786654359714,Forge,CAPTURE_OFF,2,World Flythrough,72.81,13.73,16.92,N/A,5605.75,N/A,0,0,0,0,N/A,UNAVAILABLE
1786654359726,Forge,CAPTURE_OFF,2,World Flythrough,84.47,11.84,16.92,N/A,5605.75,N/A,0,0,0,0,N/A,UNAVAILABLE
1786654359735,Forge,CAPTURE_OFF,2,World Flythrough,108.27,9.24,16.92,N/A,5605.75,N/A,0,0,0,0,N/A,UNAVAILABLE
1786654359743,Forge,CAPTURE_OFF,2,World Flythrough,124.75,8.02,16.92,N/A,5605.75,N/A,0,0,0,0,N/A,UNAVAILABLE
1786654359752,Forge,CAPTURE_OFF,2,World Flythrough,106.90,9.35,16.92,N/A,5605.75,N/A,0,0,0,0,N/A,UNAVAILABLE
1786654359766,Forge,CAPTURE_OFF,2,World Flythrough,72.88,13.72,16.92,N/A,5605.75,N/A,0,0,0,0,N/A,UNAVAILABLE
1786654359774,Forge,CAPTURE_OFF,2,World Flythrough,128.65,7.77,16.92,N/A,5605.75,N/A,0,0,0,0,N/A,UNAVAILABLE
1786654359786,Forge,CAPTURE_OFF,2,World Flythrough,82.90,12.06,16.92,N/A,5605.75,N/A,0,0,0,0,N/A,UNAVAILABLE
1786654359798,Forge,CAPTURE_OFF,2,World Flythrough,87.50,11.43,16.92,N/A,5605.75,N/A,0,0,0,0,N/A,UNAVAILABLE
1786654359808,Forge,CAPTURE_OFF,2,World Flythrough,95.35,10.49,16.92,N/A,5605.75,N/A,0,0,0,0,N/A,UNAVAILABLE
1786654359826,Forge,CAPTURE_OFF,2,World Flythrough,54.54,18.33,16.92,N/A,5605.75,N/A,0,0,0,0,N/A,UNAVAILABLE
1786654359834,Forge,CAPTURE_OFF,2,World Flythrough,124.47,8.03,16.92,N/A,5605.75,N/A,0,0,0,0,N/A,UNAVAILABLE
1786654359843,Forge,CAPTURE_OFF,2,World Flythrough,107.61,9.29,16.92,N/A,5605.75,N/A,0,0,0,0,N/A,UNAVAILABLE
1786654359856,Forge,CAPTURE_OFF,2,World Flythrough,86.74,11.53,16.92,N/A,5605.75,N/A,0,0,0,0,N/A,UNAVAILABLE
1786654359872,Forge,CAPTURE_OFF,2,World Flythrough,59.63,16.77,16.92,N/A,5605.75,N/A,0,0,0,0,N/A,UNAVAILABLE
1786654359882,Forge,CAPTURE_OFF,2,World Flythrough,97.34,10.27,16.92,N/A,5605.75,N/A,0,0,0,0,N/A,UNAVAILABLE
1786654359939,Forge,CAPTURE_OFF,2,World Flythrough,77.69,12.87,12.98,N/A,5737.45,N/A,0,0,0,0,N/A,UNAVAILABLE
1786654359959,Forge,CAPTURE_OFF,2,World Flythrough,15.61,64.04,12.98,N/A,5737.45,N/A,0,0,0,0,N/A,UNAVAILABLE
1786654359973,Forge,CAPTURE_OFF,2,World Flythrough,70.95,14.10,12.98,N/A,5737.45,N/A,0,0,0,0,N/A,UNAVAILABLE
1786654359983,Forge,CAPTURE_OFF,2,World Flythrough,104.33,9.58,12.98,N/A,5737.45,N/A,0,0,0,0,N/A,UNAVAILABLE
1786654359992,Forge,CAPTURE_OFF,2,World Flythrough,109.20,9.16,12.98,N/A,5737.45,N/A,0,0,0,0,N/A,UNAVAILABLE
1786654360002,Forge,CAPTURE_OFF,2,World Flythrough,102.97,9.71,12.98,N/A,5737.45,N/A,0,0,0,0,N/A,UNAVAILABLE
1786654360015,Forge,CAPTURE_OFF,2,World Flythrough,74.82,13.36,12.98,N/A,5737.45,N/A,0,0,0,0,N/A,UNAVAILABLE
1786654360023,Forge,CAPTURE_OFF,2,World Flythrough,121.35,8.24,12.98,N/A,5737.45,N/A,0,0,0,0,N/A,UNAVAILABLE
1786654360030,Forge,CAPTURE_OFF,2,World Flythrough,147.32,6.79,12.98,N/A,5737.45,N/A,0,0,0,0,N/A,UNAVAILABLE
1786654360038,Forge,CAPTURE_OFF,2,World Flythrough,128.62,7.77,12.98,N/A,5737.45,N/A,0,0,0,0,N/A,UNAVAILABLE
1786654360046,Forge,CAPTURE_OFF,2,World Flythrough,129.18,7.74,12.98,N/A,5737.45,N/A,0,0,0,0,N/A,UNAVAILABLE
1786654360053,Forge,CAPTURE_OFF,2,World Flythrough,127.46,7.85,12.98,N/A,5737.45,N/A,0,0,0,0,N/A,UNAVAILABLE
1786654360066,Forge,CAPTURE_OFF,2,World Flythrough,81.05,12.34,12.98,N/A,5737.45,N/A,0,0,0,0,N/A,UNAVAILABLE
1786654360076,Forge,CAPTURE_OFF,2,World Flythrough,98.71,10.13,12.98,N/A,5737.45,N/A,0,0,0,0,N/A,UNAVAILABLE
1786654360086,Forge,CAPTURE_OFF,2,World Flythrough,98.34,10.17,12.98,N/A,5737.45,N/A,0,0,0,0,N/A,UNAVAILABLE
1786654360094,Forge,CAPTURE_OFF,2,World Flythrough,114.10,8.76,12.98,N/A,5737.45,N/A,0,0,0,0,N/A,UNAVAILABLE
1786654360104,Forge,CAPTURE_OFF,2,World Flythrough,115.84,8.63,12.98,N/A,5737.45,N/A,0,0,0,0,N/A,UNAVAILABLE
1786654360117,Forge,CAPTURE_OFF,2,World Flythrough,73.99,13.52,12.98,N/A,5737.45,N/A,0,0,0,0,N/A,UNAVAILABLE
1786654360128,Forge,CAPTURE_OFF,2,World Flythrough,86.03,11.62,12.98,N/A,5737.45,N/A,0,0,0,0,N/A,UNAVAILABLE
1786654360142,Forge,CAPTURE_OFF,2,World Flythrough,75.99,13.16,12.98,N/A,5737.45,N/A,0,0,0,0,N/A,UNAVAILABLE
1786654360153,Forge,CAPTURE_OFF,2,World Flythrough,91.88,10.88,12.98,N/A,5737.45,N/A,0,0,0,0,N/A,UNAVAILABLE
1786654360169,Forge,CAPTURE_OFF,2,World Flythrough,62.68,15.96,12.98,N/A,5737.45,N/A,0,0,0,0,N/A,UNAVAILABLE
1786654360178,Forge,CAPTURE_OFF,2,World Flythrough,111.57,8.96,12.98,N/A,5737.45,N/A,0,0,0,0,N/A,UNAVAILABLE
1786654360187,Forge,CAPTURE_OFF,2,World Flythrough,106.22,9.41,12.98,N/A,5737.45,N/A,0,0,0,0,N/A,UNAVAILABLE
1786654360198,Forge,CAPTURE_OFF,2,World Flythrough,97.52,10.25,12.98,N/A,5737.45,N/A,0,0,0,0,N/A,UNAVAILABLE
1786654360206,Forge,CAPTURE_OFF,2,World Flythrough,110.84,9.02,12.98,N/A,5737.45,N/A,0,0,0,0,N/A,UNAVAILABLE
1786654360221,Forge,CAPTURE_OFF,2,World Flythrough,68.33,14.63,12.98,N/A,5737.45,N/A,0,0,0,0,N/A,UNAVAILABLE
1786654360230,Forge,CAPTURE_OFF,2,World Flythrough,118.71,8.42,12.98,N/A,5737.45,N/A,0,0,0,0,N/A,UNAVAILABLE
1786654360237,Forge,CAPTURE_OFF,2,World Flythrough,139.94,7.15,12.98,N/A,5737.45,N/A,0,0,0,0,N/A,UNAVAILABLE
1786654360245,Forge,CAPTURE_OFF,2,World Flythrough,125.29,7.98,12.98,N/A,5737.45,N/A,0,0,0,0,N/A,UNAVAILABLE
1786654360251,Forge,CAPTURE_OFF,2,World Flythrough,141.37,7.07,12.98,N/A,5737.45,N/A,0,0,0,0,N/A,UNAVAILABLE
1786654360263,Forge,CAPTURE_OFF,2,World Flythrough,91.91,10.88,12.98,N/A,5737.45,N/A,0,0,0,0,N/A,UNAVAILABLE
1786654360269,Forge,CAPTURE_OFF,2,World Flythrough,151.69,6.59,12.98,N/A,5737.45,N/A,0,0,0,0,N/A,UNAVAILABLE
1786654360276,Forge,CAPTURE_OFF,2,World Flythrough,133.64,7.48,12.98,N/A,5737.45,N/A,0,0,0,0,N/A,UNAVAILABLE
1786654360285,Forge,CAPTURE_OFF,2,World Flythrough,107.17,9.33,12.98,N/A,5737.45,N/A,0,0,0,0,N/A,UNAVAILABLE
1786654360294,Forge,CAPTURE_OFF,2,World Flythrough,121.47,8.23,12.98,N/A,5737.45,N/A,0,0,0,0,N/A,UNAVAILABLE
1786654360301,Forge,CAPTURE_OFF,2,World Flythrough,140.37,7.12,12.98,N/A,5737.45,N/A,0,0,0,0,N/A,UNAVAILABLE
1786654360312,Forge,CAPTURE_OFF,2,World Flythrough,88.87,11.25,12.98,N/A,5737.45,N/A,0,0,0,0,N/A,UNAVAILABLE
1786654360323,Forge,CAPTURE_OFF,2,World Flythrough,99.42,10.06,12.98,N/A,5737.45,N/A,0,0,0,0,N/A,UNAVAILABLE
1786654360331,Forge,CAPTURE_OFF,2,World Flythrough,121.61,8.22,12.98,N/A,5737.45,N/A,0,0,0,0,N/A,UNAVAILABLE
1786654360343,Forge,CAPTURE_OFF,2,World Flythrough,78.92,12.67,12.98,N/A,5737.45,N/A,0,0,0,0,N/A,UNAVAILABLE
1786654360351,Forge,CAPTURE_OFF,2,World Flythrough,130.99,7.63,12.98,N/A,5737.45,N/A,0,0,0,0,N/A,UNAVAILABLE
1786654360365,Forge,CAPTURE_OFF,2,World Flythrough,68.42,14.62,12.98,N/A,5737.45,N/A,0,0,0,0,N/A,UNAVAILABLE
1786654360376,Forge,CAPTURE_OFF,2,World Flythrough,93.17,10.73,12.98,N/A,5737.45,N/A,0,0,0,0,N/A,UNAVAILABLE
1786654360389,Forge,CAPTURE_OFF,2,World Flythrough,82.55,12.11,12.98,N/A,5737.45,N/A,0,0,0,0,N/A,UNAVAILABLE
1786654360395,Forge,CAPTURE_OFF,2,World Flythrough,152.13,6.57,12.98,N/A,5737.45,N/A,0,0,0,0,N/A,UNAVAILABLE
1786654360401,Forge,CAPTURE_OFF,2,World Flythrough,161.25,6.20,12.98,N/A,5737.45,N/A,0,0,0,0,N/A,UNAVAILABLE
1786654360416,Forge,CAPTURE_OFF,2,World Flythrough,67.81,14.75,12.98,N/A,5737.45,N/A,0,0,0,0,N/A,UNAVAILABLE
1786654360424,Forge,CAPTURE_OFF,2,World Flythrough,128.97,7.75,12.98,N/A,5737.45,N/A,0,0,0,0,N/A,UNAVAILABLE
1786654360435,Forge,CAPTURE_OFF,2,World Flythrough,86.90,11.51,12.98,N/A,5737.45,N/A,0,0,0,0,N/A,UNAVAILABLE
1786654360444,Forge,CAPTURE_OFF,2,World Flythrough,112.87,8.86,12.98,N/A,5737.45,N/A,0,0,0,0,N/A,UNAVAILABLE
1786654360455,Forge,CAPTURE_OFF,2,World Flythrough,91.32,10.95,12.98,N/A,5737.45,N/A,0,0,0,0,N/A,UNAVAILABLE
1786654360468,Forge,CAPTURE_OFF,2,World Flythrough,76.74,13.03,12.98,N/A,5737.45,N/A,0,0,0,0,N/A,UNAVAILABLE
1786654360478,Forge,CAPTURE_OFF,2,World Flythrough,106.29,9.41,12.98,N/A,5737.45,N/A,0,0,0,0,N/A,UNAVAILABLE
1786654360485,Forge,CAPTURE_OFF,2,World Flythrough,122.60,8.16,12.98,N/A,5737.45,N/A,0,0,0,0,N/A,UNAVAILABLE
1786654360493,Forge,CAPTURE_OFF,2,World Flythrough,135.11,7.40,12.98,N/A,5737.45,N/A,0,0,0,0,N/A,UNAVAILABLE
1786654360503,Forge,CAPTURE_OFF,2,World Flythrough,99.81,10.02,12.98,N/A,5737.45,N/A,0,0,0,0,N/A,UNAVAILABLE
1786654360519,Forge,CAPTURE_OFF,2,World Flythrough,61.67,16.22,12.98,N/A,5737.45,N/A,0,0,0,0,N/A,UNAVAILABLE
1786654360526,Forge,CAPTURE_OFF,2,World Flythrough,131.24,7.62,12.98,N/A,5737.45,N/A,0,0,0,0,N/A,UNAVAILABLE
1786654360535,Forge,CAPTURE_OFF,2,World Flythrough,123.48,8.10,12.98,N/A,5737.45,N/A,0,0,0,0,N/A,UNAVAILABLE
1786654360548,Forge,CAPTURE_OFF,2,World Flythrough,74.42,13.44,12.98,N/A,5737.45,N/A,0,0,0,0,N/A,UNAVAILABLE
1786654360560,Forge,CAPTURE_OFF,2,World Flythrough,85.29,11.73,12.98,N/A,5737.45,N/A,0,0,0,0,N/A,UNAVAILABLE
1786654360576,Forge,CAPTURE_OFF,2,World Flythrough,64.11,15.60,12.98,N/A,5737.45,N/A,0,0,0,0,N/A,UNAVAILABLE
1786654360586,Forge,CAPTURE_OFF,2,World Flythrough,93.94,10.64,12.98,N/A,5737.45,N/A,0,0,0,0,N/A,UNAVAILABLE
1786654360595,Forge,CAPTURE_OFF,2,World Flythrough,111.08,9.00,12.98,N/A,5737.45,N/A,0,0,0,0,N/A,UNAVAILABLE
1786654360602,Forge,CAPTURE_OFF,2,World Flythrough,146.22,6.84,12.98,N/A,5737.45,N/A,0,0,0,0,N/A,UNAVAILABLE
1786654360622,Forge,CAPTURE_OFF,2,World Flythrough,50.27,19.89,12.98,N/A,5737.45,N/A,0,0,0,0,N/A,UNAVAILABLE
1786654360635,Forge,CAPTURE_OFF,2,World Flythrough,82.37,12.14,12.98,N/A,5737.45,N/A,0,0,0,0,N/A,UNAVAILABLE
1786654360647,Forge,CAPTURE_OFF,2,World Flythrough,81.76,12.23,12.98,N/A,5737.45,N/A,0,0,0,0,N/A,UNAVAILABLE
1786654360658,Forge,CAPTURE_OFF,2,World Flythrough,89.15,11.22,12.98,N/A,5737.45,N/A,0,0,0,0,N/A,UNAVAILABLE
1786654360674,Forge,CAPTURE_OFF,2,World Flythrough,63.00,15.87,12.98,N/A,5737.45,N/A,0,0,0,0,N/A,UNAVAILABLE
1786654360684,Forge,CAPTURE_OFF,2,World Flythrough,93.31,10.72,12.98,N/A,5737.45,N/A,0,0,0,0,N/A,UNAVAILABLE
1786654360697,Forge,CAPTURE_OFF,2,World Flythrough,79.01,12.66,12.98,N/A,5737.45,N/A,0,0,0,0,N/A,UNAVAILABLE
1786654360709,Forge,CAPTURE_OFF,2,World Flythrough,83.75,11.94,12.98,N/A,5737.45,N/A,0,0,0,0,N/A,UNAVAILABLE
1786654360726,Forge,CAPTURE_OFF,2,World Flythrough,54.84,18.23,12.98,N/A,5737.45,N/A,0,0,0,0,N/A,UNAVAILABLE
1786654360741,Forge,CAPTURE_OFF,2,World Flythrough,71.46,13.99,12.98,N/A,5737.45,N/A,0,0,0,0,N/A,UNAVAILABLE
1786654360752,Forge,CAPTURE_OFF,2,World Flythrough,91.88,10.88,12.98,N/A,5737.45,N/A,0,0,0,0,N/A,UNAVAILABLE
1786654360771,Forge,CAPTURE_OFF,2,World Flythrough,50.99,19.61,12.98,N/A,5737.45,N/A,0,0,0,0,N/A,UNAVAILABLE
1786654360784,Forge,CAPTURE_OFF,2,World Flythrough,82.68,12.09,12.98,N/A,5737.45,N/A,0,0,0,0,N/A,UNAVAILABLE
1786654360798,Forge,CAPTURE_OFF,2,World Flythrough,68.43,14.61,12.98,N/A,5737.45,N/A,0,0,0,0,N/A,UNAVAILABLE
1786654360816,Forge,CAPTURE_OFF,2,World Flythrough,58.24,17.17,12.98,N/A,5737.45,N/A,0,0,0,0,N/A,UNAVAILABLE
1786654360826,Forge,CAPTURE_OFF,2,World Flythrough,90.37,11.07,12.98,N/A,5737.45,N/A,0,0,0,0,N/A,UNAVAILABLE
1786654360835,Forge,CAPTURE_OFF,2,World Flythrough,120.64,8.29,12.98,N/A,5737.45,N/A,0,0,0,0,N/A,UNAVAILABLE
1786654360846,Forge,CAPTURE_OFF,2,World Flythrough,88.13,11.35,12.98,N/A,5737.45,N/A,0,0,0,0,N/A,UNAVAILABLE
1786654360859,Forge,CAPTURE_OFF,2,World Flythrough,73.55,13.60,12.98,N/A,5737.45,N/A,0,0,0,0,N/A,UNAVAILABLE
1786654360880,Forge,CAPTURE_OFF,2,World Flythrough,50.27,19.89,12.98,N/A,5737.45,N/A,0,0,0,0,N/A,UNAVAILABLE
1786654360928,Forge,CAPTURE_OFF,2,World Flythrough,56.87,17.58,13.50,N/A,5911.15,N/A,0,0,0,0,N/A,UNAVAILABLE
1786654360950,Forge,CAPTURE_OFF,2,World Flythrough,19.01,52.60,13.50,N/A,5911.15,N/A,0,0,0,0,N/A,UNAVAILABLE
1786654360970,Forge,CAPTURE_OFF,2,World Flythrough,50.58,19.77,13.50,N/A,5911.15,N/A,0,0,0,0,N/A,UNAVAILABLE
1786654360986,Forge,CAPTURE_OFF,2,World Flythrough,61.02,16.39,13.50,N/A,5911.15,N/A,0,0,0,0,N/A,UNAVAILABLE
1786654361003,Forge,CAPTURE_OFF,2,World Flythrough,56.71,17.63,13.50,N/A,5911.15,N/A,0,0,0,0,N/A,UNAVAILABLE
1786654361022,Forge,CAPTURE_OFF,2,World Flythrough,54.01,18.52,13.50,N/A,5911.15,N/A,0,0,0,0,N/A,UNAVAILABLE
1786654361040,Forge,CAPTURE_OFF,2,World Flythrough,55.09,18.15,13.50,N/A,5911.15,N/A,0,0,0,0,N/A,UNAVAILABLE
1786654361055,Forge,CAPTURE_OFF,2,World Flythrough,68.25,14.65,13.50,N/A,5911.15,N/A,0,0,0,0,N/A,UNAVAILABLE
1786654361076,Forge,CAPTURE_OFF,2,World Flythrough,45.49,21.98,13.50,N/A,5911.15,N/A,0,0,0,0,N/A,UNAVAILABLE
1786654361091,Forge,CAPTURE_OFF,2,World Flythrough,70.53,14.18,13.50,N/A,5911.15,N/A,0,0,0,0,N/A,UNAVAILABLE
1786654361104,Forge,CAPTURE_OFF,2,World Flythrough,74.84,13.36,13.50,N/A,5911.15,N/A,0,0,0,0,N/A,UNAVAILABLE
1786654361123,Forge,CAPTURE_OFF,2,World Flythrough,53.97,18.53,13.50,N/A,5911.15,N/A,0,0,0,0,N/A,UNAVAILABLE
1786654361134,Forge,CAPTURE_OFF,2,World Flythrough,86.74,11.53,13.50,N/A,5911.15,N/A,0,0,0,0,N/A,UNAVAILABLE
1786654361147,Forge,CAPTURE_OFF,2,World Flythrough,80.11,12.48,13.50,N/A,5911.15,N/A,0,0,0,0,N/A,UNAVAILABLE
1786654361164,Forge,CAPTURE_OFF,2,World Flythrough,61.99,16.13,13.50,N/A,5911.15,N/A,0,0,0,0,N/A,UNAVAILABLE
1786654361175,Forge,CAPTURE_OFF,2,World Flythrough,82.33,12.15,13.50,N/A,5911.15,N/A,0,0,0,0,N/A,UNAVAILABLE
1786654361188,Forge,CAPTURE_OFF,2,World Flythrough,79.55,12.57,13.50,N/A,5911.15,N/A,0,0,0,0,N/A,UNAVAILABLE
1786654361201,Forge,CAPTURE_OFF,2,World Flythrough,76.21,13.12,13.50,N/A,5911.15,N/A,0,0,0,0,N/A,UNAVAILABLE
1786654361217,Forge,CAPTURE_OFF,2,World Flythrough,62.66,15.96,13.50,N/A,5911.15,N/A,0,0,0,0,N/A,UNAVAILABLE
1786654361229,Forge,CAPTURE_OFF,2,World Flythrough,83.13,12.03,13.50,N/A,5911.15,N/A,0,0,0,0,N/A,UNAVAILABLE
1786654361239,Forge,CAPTURE_OFF,2,World Flythrough,94.91,10.54,13.50,N/A,5911.15,N/A,0,0,0,0,N/A,UNAVAILABLE
1786654361253,Forge,CAPTURE_OFF,2,World Flythrough,73.08,13.68,13.50,N/A,5911.15,N/A,0,0,0,0,N/A,UNAVAILABLE
1786654361272,Forge,CAPTURE_OFF,2,World Flythrough,54.65,18.30,13.50,N/A,5911.15,N/A,0,0,0,0,N/A,UNAVAILABLE
1786654361283,Forge,CAPTURE_OFF,2,World Flythrough,81.37,12.29,13.50,N/A,5911.15,N/A,0,0,0,0,N/A,UNAVAILABLE
1786654361304,Forge,CAPTURE_OFF,2,World Flythrough,49.81,20.08,13.50,N/A,5911.15,N/A,0,0,0,0,N/A,UNAVAILABLE
1786654361323,Forge,CAPTURE_OFF,2,World Flythrough,51.07,19.58,13.50,N/A,5911.15,N/A,0,0,0,0,N/A,UNAVAILABLE
1786654361334,Forge,CAPTURE_OFF,2,World Flythrough,100.86,9.92,13.50,N/A,5911.15,N/A,0,0,0,0,N/A,UNAVAILABLE
1786654361346,Forge,CAPTURE_OFF,2,World Flythrough,77.80,12.85,13.50,N/A,5911.15,N/A,0,0,0,0,N/A,UNAVAILABLE
1786654361360,Forge,CAPTURE_OFF,2,World Flythrough,74.81,13.37,13.50,N/A,5911.15,N/A,0,0,0,0,N/A,UNAVAILABLE
1786654361375,Forge,CAPTURE_OFF,2,World Flythrough,64.60,15.48,13.50,N/A,5911.15,N/A,0,0,0,0,N/A,UNAVAILABLE
1786654361387,Forge,CAPTURE_OFF,2,World Flythrough,86.77,11.52,13.50,N/A,5911.15,N/A,0,0,0,0,N/A,UNAVAILABLE
1786654361396,Forge,CAPTURE_OFF,2,World Flythrough,97.06,10.30,13.50,N/A,5911.15,N/A,0,0,0,0,N/A,UNAVAILABLE
1786654361409,Forge,CAPTURE_OFF,2,World Flythrough,86.41,11.57,13.50,N/A,5911.15,N/A,0,0,0,0,N/A,UNAVAILABLE
1786654361429,Forge,CAPTURE_OFF,2,World Flythrough,47.88,20.89,13.50,N/A,5911.15,N/A,0,0,0,0,N/A,UNAVAILABLE
1786654361439,Forge,CAPTURE_OFF,2,World Flythrough,103.52,9.66,13.50,N/A,5911.15,N/A,0,0,0,0,N/A,UNAVAILABLE
1786654361448,Forge,CAPTURE_OFF,2,World Flythrough,114.21,8.76,13.50,N/A,5911.15,N/A,0,0,0,0,N/A,UNAVAILABLE
1786654361462,Forge,CAPTURE_OFF,2,World Flythrough,67.48,14.82,13.50,N/A,5911.15,N/A,0,0,0,0,N/A,UNAVAILABLE
1786654361480,Forge,CAPTURE_OFF,2,World Flythrough,56.84,17.59,13.50,N/A,5911.15,N/A,0,0,0,0,N/A,UNAVAILABLE
1786654361497,Forge,CAPTURE_OFF,2,World Flythrough,58.66,17.05,13.50,N/A,5911.15,N/A,0,0,0,0,N/A,UNAVAILABLE
1786654361515,Forge,CAPTURE_OFF,2,World Flythrough,57.76,17.31,13.50,N/A,5911.15,N/A,0,0,0,0,N/A,UNAVAILABLE
1786654361525,Forge,CAPTURE_OFF,2,World Flythrough,90.82,11.01,13.50,N/A,5911.15,N/A,0,0,0,0,N/A,UNAVAILABLE
1786654361535,Forge,CAPTURE_OFF,2,World Flythrough,105.86,9.45,13.50,N/A,5911.15,N/A,0,0,0,0,N/A,UNAVAILABLE
1786654361546,Forge,CAPTURE_OFF,2,World Flythrough,94.77,10.55,13.50,N/A,5911.15,N/A,0,0,0,0,N/A,UNAVAILABLE
1786654361556,Forge,CAPTURE_OFF,2,World Flythrough,94.21,10.61,13.50,N/A,5911.15,N/A,0,0,0,0,N/A,UNAVAILABLE
1786654361571,Forge,CAPTURE_OFF,2,World Flythrough,68.37,14.63,13.50,N/A,5911.15,N/A,0,0,0,0,N/A,UNAVAILABLE
1786654361581,Forge,CAPTURE_OFF,2,World Flythrough,97.83,10.22,13.50,N/A,5911.15,N/A,0,0,0,0,N/A,UNAVAILABLE
1786654361592,Forge,CAPTURE_OFF,2,World Flythrough,89.81,11.14,13.50,N/A,5911.15,N/A,0,0,0,0,N/A,UNAVAILABLE
1786654361601,Forge,CAPTURE_OFF,2,World Flythrough,112.16,8.92,13.50,N/A,5911.15,N/A,0,0,0,0,N/A,UNAVAILABLE
1786654361618,Forge,CAPTURE_OFF,2,World Flythrough,56.58,17.67,13.50,N/A,5911.15,N/A,0,0,0,0,N/A,UNAVAILABLE
1786654361633,Forge,CAPTURE_OFF,2,World Flythrough,68.54,14.59,13.50,N/A,5911.15,N/A,0,0,0,0,N/A,UNAVAILABLE
1786654361646,Forge,CAPTURE_OFF,2,World Flythrough,75.74,13.20,13.50,N/A,5911.15,N/A,0,0,0,0,N/A,UNAVAILABLE
1786654361659,Forge,CAPTURE_OFF,2,World Flythrough,85.00,11.77,13.50,N/A,5911.15,N/A,0,0,0,0,N/A,UNAVAILABLE
1786654361674,Forge,CAPTURE_OFF,2,World Flythrough,67.40,14.84,13.50,N/A,5911.15,N/A,0,0,0,0,N/A,UNAVAILABLE
1786654361689,Forge,CAPTURE_OFF,2,World Flythrough,64.01,15.62,13.50,N/A,5911.15,N/A,0,0,0,0,N/A,UNAVAILABLE
1786654361698,Forge,CAPTURE_OFF,2,World Flythrough,102.25,9.78,13.50,N/A,5911.15,N/A,0,0,0,0,N/A,UNAVAILABLE
1786654361719,Forge,CAPTURE_OFF,2,World Flythrough,48.93,20.44,13.50,N/A,5911.15,N/A,0,0,0,0,N/A,UNAVAILABLE
1786654361732,Forge,CAPTURE_OFF,2,World Flythrough,76.32,13.10,13.50,N/A,5911.15,N/A,0,0,0,0,N/A,UNAVAILABLE
1786654361743,Forge,CAPTURE_OFF,2,World Flythrough,92.50,10.81,13.50,N/A,5911.15,N/A,0,0,0,0,N/A,UNAVAILABLE
1786654361756,Forge,CAPTURE_OFF,2,World Flythrough,77.02,12.98,13.50,N/A,5911.15,N/A,0,0,0,0,N/A,UNAVAILABLE
1786654361775,Forge,CAPTURE_OFF,2,World Flythrough,53.07,18.84,13.50,N/A,5911.15,N/A,0,0,0,0,N/A,UNAVAILABLE
1786654361789,Forge,CAPTURE_OFF,2,World Flythrough,71.47,13.99,13.50,N/A,5911.15,N/A,0,0,0,0,N/A,UNAVAILABLE
1786654361806,Forge,CAPTURE_OFF,2,World Flythrough,59.08,16.93,13.50,N/A,5911.15,N/A,0,0,0,0,N/A,UNAVAILABLE
1786654361824,Forge,CAPTURE_OFF,2,World Flythrough,53.66,18.64,13.50,N/A,5911.15,N/A,0,0,0,0,N/A,UNAVAILABLE
1786654361837,Forge,CAPTURE_OFF,2,World Flythrough,77.21,12.95,13.50,N/A,5911.15,N/A,0,0,0,0,N/A,UNAVAILABLE
1786654361849,Forge,CAPTURE_OFF,2,World Flythrough,85.38,11.71,13.50,N/A,5911.15,N/A,0,0,0,0,N/A,UNAVAILABLE
1786654361866,Forge,CAPTURE_OFF,2,World Flythrough,56.53,17.69,13.50,N/A,5911.15,N/A,0,0,0,0,N/A,UNAVAILABLE
1786654361877,Forge,CAPTURE_OFF,2,World Flythrough,102.26,9.78,13.50,N/A,5911.15,N/A,0,0,0,0,N/A,UNAVAILABLE
1786654361890,Forge,CAPTURE_OFF,2,World Flythrough,72.02,13.88,13.50,N/A,5911.15,N/A,0,0,0,0,N/A,UNAVAILABLE
1786654361941,Forge,CAPTURE_OFF,2,World Flythrough,72.80,13.74,10.62,N/A,5434.55,N/A,0,0,0,0,N/A,UNAVAILABLE
1786654361963,Forge,CAPTURE_OFF,2,World Flythrough,17.01,58.78,10.62,N/A,5434.55,N/A,0,0,0,0,N/A,UNAVAILABLE
1786654361976,Forge,CAPTURE_OFF,2,World Flythrough,68.93,14.51,10.62,N/A,5434.55,N/A,0,0,0,0,N/A,UNAVAILABLE
1786654361993,Forge,CAPTURE_OFF,2,World Flythrough,66.33,15.08,10.62,N/A,5434.55,N/A,0,0,0,0,N/A,UNAVAILABLE
1786654362009,Forge,CAPTURE_OFF,2,World Flythrough,58.61,17.06,10.62,N/A,5434.55,N/A,0,0,0,0,N/A,UNAVAILABLE
1786654362026,Forge,CAPTURE_OFF,2,World Flythrough,59.17,16.90,10.62,N/A,5434.55,N/A,0,0,0,0,N/A,UNAVAILABLE
1786654362040,Forge,CAPTURE_OFF,2,World Flythrough,76.27,13.11,10.62,N/A,5434.55,N/A,0,0,0,0,N/A,UNAVAILABLE
1786654362051,Forge,CAPTURE_OFF,2,World Flythrough,86.58,11.55,10.62,N/A,5434.55,N/A,0,0,0,0,N/A,UNAVAILABLE
1786654362065,Forge,CAPTURE_OFF,2,World Flythrough,67.61,14.79,10.62,N/A,5434.55,N/A,0,0,0,0,N/A,UNAVAILABLE
1786654362078,Forge,CAPTURE_OFF,2,World Flythrough,83.22,12.02,10.62,N/A,5434.55,N/A,0,0,0,0,N/A,UNAVAILABLE
1786654362089,Forge,CAPTURE_OFF,2,World Flythrough,90.56,11.04,10.62,N/A,5434.55,N/A,0,0,0,0,N/A,UNAVAILABLE
1786654362102,Forge,CAPTURE_OFF,2,World Flythrough,79.66,12.55,10.62,N/A,5434.55,N/A,0,0,0,0,N/A,UNAVAILABLE
1786654362122,Forge,CAPTURE_OFF,2,World Flythrough,49.04,20.39,10.62,N/A,5434.55,N/A,0,0,0,0,N/A,UNAVAILABLE
1786654362132,Forge,CAPTURE_OFF,2,World Flythrough,95.84,10.43,10.62,N/A,5434.55,N/A,0,0,0,0,N/A,UNAVAILABLE
1786654362145,Forge,CAPTURE_OFF,2,World Flythrough,80.46,12.43,10.62,N/A,5434.55,N/A,0,0,0,0,N/A,UNAVAILABLE
1786654362155,Forge,CAPTURE_OFF,2,World Flythrough,98.94,10.11,10.62,N/A,5434.55,N/A,0,0,0,0,N/A,UNAVAILABLE
1786654362172,Forge,CAPTURE_OFF,2,World Flythrough,58.94,16.97,10.62,N/A,5434.55,N/A,0,0,0,0,N/A,UNAVAILABLE
1786654362182,Forge,CAPTURE_OFF,2,World Flythrough,94.64,10.57,10.62,N/A,5434.55,N/A,0,0,0,0,N/A,UNAVAILABLE
1786654362195,Forge,CAPTURE_OFF,2,World Flythrough,83.45,11.98,10.62,N/A,5434.55,N/A,0,0,0,0,N/A,UNAVAILABLE
1786654362204,Forge,CAPTURE_OFF,2,World Flythrough,107.13,9.33,10.62,N/A,5434.55,N/A,0,0,0,0,N/A,UNAVAILABLE
1786654362220,Forge,CAPTURE_OFF,2,World Flythrough,59.81,16.72,10.62,N/A,5434.55,N/A,0,0,0,0,N/A,UNAVAILABLE
1786654362231,Forge,CAPTURE_OFF,2,World Flythrough,95.56,10.46,10.62,N/A,5434.55,N/A,0,0,0,0,N/A,UNAVAILABLE
1786654362240,Forge,CAPTURE_OFF,2,World Flythrough,107.63,9.29,10.62,N/A,5434.55,N/A,0,0,0,0,N/A,UNAVAILABLE
1786654362250,Forge,CAPTURE_OFF,2,World Flythrough,95.50,10.47,10.62,N/A,5434.55,N/A,0,0,0,0,N/A,UNAVAILABLE
1786654362267,Forge,CAPTURE_OFF,2,World Flythrough,61.91,16.15,10.62,N/A,5434.55,N/A,0,0,0,0,N/A,UNAVAILABLE
1786654362278,Forge,CAPTURE_OFF,2,World Flythrough,90.82,11.01,10.62,N/A,5434.55,N/A,0,0,0,0,N/A,UNAVAILABLE
1786654362290,Forge,CAPTURE_OFF,2,World Flythrough,83.89,11.92,10.62,N/A,5434.55,N/A,0,0,0,0,N/A,UNAVAILABLE
1786654362301,Forge,CAPTURE_OFF,2,World Flythrough,81.75,12.23,10.62,N/A,5434.55,N/A,0,0,0,0,N/A,UNAVAILABLE
1786654362319,Forge,CAPTURE_OFF,2,World Flythrough,61.67,16.22,10.62,N/A,5434.55,N/A,0,0,0,0,N/A,UNAVAILABLE
1786654362329,Forge,CAPTURE_OFF,2,World Flythrough,88.50,11.30,10.62,N/A,5434.55,N/A,0,0,0,0,N/A,UNAVAILABLE
1786654362342,Forge,CAPTURE_OFF,2,World Flythrough,79.76,12.54,10.62,N/A,5434.55,N/A,0,0,0,0,N/A,UNAVAILABLE
1786654362352,Forge,CAPTURE_OFF,2,World Flythrough,102.68,9.74,10.62,N/A,5434.55,N/A,0,0,0,0,N/A,UNAVAILABLE
1786654362368,Forge,CAPTURE_OFF,2,World Flythrough,61.89,16.16,10.62,N/A,5434.55,N/A,0,0,0,0,N/A,UNAVAILABLE
1786654362376,Forge,CAPTURE_OFF,2,World Flythrough,113.94,8.78,10.62,N/A,5434.55,N/A,0,0,0,0,N/A,UNAVAILABLE
1786654362387,Forge,CAPTURE_OFF,2,World Flythrough,102.51,9.75,10.62,N/A,5434.55,N/A,0,0,0,0,N/A,UNAVAILABLE
1786654362400,Forge,CAPTURE_OFF,2,World Flythrough,74.77,13.37,10.62,N/A,5434.55,N/A,0,0,0,0,N/A,UNAVAILABLE
1786654362416,Forge,CAPTURE_OFF,2,World Flythrough,57.96,17.25,10.62,N/A,5434.55,N/A,0,0,0,0,N/A,UNAVAILABLE
1786654362426,Forge,CAPTURE_OFF,2,World Flythrough,110.49,9.05,10.62,N/A,5434.55,N/A,0,0,0,0,N/A,UNAVAILABLE
1786654362438,Forge,CAPTURE_OFF,2,World Flythrough,83.83,11.93,10.62,N/A,5434.55,N/A,0,0,0,0,N/A,UNAVAILABLE
1786654362448,Forge,CAPTURE_OFF,2,World Flythrough,104.74,9.55,10.62,N/A,5434.55,N/A,0,0,0,0,N/A,UNAVAILABLE
1786654362461,Forge,CAPTURE_OFF,2,World Flythrough,70.84,14.12,10.62,N/A,5434.55,N/A,0,0,0,0,N/A,UNAVAILABLE
1786654362479,Forge,CAPTURE_OFF,2,World Flythrough,59.85,16.71,10.62,N/A,5434.55,N/A,0,0,0,0,N/A,UNAVAILABLE
1786654362488,Forge,CAPTURE_OFF,2,World Flythrough,108.28,9.23,10.62,N/A,5434.55,N/A,0,0,0,0,N/A,UNAVAILABLE
1786654362500,Forge,CAPTURE_OFF,2,World Flythrough,84.36,11.85,10.62,N/A,5434.55,N/A,0,0,0,0,N/A,UNAVAILABLE
1786654362521,Forge,CAPTURE_OFF,2,World Flythrough,46.68,21.42,10.62,N/A,5434.55,N/A,0,0,0,0,N/A,UNAVAILABLE
1786654362533,Forge,CAPTURE_OFF,2,World Flythrough,82.05,12.19,10.62,N/A,5434.55,N/A,0,0,0,0,N/A,UNAVAILABLE
1786654362545,Forge,CAPTURE_OFF,2,World Flythrough,83.63,11.96,10.62,N/A,5434.55,N/A,0,0,0,0,N/A,UNAVAILABLE
1786654362554,Forge,CAPTURE_OFF,2,World Flythrough,114.26,8.75,10.62,N/A,5434.55,N/A,0,0,0,0,N/A,UNAVAILABLE
1786654362605,Forge,CAPTURE_OFF,2,World Flythrough,19.60,51.01,10.62,N/A,5434.55,N/A,0,0,0,0,N/A,UNAVAILABLE
1786654362627,Forge,CAPTURE_OFF,2,World Flythrough,44.82,22.31,10.62,N/A,5434.55,N/A,0,0,0,0,N/A,UNAVAILABLE
1786654362638,Forge,CAPTURE_OFF,2,World Flythrough,95.79,10.44,10.62,N/A,5434.55,N/A,0,0,0,0,N/A,UNAVAILABLE
1786654362651,Forge,CAPTURE_OFF,2,World Flythrough,74.17,13.48,10.62,N/A,5434.55,N/A,0,0,0,0,N/A,UNAVAILABLE
1786654362667,Forge,CAPTURE_OFF,2,World Flythrough,61.91,16.15,10.62,N/A,5434.55,N/A,0,0,0,0,N/A,UNAVAILABLE
1786654362694,Forge,CAPTURE_OFF,2,World Flythrough,36.81,27.17,10.62,N/A,5434.55,N/A,0,0,0,0,N/A,UNAVAILABLE
1786654362709,Forge,CAPTURE_OFF,2,World Flythrough,68.70,14.56,10.62,N/A,5434.55,N/A,0,0,0,0,N/A,UNAVAILABLE
1786654362731,Forge,CAPTURE_OFF,2,World Flythrough,43.75,22.86,10.62,N/A,5434.55,N/A,0,0,0,0,N/A,UNAVAILABLE
1786654362742,Forge,CAPTURE_OFF,2,World Flythrough,100.26,9.97,10.62,N/A,5434.55,N/A,0,0,0,0,N/A,UNAVAILABLE
1786654362754,Forge,CAPTURE_OFF,2,World Flythrough,82.41,12.13,10.62,N/A,5434.55,N/A,0,0,0,0,N/A,UNAVAILABLE
1786654362769,Forge,CAPTURE_OFF,2,World Flythrough,62.61,15.97,10.62,N/A,5434.55,N/A,0,0,0,0,N/A,UNAVAILABLE
1786654362783,Forge,CAPTURE_OFF,2,World Flythrough,76.33,13.10,10.62,N/A,5434.55,N/A,0,0,0,0,N/A,UNAVAILABLE
1786654362794,Forge,CAPTURE_OFF,2,World Flythrough,92.55,10.81,10.62,N/A,5434.55,N/A,0,0,0,0,N/A,UNAVAILABLE
1786654362814,Forge,CAPTURE_OFF,2,World Flythrough,49.20,20.32,10.62,N/A,5434.55,N/A,0,0,0,0,N/A,UNAVAILABLE
1786654362825,Forge,CAPTURE_OFF,2,World Flythrough,90.00,11.11,10.62,N/A,5434.55,N/A,0,0,0,0,N/A,UNAVAILABLE
1786654362835,Forge,CAPTURE_OFF,2,World Flythrough,97.76,10.23,10.62,N/A,5434.55,N/A,0,0,0,0,N/A,UNAVAILABLE
1786654362848,Forge,CAPTURE_OFF,2,World Flythrough,75.32,13.28,10.62,N/A,5434.55,N/A,0,0,0,0,N/A,UNAVAILABLE
1786654362873,Forge,CAPTURE_OFF,2,World Flythrough,40.75,24.54,10.62,N/A,5434.55,N/A,0,0,0,0,N/A,UNAVAILABLE
1786654362883,Forge,CAPTURE_OFF,2,World Flythrough,105.65,9.47,10.62,N/A,5434.55,N/A,0,0,0,0,N/A,UNAVAILABLE
1786654362892,Forge,CAPTURE_OFF,2,World Flythrough,105.92,9.44,10.62,N/A,5434.55,N/A,0,0,0,0,N/A,UNAVAILABLE
1786654362903,Forge,CAPTURE_OFF,2,World Flythrough,95.59,10.46,10.62,N/A,5434.55,N/A,0,0,0,0,N/A,UNAVAILABLE
1786654362950,Forge,CAPTURE_OFF,2,World Flythrough,59.60,16.78,8.31,N/A,5658.01,N/A,0,0,0,0,N/A,UNAVAILABLE
1786654362971,Forge,CAPTURE_OFF,2,World Flythrough,19.07,52.45,8.31,N/A,5658.01,N/A,0,0,0,0,N/A,UNAVAILABLE
1786654362984,Forge,CAPTURE_OFF,2,World Flythrough,83.43,11.99,8.31,N/A,5658.01,N/A,0,0,0,0,N/A,UNAVAILABLE
1786654362999,Forge,CAPTURE_OFF,2,World Flythrough,64.92,15.40,8.31,N/A,5658.01,N/A,0,0,0,0,N/A,UNAVAILABLE
1786654363017,Forge,CAPTURE_OFF,2,World Flythrough,56.83,17.60,8.31,N/A,5658.01,N/A,0,0,0,0,N/A,UNAVAILABLE
1786654363025,Forge,CAPTURE_OFF,2,World Flythrough,129.68,7.71,8.31,N/A,5658.01,N/A,0,0,0,0,N/A,UNAVAILABLE
1786654363031,Forge,CAPTURE_OFF,2,World Flythrough,152.36,6.56,8.31,N/A,5658.01,N/A,0,0,0,0,N/A,UNAVAILABLE
1786654363038,Forge,CAPTURE_OFF,2,World Flythrough,154.21,6.48,8.31,N/A,5658.01,N/A,0,0,0,0,N/A,UNAVAILABLE
1786654363049,Forge,CAPTURE_OFF,2,World Flythrough,88.10,11.35,8.31,N/A,5658.01,N/A,0,0,0,0,N/A,UNAVAILABLE
1786654363066,Forge,CAPTURE_OFF,2,World Flythrough,58.67,17.04,8.31,N/A,5658.01,N/A,0,0,0,0,N/A,UNAVAILABLE
1786654363074,Forge,CAPTURE_OFF,2,World Flythrough,122.72,8.15,8.31,N/A,5658.01,N/A,0,0,0,0,N/A,UNAVAILABLE
1786654363087,Forge,CAPTURE_OFF,2,World Flythrough,79.81,12.53,8.31,N/A,5658.01,N/A,0,0,0,0,N/A,UNAVAILABLE
1786654363094,Forge,CAPTURE_OFF,2,World Flythrough,130.88,7.64,8.31,N/A,5658.01,N/A,0,0,0,0,N/A,UNAVAILABLE
1786654363104,Forge,CAPTURE_OFF,2,World Flythrough,96.11,10.40,8.31,N/A,5658.01,N/A,0,0,0,0,N/A,UNAVAILABLE
1786654363120,Forge,CAPTURE_OFF,2,World Flythrough,62.84,15.91,8.31,N/A,5658.01,N/A,0,0,0,0,N/A,UNAVAILABLE
1786654363132,Forge,CAPTURE_OFF,2,World Flythrough,86.60,11.55,8.31,N/A,5658.01,N/A,0,0,0,0,N/A,UNAVAILABLE
1786654363145,Forge,CAPTURE_OFF,2,World Flythrough,72.74,13.75,8.31,N/A,5658.01,N/A,0,0,0,0,N/A,UNAVAILABLE
1786654363155,Forge,CAPTURE_OFF,2,World Flythrough,113.80,8.79,8.31,N/A,5658.01,N/A,0,0,0,0,N/A,UNAVAILABLE
1786654363171,Forge,CAPTURE_OFF,2,World Flythrough,61.88,16.16,8.31,N/A,5658.01,N/A,0,0,0,0,N/A,UNAVAILABLE
1786654363181,Forge,CAPTURE_OFF,2,World Flythrough,99.55,10.05,8.31,N/A,5658.01,N/A,0,0,0,0,N/A,UNAVAILABLE
1786654363189,Forge,CAPTURE_OFF,2,World Flythrough,130.58,7.66,8.31,N/A,5658.01,N/A,0,0,0,0,N/A,UNAVAILABLE
1786654363198,Forge,CAPTURE_OFF,2,World Flythrough,105.44,9.48,8.31,N/A,5658.01,N/A,0,0,0,0,N/A,UNAVAILABLE
1786654363212,Forge,CAPTURE_OFF,2,World Flythrough,71.92,13.90,8.31,N/A,5658.01,N/A,0,0,0,0,N/A,UNAVAILABLE
1786654363222,Forge,CAPTURE_OFF,2,World Flythrough,94.24,10.61,8.31,N/A,5658.01,N/A,0,0,0,0,N/A,UNAVAILABLE
1786654363231,Forge,CAPTURE_OFF,2,World Flythrough,118.07,8.47,8.31,N/A,5658.01,N/A,0,0,0,0,N/A,UNAVAILABLE
1786654363241,Forge,CAPTURE_OFF,2,World Flythrough,101.91,9.81,8.31,N/A,5658.01,N/A,0,0,0,0,N/A,UNAVAILABLE
1786654363250,Forge,CAPTURE_OFF,2,World Flythrough,111.08,9.00,8.31,N/A,5658.01,N/A,0,0,0,0,N/A,UNAVAILABLE
1786654363267,Forge,CAPTURE_OFF,2,World Flythrough,59.29,16.87,8.31,N/A,5658.01,N/A,0,0,0,0,N/A,UNAVAILABLE
1786654363274,Forge,CAPTURE_OFF,2,World Flythrough,140.06,7.14,8.31,N/A,5658.01,N/A,0,0,0,0,N/A,UNAVAILABLE
1786654363284,Forge,CAPTURE_OFF,2,World Flythrough,93.79,10.66,8.31,N/A,5658.01,N/A,0,0,0,0,N/A,UNAVAILABLE
1786654363295,Forge,CAPTURE_OFF,2,World Flythrough,102.04,9.80,8.31,N/A,5658.01,N/A,0,0,0,0,N/A,UNAVAILABLE
1786654363303,Forge,CAPTURE_OFF,2,World Flythrough,117.95,8.48,8.31,N/A,5658.01,N/A,0,0,0,0,N/A,UNAVAILABLE
1786654363315,Forge,CAPTURE_OFF,2,World Flythrough,78.82,12.69,8.31,N/A,5658.01,N/A,0,0,0,0,N/A,UNAVAILABLE
1786654363324,Forge,CAPTURE_OFF,2,World Flythrough,119.49,8.37,8.31,N/A,5658.01,N/A,0,0,0,0,N/A,UNAVAILABLE
1786654363336,Forge,CAPTURE_OFF,2,World Flythrough,82.74,12.09,8.31,N/A,5658.01,N/A,0,0,0,0,N/A,UNAVAILABLE
1786654363350,Forge,CAPTURE_OFF,2,World Flythrough,71.02,14.08,8.31,N/A,5658.01,N/A,0,0,0,0,N/A,UNAVAILABLE
1786654363366,Forge,CAPTURE_OFF,2,World Flythrough,60.43,16.55,8.31,N/A,5658.01,N/A,0,0,0,0,N/A,UNAVAILABLE
1786654363377,Forge,CAPTURE_OFF,2,World Flythrough,94.87,10.54,8.31,N/A,5658.01,N/A,0,0,0,0,N/A,UNAVAILABLE
1786654363391,Forge,CAPTURE_OFF,2,World Flythrough,74.15,13.49,8.31,N/A,5658.01,N/A,0,0,0,0,N/A,UNAVAILABLE
1786654363401,Forge,CAPTURE_OFF,2,World Flythrough,98.90,10.11,8.31,N/A,5658.01,N/A,0,0,0,0,N/A,UNAVAILABLE
1786654363416,Forge,CAPTURE_OFF,2,World Flythrough,68.36,14.63,8.31,N/A,5658.01,N/A,0,0,0,0,N/A,UNAVAILABLE
1786654363424,Forge,CAPTURE_OFF,2,World Flythrough,116.44,8.59,8.31,N/A,5658.01,N/A,0,0,0,0,N/A,UNAVAILABLE
1786654363433,Forge,CAPTURE_OFF,2,World Flythrough,111.81,8.94,8.31,N/A,5658.01,N/A,0,0,0,0,N/A,UNAVAILABLE
1786654363443,Forge,CAPTURE_OFF,2,World Flythrough,105.52,9.48,8.31,N/A,5658.01,N/A,0,0,0,0,N/A,UNAVAILABLE
1786654363450,Forge,CAPTURE_OFF,2,World Flythrough,121.48,8.23,8.31,N/A,5658.01,N/A,0,0,0,0,N/A,UNAVAILABLE
1786654363465,Forge,CAPTURE_OFF,2,World Flythrough,71.13,14.06,8.31,N/A,5658.01,N/A,0,0,0,0,N/A,UNAVAILABLE
1786654363473,Forge,CAPTURE_OFF,2,World Flythrough,114.83,8.71,8.31,N/A,5658.01,N/A,0,0,0,0,N/A,UNAVAILABLE
1786654363481,Forge,CAPTURE_OFF,2,World Flythrough,126.92,7.88,8.31,N/A,5658.01,N/A,0,0,0,0,N/A,UNAVAILABLE
1786654363491,Forge,CAPTURE_OFF,2,World Flythrough,105.31,9.50,8.31,N/A,5658.01,N/A,0,0,0,0,N/A,UNAVAILABLE
1786654363501,Forge,CAPTURE_OFF,2,World Flythrough,97.83,10.22,8.31,N/A,5658.01,N/A,0,0,0,0,N/A,UNAVAILABLE
1786654363513,Forge,CAPTURE_OFF,2,World Flythrough,85.22,11.74,8.31,N/A,5658.01,N/A,0,0,0,0,N/A,UNAVAILABLE
1786654363522,Forge,CAPTURE_OFF,2,World Flythrough,115.54,8.65,8.31,N/A,5658.01,N/A,0,0,0,0,N/A,UNAVAILABLE
1786654363529,Forge,CAPTURE_OFF,2,World Flythrough,123.04,8.13,8.31,N/A,5658.01,N/A,0,0,0,0,N/A,UNAVAILABLE
1786654363541,Forge,CAPTURE_OFF,2,World Flythrough,92.99,10.75,8.31,N/A,5658.01,N/A,0,0,0,0,N/A,UNAVAILABLE
1786654363550,Forge,CAPTURE_OFF,2,World Flythrough,111.39,8.98,8.31,N/A,5658.01,N/A,0,0,0,0,N/A,UNAVAILABLE
1786654363564,Forge,CAPTURE_OFF,2,World Flythrough,66.22,15.10,8.31,N/A,5658.01,N/A,0,0,0,0,N/A,UNAVAILABLE
1786654363601,Forge,CAPTURE_OFF,2,World Flythrough,27.82,35.94,8.31,N/A,5658.01,N/A,0,0,0,0,N/A,UNAVAILABLE
1786654363615,Forge,CAPTURE_OFF,2,World Flythrough,67.50,14.81,8.31,N/A,5658.01,N/A,0,0,0,0,N/A,UNAVAILABLE
1786654363624,Forge,CAPTURE_OFF,2,World Flythrough,116.29,8.60,8.31,N/A,5658.01,N/A,0,0,0,0,N/A,UNAVAILABLE
1786654363631,Forge,CAPTURE_OFF,2,World Flythrough,143.77,6.96,8.31,N/A,5658.01,N/A,0,0,0,0,N/A,UNAVAILABLE
1786654363641,Forge,CAPTURE_OFF,2,World Flythrough,93.14,10.74,8.31,N/A,5658.01,N/A,0,0,0,0,N/A,UNAVAILABLE
1786654363653,Forge,CAPTURE_OFF,2,World Flythrough,91.64,10.91,8.31,N/A,5658.01,N/A,0,0,0,0,N/A,UNAVAILABLE
1786654363668,Forge,CAPTURE_OFF,2,World Flythrough,64.51,15.50,8.31,N/A,5658.01,N/A,0,0,0,0,N/A,UNAVAILABLE
1786654363676,Forge,CAPTURE_OFF,2,World Flythrough,134.12,7.46,8.31,N/A,5658.01,N/A,0,0,0,0,N/A,UNAVAILABLE
1786654363687,Forge,CAPTURE_OFF,2,World Flythrough,84.55,11.83,8.31,N/A,5658.01,N/A,0,0,0,0,N/A,UNAVAILABLE
1786654363694,Forge,CAPTURE_OFF,2,World Flythrough,137.72,7.26,8.31,N/A,5658.01,N/A,0,0,0,0,N/A,UNAVAILABLE
1786654363706,Forge,CAPTURE_OFF,2,World Flythrough,87.06,11.49,8.31,N/A,5658.01,N/A,0,0,0,0,N/A,UNAVAILABLE
1786654363721,Forge,CAPTURE_OFF,2,World Flythrough,65.27,15.32,8.31,N/A,5658.01,N/A,0,0,0,0,N/A,UNAVAILABLE
1786654363730,Forge,CAPTURE_OFF,2,World Flythrough,109.77,9.11,8.31,N/A,5658.01,N/A,0,0,0,0,N/A,UNAVAILABLE
1786654363736,Forge,CAPTURE_OFF,2,World Flythrough,152.39,6.56,8.31,N/A,5658.01,N/A,0,0,0,0,N/A,UNAVAILABLE
1786654363748,Forge,CAPTURE_OFF,2,World Flythrough,93.48,10.70,8.31,N/A,5658.01,N/A,0,0,0,0,N/A,UNAVAILABLE
1786654363758,Forge,CAPTURE_OFF,2,World Flythrough,96.81,10.33,8.31,N/A,5658.01,N/A,0,0,0,0,N/A,UNAVAILABLE
1786654363771,Forge,CAPTURE_OFF,2,World Flythrough,73.49,13.61,8.31,N/A,5658.01,N/A,0,0,0,0,N/A,UNAVAILABLE
1786654363779,Forge,CAPTURE_OFF,2,World Flythrough,121.40,8.24,8.31,N/A,5658.01,N/A,0,0,0,0,N/A,UNAVAILABLE
1786654363790,Forge,CAPTURE_OFF,2,World Flythrough,97.43,10.26,8.31,N/A,5658.01,N/A,0,0,0,0,N/A,UNAVAILABLE
1786654363797,Forge,CAPTURE_OFF,2,World Flythrough,128.17,7.80,8.31,N/A,5658.01,N/A,0,0,0,0,N/A,UNAVAILABLE
1786654363806,Forge,CAPTURE_OFF,2,World Flythrough,123.56,8.09,8.31,N/A,5658.01,N/A,0,0,0,0,N/A,UNAVAILABLE
1786654363821,Forge,CAPTURE_OFF,2,World Flythrough,67.11,14.90,8.31,N/A,5658.01,N/A,0,0,0,0,N/A,UNAVAILABLE
1786654363831,Forge,CAPTURE_OFF,2,World Flythrough,106.18,9.42,8.31,N/A,5658.01,N/A,0,0,0,0,N/A,UNAVAILABLE
1786654363842,Forge,CAPTURE_OFF,2,World Flythrough,85.97,11.63,8.31,N/A,5658.01,N/A,0,0,0,0,N/A,UNAVAILABLE
1786654363850,Forge,CAPTURE_OFF,2,World Flythrough,117.51,8.51,8.31,N/A,5658.01,N/A,0,0,0,0,N/A,UNAVAILABLE
1786654363865,Forge,CAPTURE_OFF,2,World Flythrough,69.32,14.43,8.31,N/A,5658.01,N/A,0,0,0,0,N/A,UNAVAILABLE
1786654363872,Forge,CAPTURE_OFF,2,World Flythrough,146.86,6.81,8.31,N/A,5658.01,N/A,0,0,0,0,N/A,UNAVAILABLE
1786654363884,Forge,CAPTURE_OFF,2,World Flythrough,81.85,12.22,8.31,N/A,5658.01,N/A,0,0,0,0,N/A,UNAVAILABLE
1786654363892,Forge,CAPTURE_OFF,2,World Flythrough,124.69,8.02,8.31,N/A,5658.01,N/A,0,0,0,0,N/A,UNAVAILABLE
1786654363903,Forge,CAPTURE_OFF,2,World Flythrough,85.85,11.65,8.31,N/A,5658.01,N/A,0,0,0,0,N/A,UNAVAILABLE
1786654363915,Forge,CAPTURE_OFF,2,World Flythrough,85.51,11.70,8.31,N/A,5658.01,N/A,0,0,0,0,N/A,UNAVAILABLE
1786654363968,Forge,CAPTURE_OFF,2,World Flythrough,125.17,7.99,11.81,N/A,5802.39,N/A,0,0,0,0,N/A,UNAVAILABLE
1786654363982,Forge,CAPTURE_OFF,2,World Flythrough,16.98,58.88,11.81,N/A,5802.39,N/A,0,0,0,0,N/A,UNAVAILABLE
1786654363989,Forge,CAPTURE_OFF,2,World Flythrough,154.60,6.47,11.81,N/A,5802.39,N/A,0,0,0,0,N/A,UNAVAILABLE
1786654363999,Forge,CAPTURE_OFF,2,World Flythrough,94.71,10.56,11.81,N/A,5802.39,N/A,0,0,0,0,N/A,UNAVAILABLE
1786654364006,Forge,CAPTURE_OFF,2,World Flythrough,136.48,7.33,11.81,N/A,5802.39,N/A,0,0,0,0,N/A,UNAVAILABLE
1786654364018,Forge,CAPTURE_OFF,2,World Flythrough,80.40,12.44,11.81,N/A,5802.39,N/A,0,0,0,0,N/A,UNAVAILABLE
1786654364028,Forge,CAPTURE_OFF,2,World Flythrough,113.70,8.80,11.81,N/A,5802.39,N/A,0,0,0,0,N/A,UNAVAILABLE
1786654364037,Forge,CAPTURE_OFF,2,World Flythrough,96.23,10.39,11.81,N/A,5802.39,N/A,0,0,0,0,N/A,UNAVAILABLE
1786654364047,Forge,CAPTURE_OFF,2,World Flythrough,111.81,8.94,11.81,N/A,5802.39,N/A,0,0,0,0,N/A,UNAVAILABLE
1786654364058,Forge,CAPTURE_OFF,2,World Flythrough,91.85,10.89,11.81,N/A,5802.39,N/A,0,0,0,0,N/A,UNAVAILABLE
1786654364073,Forge,CAPTURE_OFF,2,World Flythrough,63.08,15.85,11.81,N/A,5802.39,N/A,0,0,0,0,N/A,UNAVAILABLE
1786654364083,Forge,CAPTURE_OFF,2,World Flythrough,107.57,9.30,11.81,N/A,5802.39,N/A,0,0,0,0,N/A,UNAVAILABLE
1786654364094,Forge,CAPTURE_OFF,2,World Flythrough,84.60,11.82,11.81,N/A,5802.39,N/A,0,0,0,0,N/A,UNAVAILABLE
1786654364106,Forge,CAPTURE_OFF,2,World Flythrough,90.93,11.00,11.81,N/A,5802.39,N/A,0,0,0,0,N/A,UNAVAILABLE
1786654364121,Forge,CAPTURE_OFF,2,World Flythrough,66.70,14.99,11.81,N/A,5802.39,N/A,0,0,0,0,N/A,UNAVAILABLE
1786654364126,Forge,CAPTURE_OFF,2,World Flythrough,161.21,6.20,11.81,N/A,5802.39,N/A,0,0,0,0,N/A,UNAVAILABLE
1786654364133,Forge,CAPTURE_OFF,2,World Flythrough,169.03,5.92,11.81,N/A,5802.39,N/A,0,0,0,0,N/A,UNAVAILABLE
1786654364143,Forge,CAPTURE_OFF,2,World Flythrough,102.18,9.79,11.81,N/A,5802.39,N/A,0,0,0,0,N/A,UNAVAILABLE
1786654364149,Forge,CAPTURE_OFF,2,World Flythrough,142.00,7.04,11.81,N/A,5802.39,N/A,0,0,0,0,N/A,UNAVAILABLE
1786654364165,Forge,CAPTURE_OFF,2,World Flythrough,67.16,14.89,11.81,N/A,5802.39,N/A,0,0,0,0,N/A,UNAVAILABLE
1786654364173,Forge,CAPTURE_OFF,2,World Flythrough,118.92,8.41,11.81,N/A,5802.39,N/A,0,0,0,0,N/A,UNAVAILABLE
1786654364182,Forge,CAPTURE_OFF,2,World Flythrough,107.35,9.32,11.81,N/A,5802.39,N/A,0,0,0,0,N/A,UNAVAILABLE
1786654364188,Forge,CAPTURE_OFF,2,World Flythrough,156.36,6.40,11.81,N/A,5802.39,N/A,0,0,0,0,N/A,UNAVAILABLE
1786654364199,Forge,CAPTURE_OFF,2,World Flythrough,96.92,10.32,11.81,N/A,5802.39,N/A,0,0,0,0,N/A,UNAVAILABLE
1786654364205,Forge,CAPTURE_OFF,2,World Flythrough,179.90,5.56,11.81,N/A,5802.39,N/A,0,0,0,0,N/A,UNAVAILABLE
1786654364219,Forge,CAPTURE_OFF,2,World Flythrough,71.17,14.05,11.81,N/A,5802.39,N/A,0,0,0,0,N/A,UNAVAILABLE
1786654364226,Forge,CAPTURE_OFF,2,World Flythrough,130.47,7.66,11.81,N/A,5802.39,N/A,0,0,0,0,N/A,UNAVAILABLE
1786654364234,Forge,CAPTURE_OFF,2,World Flythrough,126.65,7.90,11.81,N/A,5802.39,N/A,0,0,0,0,N/A,UNAVAILABLE
1786654364241,Forge,CAPTURE_OFF,2,World Flythrough,142.68,7.01,11.81,N/A,5802.39,N/A,0,0,0,0,N/A,UNAVAILABLE
1786654364247,Forge,CAPTURE_OFF,2,World Flythrough,164.13,6.09,11.81,N/A,5802.39,N/A,0,0,0,0,N/A,UNAVAILABLE
1786654364256,Forge,CAPTURE_OFF,2,World Flythrough,99.10,10.09,11.81,N/A,5802.39,N/A,0,0,0,0,N/A,UNAVAILABLE
1786654364276,Forge,CAPTURE_OFF,2,World Flythrough,52.96,18.88,11.81,N/A,5802.39,N/A,0,0,0,0,N/A,UNAVAILABLE
1786654364285,Forge,CAPTURE_OFF,2,World Flythrough,111.71,8.95,11.81,N/A,5802.39,N/A,0,0,0,0,N/A,UNAVAILABLE
1786654364296,Forge,CAPTURE_OFF,2,World Flythrough,85.86,11.65,11.81,N/A,5802.39,N/A,0,0,0,0,N/A,UNAVAILABLE
1786654364304,Forge,CAPTURE_OFF,2,World Flythrough,151.22,6.61,11.81,N/A,5802.39,N/A,0,0,0,0,N/A,UNAVAILABLE
1786654364320,Forge,CAPTURE_OFF,2,World Flythrough,59.94,16.68,11.81,N/A,5802.39,N/A,0,0,0,0,N/A,UNAVAILABLE
1786654364329,Forge,CAPTURE_OFF,2,World Flythrough,119.06,8.40,11.81,N/A,5802.39,N/A,0,0,0,0,N/A,UNAVAILABLE
1786654364339,Forge,CAPTURE_OFF,2,World Flythrough,100.05,10.00,11.81,N/A,5802.39,N/A,0,0,0,0,N/A,UNAVAILABLE
1786654364351,Forge,CAPTURE_OFF,2,World Flythrough,80.81,12.38,11.81,N/A,5802.39,N/A,0,0,0,0,N/A,UNAVAILABLE
1786654364366,Forge,CAPTURE_OFF,2,World Flythrough,61.69,16.21,11.81,N/A,5802.39,N/A,0,0,0,0,N/A,UNAVAILABLE
1786654364376,Forge,CAPTURE_OFF,2,World Flythrough,121.74,8.21,11.81,N/A,5802.39,N/A,0,0,0,0,N/A,UNAVAILABLE
1786654364386,Forge,CAPTURE_OFF,2,World Flythrough,93.76,10.67,11.81,N/A,5802.39,N/A,0,0,0,0,N/A,UNAVAILABLE
1786654364393,Forge,CAPTURE_OFF,2,World Flythrough,154.56,6.47,11.81,N/A,5802.39,N/A,0,0,0,0,N/A,UNAVAILABLE
1786654364403,Forge,CAPTURE_OFF,2,World Flythrough,94.59,10.57,11.81,N/A,5802.39,N/A,0,0,0,0,N/A,UNAVAILABLE
1786654364418,Forge,CAPTURE_OFF,2,World Flythrough,67.46,14.82,11.81,N/A,5802.39,N/A,0,0,0,0,N/A,UNAVAILABLE
1786654364428,Forge,CAPTURE_OFF,2,World Flythrough,103.04,9.70,11.81,N/A,5802.39,N/A,0,0,0,0,N/A,UNAVAILABLE
1786654364438,Forge,CAPTURE_OFF,2,World Flythrough,95.05,10.52,11.81,N/A,5802.39,N/A,0,0,0,0,N/A,UNAVAILABLE
1786654364450,Forge,CAPTURE_OFF,2,World Flythrough,89.91,11.12,11.81,N/A,5802.39,N/A,0,0,0,0,N/A,UNAVAILABLE
1786654364461,Forge,CAPTURE_OFF,2,World Flythrough,89.72,11.15,11.81,N/A,5802.39,N/A,0,0,0,0,N/A,UNAVAILABLE
1786654364468,Forge,CAPTURE_OFF,2,World Flythrough,138.62,7.21,11.81,N/A,5802.39,N/A,0,0,0,0,N/A,UNAVAILABLE
1786654364480,Forge,CAPTURE_OFF,2,World Flythrough,85.11,11.75,11.81,N/A,5802.39,N/A,0,0,0,0,N/A,UNAVAILABLE
1786654364489,Forge,CAPTURE_OFF,2,World Flythrough,107.31,9.32,11.81,N/A,5802.39,N/A,0,0,0,0,N/A,UNAVAILABLE
1786654364500,Forge,CAPTURE_OFF,2,World Flythrough,88.17,11.34,11.81,N/A,5802.39,N/A,0,0,0,0,N/A,UNAVAILABLE
1786654364520,Forge,CAPTURE_OFF,2,World Flythrough,49.26,20.30,11.81,N/A,5802.39,N/A,0,0,0,0,N/A,UNAVAILABLE
1786654364528,Forge,CAPTURE_OFF,2,World Flythrough,130.28,7.68,11.81,N/A,5802.39,N/A,0,0,0,0,N/A,UNAVAILABLE
1786654364534,Forge,CAPTURE_OFF,2,World Flythrough,163.56,6.11,11.81,N/A,5802.39,N/A,0,0,0,0,N/A,UNAVAILABLE
1786654364544,Forge,CAPTURE_OFF,2,World Flythrough,95.63,10.46,11.81,N/A,5802.39,N/A,0,0,0,0,N/A,UNAVAILABLE
1786654364554,Forge,CAPTURE_OFF,2,World Flythrough,107.41,9.31,11.81,N/A,5802.39,N/A,0,0,0,0,N/A,UNAVAILABLE
1786654364570,Forge,CAPTURE_OFF,2,World Flythrough,62.52,15.99,11.81,N/A,5802.39,N/A,0,0,0,0,N/A,UNAVAILABLE
1786654364579,Forge,CAPTURE_OFF,2,World Flythrough,105.90,9.44,11.81,N/A,5802.39,N/A,0,0,0,0,N/A,UNAVAILABLE
1786654364589,Forge,CAPTURE_OFF,2,World Flythrough,111.76,8.95,11.81,N/A,5802.39,N/A,0,0,0,0,N/A,UNAVAILABLE
1786654364599,Forge,CAPTURE_OFF,2,World Flythrough,91.12,10.97,11.81,N/A,5802.39,N/A,0,0,0,0,N/A,UNAVAILABLE
1786654364614,Forge,CAPTURE_OFF,2,World Flythrough,65.15,15.35,11.81,N/A,5802.39,N/A,0,0,0,0,N/A,UNAVAILABLE
1786654364621,Forge,CAPTURE_OFF,2,World Flythrough,160.31,6.24,11.81,N/A,5802.39,N/A,0,0,0,0,N/A,UNAVAILABLE
1786654364628,Forge,CAPTURE_OFF,2,World Flythrough,143.91,6.95,11.81,N/A,5802.39,N/A,0,0,0,0,N/A,UNAVAILABLE
1786654364636,Forge,CAPTURE_OFF,2,World Flythrough,111.67,8.96,11.81,N/A,5802.39,N/A,0,0,0,0,N/A,UNAVAILABLE
1786654364643,Forge,CAPTURE_OFF,2,World Flythrough,159.92,6.25,11.81,N/A,5802.39,N/A,0,0,0,0,N/A,UNAVAILABLE
1786654364653,Forge,CAPTURE_OFF,2,World Flythrough,99.57,10.04,11.81,N/A,5802.39,N/A,0,0,0,0,N/A,UNAVAILABLE
1786654364666,Forge,CAPTURE_OFF,2,World Flythrough,76.60,13.06,11.81,N/A,5802.39,N/A,0,0,0,0,N/A,UNAVAILABLE
1786654364675,Forge,CAPTURE_OFF,2,World Flythrough,123.17,8.12,11.81,N/A,5802.39,N/A,0,0,0,0,N/A,UNAVAILABLE
1786654364681,Forge,CAPTURE_OFF,2,World Flythrough,148.08,6.75,11.81,N/A,5802.39,N/A,0,0,0,0,N/A,UNAVAILABLE
1786654364688,Forge,CAPTURE_OFF,2,World Flythrough,151.35,6.61,11.81,N/A,5802.39,N/A,0,0,0,0,N/A,UNAVAILABLE
1786654364697,Forge,CAPTURE_OFF,2,World Flythrough,105.50,9.48,11.81,N/A,5802.39,N/A,0,0,0,0,N/A,UNAVAILABLE
1786654364705,Forge,CAPTURE_OFF,2,World Flythrough,128.14,7.80,11.81,N/A,5802.39,N/A,0,0,0,0,N/A,UNAVAILABLE
1786654364725,Forge,CAPTURE_OFF,2,World Flythrough,50.07,19.97,11.81,N/A,5802.39,N/A,0,0,0,0,N/A,UNAVAILABLE
1786654364735,Forge,CAPTURE_OFF,2,World Flythrough,94.54,10.58,11.81,N/A,5802.39,N/A,0,0,0,0,N/A,UNAVAILABLE
1786654364744,Forge,CAPTURE_OFF,2,World Flythrough,121.30,8.24,11.81,N/A,5802.39,N/A,0,0,0,0,N/A,UNAVAILABLE
1786654364750,Forge,CAPTURE_OFF,2,World Flythrough,163.47,6.12,11.81,N/A,5802.39,N/A,0,0,0,0,N/A,UNAVAILABLE
1786654364765,Forge,CAPTURE_OFF,2,World Flythrough,64.92,15.40,11.81,N/A,5802.39,N/A,0,0,0,0,N/A,UNAVAILABLE
1786654364772,Forge,CAPTURE_OFF,2,World Flythrough,140.12,7.14,11.81,N/A,5802.39,N/A,0,0,0,0,N/A,UNAVAILABLE
1786654364784,Forge,CAPTURE_OFF,2,World Flythrough,88.63,11.28,11.81,N/A,5802.39,N/A,0,0,0,0,N/A,UNAVAILABLE
1786654364793,Forge,CAPTURE_OFF,2,World Flythrough,105.45,9.48,11.81,N/A,5802.39,N/A,0,0,0,0,N/A,UNAVAILABLE
1786654364802,Forge,CAPTURE_OFF,2,World Flythrough,108.96,9.18,11.81,N/A,5802.39,N/A,0,0,0,0,N/A,UNAVAILABLE
1786654364818,Forge,CAPTURE_OFF,2,World Flythrough,63.45,15.76,11.81,N/A,5802.39,N/A,0,0,0,0,N/A,UNAVAILABLE
1786654364828,Forge,CAPTURE_OFF,2,World Flythrough,99.29,10.07,11.81,N/A,5802.39,N/A,0,0,0,0,N/A,UNAVAILABLE
1786654364835,Forge,CAPTURE_OFF,2,World Flythrough,153.49,6.51,11.81,N/A,5802.39,N/A,0,0,0,0,N/A,UNAVAILABLE
1786654364846,Forge,CAPTURE_OFF,2,World Flythrough,89.52,11.17,11.81,N/A,5802.39,N/A,0,0,0,0,N/A,UNAVAILABLE
1786654364852,Forge,CAPTURE_OFF,2,World Flythrough,143.93,6.95,11.81,N/A,5802.39,N/A,0,0,0,0,N/A,UNAVAILABLE
1786654364871,Forge,CAPTURE_OFF,2,World Flythrough,53.65,18.64,11.81,N/A,5802.39,N/A,0,0,0,0,N/A,UNAVAILABLE
1786654364879,Forge,CAPTURE_OFF,2,World Flythrough,137.16,7.29,11.81,N/A,5802.39,N/A,0,0,0,0,N/A,UNAVAILABLE
1786654364890,Forge,CAPTURE_OFF,2,World Flythrough,89.48,11.18,11.81,N/A,5802.39,N/A,0,0,0,0,N/A,UNAVAILABLE
1786654364898,Forge,CAPTURE_OFF,2,World Flythrough,127.43,7.85,11.81,N/A,5802.39,N/A,0,0,0,0,N/A,UNAVAILABLE
1786654364909,Forge,CAPTURE_OFF,2,World Flythrough,89.65,11.15,11.81,N/A,5802.39,N/A,0,0,0,0,N/A,UNAVAILABLE
1786654364961,Forge,CAPTURE_OFF,2,World Flythrough,63.91,15.65,8.85,N/A,5930.39,N/A,0,0,0,0,N/A,UNAVAILABLE
1786654364974,Forge,CAPTURE_OFF,2,World Flythrough,20.42,48.97,8.85,N/A,5930.39,N/A,0,0,0,0,N/A,UNAVAILABLE
1786654364979,Forge,CAPTURE_OFF,2,World Flythrough,166.28,6.01,8.85,N/A,5930.39,N/A,0,0,0,0,N/A,UNAVAILABLE
1786654364986,Forge,CAPTURE_OFF,2,World Flythrough,141.85,7.05,8.85,N/A,5930.39,N/A,0,0,0,0,N/A,UNAVAILABLE
1786654364995,Forge,CAPTURE_OFF,2,World Flythrough,119.83,8.35,8.85,N/A,5930.39,N/A,0,0,0,0,N/A,UNAVAILABLE
1786654365002,Forge,CAPTURE_OFF,2,World Flythrough,129.08,7.75,8.85,N/A,5930.39,N/A,0,0,0,0,N/A,UNAVAILABLE
1786654365019,Forge,CAPTURE_OFF,2,World Flythrough,59.82,16.72,8.85,N/A,5930.39,N/A,0,0,0,0,N/A,UNAVAILABLE
1786654365031,Forge,CAPTURE_OFF,2,World Flythrough,80.49,12.42,8.85,N/A,5930.39,N/A,0,0,0,0,N/A,UNAVAILABLE
1786654365041,Forge,CAPTURE_OFF,2,World Flythrough,110.45,9.05,8.85,N/A,5930.39,N/A,0,0,0,0,N/A,UNAVAILABLE
1786654365051,Forge,CAPTURE_OFF,2,World Flythrough,95.30,10.49,8.85,N/A,5930.39,N/A,0,0,0,0,N/A,UNAVAILABLE
1786654365064,Forge,CAPTURE_OFF,2,World Flythrough,75.19,13.30,8.85,N/A,5930.39,N/A,0,0,0,0,N/A,UNAVAILABLE
1786654365075,Forge,CAPTURE_OFF,2,World Flythrough,97.51,10.26,8.85,N/A,5930.39,N/A,0,0,0,0,N/A,UNAVAILABLE
1786654365085,Forge,CAPTURE_OFF,2,World Flythrough,105.98,9.44,8.85,N/A,5930.39,N/A,0,0,0,0,N/A,UNAVAILABLE
1786654365095,Forge,CAPTURE_OFF,2,World Flythrough,91.79,10.89,8.85,N/A,5930.39,N/A,0,0,0,0,N/A,UNAVAILABLE
1786654365103,Forge,CAPTURE_OFF,2,World Flythrough,116.05,8.62,8.85,N/A,5930.39,N/A,0,0,0,0,N/A,UNAVAILABLE
1786654365116,Forge,CAPTURE_OFF,2,World Flythrough,83.06,12.04,8.85,N/A,5930.39,N/A,0,0,0,0,N/A,UNAVAILABLE
1786654365124,Forge,CAPTURE_OFF,2,World Flythrough,111.47,8.97,8.85,N/A,5930.39,N/A,0,0,0,0,N/A,UNAVAILABLE
1786654365131,Forge,CAPTURE_OFF,2,World Flythrough,148.84,6.72,8.85,N/A,5930.39,N/A,0,0,0,0,N/A,UNAVAILABLE
1786654365140,Forge,CAPTURE_OFF,2,World Flythrough,118.04,8.47,8.85,N/A,5930.39,N/A,0,0,0,0,N/A,UNAVAILABLE
1786654365148,Forge,CAPTURE_OFF,2,World Flythrough,121.51,8.23,8.85,N/A,5930.39,N/A,0,0,0,0,N/A,UNAVAILABLE
1786654365157,Forge,CAPTURE_OFF,2,World Flythrough,107.98,9.26,8.85,N/A,5930.39,N/A,0,0,0,0,N/A,UNAVAILABLE
1786654365172,Forge,CAPTURE_OFF,2,World Flythrough,68.94,14.50,8.85,N/A,5930.39,N/A,0,0,0,0,N/A,UNAVAILABLE
1786654365182,Forge,CAPTURE_OFF,2,World Flythrough,108.77,9.19,8.85,N/A,5930.39,N/A,0,0,0,0,N/A,UNAVAILABLE
1786654365188,Forge,CAPTURE_OFF,2,World Flythrough,144.01,6.94,8.85,N/A,5930.39,N/A,0,0,0,0,N/A,UNAVAILABLE
1786654365195,Forge,CAPTURE_OFF,2,World Flythrough,143.19,6.98,8.85,N/A,5930.39,N/A,0,0,0,0,N/A,UNAVAILABLE
1786654365205,Forge,CAPTURE_OFF,2,World Flythrough,106.40,9.40,8.85,N/A,5930.39,N/A,0,0,0,0,N/A,UNAVAILABLE
1786654365218,Forge,CAPTURE_OFF,2,World Flythrough,74.73,13.38,8.85,N/A,5930.39,N/A,0,0,0,0,N/A,UNAVAILABLE
1786654365226,Forge,CAPTURE_OFF,2,World Flythrough,121.97,8.20,8.85,N/A,5930.39,N/A,0,0,0,0,N/A,UNAVAILABLE
1786654365235,Forge,CAPTURE_OFF,2,World Flythrough,117.40,8.52,8.85,N/A,5930.39,N/A,0,0,0,0,N/A,UNAVAILABLE
1786654365244,Forge,CAPTURE_OFF,2,World Flythrough,102.92,9.72,8.85,N/A,5930.39,N/A,0,0,0,0,N/A,UNAVAILABLE
1786654365253,Forge,CAPTURE_OFF,2,World Flythrough,122.22,8.18,8.85,N/A,5930.39,N/A,0,0,0,0,N/A,UNAVAILABLE
1786654365268,Forge,CAPTURE_OFF,2,World Flythrough,64.66,15.47,8.85,N/A,5930.39,N/A,0,0,0,0,N/A,UNAVAILABLE
1786654365274,Forge,CAPTURE_OFF,2,World Flythrough,165.50,6.04,8.85,N/A,5930.39,N/A,0,0,0,0,N/A,UNAVAILABLE
1786654365284,Forge,CAPTURE_OFF,2,World Flythrough,96.68,10.34,8.85,N/A,5930.39,N/A,0,0,0,0,N/A,UNAVAILABLE
1786654365295,Forge,CAPTURE_OFF,2,World Flythrough,99.52,10.05,8.85,N/A,5930.39,N/A,0,0,0,0,N/A,UNAVAILABLE
1786654365305,Forge,CAPTURE_OFF,2,World Flythrough,90.45,11.06,8.85,N/A,5930.39,N/A,0,0,0,0,N/A,UNAVAILABLE
1786654365316,Forge,CAPTURE_OFF,2,World Flythrough,98.90,10.11,8.85,N/A,5930.39,N/A,0,0,0,0,N/A,UNAVAILABLE
1786654365323,Forge,CAPTURE_OFF,2,World Flythrough,131.82,7.59,8.85,N/A,5930.39,N/A,0,0,0,0,N/A,UNAVAILABLE
1786654365334,Forge,CAPTURE_OFF,2,World Flythrough,96.73,10.34,8.85,N/A,5930.39,N/A,0,0,0,0,N/A,UNAVAILABLE
1786654365341,Forge,CAPTURE_OFF,2,World Flythrough,136.30,7.34,8.85,N/A,5930.39,N/A,0,0,0,0,N/A,UNAVAILABLE
1786654365352,Forge,CAPTURE_OFF,2,World Flythrough,93.12,10.74,8.85,N/A,5930.39,N/A,0,0,0,0,N/A,UNAVAILABLE
1786654365370,Forge,CAPTURE_OFF,2,World Flythrough,52.36,19.10,8.85,N/A,5930.39,N/A,0,0,0,0,N/A,UNAVAILABLE
1786654365379,Forge,CAPTURE_OFF,2,World Flythrough,116.61,8.58,8.85,N/A,5930.39,N/A,0,0,0,0,N/A,UNAVAILABLE
1786654365385,Forge,CAPTURE_OFF,2,World Flythrough,161.29,6.20,8.85,N/A,5930.39,N/A,0,0,0,0,N/A,UNAVAILABLE
1786654365395,Forge,CAPTURE_OFF,2,World Flythrough,105.40,9.49,8.85,N/A,5930.39,N/A,0,0,0,0,N/A,UNAVAILABLE
1786654365404,Forge,CAPTURE_OFF,2,World Flythrough,116.44,8.59,8.85,N/A,5930.39,N/A,0,0,0,0,N/A,UNAVAILABLE
1786654365419,Forge,CAPTURE_OFF,2,World Flythrough,64.41,15.53,8.85,N/A,5930.39,N/A,0,0,0,0,N/A,UNAVAILABLE
1786654365430,Forge,CAPTURE_OFF,2,World Flythrough,92.99,10.75,8.85,N/A,5930.39,N/A,0,0,0,0,N/A,UNAVAILABLE
1786654365441,Forge,CAPTURE_OFF,2,World Flythrough,84.23,11.87,8.85,N/A,5930.39,N/A,0,0,0,0,N/A,UNAVAILABLE
1786654365450,Forge,CAPTURE_OFF,2,World Flythrough,120.67,8.29,8.85,N/A,5930.39,N/A,0,0,0,0,N/A,UNAVAILABLE
1786654365466,Forge,CAPTURE_OFF,2,World Flythrough,60.78,16.45,8.85,N/A,5930.39,N/A,0,0,0,0,N/A,UNAVAILABLE
1786654365474,Forge,CAPTURE_OFF,2,World Flythrough,133.05,7.52,8.85,N/A,5930.39,N/A,0,0,0,0,N/A,UNAVAILABLE
1786654365490,Forge,CAPTURE_OFF,2,World Flythrough,63.37,15.78,8.85,N/A,5930.39,N/A,0,0,0,0,N/A,UNAVAILABLE
1786654365496,Forge,CAPTURE_OFF,2,World Flythrough,167.54,5.97,8.85,N/A,5930.39,N/A,0,0,0,0,N/A,UNAVAILABLE
1786654365506,Forge,CAPTURE_OFF,2,World Flythrough,94.48,10.58,8.85,N/A,5930.39,N/A,0,0,0,0,N/A,UNAVAILABLE
1786654365522,Forge,CAPTURE_OFF,2,World Flythrough,61.89,16.16,8.85,N/A,5930.39,N/A,0,0,0,0,N/A,UNAVAILABLE
1786654365533,Forge,CAPTURE_OFF,2,World Flythrough,94.46,10.59,8.85,N/A,5930.39,N/A,0,0,0,0,N/A,UNAVAILABLE
1786654365540,Forge,CAPTURE_OFF,2,World Flythrough,136.89,7.31,8.85,N/A,5930.39,N/A,0,0,0,0,N/A,UNAVAILABLE
1786654365550,Forge,CAPTURE_OFF,2,World Flythrough,106.42,9.40,8.85,N/A,5930.39,N/A,0,0,0,0,N/A,UNAVAILABLE
1786654365564,Forge,CAPTURE_OFF,2,World Flythrough,67.76,14.76,8.85,N/A,5930.39,N/A,0,0,0,0,N/A,UNAVAILABLE
1786654365576,Forge,CAPTURE_OFF,2,World Flythrough,87.35,11.45,8.85,N/A,5930.39,N/A,0,0,0,0,N/A,UNAVAILABLE
1786654365588,Forge,CAPTURE_OFF,2,World Flythrough,86.22,11.60,8.85,N/A,5930.39,N/A,0,0,0,0,N/A,UNAVAILABLE
1786654365599,Forge,CAPTURE_OFF,2,World Flythrough,85.74,11.66,8.85,N/A,5930.39,N/A,0,0,0,0,N/A,UNAVAILABLE
1786654365613,Forge,CAPTURE_OFF,2,World Flythrough,69.53,14.38,8.85,N/A,5930.39,N/A,0,0,0,0,N/A,UNAVAILABLE
1786654365620,Forge,CAPTURE_OFF,2,World Flythrough,149.83,6.67,8.85,N/A,5930.39,N/A,0,0,0,0,N/A,UNAVAILABLE
1786654365633,Forge,CAPTURE_OFF,2,World Flythrough,80.94,12.35,8.85,N/A,5930.39,N/A,0,0,0,0,N/A,UNAVAILABLE
1786654365642,Forge,CAPTURE_OFF,2,World Flythrough,108.77,9.19,8.85,N/A,5930.39,N/A,0,0,0,0,N/A,UNAVAILABLE
1786654365652,Forge,CAPTURE_OFF,2,World Flythrough,100.60,9.94,8.85,N/A,5930.39,N/A,0,0,0,0,N/A,UNAVAILABLE
1786654365665,Forge,CAPTURE_OFF,2,World Flythrough,73.86,13.54,8.85,N/A,5930.39,N/A,0,0,0,0,N/A,UNAVAILABLE
1786654365673,Forge,CAPTURE_OFF,2,World Flythrough,138.64,7.21,8.85,N/A,5930.39,N/A,0,0,0,0,N/A,UNAVAILABLE
1786654365682,Forge,CAPTURE_OFF,2,World Flythrough,97.28,10.28,8.85,N/A,5930.39,N/A,0,0,0,0,N/A,UNAVAILABLE
1786654365690,Forge,CAPTURE_OFF,2,World Flythrough,150.05,6.66,8.85,N/A,5930.39,N/A,0,0,0,0,N/A,UNAVAILABLE
1786654365699,Forge,CAPTURE_OFF,2,World Flythrough,100.03,10.00,8.85,N/A,5930.39,N/A,0,0,0,0,N/A,UNAVAILABLE
1786654365712,Forge,CAPTURE_OFF,2,World Flythrough,75.54,13.24,8.85,N/A,5930.39,N/A,0,0,0,0,N/A,UNAVAILABLE
1786654365722,Forge,CAPTURE_OFF,2,World Flythrough,115.59,8.65,8.85,N/A,5930.39,N/A,0,0,0,0,N/A,UNAVAILABLE
1786654365731,Forge,CAPTURE_OFF,2,World Flythrough,102.62,9.74,8.85,N/A,5930.39,N/A,0,0,0,0,N/A,UNAVAILABLE
1786654365739,Forge,CAPTURE_OFF,2,World Flythrough,121.35,8.24,8.85,N/A,5930.39,N/A,0,0,0,0,N/A,UNAVAILABLE
1786654365747,Forge,CAPTURE_OFF,2,World Flythrough,122.53,8.16,8.85,N/A,5930.39,N/A,0,0,0,0,N/A,UNAVAILABLE
1786654365757,Forge,CAPTURE_OFF,2,World Flythrough,107.00,9.35,8.85,N/A,5930.39,N/A,0,0,0,0,N/A,UNAVAILABLE
1786654365768,Forge,CAPTURE_OFF,2,World Flythrough,90.75,11.02,8.85,N/A,5930.39,N/A,0,0,0,0,N/A,UNAVAILABLE
1786654365775,Forge,CAPTURE_OFF,2,World Flythrough,147.74,6.77,8.85,N/A,5930.39,N/A,0,0,0,0,N/A,UNAVAILABLE
1786654365785,Forge,CAPTURE_OFF,2,World Flythrough,94.08,10.63,8.85,N/A,5930.39,N/A,0,0,0,0,N/A,UNAVAILABLE
1786654365796,Forge,CAPTURE_OFF,2,World Flythrough,97.32,10.28,8.85,N/A,5930.39,N/A,0,0,0,0,N/A,UNAVAILABLE
1786654365804,Forge,CAPTURE_OFF,2,World Flythrough,112.46,8.89,8.85,N/A,5930.39,N/A,0,0,0,0,N/A,UNAVAILABLE
1786654365817,Forge,CAPTURE_OFF,2,World Flythrough,78.06,12.81,8.85,N/A,5930.39,N/A,0,0,0,0,N/A,UNAVAILABLE
1786654365826,Forge,CAPTURE_OFF,2,World Flythrough,112.80,8.87,8.85,N/A,5930.39,N/A,0,0,0,0,N/A,UNAVAILABLE
1786654365832,Forge,CAPTURE_OFF,2,World Flythrough,166.60,6.00,8.85,N/A,5930.39,N/A,0,0,0,0,N/A,UNAVAILABLE
1786654365842,Forge,CAPTURE_OFF,2,World Flythrough,97.52,10.25,8.85,N/A,5930.39,N/A,0,0,0,0,N/A,UNAVAILABLE
1786654365849,Forge,CAPTURE_OFF,2,World Flythrough,155.55,6.43,8.85,N/A,5930.39,N/A,0,0,0,0,N/A,UNAVAILABLE
1786654365858,Forge,CAPTURE_OFF,2,World Flythrough,115.23,8.68,8.85,N/A,5930.39,N/A,0,0,0,0,N/A,UNAVAILABLE
1786654365869,Forge,CAPTURE_OFF,2,World Flythrough,87.95,11.37,8.85,N/A,5930.39,N/A,0,0,0,0,N/A,UNAVAILABLE
1786654365876,Forge,CAPTURE_OFF,2,World Flythrough,144.87,6.90,8.85,N/A,5930.39,N/A,0,0,0,0,N/A,UNAVAILABLE
1786654365886,Forge,CAPTURE_OFF,2,World Flythrough,103.91,9.62,8.85,N/A,5930.39,N/A,0,0,0,0,N/A,UNAVAILABLE
1786654365892,Forge,CAPTURE_OFF,2,World Flythrough,141.13,7.09,8.85,N/A,5930.39,N/A,0,0,0,0,N/A,UNAVAILABLE
1786654365903,Forge,CAPTURE_OFF,2,World Flythrough,97.01,10.31,8.85,N/A,5930.39,N/A,0,0,0,0,N/A,UNAVAILABLE
1786654365918,Forge,CAPTURE_OFF,2,World Flythrough,65.61,15.24,8.85,N/A,5930.39,N/A,0,0,0,0,N/A,UNAVAILABLE
1786654365965,Forge,CAPTURE_OFF,2,World Flythrough,111.55,8.96,8.64,N/A,5343.81,N/A,0,0,0,0,N/A,UNAVAILABLE
1786654365981,Forge,CAPTURE_OFF,2,World Flythrough,18.36,54.47,8.64,N/A,5343.81,N/A,0,0,0,0,N/A,UNAVAILABLE
1786654365989,Forge,CAPTURE_OFF,2,World Flythrough,142.11,7.04,8.64,N/A,5343.81,N/A,0,0,0,0,N/A,UNAVAILABLE
1786654366000,Forge,CAPTURE_OFF,2,World Flythrough,91.61,10.92,8.64,N/A,5343.81,N/A,0,0,0,0,N/A,UNAVAILABLE
1786654366012,Forge,CAPTURE_OFF,2,World Flythrough,84.14,11.89,8.64,N/A,5343.81,N/A,0,0,0,0,N/A,UNAVAILABLE
1786654366022,Forge,CAPTURE_OFF,2,World Flythrough,96.14,10.40,8.64,N/A,5343.81,N/A,0,0,0,0,N/A,UNAVAILABLE
1786654366029,Forge,CAPTURE_OFF,2,World Flythrough,134.61,7.43,8.64,N/A,5343.81,N/A,0,0,0,0,N/A,UNAVAILABLE
1786654366035,Forge,CAPTURE_OFF,2,World Flythrough,145.05,6.89,8.64,N/A,5343.81,N/A,0,0,0,0,N/A,UNAVAILABLE
1786654366046,Forge,CAPTURE_OFF,2,World Flythrough,91.34,10.95,8.64,N/A,5343.81,N/A,0,0,0,0,N/A,UNAVAILABLE
1786654366053,Forge,CAPTURE_OFF,2,World Flythrough,162.46,6.16,8.64,N/A,5343.81,N/A,0,0,0,0,N/A,UNAVAILABLE
1786654366069,Forge,CAPTURE_OFF,2,World Flythrough,63.78,15.68,8.64,N/A,5343.81,N/A,0,0,0,0,N/A,UNAVAILABLE
1786654366076,Forge,CAPTURE_OFF,2,World Flythrough,136.80,7.31,8.64,N/A,5343.81,N/A,0,0,0,0,N/A,UNAVAILABLE
1786654366087,Forge,CAPTURE_OFF,2,World Flythrough,85.95,11.64,8.64,N/A,5343.81,N/A,0,0,0,0,N/A,UNAVAILABLE
1786654366095,Forge,CAPTURE_OFF,2,World Flythrough,129.33,7.73,8.64,N/A,5343.81,N/A,0,0,0,0,N/A,UNAVAILABLE
1786654366107,Forge,CAPTURE_OFF,2,World Flythrough,87.14,11.48,8.64,N/A,5343.81,N/A,0,0,0,0,N/A,UNAVAILABLE
1786654366122,Forge,CAPTURE_OFF,2,World Flythrough,63.05,15.86,8.64,N/A,5343.81,N/A,0,0,0,0,N/A,UNAVAILABLE
1786654366130,Forge,CAPTURE_OFF,2,World Flythrough,138.26,7.23,8.64,N/A,5343.81,N/A,0,0,0,0,N/A,UNAVAILABLE
1786654366137,Forge,CAPTURE_OFF,2,World Flythrough,134.20,7.45,8.64,N/A,5343.81,N/A,0,0,0,0,N/A,UNAVAILABLE
1786654366149,Forge,CAPTURE_OFF,2,World Flythrough,89.33,11.19,8.64,N/A,5343.81,N/A,0,0,0,0,N/A,UNAVAILABLE
1786654366163,Forge,CAPTURE_OFF,2,World Flythrough,70.49,14.19,8.64,N/A,5343.81,N/A,0,0,0,0,N/A,UNAVAILABLE
1786654366171,Forge,CAPTURE_OFF,2,World Flythrough,114.22,8.75,8.64,N/A,5343.81,N/A,0,0,0,0,N/A,UNAVAILABLE
1786654366180,Forge,CAPTURE_OFF,2,World Flythrough,114.43,8.74,8.64,N/A,5343.81,N/A,0,0,0,0,N/A,UNAVAILABLE
1786654366188,Forge,CAPTURE_OFF,2,World Flythrough,120.34,8.31,8.64,N/A,5343.81,N/A,0,0,0,0,N/A,UNAVAILABLE
1786654366196,Forge,CAPTURE_OFF,2,World Flythrough,124.87,8.01,8.64,N/A,5343.81,N/A,0,0,0,0,N/A,UNAVAILABLE
1786654366203,Forge,CAPTURE_OFF,2,World Flythrough,149.41,6.69,8.64,N/A,5343.81,N/A,0,0,0,0,N/A,UNAVAILABLE
1786654366214,Forge,CAPTURE_OFF,2,World Flythrough,92.24,10.84,8.64,N/A,5343.81,N/A,0,0,0,0,N/A,UNAVAILABLE
1786654366221,Forge,CAPTURE_OFF,2,World Flythrough,136.12,7.35,8.64,N/A,5343.81,N/A,0,0,0,0,N/A,UNAVAILABLE
1786654366228,Forge,CAPTURE_OFF,2,World Flythrough,156.61,6.39,8.64,N/A,5343.81,N/A,0,0,0,0,N/A,UNAVAILABLE
1786654366234,Forge,CAPTURE_OFF,2,World Flythrough,150.37,6.65,8.64,N/A,5343.81,N/A,0,0,0,0,N/A,UNAVAILABLE
1786654366241,Forge,CAPTURE_OFF,2,World Flythrough,149.03,6.71,8.64,N/A,5343.81,N/A,0,0,0,0,N/A,UNAVAILABLE
1786654366248,Forge,CAPTURE_OFF,2,World Flythrough,147.48,6.78,8.64,N/A,5343.81,N/A,0,0,0,0,N/A,UNAVAILABLE
1786654366253,Forge,CAPTURE_OFF,2,World Flythrough,180.46,5.54,8.64,N/A,5343.81,N/A,0,0,0,0,N/A,UNAVAILABLE
1786654366263,Forge,CAPTURE_OFF,2,World Flythrough,101.99,9.81,8.64,N/A,5343.81,N/A,0,0,0,0,N/A,UNAVAILABLE
1786654366268,Forge,CAPTURE_OFF,2,World Flythrough,199.72,5.01,8.64,N/A,5343.81,N/A,0,0,0,0,N/A,UNAVAILABLE
1786654366274,Forge,CAPTURE_OFF,2,World Flythrough,159.07,6.29,8.64,N/A,5343.81,N/A,0,0,0,0,N/A,UNAVAILABLE
1786654366282,Forge,CAPTURE_OFF,2,World Flythrough,145.05,6.89,8.64,N/A,5343.81,N/A,0,0,0,0,N/A,UNAVAILABLE
1786654366289,Forge,CAPTURE_OFF,2,World Flythrough,125.75,7.95,8.64,N/A,5343.81,N/A,0,0,0,0,N/A,UNAVAILABLE
1786654366297,Forge,CAPTURE_OFF,2,World Flythrough,133.95,7.47,8.64,N/A,5343.81,N/A,0,0,0,0,N/A,UNAVAILABLE
1786654366305,Forge,CAPTURE_OFF,2,World Flythrough,131.90,7.58,8.64,N/A,5343.81,N/A,0,0,0,0,N/A,UNAVAILABLE
1786654366320,Forge,CAPTURE_OFF,2,World Flythrough,64.63,15.47,8.64,N/A,5343.81,N/A,0,0,0,0,N/A,UNAVAILABLE
1786654366327,Forge,CAPTURE_OFF,2,World Flythrough,138.56,7.22,8.64,N/A,5343.81,N/A,0,0,0,0,N/A,UNAVAILABLE
1786654366333,Forge,CAPTURE_OFF,2,World Flythrough,149.09,6.71,8.64,N/A,5343.81,N/A,0,0,0,0,N/A,UNAVAILABLE
1786654366341,Forge,CAPTURE_OFF,2,World Flythrough,134.62,7.43,8.64,N/A,5343.81,N/A,0,0,0,0,N/A,UNAVAILABLE
1786654366346,Forge,CAPTURE_OFF,2,World Flythrough,218.33,4.58,8.64,N/A,5343.81,N/A,0,0,0,0,N/A,UNAVAILABLE
1786654366351,Forge,CAPTURE_OFF,2,World Flythrough,178.04,5.62,8.64,N/A,5343.81,N/A,0,0,0,0,N/A,UNAVAILABLE
1786654366366,Forge,CAPTURE_OFF,2,World Flythrough,67.87,14.73,8.64,N/A,5343.81,N/A,0,0,0,0,N/A,UNAVAILABLE
1786654366374,Forge,CAPTURE_OFF,2,World Flythrough,128.49,7.78,8.64,N/A,5343.81,N/A,0,0,0,0,N/A,UNAVAILABLE
1786654366381,Forge,CAPTURE_OFF,2,World Flythrough,149.79,6.68,8.64,N/A,5343.81,N/A,0,0,0,0,N/A,UNAVAILABLE
1786654366390,Forge,CAPTURE_OFF,2,World Flythrough,100.51,9.95,8.64,N/A,5343.81,N/A,0,0,0,0,N/A,UNAVAILABLE
1786654366396,Forge,CAPTURE_OFF,2,World Flythrough,173.99,5.75,8.64,N/A,5343.81,N/A,0,0,0,0,N/A,UNAVAILABLE
1786654366405,Forge,CAPTURE_OFF,2,World Flythrough,119.14,8.39,8.64,N/A,5343.81,N/A,0,0,0,0,N/A,UNAVAILABLE
1786654366415,Forge,CAPTURE_OFF,2,World Flythrough,93.93,10.65,8.64,N/A,5343.81,N/A,0,0,0,0,N/A,UNAVAILABLE
1786654366423,Forge,CAPTURE_OFF,2,World Flythrough,123.48,8.10,8.64,N/A,5343.81,N/A,0,0,0,0,N/A,UNAVAILABLE
1786654366431,Forge,CAPTURE_OFF,2,World Flythrough,125.02,8.00,8.64,N/A,5343.81,N/A,0,0,0,0,N/A,UNAVAILABLE
1786654366440,Forge,CAPTURE_OFF,2,World Flythrough,110.39,9.06,8.64,N/A,5343.81,N/A,0,0,0,0,N/A,UNAVAILABLE
1786654366446,Forge,CAPTURE_OFF,2,World Flythrough,175.43,5.70,8.64,N/A,5343.81,N/A,0,0,0,0,N/A,UNAVAILABLE
1786654366454,Forge,CAPTURE_OFF,2,World Flythrough,126.71,7.89,8.64,N/A,5343.81,N/A,0,0,0,0,N/A,UNAVAILABLE
1786654366470,Forge,CAPTURE_OFF,2,World Flythrough,60.98,16.40,8.64,N/A,5343.81,N/A,0,0,0,0,N/A,UNAVAILABLE
1786654366476,Forge,CAPTURE_OFF,2,World Flythrough,171.19,5.84,8.64,N/A,5343.81,N/A,0,0,0,0,N/A,UNAVAILABLE
1786654366485,Forge,CAPTURE_OFF,2,World Flythrough,113.80,8.79,8.64,N/A,5343.81,N/A,0,0,0,0,N/A,UNAVAILABLE
1786654366490,Forge,CAPTURE_OFF,2,World Flythrough,196.74,5.08,8.64,N/A,5343.81,N/A,0,0,0,0,N/A,UNAVAILABLE
1786654366495,Forge,CAPTURE_OFF,2,World Flythrough,202.27,4.94,8.64,N/A,5343.81,N/A,0,0,0,0,N/A,UNAVAILABLE
1786654366504,Forge,CAPTURE_OFF,2,World Flythrough,113.24,8.83,8.64,N/A,5343.81,N/A,0,0,0,0,N/A,UNAVAILABLE
1786654366521,Forge,CAPTURE_OFF,2,World Flythrough,60.36,16.57,8.64,N/A,5343.81,N/A,0,0,0,0,N/A,UNAVAILABLE
1786654366528,Forge,CAPTURE_OFF,2,World Flythrough,134.05,7.46,8.64,N/A,5343.81,N/A,0,0,0,0,N/A,UNAVAILABLE
1786654366538,Forge,CAPTURE_OFF,2,World Flythrough,96.95,10.31,8.64,N/A,5343.81,N/A,0,0,0,0,N/A,UNAVAILABLE
1786654366548,Forge,CAPTURE_OFF,2,World Flythrough,111.79,8.95,8.64,N/A,5343.81,N/A,0,0,0,0,N/A,UNAVAILABLE
1786654366555,Forge,CAPTURE_OFF,2,World Flythrough,138.40,7.23,8.64,N/A,5343.81,N/A,0,0,0,0,N/A,UNAVAILABLE
1786654366570,Forge,CAPTURE_OFF,2,World Flythrough,64.67,15.46,8.64,N/A,5343.81,N/A,0,0,0,0,N/A,UNAVAILABLE
1786654366577,Forge,CAPTURE_OFF,2,World Flythrough,147.18,6.79,8.64,N/A,5343.81,N/A,0,0,0,0,N/A,UNAVAILABLE
1786654366584,Forge,CAPTURE_OFF,2,World Flythrough,153.84,6.50,8.64,N/A,5343.81,N/A,0,0,0,0,N/A,UNAVAILABLE
1786654366591,Forge,CAPTURE_OFF,2,World Flythrough,127.90,7.82,8.64,N/A,5343.81,N/A,0,0,0,0,N/A,UNAVAILABLE
1786654366596,Forge,CAPTURE_OFF,2,World Flythrough,187.90,5.32,8.64,N/A,5343.81,N/A,0,0,0,0,N/A,UNAVAILABLE
1786654366605,Forge,CAPTURE_OFF,2,World Flythrough,122.63,8.15,8.64,N/A,5343.81,N/A,0,0,0,0,N/A,UNAVAILABLE
1786654366618,Forge,CAPTURE_OFF,2,World Flythrough,73.94,13.53,8.64,N/A,5343.81,N/A,0,0,0,0,N/A,UNAVAILABLE
1786654366626,Forge,CAPTURE_OFF,2,World Flythrough,133.17,7.51,8.64,N/A,5343.81,N/A,0,0,0,0,N/A,UNAVAILABLE
1786654366632,Forge,CAPTURE_OFF,2,World Flythrough,169.26,5.91,8.64,N/A,5343.81,N/A,0,0,0,0,N/A,UNAVAILABLE
1786654366636,Forge,CAPTURE_OFF,2,World Flythrough,185.30,5.40,8.64,N/A,5343.81,N/A,0,0,0,0,N/A,UNAVAILABLE
1786654366645,Forge,CAPTURE_OFF,2,World Flythrough,126.75,7.89,8.64,N/A,5343.81,N/A,0,0,0,0,N/A,UNAVAILABLE
1786654366652,Forge,CAPTURE_OFF,2,World Flythrough,148.37,6.74,8.64,N/A,5343.81,N/A,0,0,0,0,N/A,UNAVAILABLE
1786654366665,Forge,CAPTURE_OFF,2,World Flythrough,73.63,13.58,8.64,N/A,5343.81,N/A,0,0,0,0,N/A,UNAVAILABLE
1786654366673,Forge,CAPTURE_OFF,2,World Flythrough,138.74,7.21,8.64,N/A,5343.81,N/A,0,0,0,0,N/A,UNAVAILABLE
1786654366678,Forge,CAPTURE_OFF,2,World Flythrough,194.15,5.15,8.64,N/A,5343.81,N/A,0,0,0,0,N/A,UNAVAILABLE
1786654366685,Forge,CAPTURE_OFF,2,World Flythrough,123.79,8.08,8.64,N/A,5343.81,N/A,0,0,0,0,N/A,UNAVAILABLE
1786654366693,Forge,CAPTURE_OFF,2,World Flythrough,133.03,7.52,8.64,N/A,5343.81,N/A,0,0,0,0,N/A,UNAVAILABLE
1786654366703,Forge,CAPTURE_OFF,2,World Flythrough,98.21,10.18,8.64,N/A,5343.81,N/A,0,0,0,0,N/A,UNAVAILABLE
1786654366722,Forge,CAPTURE_OFF,2,World Flythrough,51.68,19.35,8.64,N/A,5343.81,N/A,0,0,0,0,N/A,UNAVAILABLE
1786654366729,Forge,CAPTURE_OFF,2,World Flythrough,159.84,6.26,8.64,N/A,5343.81,N/A,0,0,0,0,N/A,UNAVAILABLE
1786654366734,Forge,CAPTURE_OFF,2,World Flythrough,198.13,5.05,8.64,N/A,5343.81,N/A,0,0,0,0,N/A,UNAVAILABLE
1786654366740,Forge,CAPTURE_OFF,2,World Flythrough,149.11,6.71,8.64,N/A,5343.81,N/A,0,0,0,0,N/A,UNAVAILABLE
1786654366748,Forge,CAPTURE_OFF,2,World Flythrough,125.12,7.99,8.64,N/A,5343.81,N/A,0,0,0,0,N/A,UNAVAILABLE
1786654366764,Forge,CAPTURE_OFF,2,World Flythrough,64.62,15.48,8.64,N/A,5343.81,N/A,0,0,0,0,N/A,UNAVAILABLE
1786654366772,Forge,CAPTURE_OFF,2,World Flythrough,141.65,7.06,8.64,N/A,5343.81,N/A,0,0,0,0,N/A,UNAVAILABLE
1786654366779,Forge,CAPTURE_OFF,2,World Flythrough,132.99,7.52,8.64,N/A,5343.81,N/A,0,0,0,0,N/A,UNAVAILABLE
1786654366831,Forge,CAPTURE_OFF,2,World Flythrough,19.04,52.53,8.64,N/A,5343.81,N/A,0,0,0,0,N/A,UNAVAILABLE
1786654366855,Forge,CAPTURE_OFF,2,World Flythrough,41.75,23.95,8.64,N/A,5343.81,N/A,0,0,0,0,N/A,UNAVAILABLE
1786654366872,Forge,CAPTURE_OFF,2,World Flythrough,58.94,16.97,8.64,N/A,5343.81,N/A,0,0,0,0,N/A,UNAVAILABLE
1786654366881,Forge,CAPTURE_OFF,2,World Flythrough,117.83,8.49,8.64,N/A,5343.81,N/A,0,0,0,0,N/A,UNAVAILABLE
1786654366888,Forge,CAPTURE_OFF,2,World Flythrough,140.08,7.14,8.64,N/A,5343.81,N/A,0,0,0,0,N/A,UNAVAILABLE
1786654366894,Forge,CAPTURE_OFF,2,World Flythrough,134.54,7.43,8.64,N/A,5343.81,N/A,0,0,0,0,N/A,UNAVAILABLE
1786654367093,Forge,CAPTURE_OFF,2,World Flythrough,6.39,156.44,13.00,N/A,5518.31,N/A,0,0,0,0,N/A,UNAVAILABLE
1786654367241,Forge,CAPTURE_OFF,2,World Flythrough,5.29,189.21,13.00,N/A,5518.31,N/A,0,0,0,0,N/A,UNAVAILABLE
1786654367288,Forge,CAPTURE_OFF,2,World Flythrough,21.47,46.58,13.00,N/A,5518.31,N/A,0,0,0,0,N/A,UNAVAILABLE
1786654367302,Forge,CAPTURE_OFF,2,World Flythrough,67.24,14.87,13.00,N/A,5518.31,N/A,0,0,0,0,N/A,UNAVAILABLE
1786654367322,Forge,CAPTURE_OFF,2,World Flythrough,51.53,19.40,13.00,N/A,5518.31,N/A,0,0,0,0,N/A,UNAVAILABLE
1786654367333,Forge,CAPTURE_OFF,2,World Flythrough,86.62,11.55,13.00,N/A,5518.31,N/A,0,0,0,0,N/A,UNAVAILABLE
1786654367346,Forge,CAPTURE_OFF,2,World Flythrough,76.90,13.00,13.00,N/A,5518.31,N/A,0,0,0,0,N/A,UNAVAILABLE
1786654367364,Forge,CAPTURE_OFF,2,World Flythrough,56.19,17.80,13.00,N/A,5518.31,N/A,0,0,0,0,N/A,UNAVAILABLE
1786654367379,Forge,CAPTURE_OFF,2,World Flythrough,64.91,15.41,13.00,N/A,5518.31,N/A,0,0,0,0,N/A,UNAVAILABLE
1786654367394,Forge,CAPTURE_OFF,2,World Flythrough,68.16,14.67,13.00,N/A,5518.31,N/A,0,0,0,0,N/A,UNAVAILABLE
1786654367424,Forge,CAPTURE_OFF,2,World Flythrough,33.57,29.79,13.00,N/A,5518.31,N/A,0,0,0,0,N/A,UNAVAILABLE
1786654367444,Forge,CAPTURE_OFF,2,World Flythrough,49.74,20.10,13.00,N/A,5518.31,N/A,0,0,0,0,N/A,UNAVAILABLE
1786654367466,Forge,CAPTURE_OFF,2,World Flythrough,45.98,21.75,13.00,N/A,5518.31,N/A,0,0,0,0,N/A,UNAVAILABLE
1786654367492,Forge,CAPTURE_OFF,2,World Flythrough,38.78,25.79,13.00,N/A,5518.31,N/A,0,0,0,0,N/A,UNAVAILABLE
1786654367508,Forge,CAPTURE_OFF,2,World Flythrough,63.40,15.77,13.00,N/A,5518.31,N/A,0,0,0,0,N/A,UNAVAILABLE
1786654367528,Forge,CAPTURE_OFF,2,World Flythrough,48.22,20.74,13.00,N/A,5518.31,N/A,0,0,0,0,N/A,UNAVAILABLE
1786654367542,Forge,CAPTURE_OFF,2,World Flythrough,73.11,13.68,13.00,N/A,5518.31,N/A,0,0,0,0,N/A,UNAVAILABLE
1786654367563,Forge,CAPTURE_OFF,2,World Flythrough,48.19,20.75,13.00,N/A,5518.31,N/A,0,0,0,0,N/A,UNAVAILABLE
1786654367576,Forge,CAPTURE_OFF,2,World Flythrough,74.14,13.49,13.00,N/A,5518.31,N/A,0,0,0,0,N/A,UNAVAILABLE
1786654367588,Forge,CAPTURE_OFF,2,World Flythrough,83.24,12.01,13.00,N/A,5518.31,N/A,0,0,0,0,N/A,UNAVAILABLE
1786654367603,Forge,CAPTURE_OFF,2,World Flythrough,65.21,15.33,13.00,N/A,5518.31,N/A,0,0,0,0,N/A,UNAVAILABLE
1786654367625,Forge,CAPTURE_OFF,2,World Flythrough,45.54,21.96,13.00,N/A,5518.31,N/A,0,0,0,0,N/A,UNAVAILABLE
1786654367639,Forge,CAPTURE_OFF,2,World Flythrough,74.67,13.39,13.00,N/A,5518.31,N/A,0,0,0,0,N/A,UNAVAILABLE
1786654367652,Forge,CAPTURE_OFF,2,World Flythrough,75.95,13.17,13.00,N/A,5518.31,N/A,0,0,0,0,N/A,UNAVAILABLE
1786654367672,Forge,CAPTURE_OFF,2,World Flythrough,49.49,20.20,13.00,N/A,5518.31,N/A,0,0,0,0,N/A,UNAVAILABLE
1786654367683,Forge,CAPTURE_OFF,2,World Flythrough,89.06,11.23,13.00,N/A,5518.31,N/A,0,0,0,0,N/A,UNAVAILABLE
1786654367695,Forge,CAPTURE_OFF,2,World Flythrough,82.89,12.06,13.00,N/A,5518.31,N/A,0,0,0,0,N/A,UNAVAILABLE
1786654367712,Forge,CAPTURE_OFF,2,World Flythrough,60.27,16.59,13.00,N/A,5518.31,N/A,0,0,0,0,N/A,UNAVAILABLE
1786654367724,Forge,CAPTURE_OFF,2,World Flythrough,80.01,12.50,13.00,N/A,5518.31,N/A,0,0,0,0,N/A,UNAVAILABLE
1786654367739,Forge,CAPTURE_OFF,2,World Flythrough,69.39,14.41,13.00,N/A,5518.31,N/A,0,0,0,0,N/A,UNAVAILABLE
1786654367753,Forge,CAPTURE_OFF,2,World Flythrough,72.08,13.87,13.00,N/A,5518.31,N/A,0,0,0,0,N/A,UNAVAILABLE
1786654367773,Forge,CAPTURE_OFF,2,World Flythrough,48.79,20.49,13.00,N/A,5518.31,N/A,0,0,0,0,N/A,UNAVAILABLE
1786654367786,Forge,CAPTURE_OFF,2,World Flythrough,75.24,13.29,13.00,N/A,5518.31,N/A,0,0,0,0,N/A,UNAVAILABLE
1786654367803,Forge,CAPTURE_OFF,2,World Flythrough,59.88,16.70,13.00,N/A,5518.31,N/A,0,0,0,0,N/A,UNAVAILABLE
1786654367824,Forge,CAPTURE_OFF,2,World Flythrough,48.65,20.55,13.00,N/A,5518.31,N/A,0,0,0,0,N/A,UNAVAILABLE
1786654367848,Forge,CAPTURE_OFF,2,World Flythrough,41.56,24.06,13.00,N/A,5518.31,N/A,0,0,0,0,N/A,UNAVAILABLE
1786654367866,Forge,CAPTURE_OFF,2,World Flythrough,53.40,18.73,13.00,N/A,5518.31,N/A,0,0,0,0,N/A,UNAVAILABLE
1786654367880,Forge,CAPTURE_OFF,2,World Flythrough,77.05,12.98,13.00,N/A,5518.31,N/A,0,0,0,0,N/A,UNAVAILABLE
1786654367894,Forge,CAPTURE_OFF,2,World Flythrough,68.50,14.60,13.00,N/A,5518.31,N/A,0,0,0,0,N/A,UNAVAILABLE
1786654367907,Forge,CAPTURE_OFF,2,World Flythrough,77.65,12.88,13.00,N/A,5518.31,N/A,0,0,0,0,N/A,UNAVAILABLE
1786654367922,Forge,CAPTURE_OFF,2,World Flythrough,65.62,15.24,13.00,N/A,5518.31,N/A,0,0,0,0,N/A,UNAVAILABLE
1786654367935,Forge,CAPTURE_OFF,2,World Flythrough,81.24,12.31,13.00,N/A,5518.31,N/A,0,0,0,0,N/A,UNAVAILABLE
1786654367946,Forge,CAPTURE_OFF,2,World Flythrough,80.81,12.38,13.00,N/A,5518.31,N/A,0,0,0,0,N/A,UNAVAILABLE
1786654367965,Forge,CAPTURE_OFF,2,World Flythrough,54.64,18.30,13.00,N/A,5518.31,N/A,0,0,0,0,N/A,UNAVAILABLE
1786654367981,Forge,CAPTURE_OFF,2,World Flythrough,63.92,15.65,13.00,N/A,5518.31,N/A,0,0,0,0,N/A,UNAVAILABLE
1786654367991,Forge,CAPTURE_OFF,2,World Flythrough,99.65,10.03,13.00,N/A,5518.31,N/A,0,0,0,0,N/A,UNAVAILABLE
1786654368004,Forge,CAPTURE_OFF,2,World Flythrough,75.83,13.19,13.00,N/A,5518.31,N/A,0,0,0,0,N/A,UNAVAILABLE
1786654368044,Forge,CAPTURE_OFF,2,World Flythrough,25.45,39.29,13.00,N/A,5518.31,N/A,0,0,0,0,N/A,UNAVAILABLE
1786654368114,Forge,CAPTURE_OFF,2,World Flythrough,29.50,33.90,24.77,N/A,5823.81,N/A,0,0,0,0,N/A,UNAVAILABLE
1786654368145,Forge,CAPTURE_OFF,2,World Flythrough,14.86,67.28,24.77,N/A,5823.81,N/A,0,0,0,0,N/A,UNAVAILABLE
1786654368160,Forge,CAPTURE_OFF,2,World Flythrough,65.61,15.24,24.77,N/A,5823.81,N/A,0,0,0,0,N/A,UNAVAILABLE
1786654368193,Forge,CAPTURE_OFF,2,World Flythrough,30.11,33.21,24.77,N/A,5823.81,N/A,0,0,0,0,N/A,UNAVAILABLE
1786654368205,Forge,CAPTURE_OFF,2,World Flythrough,79.16,12.63,24.77,N/A,5823.81,N/A,0,0,0,0,N/A,UNAVAILABLE
1786654368233,Forge,CAPTURE_OFF,2,World Flythrough,36.97,27.05,24.77,N/A,5823.81,N/A,0,0,0,0,N/A,UNAVAILABLE
1786654368245,Forge,CAPTURE_OFF,2,World Flythrough,81.33,12.30,24.77,N/A,5823.81,N/A,0,0,0,0,N/A,UNAVAILABLE
1786654368255,Forge,CAPTURE_OFF,2,World Flythrough,102.03,9.80,24.77,N/A,5823.81,N/A,0,0,0,0,N/A,UNAVAILABLE
1786654368269,Forge,CAPTURE_OFF,2,World Flythrough,69.74,14.34,24.77,N/A,5823.81,N/A,0,0,0,0,N/A,UNAVAILABLE
1786654368282,Forge,CAPTURE_OFF,2,World Flythrough,78.13,12.80,24.77,N/A,5823.81,N/A,0,0,0,0,N/A,UNAVAILABLE
1786654368291,Forge,CAPTURE_OFF,2,World Flythrough,118.72,8.42,24.77,N/A,5823.81,N/A,0,0,0,0,N/A,UNAVAILABLE
1786654368300,Forge,CAPTURE_OFF,2,World Flythrough,106.92,9.35,24.77,N/A,5823.81,N/A,0,0,0,0,N/A,UNAVAILABLE
1786654368313,Forge,CAPTURE_OFF,2,World Flythrough,76.41,13.09,24.77,N/A,5823.81,N/A,0,0,0,0,N/A,UNAVAILABLE
1786654368321,Forge,CAPTURE_OFF,2,World Flythrough,117.42,8.52,24.77,N/A,5823.81,N/A,0,0,0,0,N/A,UNAVAILABLE
1786654368330,Forge,CAPTURE_OFF,2,World Flythrough,122.00,8.20,24.77,N/A,5823.81,N/A,0,0,0,0,N/A,UNAVAILABLE
1786654368338,Forge,CAPTURE_OFF,2,World Flythrough,128.75,7.77,24.77,N/A,5823.81,N/A,0,0,0,0,N/A,UNAVAILABLE
1786654368346,Forge,CAPTURE_OFF,2,World Flythrough,107.22,9.33,24.77,N/A,5823.81,N/A,0,0,0,0,N/A,UNAVAILABLE
1786654368354,Forge,CAPTURE_OFF,2,World Flythrough,121.78,8.21,24.77,N/A,5823.81,N/A,0,0,0,0,N/A,UNAVAILABLE
1786654368375,Forge,CAPTURE_OFF,2,World Flythrough,50.04,19.99,24.77,N/A,5823.81,N/A,0,0,0,0,N/A,UNAVAILABLE
1786654368403,Forge,CAPTURE_OFF,2,World Flythrough,35.55,28.13,24.77,N/A,5823.81,N/A,0,0,0,0,N/A,UNAVAILABLE
1786654368425,Forge,CAPTURE_OFF,2,World Flythrough,45.33,22.06,24.77,N/A,5823.81,N/A,0,0,0,0,N/A,UNAVAILABLE
1786654368442,Forge,CAPTURE_OFF,2,World Flythrough,59.62,16.77,24.77,N/A,5823.81,N/A,0,0,0,0,N/A,UNAVAILABLE
1786654368455,Forge,CAPTURE_OFF,2,World Flythrough,77.78,12.86,24.77,N/A,5823.81,N/A,0,0,0,0,N/A,UNAVAILABLE
1786654368469,Forge,CAPTURE_OFF,2,World Flythrough,68.01,14.70,24.77,N/A,5823.81,N/A,0,0,0,0,N/A,UNAVAILABLE
1786654368480,Forge,CAPTURE_OFF,2,World Flythrough,92.50,10.81,24.77,N/A,5823.81,N/A,0,0,0,0,N/A,UNAVAILABLE
1786654368498,Forge,CAPTURE_OFF,2,World Flythrough,55.63,17.98,24.77,N/A,5823.81,N/A,0,0,0,0,N/A,UNAVAILABLE
1786654368515,Forge,CAPTURE_OFF,2,World Flythrough,62.81,15.92,24.77,N/A,5823.81,N/A,0,0,0,0,N/A,UNAVAILABLE
1786654368525,Forge,CAPTURE_OFF,2,World Flythrough,91.25,10.96,24.77,N/A,5823.81,N/A,0,0,0,0,N/A,UNAVAILABLE
1786654368549,Forge,CAPTURE_OFF,2,World Flythrough,41.07,24.35,24.77,N/A,5823.81,N/A,0,0,0,0,N/A,UNAVAILABLE
1786654368565,Forge,CAPTURE_OFF,2,World Flythrough,65.70,15.22,24.77,N/A,5823.81,N/A,0,0,0,0,N/A,UNAVAILABLE
1786654368577,Forge,CAPTURE_OFF,2,World Flythrough,77.74,12.86,24.77,N/A,5823.81,N/A,0,0,0,0,N/A,UNAVAILABLE
1786654368591,Forge,CAPTURE_OFF,2,World Flythrough,70.76,14.13,24.77,N/A,5823.81,N/A,0,0,0,0,N/A,UNAVAILABLE
1786654368605,Forge,CAPTURE_OFF,2,World Flythrough,75.73,13.21,24.77,N/A,5823.81,N/A,0,0,0,0,N/A,UNAVAILABLE
1786654368620,Forge,CAPTURE_OFF,2,World Flythrough,65.91,15.17,24.77,N/A,5823.81,N/A,0,0,0,0,N/A,UNAVAILABLE
1786654368635,Forge,CAPTURE_OFF,2,World Flythrough,67.45,14.83,24.77,N/A,5823.81,N/A,0,0,0,0,N/A,UNAVAILABLE
1786654368646,Forge,CAPTURE_OFF,2,World Flythrough,83.70,11.95,24.77,N/A,5823.81,N/A,0,0,0,0,N/A,UNAVAILABLE
1786654368666,Forge,CAPTURE_OFF,2,World Flythrough,49.92,20.03,24.77,N/A,5823.81,N/A,0,0,0,0,N/A,UNAVAILABLE
1786654368681,Forge,CAPTURE_OFF,2,World Flythrough,72.93,13.71,24.77,N/A,5823.81,N/A,0,0,0,0,N/A,UNAVAILABLE
1786654368695,Forge,CAPTURE_OFF,2,World Flythrough,66.54,15.03,24.77,N/A,5823.81,N/A,0,0,0,0,N/A,UNAVAILABLE
1786654368710,Forge,CAPTURE_OFF,2,World Flythrough,71.52,13.98,24.77,N/A,5823.81,N/A,0,0,0,0,N/A,UNAVAILABLE
1786654368734,Forge,CAPTURE_OFF,2,World Flythrough,41.17,24.29,24.77,N/A,5823.81,N/A,0,0,0,0,N/A,UNAVAILABLE
1786654368747,Forge,CAPTURE_OFF,2,World Flythrough,75.86,13.18,24.77,N/A,5823.81,N/A,0,0,0,0,N/A,UNAVAILABLE
1786654368760,Forge,CAPTURE_OFF,2,World Flythrough,76.45,13.08,24.77,N/A,5823.81,N/A,0,0,0,0,N/A,UNAVAILABLE
1786654368778,Forge,CAPTURE_OFF,2,World Flythrough,55.76,17.93,24.77,N/A,5823.81,N/A,0,0,0,0,N/A,UNAVAILABLE
1786654368790,Forge,CAPTURE_OFF,2,World Flythrough,84.83,11.79,24.77,N/A,5823.81,N/A,0,0,0,0,N/A,UNAVAILABLE
1786654368805,Forge,CAPTURE_OFF,2,World Flythrough,63.44,15.76,24.77,N/A,5823.81,N/A,0,0,0,0,N/A,UNAVAILABLE
1786654368825,Forge,CAPTURE_OFF,2,World Flythrough,51.99,19.23,24.77,N/A,5823.81,N/A,0,0,0,0,N/A,UNAVAILABLE
1786654368836,Forge,CAPTURE_OFF,2,World Flythrough,93.54,10.69,24.77,N/A,5823.81,N/A,0,0,0,0,N/A,UNAVAILABLE
1786654368848,Forge,CAPTURE_OFF,2,World Flythrough,79.08,12.65,24.77,N/A,5823.81,N/A,0,0,0,0,N/A,UNAVAILABLE
1786654368869,Forge,CAPTURE_OFF,2,World Flythrough,49.16,20.34,24.77,N/A,5823.81,N/A,0,0,0,0,N/A,UNAVAILABLE
1786654368911,Forge,CAPTURE_OFF,2,World Flythrough,23.25,43.02,24.77,N/A,5823.81,N/A,0,0,0,0,N/A,UNAVAILABLE
1786654368930,Forge,CAPTURE_OFF,2,World Flythrough,51.75,19.32,24.77,N/A,5823.81,N/A,0,0,0,0,N/A,UNAVAILABLE
1786654368944,Forge,CAPTURE_OFF,2,World Flythrough,73.18,13.66,24.77,N/A,5823.81,N/A,0,0,0,0,N/A,UNAVAILABLE
1786654368957,Forge,CAPTURE_OFF,2,World Flythrough,75.61,13.23,24.77,N/A,5823.81,N/A,0,0,0,0,N/A,UNAVAILABLE
1786654368994,Forge,CAPTURE_OFF,2,World Flythrough,27.57,36.27,24.77,N/A,5823.81,N/A,0,0,0,0,N/A,UNAVAILABLE
1786654369009,Forge,CAPTURE_OFF,2,World Flythrough,65.77,15.20,24.77,N/A,5823.81,N/A,0,0,0,0,N/A,UNAVAILABLE
1786654369029,Forge,CAPTURE_OFF,2,World Flythrough,51.04,19.59,24.77,N/A,5823.81,N/A,0,0,0,0,N/A,UNAVAILABLE
1786654369045,Forge,CAPTURE_OFF,2,World Flythrough,61.62,16.23,24.77,N/A,5823.81,N/A,0,0,0,0,N/A,UNAVAILABLE
1786654369071,Forge,CAPTURE_OFF,2,World Flythrough,39.57,25.27,24.77,N/A,5823.81,N/A,0,0,0,0,N/A,UNAVAILABLE
1786654369122,Forge,CAPTURE_OFF,2,World Flythrough,62.57,15.98,24.35,N/A,5419.39,N/A,0,0,0,0,N/A,UNAVAILABLE
1786654369140,Forge,CAPTURE_OFF,2,World Flythrough,18.47,54.16,24.35,N/A,5419.39,N/A,0,0,0,0,N/A,UNAVAILABLE
1786654369159,Forge,CAPTURE_OFF,2,World Flythrough,54.68,18.29,24.35,N/A,5419.39,N/A,0,0,0,0,N/A,UNAVAILABLE
1786654369183,Forge,CAPTURE_OFF,2,World Flythrough,41.55,24.07,24.35,N/A,5419.39,N/A,0,0,0,0,N/A,UNAVAILABLE
1786654369201,Forge,CAPTURE_OFF,2,World Flythrough,54.88,18.22,24.35,N/A,5419.39,N/A,0,0,0,0,N/A,UNAVAILABLE
1786654369225,Forge,CAPTURE_OFF,2,World Flythrough,40.91,24.45,24.35,N/A,5419.39,N/A,0,0,0,0,N/A,UNAVAILABLE
1786654369242,Forge,CAPTURE_OFF,2,World Flythrough,59.05,16.93,24.35,N/A,5419.39,N/A,0,0,0,0,N/A,UNAVAILABLE
1786654369260,Forge,CAPTURE_OFF,2,World Flythrough,57.56,17.37,24.35,N/A,5419.39,N/A,0,0,0,0,N/A,UNAVAILABLE
1786654369276,Forge,CAPTURE_OFF,2,World Flythrough,60.74,16.46,24.35,N/A,5419.39,N/A,0,0,0,0,N/A,UNAVAILABLE
1786654369294,Forge,CAPTURE_OFF,2,World Flythrough,58.06,17.22,24.35,N/A,5419.39,N/A,0,0,0,0,N/A,UNAVAILABLE
1786654369306,Forge,CAPTURE_OFF,2,World Flythrough,76.77,13.03,24.35,N/A,5419.39,N/A,0,0,0,0,N/A,UNAVAILABLE
1786654369384,Forge,CAPTURE_OFF,2,World Flythrough,12.98,77.01,24.35,N/A,5419.39,N/A,0,0,0,0,N/A,UNAVAILABLE
1786654369410,Forge,CAPTURE_OFF,2,World Flythrough,37.99,26.32,24.35,N/A,5419.39,N/A,0,0,0,0,N/A,UNAVAILABLE
1786654369432,Forge,CAPTURE_OFF,2,World Flythrough,43.96,22.75,24.35,N/A,5419.39,N/A,0,0,0,0,N/A,UNAVAILABLE
1786654369453,Forge,CAPTURE_OFF,2,World Flythrough,48.97,20.42,24.35,N/A,5419.39,N/A,0,0,0,0,N/A,UNAVAILABLE
1786654369476,Forge,CAPTURE_OFF,2,World Flythrough,43.31,23.09,24.35,N/A,5419.39,N/A,0,0,0,0,N/A,UNAVAILABLE
1786654369493,Forge,CAPTURE_OFF,2,World Flythrough,58.97,16.96,24.35,N/A,5419.39,N/A,0,0,0,0,N/A,UNAVAILABLE
1786654369512,Forge,CAPTURE_OFF,2,World Flythrough,53.08,18.84,24.35,N/A,5419.39,N/A,0,0,0,0,N/A,UNAVAILABLE
1786654369536,Forge,CAPTURE_OFF,2,World Flythrough,42.10,23.75,24.35,N/A,5419.39,N/A,0,0,0,0,N/A,UNAVAILABLE
1786654369551,Forge,CAPTURE_OFF,2,World Flythrough,61.81,16.18,24.35,N/A,5419.39,N/A,0,0,0,0,N/A,UNAVAILABLE
1786654369574,Forge,CAPTURE_OFF,2,World Flythrough,45.22,22.11,24.35,N/A,5419.39,N/A,0,0,0,0,N/A,UNAVAILABLE
1786654369592,Forge,CAPTURE_OFF,2,World Flythrough,55.06,18.16,24.35,N/A,5419.39,N/A,0,0,0,0,N/A,UNAVAILABLE
1786654369610,Forge,CAPTURE_OFF,2,World Flythrough,58.28,17.16,24.35,N/A,5419.39,N/A,0,0,0,0,N/A,UNAVAILABLE
1786654369628,Forge,CAPTURE_OFF,2,World Flythrough,51.18,19.54,24.35,N/A,5419.39,N/A,0,0,0,0,N/A,UNAVAILABLE
1786654369644,Forge,CAPTURE_OFF,2,World Flythrough,66.65,15.00,24.35,N/A,5419.39,N/A,0,0,0,0,N/A,UNAVAILABLE
1786654369659,Forge,CAPTURE_OFF,2,World Flythrough,67.17,14.89,24.35,N/A,5419.39,N/A,0,0,0,0,N/A,UNAVAILABLE
1786654369678,Forge,CAPTURE_OFF,2,World Flythrough,52.53,19.04,24.35,N/A,5419.39,N/A,0,0,0,0,N/A,UNAVAILABLE
1786654369694,Forge,CAPTURE_OFF,2,World Flythrough,60.89,16.42,24.35,N/A,5419.39,N/A,0,0,0,0,N/A,UNAVAILABLE
1786654369714,Forge,CAPTURE_OFF,2,World Flythrough,52.13,19.18,24.35,N/A,5419.39,N/A,0,0,0,0,N/A,UNAVAILABLE
1786654369735,Forge,CAPTURE_OFF,2,World Flythrough,47.81,20.92,24.35,N/A,5419.39,N/A,0,0,0,0,N/A,UNAVAILABLE
1786654369755,Forge,CAPTURE_OFF,2,World Flythrough,49.93,20.03,24.35,N/A,5419.39,N/A,0,0,0,0,N/A,UNAVAILABLE
1786654369781,Forge,CAPTURE_OFF,2,World Flythrough,37.98,26.33,24.35,N/A,5419.39,N/A,0,0,0,0,N/A,UNAVAILABLE
1786654369801,Forge,CAPTURE_OFF,2,World Flythrough,49.14,20.35,24.35,N/A,5419.39,N/A,0,0,0,0,N/A,UNAVAILABLE
1786654369821,Forge,CAPTURE_OFF,2,World Flythrough,51.43,19.44,24.35,N/A,5419.39,N/A,0,0,0,0,N/A,UNAVAILABLE
1786654369836,Forge,CAPTURE_OFF,2,World Flythrough,62.30,16.05,24.35,N/A,5419.39,N/A,0,0,0,0,N/A,UNAVAILABLE
1786654369854,Forge,CAPTURE_OFF,2,World Flythrough,58.06,17.22,24.35,N/A,5419.39,N/A,0,0,0,0,N/A,UNAVAILABLE
1786654369873,Forge,CAPTURE_OFF,2,World Flythrough,51.19,19.54,24.35,N/A,5419.39,N/A,0,0,0,0,N/A,UNAVAILABLE
1786654369888,Forge,CAPTURE_OFF,2,World Flythrough,67.17,14.89,24.35,N/A,5419.39,N/A,0,0,0,0,N/A,UNAVAILABLE
1786654369900,Forge,CAPTURE_OFF,2,World Flythrough,83.20,12.02,24.35,N/A,5419.39,N/A,0,0,0,0,N/A,UNAVAILABLE
1786654369920,Forge,CAPTURE_OFF,2,World Flythrough,50.03,19.99,24.35,N/A,5419.39,N/A,0,0,0,0,N/A,UNAVAILABLE
1786654369934,Forge,CAPTURE_OFF,2,World Flythrough,68.48,14.60,24.35,N/A,5419.39,N/A,0,0,0,0,N/A,UNAVAILABLE
1786654369958,Forge,CAPTURE_OFF,2,World Flythrough,43.33,23.08,24.35,N/A,5419.39,N/A,0,0,0,0,N/A,UNAVAILABLE
1786654369976,Forge,CAPTURE_OFF,2,World Flythrough,51.83,19.30,24.35,N/A,5419.39,N/A,0,0,0,0,N/A,UNAVAILABLE
1786654369991,Forge,CAPTURE_OFF,2,World Flythrough,70.85,14.11,24.35,N/A,5419.39,N/A,0,0,0,0,N/A,UNAVAILABLE
1786654370005,Forge,CAPTURE_OFF,2,World Flythrough,71.60,13.97,24.35,N/A,5419.39,N/A,0,0,0,0,N/A,UNAVAILABLE
1786654370024,Forge,CAPTURE_OFF,2,World Flythrough,52.32,19.11,24.35,N/A,5419.39,N/A,0,0,0,0,N/A,UNAVAILABLE
1786654370040,Forge,CAPTURE_OFF,2,World Flythrough,64.92,15.40,24.35,N/A,5419.39,N/A,0,0,0,0,N/A,UNAVAILABLE
1786654370056,Forge,CAPTURE_OFF,2,World Flythrough,60.36,16.57,24.35,N/A,5419.39,N/A,0,0,0,0,N/A,UNAVAILABLE
1786654370077,Forge,CAPTURE_OFF,2,World Flythrough,47.32,21.13,24.35,N/A,5419.39,N/A,0,0,0,0,N/A,UNAVAILABLE
1786654370130,Forge,CAPTURE_OFF,2,World Flythrough,68.80,14.53,24.07,N/A,5595.82,N/A,0,0,0,0,N/A,UNAVAILABLE
1786654370150,Forge,CAPTURE_OFF,2,World Flythrough,17.20,58.15,24.07,N/A,5595.82,N/A,0,0,0,0,N/A,UNAVAILABLE
1786654370176,Forge,CAPTURE_OFF,2,World Flythrough,39.68,25.20,24.07,N/A,5595.82,N/A,0,0,0,0,N/A,UNAVAILABLE
1786654370192,Forge,CAPTURE_OFF,2,World Flythrough,59.21,16.89,24.07,N/A,5595.82,N/A,0,0,0,0,N/A,UNAVAILABLE
1786654370209,Forge,CAPTURE_OFF,2,World Flythrough,61.61,16.23,24.07,N/A,5595.82,N/A,0,0,0,0,N/A,UNAVAILABLE
1786654370229,Forge,CAPTURE_OFF,2,World Flythrough,47.50,21.05,24.07,N/A,5595.82,N/A,0,0,0,0,N/A,UNAVAILABLE
1786654370246,Forge,CAPTURE_OFF,2,World Flythrough,60.86,16.43,24.07,N/A,5595.82,N/A,0,0,0,0,N/A,UNAVAILABLE
1786654370263,Forge,CAPTURE_OFF,2,World Flythrough,59.63,16.77,24.07,N/A,5595.82,N/A,0,0,0,0,N/A,UNAVAILABLE
1786654370285,Forge,CAPTURE_OFF,2,World Flythrough,44.92,22.26,24.07,N/A,5595.82,N/A,0,0,0,0,N/A,UNAVAILABLE
1786654370298,Forge,CAPTURE_OFF,2,World Flythrough,79.53,12.57,24.07,N/A,5595.82,N/A,0,0,0,0,N/A,UNAVAILABLE
1786654370309,Forge,CAPTURE_OFF,2,World Flythrough,84.74,11.80,24.07,N/A,5595.82,N/A,0,0,0,0,N/A,UNAVAILABLE
1786654370331,Forge,CAPTURE_OFF,2,World Flythrough,46.95,21.30,24.07,N/A,5595.82,N/A,0,0,0,0,N/A,UNAVAILABLE
1786654370344,Forge,CAPTURE_OFF,2,World Flythrough,75.22,13.29,24.07,N/A,5595.82,N/A,0,0,0,0,N/A,UNAVAILABLE
1786654370366,Forge,CAPTURE_OFF,2,World Flythrough,43.49,22.99,24.07,N/A,5595.82,N/A,0,0,0,0,N/A,UNAVAILABLE
1786654370383,Forge,CAPTURE_OFF,2,World Flythrough,60.22,16.60,24.07,N/A,5595.82,N/A,0,0,0,0,N/A,UNAVAILABLE
1786654370396,Forge,CAPTURE_OFF,2,World Flythrough,73.83,13.54,24.07,N/A,5595.82,N/A,0,0,0,0,N/A,UNAVAILABLE
1786654370415,Forge,CAPTURE_OFF,2,World Flythrough,58.10,17.21,24.07,N/A,5595.82,N/A,0,0,0,0,N/A,UNAVAILABLE
1786654370436,Forge,CAPTURE_OFF,2,World Flythrough,46.62,21.45,24.07,N/A,5595.82,N/A,0,0,0,0,N/A,UNAVAILABLE
1786654370450,Forge,CAPTURE_OFF,2,World Flythrough,70.34,14.22,24.07,N/A,5595.82,N/A,0,0,0,0,N/A,UNAVAILABLE
1786654370468,Forge,CAPTURE_OFF,2,World Flythrough,54.30,18.42,24.07,N/A,5595.82,N/A,0,0,0,0,N/A,UNAVAILABLE
1786654370479,Forge,CAPTURE_OFF,2,World Flythrough,91.38,10.94,24.07,N/A,5595.82,N/A,0,0,0,0,N/A,UNAVAILABLE
1786654370492,Forge,CAPTURE_OFF,2,World Flythrough,75.98,13.16,24.07,N/A,5595.82,N/A,0,0,0,0,N/A,UNAVAILABLE
1786654370509,Forge,CAPTURE_OFF,2,World Flythrough,62.02,16.12,24.07,N/A,5595.82,N/A,0,0,0,0,N/A,UNAVAILABLE
1786654370527,Forge,CAPTURE_OFF,2,World Flythrough,52.01,19.23,24.07,N/A,5595.82,N/A,0,0,0,0,N/A,UNAVAILABLE
1786654370538,Forge,CAPTURE_OFF,2,World Flythrough,101.98,9.81,24.07,N/A,5595.82,N/A,0,0,0,0,N/A,UNAVAILABLE
1786654370549,Forge,CAPTURE_OFF,2,World Flythrough,83.34,12.00,24.07,N/A,5595.82,N/A,0,0,0,0,N/A,UNAVAILABLE
1786654370567,Forge,CAPTURE_OFF,2,World Flythrough,56.46,17.71,24.07,N/A,5595.82,N/A,0,0,0,0,N/A,UNAVAILABLE
1786654370580,Forge,CAPTURE_OFF,2,World Flythrough,77.70,12.87,24.07,N/A,5595.82,N/A,0,0,0,0,N/A,UNAVAILABLE
1786654370591,Forge,CAPTURE_OFF,2,World Flythrough,84.75,11.80,24.07,N/A,5595.82,N/A,0,0,0,0,N/A,UNAVAILABLE
1786654370605,Forge,CAPTURE_OFF,2,World Flythrough,79.74,12.54,24.07,N/A,5595.82,N/A,0,0,0,0,N/A,UNAVAILABLE
1786654370621,Forge,CAPTURE_OFF,2,World Flythrough,60.46,16.54,24.07,N/A,5595.82,N/A,0,0,0,0,N/A,UNAVAILABLE
1786654370633,Forge,CAPTURE_OFF,2,World Flythrough,80.60,12.41,24.07,N/A,5595.82,N/A,0,0,0,0,N/A,UNAVAILABLE
1786654370645,Forge,CAPTURE_OFF,2,World Flythrough,88.01,11.36,24.07,N/A,5595.82,N/A,0,0,0,0,N/A,UNAVAILABLE
1786654370656,Forge,CAPTURE_OFF,2,World Flythrough,90.49,11.05,24.07,N/A,5595.82,N/A,0,0,0,0,N/A,UNAVAILABLE
1786654370675,Forge,CAPTURE_OFF,2,World Flythrough,54.25,18.43,24.07,N/A,5595.82,N/A,0,0,0,0,N/A,UNAVAILABLE
1786654370689,Forge,CAPTURE_OFF,2,World Flythrough,71.71,13.94,24.07,N/A,5595.82,N/A,0,0,0,0,N/A,UNAVAILABLE
1786654370702,Forge,CAPTURE_OFF,2,World Flythrough,73.72,13.56,24.07,N/A,5595.82,N/A,0,0,0,0,N/A,UNAVAILABLE
1786654370724,Forge,CAPTURE_OFF,2,World Flythrough,45.21,22.12,24.07,N/A,5595.82,N/A,0,0,0,0,N/A,UNAVAILABLE
1786654370736,Forge,CAPTURE_OFF,2,World Flythrough,77.80,12.85,24.07,N/A,5595.82,N/A,0,0,0,0,N/A,UNAVAILABLE
1786654370750,Forge,CAPTURE_OFF,2,World Flythrough,75.44,13.26,24.07,N/A,5595.82,N/A,0,0,0,0,N/A,UNAVAILABLE
1786654370766,Forge,CAPTURE_OFF,2,World Flythrough,62.04,16.12,24.07,N/A,5595.82,N/A,0,0,0,0,N/A,UNAVAILABLE
1786654370782,Forge,CAPTURE_OFF,2,World Flythrough,65.97,15.16,24.07,N/A,5595.82,N/A,0,0,0,0,N/A,UNAVAILABLE
1786654370793,Forge,CAPTURE_OFF,2,World Flythrough,80.62,12.40,24.07,N/A,5595.82,N/A,0,0,0,0,N/A,UNAVAILABLE
1786654370806,Forge,CAPTURE_OFF,2,World Flythrough,81.77,12.23,24.07,N/A,5595.82,N/A,0,0,0,0,N/A,UNAVAILABLE
1786654370828,Forge,CAPTURE_OFF,2,World Flythrough,44.49,22.48,24.07,N/A,5595.82,N/A,0,0,0,0,N/A,UNAVAILABLE
1786654370843,Forge,CAPTURE_OFF,2,World Flythrough,69.32,14.43,24.07,N/A,5595.82,N/A,0,0,0,0,N/A,UNAVAILABLE
1786654370855,Forge,CAPTURE_OFF,2,World Flythrough,84.91,11.78,24.07,N/A,5595.82,N/A,0,0,0,0,N/A,UNAVAILABLE
1786654370872,Forge,CAPTURE_OFF,2,World Flythrough,57.09,17.52,24.07,N/A,5595.82,N/A,0,0,0,0,N/A,UNAVAILABLE
1786654370882,Forge,CAPTURE_OFF,2,World Flythrough,94.53,10.58,24.07,N/A,5595.82,N/A,0,0,0,0,N/A,UNAVAILABLE
1786654370898,Forge,CAPTURE_OFF,2,World Flythrough,64.66,15.47,24.07,N/A,5595.82,N/A,0,0,0,0,N/A,UNAVAILABLE
1786654370923,Forge,CAPTURE_OFF,2,World Flythrough,39.15,25.54,24.07,N/A,5595.82,N/A,0,0,0,0,N/A,UNAVAILABLE
1786654370938,Forge,CAPTURE_OFF,2,World Flythrough,69.22,14.45,24.07,N/A,5595.82,N/A,0,0,0,0,N/A,UNAVAILABLE
1786654370953,Forge,CAPTURE_OFF,2,World Flythrough,66.09,15.13,24.07,N/A,5595.82,N/A,0,0,0,0,N/A,UNAVAILABLE
1786654370970,Forge,CAPTURE_OFF,2,World Flythrough,56.49,17.70,24.07,N/A,5595.82,N/A,0,0,0,0,N/A,UNAVAILABLE
1786654370985,Forge,CAPTURE_OFF,2,World Flythrough,72.99,13.70,24.07,N/A,5595.82,N/A,0,0,0,0,N/A,UNAVAILABLE
1786654370996,Forge,CAPTURE_OFF,2,World Flythrough,88.54,11.29,24.07,N/A,5595.82,N/A,0,0,0,0,N/A,UNAVAILABLE
1786654371009,Forge,CAPTURE_OFF,2,World Flythrough,77.93,12.83,24.07,N/A,5595.82,N/A,0,0,0,0,N/A,UNAVAILABLE
1786654371024,Forge,CAPTURE_OFF,2,World Flythrough,64.72,15.45,24.07,N/A,5595.82,N/A,0,0,0,0,N/A,UNAVAILABLE
1786654371040,Forge,CAPTURE_OFF,2,World Flythrough,63.58,15.73,24.07,N/A,5595.82,N/A,0,0,0,0,N/A,UNAVAILABLE
1786654371056,Forge,CAPTURE_OFF,2,World Flythrough,60.20,16.61,24.07,N/A,5595.82,N/A,0,0,0,0,N/A,UNAVAILABLE
1786654371077,Forge,CAPTURE_OFF,2,World Flythrough,48.89,20.45,24.07,N/A,5595.82,N/A,0,0,0,0,N/A,UNAVAILABLE
1786654371132,Forge,CAPTURE_OFF,2,World Flythrough,66.71,14.99,25.06,N/A,5859.65,N/A,0,0,0,0,N/A,UNAVAILABLE
1786654371152,Forge,CAPTURE_OFF,2,World Flythrough,16.75,59.70,25.06,N/A,5859.65,N/A,0,0,0,0,N/A,UNAVAILABLE
1786654371173,Forge,CAPTURE_OFF,2,World Flythrough,46.24,21.62,25.06,N/A,5859.65,N/A,0,0,0,0,N/A,UNAVAILABLE
1786654371186,Forge,CAPTURE_OFF,2,World Flythrough,75.37,13.27,25.06,N/A,5859.65,N/A,0,0,0,0,N/A,UNAVAILABLE
1786654371199,Forge,CAPTURE_OFF,2,World Flythrough,78.59,12.72,25.06,N/A,5859.65,N/A,0,0,0,0,N/A,UNAVAILABLE
1786654371218,Forge,CAPTURE_OFF,2,World Flythrough,52.71,18.97,25.06,N/A,5859.65,N/A,0,0,0,0,N/A,UNAVAILABLE
1786654371234,Forge,CAPTURE_OFF,2,World Flythrough,64.81,15.43,25.06,N/A,5859.65,N/A,0,0,0,0,N/A,UNAVAILABLE
1786654371258,Forge,CAPTURE_OFF,2,World Flythrough,40.76,24.53,25.06,N/A,5859.65,N/A,0,0,0,0,N/A,UNAVAILABLE
1786654371300,Forge,CAPTURE_OFF,2,World Flythrough,24.09,41.52,25.06,N/A,5859.65,N/A,0,0,0,0,N/A,UNAVAILABLE
1786654371324,Forge,CAPTURE_OFF,2,World Flythrough,40.42,24.74,25.06,N/A,5859.65,N/A,0,0,0,0,N/A,UNAVAILABLE
1786654371343,Forge,CAPTURE_OFF,2,World Flythrough,54.44,18.37,25.06,N/A,5859.65,N/A,0,0,0,0,N/A,UNAVAILABLE
1786654371355,Forge,CAPTURE_OFF,2,World Flythrough,83.96,11.91,25.06,N/A,5859.65,N/A,0,0,0,0,N/A,UNAVAILABLE
1786654371399,Forge,CAPTURE_OFF,2,World Flythrough,22.85,43.76,25.06,N/A,5859.65,N/A,0,0,0,0,N/A,UNAVAILABLE
1786654371433,Forge,CAPTURE_OFF,2,World Flythrough,28.33,35.30,25.06,N/A,5859.65,N/A,0,0,0,0,N/A,UNAVAILABLE
1786654371446,Forge,CAPTURE_OFF,2,World Flythrough,82.45,12.13,25.06,N/A,5859.65,N/A,0,0,0,0,N/A,UNAVAILABLE
1786654371458,Forge,CAPTURE_OFF,2,World Flythrough,83.66,11.95,25.06,N/A,5859.65,N/A,0,0,0,0,N/A,UNAVAILABLE
1786654371473,Forge,CAPTURE_OFF,2,World Flythrough,64.78,15.44,25.06,N/A,5859.65,N/A,0,0,0,0,N/A,UNAVAILABLE
1786654371485,Forge,CAPTURE_OFF,2,World Flythrough,85.78,11.66,25.06,N/A,5859.65,N/A,0,0,0,0,N/A,UNAVAILABLE
1786654371497,Forge,CAPTURE_OFF,2,World Flythrough,82.50,12.12,25.06,N/A,5859.65,N/A,0,0,0,0,N/A,UNAVAILABLE
1786654371508,Forge,CAPTURE_OFF,2,World Flythrough,86.10,11.61,25.06,N/A,5859.65,N/A,0,0,0,0,N/A,UNAVAILABLE
1786654371542,Forge,CAPTURE_OFF,2,World Flythrough,29.90,33.44,25.06,N/A,5859.65,N/A,0,0,0,0,N/A,UNAVAILABLE
1786654371566,Forge,CAPTURE_OFF,2,World Flythrough,41.39,24.16,25.06,N/A,5859.65,N/A,0,0,0,0,N/A,UNAVAILABLE
1786654371581,Forge,CAPTURE_OFF,2,World Flythrough,66.07,15.14,25.06,N/A,5859.65,N/A,0,0,0,0,N/A,UNAVAILABLE
1786654371601,Forge,CAPTURE_OFF,2,World Flythrough,52.65,18.99,25.06,N/A,5859.65,N/A,0,0,0,0,N/A,UNAVAILABLE
1786654371619,Forge,CAPTURE_OFF,2,World Flythrough,53.20,18.80,25.06,N/A,5859.65,N/A,0,0,0,0,N/A,UNAVAILABLE
1786654371633,Forge,CAPTURE_OFF,2,World Flythrough,71.78,13.93,25.06,N/A,5859.65,N/A,0,0,0,0,N/A,UNAVAILABLE
1786654371653,Forge,CAPTURE_OFF,2,World Flythrough,51.98,19.24,25.06,N/A,5859.65,N/A,0,0,0,0,N/A,UNAVAILABLE
1786654371677,Forge,CAPTURE_OFF,2,World Flythrough,40.37,24.77,25.06,N/A,5859.65,N/A,0,0,0,0,N/A,UNAVAILABLE
1786654371693,Forge,CAPTURE_OFF,2,World Flythrough,67.28,14.86,25.06,N/A,5859.65,N/A,0,0,0,0,N/A,UNAVAILABLE
1786654371705,Forge,CAPTURE_OFF,2,World Flythrough,78.42,12.75,25.06,N/A,5859.65,N/A,0,0,0,0,N/A,UNAVAILABLE
1786654371730,Forge,CAPTURE_OFF,2,World Flythrough,40.21,24.87,25.06,N/A,5859.65,N/A,0,0,0,0,N/A,UNAVAILABLE
1786654371745,Forge,CAPTURE_OFF,2,World Flythrough,63.55,15.74,25.06,N/A,5859.65,N/A,0,0,0,0,N/A,UNAVAILABLE
1786654371759,Forge,CAPTURE_OFF,2,World Flythrough,71.60,13.97,25.06,N/A,5859.65,N/A,0,0,0,0,N/A,UNAVAILABLE
1786654371779,Forge,CAPTURE_OFF,2,World Flythrough,49.63,20.15,25.06,N/A,5859.65,N/A,0,0,0,0,N/A,UNAVAILABLE
1786654371796,Forge,CAPTURE_OFF,2,World Flythrough,57.19,17.49,25.06,N/A,5859.65,N/A,0,0,0,0,N/A,UNAVAILABLE
1786654371813,Forge,CAPTURE_OFF,2,World Flythrough,65.39,15.29,25.06,N/A,5859.65,N/A,0,0,0,0,N/A,UNAVAILABLE
1786654371833,Forge,CAPTURE_OFF,2,World Flythrough,49.34,20.27,25.06,N/A,5859.65,N/A,0,0,0,0,N/A,UNAVAILABLE
1786654371851,Forge,CAPTURE_OFF,2,World Flythrough,53.82,18.58,25.06,N/A,5859.65,N/A,0,0,0,0,N/A,UNAVAILABLE
1786654371876,Forge,CAPTURE_OFF,2,World Flythrough,40.80,24.51,25.06,N/A,5859.65,N/A,0,0,0,0,N/A,UNAVAILABLE
1786654371890,Forge,CAPTURE_OFF,2,World Flythrough,69.88,14.31,25.06,N/A,5859.65,N/A,0,0,0,0,N/A,UNAVAILABLE
1786654371906,Forge,CAPTURE_OFF,2,World Flythrough,63.73,15.69,25.06,N/A,5859.65,N/A,0,0,0,0,N/A,UNAVAILABLE
1786654371926,Forge,CAPTURE_OFF,2,World Flythrough,47.95,20.86,25.06,N/A,5859.65,N/A,0,0,0,0,N/A,UNAVAILABLE
1786654371948,Forge,CAPTURE_OFF,2,World Flythrough,47.83,20.91,25.06,N/A,5859.65,N/A,0,0,0,0,N/A,UNAVAILABLE
1786654371967,Forge,CAPTURE_OFF,2,World Flythrough,51.63,19.37,25.06,N/A,5859.65,N/A,0,0,0,0,N/A,UNAVAILABLE
1786654371989,Forge,CAPTURE_OFF,2,World Flythrough,45.46,22.00,25.06,N/A,5859.65,N/A,0,0,0,0,N/A,UNAVAILABLE
1786654372003,Forge,CAPTURE_OFF,2,World Flythrough,69.83,14.32,25.06,N/A,5859.65,N/A,0,0,0,0,N/A,UNAVAILABLE
1786654372023,Forge,CAPTURE_OFF,2,World Flythrough,51.63,19.37,25.06,N/A,5859.65,N/A,0,0,0,0,N/A,UNAVAILABLE
1786654372040,Forge,CAPTURE_OFF,2,World Flythrough,57.88,17.28,25.06,N/A,5859.65,N/A,0,0,0,0,N/A,UNAVAILABLE
1786654372053,Forge,CAPTURE_OFF,2,World Flythrough,80.71,12.39,25.06,N/A,5859.65,N/A,0,0,0,0,N/A,UNAVAILABLE
1786654372075,Forge,CAPTURE_OFF,2,World Flythrough,43.70,22.88,25.06,N/A,5859.65,N/A,0,0,0,0,N/A,UNAVAILABLE
1786654372091,Forge,CAPTURE_OFF,2,World Flythrough,63.26,15.81,25.06,N/A,5859.65,N/A,0,0,0,0,N/A,UNAVAILABLE
1786654372148,Forge,CAPTURE_OFF,2,World Flythrough,44.34,22.55,21.02,N/A,5667.01,N/A,0,0,0,0,N/A,UNAVAILABLE
1786654372194,Forge,CAPTURE_OFF,2,World Flythrough,12.43,80.43,21.02,N/A,5667.01,N/A,0,0,0,0,N/A,UNAVAILABLE
1786654372212,Forge,CAPTURE_OFF,2,World Flythrough,57.96,17.25,21.02,N/A,5667.01,N/A,0,0,0,0,N/A,UNAVAILABLE
1786654372241,Forge,CAPTURE_OFF,2,World Flythrough,33.41,29.93,21.02,N/A,5667.01,N/A,0,0,0,0,N/A,UNAVAILABLE
1786654372263,Forge,CAPTURE_OFF,2,World Flythrough,46.52,21.50,21.02,N/A,5667.01,N/A,0,0,0,0,N/A,UNAVAILABLE
1786654372287,Forge,CAPTURE_OFF,2,World Flythrough,41.23,24.26,21.02,N/A,5667.01,N/A,0,0,0,0,N/A,UNAVAILABLE
1786654372306,Forge,CAPTURE_OFF,2,World Flythrough,50.91,19.64,21.02,N/A,5667.01,N/A,0,0,0,0,N/A,UNAVAILABLE
1786654372331,Forge,CAPTURE_OFF,2,World Flythrough,40.11,24.93,21.02,N/A,5667.01,N/A,0,0,0,0,N/A,UNAVAILABLE
1786654372350,Forge,CAPTURE_OFF,2,World Flythrough,54.27,18.43,21.02,N/A,5667.01,N/A,0,0,0,0,N/A,UNAVAILABLE
1786654372371,Forge,CAPTURE_OFF,2,World Flythrough,45.88,21.80,21.02,N/A,5667.01,N/A,0,0,0,0,N/A,UNAVAILABLE
1786654372391,Forge,CAPTURE_OFF,2,World Flythrough,51.17,19.54,21.02,N/A,5667.01,N/A,0,0,0,0,N/A,UNAVAILABLE
1786654372410,Forge,CAPTURE_OFF,2,World Flythrough,53.00,18.87,21.02,N/A,5667.01,N/A,0,0,0,0,N/A,UNAVAILABLE
1786654372436,Forge,CAPTURE_OFF,2,World Flythrough,38.38,26.06,21.02,N/A,5667.01,N/A,0,0,0,0,N/A,UNAVAILABLE
1786654372455,Forge,CAPTURE_OFF,2,World Flythrough,52.88,18.91,21.02,N/A,5667.01,N/A,0,0,0,0,N/A,UNAVAILABLE
1786654372492,Forge,CAPTURE_OFF,2,World Flythrough,26.94,37.13,21.02,N/A,5667.01,N/A,0,0,0,0,N/A,UNAVAILABLE
1786654372510,Forge,CAPTURE_OFF,2,World Flythrough,56.07,17.84,21.02,N/A,5667.01,N/A,0,0,0,0,N/A,UNAVAILABLE
1786654372534,Forge,CAPTURE_OFF,2,World Flythrough,42.77,23.38,21.02,N/A,5667.01,N/A,0,0,0,0,N/A,UNAVAILABLE
1786654372549,Forge,CAPTURE_OFF,2,World Flythrough,64.24,15.57,21.02,N/A,5667.01,N/A,0,0,0,0,N/A,UNAVAILABLE
1786654372574,Forge,CAPTURE_OFF,2,World Flythrough,39.31,25.44,21.02,N/A,5667.01,N/A,0,0,0,0,N/A,UNAVAILABLE
1786654372594,Forge,CAPTURE_OFF,2,World Flythrough,49.47,20.21,21.02,N/A,5667.01,N/A,0,0,0,0,N/A,UNAVAILABLE
1786654372620,Forge,CAPTURE_OFF,2,World Flythrough,40.23,24.86,21.02,N/A,5667.01,N/A,0,0,0,0,N/A,UNAVAILABLE
1786654372635,Forge,CAPTURE_OFF,2,World Flythrough,67.03,14.92,21.02,N/A,5667.01,N/A,0,0,0,0,N/A,UNAVAILABLE
1786654372650,Forge,CAPTURE_OFF,2,World Flythrough,62.03,16.12,21.02,N/A,5667.01,N/A,0,0,0,0,N/A,UNAVAILABLE
1786654372669,Forge,CAPTURE_OFF,2,World Flythrough,54.25,18.43,21.02,N/A,5667.01,N/A,0,0,0,0,N/A,UNAVAILABLE
1786654372683,Forge,CAPTURE_OFF,2,World Flythrough,70.80,14.12,21.02,N/A,5667.01,N/A,0,0,0,0,N/A,UNAVAILABLE
1786654372699,Forge,CAPTURE_OFF,2,World Flythrough,61.42,16.28,21.02,N/A,5667.01,N/A,0,0,0,0,N/A,UNAVAILABLE
1786654372718,Forge,CAPTURE_OFF,2,World Flythrough,55.01,18.18,21.02,N/A,5667.01,N/A,0,0,0,0,N/A,UNAVAILABLE
1786654372730,Forge,CAPTURE_OFF,2,World Flythrough,79.70,12.55,21.02,N/A,5667.01,N/A,0,0,0,0,N/A,UNAVAILABLE
1786654372746,Forge,CAPTURE_OFF,2,World Flythrough,63.31,15.79,21.02,N/A,5667.01,N/A,0,0,0,0,N/A,UNAVAILABLE
1786654372774,Forge,CAPTURE_OFF,2,World Flythrough,34.96,28.61,21.02,N/A,5667.01,N/A,0,0,0,0,N/A,UNAVAILABLE
1786654372791,Forge,CAPTURE_OFF,2,World Flythrough,59.50,16.81,21.02,N/A,5667.01,N/A,0,0,0,0,N/A,UNAVAILABLE
1786654372810,Forge,CAPTURE_OFF,2,World Flythrough,54.97,18.19,21.02,N/A,5667.01,N/A,0,0,0,0,N/A,UNAVAILABLE
1786654372833,Forge,CAPTURE_OFF,2,World Flythrough,41.70,23.98,21.02,N/A,5667.01,N/A,0,0,0,0,N/A,UNAVAILABLE
1786654372849,Forge,CAPTURE_OFF,2,World Flythrough,64.96,15.39,21.02,N/A,5667.01,N/A,0,0,0,0,N/A,UNAVAILABLE
1786654372869,Forge,CAPTURE_OFF,2,World Flythrough,49.81,20.08,21.02,N/A,5667.01,N/A,0,0,0,0,N/A,UNAVAILABLE
1786654372881,Forge,CAPTURE_OFF,2,World Flythrough,82.24,12.16,21.02,N/A,5667.01,N/A,0,0,0,0,N/A,UNAVAILABLE
1786654372897,Forge,CAPTURE_OFF,2,World Flythrough,63.04,15.86,21.02,N/A,5667.01,N/A,0,0,0,0,N/A,UNAVAILABLE
1786654372910,Forge,CAPTURE_OFF,2,World Flythrough,78.38,12.76,21.02,N/A,5667.01,N/A,0,0,0,0,N/A,UNAVAILABLE
1786654372928,Forge,CAPTURE_OFF,2,World Flythrough,53.02,18.86,21.02,N/A,5667.01,N/A,0,0,0,0,N/A,UNAVAILABLE
1786654372943,Forge,CAPTURE_OFF,2,World Flythrough,69.45,14.40,21.02,N/A,5667.01,N/A,0,0,0,0,N/A,UNAVAILABLE
1786654372956,Forge,CAPTURE_OFF,2,World Flythrough,76.08,13.14,21.02,N/A,5667.01,N/A,0,0,0,0,N/A,UNAVAILABLE
1786654372976,Forge,CAPTURE_OFF,2,World Flythrough,50.69,19.73,21.02,N/A,5667.01,N/A,0,0,0,0,N/A,UNAVAILABLE
1786654372993,Forge,CAPTURE_OFF,2,World Flythrough,59.96,16.68,21.02,N/A,5667.01,N/A,0,0,0,0,N/A,UNAVAILABLE
1786654373010,Forge,CAPTURE_OFF,2,World Flythrough,57.58,17.37,21.02,N/A,5667.01,N/A,0,0,0,0,N/A,UNAVAILABLE
1786654373036,Forge,CAPTURE_OFF,2,World Flythrough,37.41,26.73,21.02,N/A,5667.01,N/A,0,0,0,0,N/A,UNAVAILABLE
1786654373050,Forge,CAPTURE_OFF,2,World Flythrough,71.62,13.96,21.02,N/A,5667.01,N/A,0,0,0,0,N/A,UNAVAILABLE
1786654373074,Forge,CAPTURE_OFF,2,World Flythrough,43.52,22.98,21.02,N/A,5667.01,N/A,0,0,0,0,N/A,UNAVAILABLE
1786654373088,Forge,CAPTURE_OFF,2,World Flythrough,66.74,14.98,21.02,N/A,5667.01,N/A,0,0,0,0,N/A,UNAVAILABLE
1786654373101,Forge,CAPTURE_OFF,2,World Flythrough,75.29,13.28,21.02,N/A,5667.01,N/A,0,0,0,0,N/A,UNAVAILABLE
1786654373156,Forge,CAPTURE_OFF,2,World Flythrough,42.07,23.77,21.33,N/A,5859.01,N/A,0,0,0,0,N/A,UNAVAILABLE
1786654373177,Forge,CAPTURE_OFF,2,World Flythrough,19.60,51.03,21.33,N/A,5859.01,N/A,0,0,0,0,N/A,UNAVAILABLE
1786654373190,Forge,CAPTURE_OFF,2,World Flythrough,73.66,13.58,21.33,N/A,5859.01,N/A,0,0,0,0,N/A,UNAVAILABLE
1786654373211,Forge,CAPTURE_OFF,2,World Flythrough,48.23,20.74,21.33,N/A,5859.01,N/A,0,0,0,0,N/A,UNAVAILABLE
1786654373234,Forge,CAPTURE_OFF,2,World Flythrough,42.38,23.59,21.33,N/A,5859.01,N/A,0,0,0,0,N/A,UNAVAILABLE
1786654373250,Forge,CAPTURE_OFF,2,World Flythrough,63.03,15.87,21.33,N/A,5859.01,N/A,0,0,0,0,N/A,UNAVAILABLE
1786654373269,Forge,CAPTURE_OFF,2,World Flythrough,53.58,18.66,21.33,N/A,5859.01,N/A,0,0,0,0,N/A,UNAVAILABLE
1786654373286,Forge,CAPTURE_OFF,2,World Flythrough,57.16,17.50,21.33,N/A,5859.01,N/A,0,0,0,0,N/A,UNAVAILABLE
1786654373304,Forge,CAPTURE_OFF,2,World Flythrough,55.50,18.02,21.33,N/A,5859.01,N/A,0,0,0,0,N/A,UNAVAILABLE
1786654373324,Forge,CAPTURE_OFF,2,World Flythrough,52.32,19.11,21.33,N/A,5859.01,N/A,0,0,0,0,N/A,UNAVAILABLE
1786654373338,Forge,CAPTURE_OFF,2,World Flythrough,68.64,14.57,21.33,N/A,5859.01,N/A,0,0,0,0,N/A,UNAVAILABLE
1786654373352,Forge,CAPTURE_OFF,2,World Flythrough,70.99,14.09,21.33,N/A,5859.01,N/A,0,0,0,0,N/A,UNAVAILABLE
1786654373371,Forge,CAPTURE_OFF,2,World Flythrough,55.28,18.09,21.33,N/A,5859.01,N/A,0,0,0,0,N/A,UNAVAILABLE
1786654373384,Forge,CAPTURE_OFF,2,World Flythrough,74.35,13.45,21.33,N/A,5859.01,N/A,0,0,0,0,N/A,UNAVAILABLE
1786654373397,Forge,CAPTURE_OFF,2,World Flythrough,75.09,13.32,21.33,N/A,5859.01,N/A,0,0,0,0,N/A,UNAVAILABLE
1786654373410,Forge,CAPTURE_OFF,2,World Flythrough,74.61,13.40,21.33,N/A,5859.01,N/A,0,0,0,0,N/A,UNAVAILABLE
1786654373428,Forge,CAPTURE_OFF,2,World Flythrough,56.71,17.63,21.33,N/A,5859.01,N/A,0,0,0,0,N/A,UNAVAILABLE
1786654373441,Forge,CAPTURE_OFF,2,World Flythrough,76.60,13.06,21.33,N/A,5859.01,N/A,0,0,0,0,N/A,UNAVAILABLE
1786654373451,Forge,CAPTURE_OFF,2,World Flythrough,96.89,10.32,21.33,N/A,5859.01,N/A,0,0,0,0,N/A,UNAVAILABLE
1786654373469,Forge,CAPTURE_OFF,2,World Flythrough,57.11,17.51,21.33,N/A,5859.01,N/A,0,0,0,0,N/A,UNAVAILABLE
1786654373481,Forge,CAPTURE_OFF,2,World Flythrough,81.20,12.31,21.33,N/A,5859.01,N/A,0,0,0,0,N/A,UNAVAILABLE
1786654373495,Forge,CAPTURE_OFF,2,World Flythrough,74.88,13.35,21.33,N/A,5859.01,N/A,0,0,0,0,N/A,UNAVAILABLE
1786654373507,Forge,CAPTURE_OFF,2,World Flythrough,77.98,12.82,21.33,N/A,5859.01,N/A,0,0,0,0,N/A,UNAVAILABLE
1786654373528,Forge,CAPTURE_OFF,2,World Flythrough,48.23,20.73,21.33,N/A,5859.01,N/A,0,0,0,0,N/A,UNAVAILABLE
1786654373540,Forge,CAPTURE_OFF,2,World Flythrough,90.41,11.06,21.33,N/A,5859.01,N/A,0,0,0,0,N/A,UNAVAILABLE
1786654373555,Forge,CAPTURE_OFF,2,World Flythrough,64.34,15.54,21.33,N/A,5859.01,N/A,0,0,0,0,N/A,UNAVAILABLE
1786654373601,Forge,CAPTURE_OFF,2,World Flythrough,21.62,46.25,21.33,N/A,5859.01,N/A,0,0,0,0,N/A,UNAVAILABLE
1786654373627,Forge,CAPTURE_OFF,2,World Flythrough,38.50,25.97,21.33,N/A,5859.01,N/A,0,0,0,0,N/A,UNAVAILABLE
1786654373644,Forge,CAPTURE_OFF,2,World Flythrough,59.00,16.95,21.33,N/A,5859.01,N/A,0,0,0,0,N/A,UNAVAILABLE
1786654373659,Forge,CAPTURE_OFF,2,World Flythrough,65.61,15.24,21.33,N/A,5859.01,N/A,0,0,0,0,N/A,UNAVAILABLE
1786654373676,Forge,CAPTURE_OFF,2,World Flythrough,62.18,16.08,21.33,N/A,5859.01,N/A,0,0,0,0,N/A,UNAVAILABLE
1786654373691,Forge,CAPTURE_OFF,2,World Flythrough,65.52,15.26,21.33,N/A,5859.01,N/A,0,0,0,0,N/A,UNAVAILABLE
1786654373703,Forge,CAPTURE_OFF,2,World Flythrough,82.30,12.15,21.33,N/A,5859.01,N/A,0,0,0,0,N/A,UNAVAILABLE
1786654373722,Forge,CAPTURE_OFF,2,World Flythrough,51.81,19.30,21.33,N/A,5859.01,N/A,0,0,0,0,N/A,UNAVAILABLE
1786654373735,Forge,CAPTURE_OFF,2,World Flythrough,76.08,13.14,21.33,N/A,5859.01,N/A,0,0,0,0,N/A,UNAVAILABLE
1786654373749,Forge,CAPTURE_OFF,2,World Flythrough,72.66,13.76,21.33,N/A,5859.01,N/A,0,0,0,0,N/A,UNAVAILABLE
1786654373765,Forge,CAPTURE_OFF,2,World Flythrough,63.24,15.81,21.33,N/A,5859.01,N/A,0,0,0,0,N/A,UNAVAILABLE
1786654373777,Forge,CAPTURE_OFF,2,World Flythrough,81.55,12.26,21.33,N/A,5859.01,N/A,0,0,0,0,N/A,UNAVAILABLE
1786654373793,Forge,CAPTURE_OFF,2,World Flythrough,63.96,15.64,21.33,N/A,5859.01,N/A,0,0,0,0,N/A,UNAVAILABLE
1786654373806,Forge,CAPTURE_OFF,2,World Flythrough,71.13,14.06,21.33,N/A,5859.01,N/A,0,0,0,0,N/A,UNAVAILABLE
1786654373826,Forge,CAPTURE_OFF,2,World Flythrough,50.33,19.87,21.33,N/A,5859.01,N/A,0,0,0,0,N/A,UNAVAILABLE
1786654373841,Forge,CAPTURE_OFF,2,World Flythrough,65.99,15.15,21.33,N/A,5859.01,N/A,0,0,0,0,N/A,UNAVAILABLE
1786654373855,Forge,CAPTURE_OFF,2,World Flythrough,74.96,13.34,21.33,N/A,5859.01,N/A,0,0,0,0,N/A,UNAVAILABLE
